ISO-10303-21;
HEADER;
FILE_DESCRIPTION(('FreeCAD Model'),'2;1');
FILE_NAME('Open CASCADE Shape Model','2026-09-16T19:01:34',('FreeCAD'),(
    'FreeCAD'),'Open CASCADE STEP processor 7.8','FreeCAD','Unknown');
FILE_SCHEMA(('AUTOMOTIVE_DESIGN { 1 0 10303 214 1 1 1 1 }'));
ENDSEC;
DATA;
#1 = APPLICATION_PROTOCOL_DEFINITION('international standard',
  'automotive_design',2000,#2);
#2 = APPLICATION_CONTEXT(
  'core data for automotive mechanical design processes');
#3 = SHAPE_DEFINITION_REPRESENTATION(#4,#10);
#4 = PRODUCT_DEFINITION_SHAPE('','',#5);
#5 = PRODUCT_DEFINITION('design','',#6,#9);
#6 = PRODUCT_DEFINITION_FORMATION('','',#7);
#7 = PRODUCT('Open CASCADE STEP translator 7.8 1',
  'Open CASCADE STEP translator 7.8 1','',(#8));
#8 = PRODUCT_CONTEXT('',#2,'mechanical');
#9 = PRODUCT_DEFINITION_CONTEXT('part definition',#2,'design');
#10 = SHAPE_REPRESENTATION('',(#11,#15,#231,#348,#498,#648,#798,#851,
    #904,#957,#1010,#1063,#1116,#1169,#1222,#1275,#1328,#1381,#1434,
    #1487,#1540,#1593,#1646,#1699,#1752,#1902,#1955,#2105,#2158,#2308,
    #2361,#2511,#2564,#2714,#2767,#2917,#2970,#3120,#3173,#3323,#3376,
    #3526,#3579,#3864,#4014,#4299,#4449,#4734,#4884,#5169,#5319,#5604,
    #5754,#6039,#6189,#6474,#6624,#6909,#7059,#7344,#7494,#7644,#7794),
  #7944);
#11 = AXIS2_PLACEMENT_3D('',#12,#13,#14);
#12 = CARTESIAN_POINT('',(0.,0.,0.));
#13 = DIRECTION('',(0.,0.,1.));
#14 = DIRECTION('',(1.,0.,-0.));
#15 = MANIFOLD_SOLID_BREP('',#16);
#16 = CLOSED_SHELL('',(#17,#57,#88,#119,#150,#181,#203,#217));
#17 = ADVANCED_FACE('',(#18),#52,.F.);
#18 = FACE_BOUND('',#19,.F.);
#19 = EDGE_LOOP('',(#20,#30,#38,#46));
#20 = ORIENTED_EDGE('',*,*,#21,.T.);
#21 = EDGE_CURVE('',#22,#24,#26,.T.);
#22 = VERTEX_POINT('',#23);
#23 = CARTESIAN_POINT('',(372.3909236273,215.,0.));
#24 = VERTEX_POINT('',#25);
#25 = CARTESIAN_POINT('',(372.3909236273,215.,100.));
#26 = LINE('',#27,#28);
#27 = CARTESIAN_POINT('',(372.3909236273,215.,0.));
#28 = VECTOR('',#29,1.);
#29 = DIRECTION('',(0.,0.,1.));
#30 = ORIENTED_EDGE('',*,*,#31,.T.);
#31 = EDGE_CURVE('',#24,#32,#34,.T.);
#32 = VERTEX_POINT('',#33);
#33 = CARTESIAN_POINT('',(2.632990618167E-14,430.,100.));
#34 = LINE('',#35,#36);
#35 = CARTESIAN_POINT('',(372.3909236273,215.,100.));
#36 = VECTOR('',#37,1.);
#37 = DIRECTION('',(-0.866025403784,0.5,0.));
#38 = ORIENTED_EDGE('',*,*,#39,.F.);
#39 = EDGE_CURVE('',#40,#32,#42,.T.);
#40 = VERTEX_POINT('',#41);
#41 = CARTESIAN_POINT('',(2.632990618167E-14,430.,0.));
#42 = LINE('',#43,#44);
#43 = CARTESIAN_POINT('',(2.632990618167E-14,430.,0.));
#44 = VECTOR('',#45,1.);
#45 = DIRECTION('',(0.,0.,1.));
#46 = ORIENTED_EDGE('',*,*,#47,.F.);
#47 = EDGE_CURVE('',#22,#40,#48,.T.);
#48 = LINE('',#49,#50);
#49 = CARTESIAN_POINT('',(372.3909236273,215.,0.));
#50 = VECTOR('',#51,1.);
#51 = DIRECTION('',(-0.866025403784,0.5,0.));
#52 = PLANE('',#53);
#53 = AXIS2_PLACEMENT_3D('',#54,#55,#56);
#54 = CARTESIAN_POINT('',(372.3909236273,215.,0.));
#55 = DIRECTION('',(-0.5,-0.866025403784,0.));
#56 = DIRECTION('',(-0.866025403784,0.5,0.));
#57 = ADVANCED_FACE('',(#58),#83,.F.);
#58 = FACE_BOUND('',#59,.F.);
#59 = EDGE_LOOP('',(#60,#61,#69,#77));
#60 = ORIENTED_EDGE('',*,*,#39,.T.);
#61 = ORIENTED_EDGE('',*,*,#62,.T.);
#62 = EDGE_CURVE('',#32,#63,#65,.T.);
#63 = VERTEX_POINT('',#64);
#64 = CARTESIAN_POINT('',(-372.3909236273,215.,100.));
#65 = LINE('',#66,#67);
#66 = CARTESIAN_POINT('',(2.632990618167E-14,430.,100.));
#67 = VECTOR('',#68,1.);
#68 = DIRECTION('',(-0.866025403784,-0.5,0.));
#69 = ORIENTED_EDGE('',*,*,#70,.F.);
#70 = EDGE_CURVE('',#71,#63,#73,.T.);
#71 = VERTEX_POINT('',#72);
#72 = CARTESIAN_POINT('',(-372.3909236273,215.,0.));
#73 = LINE('',#74,#75);
#74 = CARTESIAN_POINT('',(-372.3909236273,215.,0.));
#75 = VECTOR('',#76,1.);
#76 = DIRECTION('',(0.,0.,1.));
#77 = ORIENTED_EDGE('',*,*,#78,.F.);
#78 = EDGE_CURVE('',#40,#71,#79,.T.);
#79 = LINE('',#80,#81);
#80 = CARTESIAN_POINT('',(2.632990618167E-14,430.,0.));
#81 = VECTOR('',#82,1.);
#82 = DIRECTION('',(-0.866025403784,-0.5,0.));
#83 = PLANE('',#84);
#84 = AXIS2_PLACEMENT_3D('',#85,#86,#87);
#85 = CARTESIAN_POINT('',(2.632990618167E-14,430.,0.));
#86 = DIRECTION('',(0.5,-0.866025403784,0.));
#87 = DIRECTION('',(-0.866025403784,-0.5,0.));
#88 = ADVANCED_FACE('',(#89),#114,.F.);
#89 = FACE_BOUND('',#90,.F.);
#90 = EDGE_LOOP('',(#91,#92,#100,#108));
#91 = ORIENTED_EDGE('',*,*,#70,.T.);
#92 = ORIENTED_EDGE('',*,*,#93,.T.);
#93 = EDGE_CURVE('',#63,#94,#96,.T.);
#94 = VERTEX_POINT('',#95);
#95 = CARTESIAN_POINT('',(-372.3909236273,-215.,100.));
#96 = LINE('',#97,#98);
#97 = CARTESIAN_POINT('',(-372.3909236273,215.,100.));
#98 = VECTOR('',#99,1.);
#99 = DIRECTION('',(1.321939973507E-16,-1.,0.));
#100 = ORIENTED_EDGE('',*,*,#101,.F.);
#101 = EDGE_CURVE('',#102,#94,#104,.T.);
#102 = VERTEX_POINT('',#103);
#103 = CARTESIAN_POINT('',(-372.3909236273,-215.,0.));
#104 = LINE('',#105,#106);
#105 = CARTESIAN_POINT('',(-372.3909236273,-215.,0.));
#106 = VECTOR('',#107,1.);
#107 = DIRECTION('',(0.,0.,1.));
#108 = ORIENTED_EDGE('',*,*,#109,.F.);
#109 = EDGE_CURVE('',#71,#102,#110,.T.);
#110 = LINE('',#111,#112);
#111 = CARTESIAN_POINT('',(-372.3909236273,215.,0.));
#112 = VECTOR('',#113,1.);
#113 = DIRECTION('',(1.321939973507E-16,-1.,0.));
#114 = PLANE('',#115);
#115 = AXIS2_PLACEMENT_3D('',#116,#117,#118);
#116 = CARTESIAN_POINT('',(-372.3909236273,215.,0.));
#117 = DIRECTION('',(1.,1.321939973507E-16,0.));
#118 = DIRECTION('',(1.321939973507E-16,-1.,0.));
#119 = ADVANCED_FACE('',(#120),#145,.F.);
#120 = FACE_BOUND('',#121,.F.);
#121 = EDGE_LOOP('',(#122,#123,#131,#139));
#122 = ORIENTED_EDGE('',*,*,#101,.T.);
#123 = ORIENTED_EDGE('',*,*,#124,.T.);
#124 = EDGE_CURVE('',#94,#125,#127,.T.);
#125 = VERTEX_POINT('',#126);
#126 = CARTESIAN_POINT('',(-7.8989718545E-14,-430.,100.));
#127 = LINE('',#128,#129);
#128 = CARTESIAN_POINT('',(-372.3909236273,-215.,100.));
#129 = VECTOR('',#130,1.);
#130 = DIRECTION('',(0.866025403784,-0.5,0.));
#131 = ORIENTED_EDGE('',*,*,#132,.F.);
#132 = EDGE_CURVE('',#133,#125,#135,.T.);
#133 = VERTEX_POINT('',#134);
#134 = CARTESIAN_POINT('',(-7.8989718545E-14,-430.,0.));
#135 = LINE('',#136,#137);
#136 = CARTESIAN_POINT('',(-7.8989718545E-14,-430.,0.));
#137 = VECTOR('',#138,1.);
#138 = DIRECTION('',(0.,0.,1.));
#139 = ORIENTED_EDGE('',*,*,#140,.F.);
#140 = EDGE_CURVE('',#102,#133,#141,.T.);
#141 = LINE('',#142,#143);
#142 = CARTESIAN_POINT('',(-372.3909236273,-215.,0.));
#143 = VECTOR('',#144,1.);
#144 = DIRECTION('',(0.866025403784,-0.5,0.));
#145 = PLANE('',#146);
#146 = AXIS2_PLACEMENT_3D('',#147,#148,#149);
#147 = CARTESIAN_POINT('',(-372.3909236273,-215.,0.));
#148 = DIRECTION('',(0.5,0.866025403784,0.));
#149 = DIRECTION('',(0.866025403784,-0.5,0.));
#150 = ADVANCED_FACE('',(#151),#176,.F.);
#151 = FACE_BOUND('',#152,.F.);
#152 = EDGE_LOOP('',(#153,#154,#162,#170));
#153 = ORIENTED_EDGE('',*,*,#132,.T.);
#154 = ORIENTED_EDGE('',*,*,#155,.T.);
#155 = EDGE_CURVE('',#125,#156,#158,.T.);
#156 = VERTEX_POINT('',#157);
#157 = CARTESIAN_POINT('',(372.3909236273,-215.,100.));
#158 = LINE('',#159,#160);
#159 = CARTESIAN_POINT('',(-7.8989718545E-14,-430.,100.));
#160 = VECTOR('',#161,1.);
#161 = DIRECTION('',(0.866025403784,0.5,0.));
#162 = ORIENTED_EDGE('',*,*,#163,.F.);
#163 = EDGE_CURVE('',#164,#156,#166,.T.);
#164 = VERTEX_POINT('',#165);
#165 = CARTESIAN_POINT('',(372.3909236273,-215.,0.));
#166 = LINE('',#167,#168);
#167 = CARTESIAN_POINT('',(372.3909236273,-215.,0.));
#168 = VECTOR('',#169,1.);
#169 = DIRECTION('',(0.,0.,1.));
#170 = ORIENTED_EDGE('',*,*,#171,.F.);
#171 = EDGE_CURVE('',#133,#164,#172,.T.);
#172 = LINE('',#173,#174);
#173 = CARTESIAN_POINT('',(-7.8989718545E-14,-430.,0.));
#174 = VECTOR('',#175,1.);
#175 = DIRECTION('',(0.866025403784,0.5,0.));
#176 = PLANE('',#177);
#177 = AXIS2_PLACEMENT_3D('',#178,#179,#180);
#178 = CARTESIAN_POINT('',(-7.8989718545E-14,-430.,0.));
#179 = DIRECTION('',(-0.5,0.866025403784,0.));
#180 = DIRECTION('',(0.866025403784,0.5,0.));
#181 = ADVANCED_FACE('',(#182),#198,.F.);
#182 = FACE_BOUND('',#183,.F.);
#183 = EDGE_LOOP('',(#184,#185,#191,#192));
#184 = ORIENTED_EDGE('',*,*,#163,.T.);
#185 = ORIENTED_EDGE('',*,*,#186,.T.);
#186 = EDGE_CURVE('',#156,#24,#187,.T.);
#187 = LINE('',#188,#189);
#188 = CARTESIAN_POINT('',(372.3909236273,-215.,100.));
#189 = VECTOR('',#190,1.);
#190 = DIRECTION('',(3.965819920521E-16,1.,0.));
#191 = ORIENTED_EDGE('',*,*,#21,.F.);
#192 = ORIENTED_EDGE('',*,*,#193,.F.);
#193 = EDGE_CURVE('',#164,#22,#194,.T.);
#194 = LINE('',#195,#196);
#195 = CARTESIAN_POINT('',(372.3909236273,-215.,0.));
#196 = VECTOR('',#197,1.);
#197 = DIRECTION('',(3.965819920521E-16,1.,0.));
#198 = PLANE('',#199);
#199 = AXIS2_PLACEMENT_3D('',#200,#201,#202);
#200 = CARTESIAN_POINT('',(372.3909236273,-215.,0.));
#201 = DIRECTION('',(-1.,3.965819920521E-16,0.));
#202 = DIRECTION('',(3.965819920521E-16,1.,0.));
#203 = ADVANCED_FACE('',(#204),#212,.F.);
#204 = FACE_BOUND('',#205,.F.);
#205 = EDGE_LOOP('',(#206,#207,#208,#209,#210,#211));
#206 = ORIENTED_EDGE('',*,*,#47,.T.);
#207 = ORIENTED_EDGE('',*,*,#78,.T.);
#208 = ORIENTED_EDGE('',*,*,#109,.T.);
#209 = ORIENTED_EDGE('',*,*,#140,.T.);
#210 = ORIENTED_EDGE('',*,*,#171,.T.);
#211 = ORIENTED_EDGE('',*,*,#193,.T.);
#212 = PLANE('',#213);
#213 = AXIS2_PLACEMENT_3D('',#214,#215,#216);
#214 = CARTESIAN_POINT('',(-2.16228314605E-14,4.736951571734E-15,0.));
#215 = DIRECTION('',(0.,0.,1.));
#216 = DIRECTION('',(1.,0.,0.));
#217 = ADVANCED_FACE('',(#218),#226,.T.);
#218 = FACE_BOUND('',#219,.T.);
#219 = EDGE_LOOP('',(#220,#221,#222,#223,#224,#225));
#220 = ORIENTED_EDGE('',*,*,#31,.T.);
#221 = ORIENTED_EDGE('',*,*,#62,.T.);
#222 = ORIENTED_EDGE('',*,*,#93,.T.);
#223 = ORIENTED_EDGE('',*,*,#124,.T.);
#224 = ORIENTED_EDGE('',*,*,#155,.T.);
#225 = ORIENTED_EDGE('',*,*,#186,.T.);
#226 = PLANE('',#227);
#227 = AXIS2_PLACEMENT_3D('',#228,#229,#230);
#228 = CARTESIAN_POINT('',(-2.16228314605E-14,4.736951571734E-15,100.));
#229 = DIRECTION('',(0.,0.,1.));
#230 = DIRECTION('',(1.,0.,0.));
#231 = MANIFOLD_SOLID_BREP('',#232);
#232 = CLOSED_SHELL('',(#233,#273,#304,#326,#337));
#233 = ADVANCED_FACE('',(#234),#268,.F.);
#234 = FACE_BOUND('',#235,.F.);
#235 = EDGE_LOOP('',(#236,#246,#254,#262));
#236 = ORIENTED_EDGE('',*,*,#237,.T.);
#237 = EDGE_CURVE('',#238,#240,#242,.T.);
#238 = VERTEX_POINT('',#239);
#239 = CARTESIAN_POINT('',(2.020667218593E-14,330.,100.));
#240 = VERTEX_POINT('',#241);
#241 = CARTESIAN_POINT('',(2.020667218593E-14,330.,780.));
#242 = LINE('',#243,#244);
#243 = CARTESIAN_POINT('',(2.020667218593E-14,330.,100.));
#244 = VECTOR('',#245,1.);
#245 = DIRECTION('',(0.,0.,1.));
#246 = ORIENTED_EDGE('',*,*,#247,.T.);
#247 = EDGE_CURVE('',#240,#248,#250,.T.);
#248 = VERTEX_POINT('',#249);
#249 = CARTESIAN_POINT('',(-285.7883832488,-165.,780.));
#250 = LINE('',#251,#252);
#251 = CARTESIAN_POINT('',(2.020667218593E-14,330.,780.));
#252 = VECTOR('',#253,1.);
#253 = DIRECTION('',(-0.5,-0.866025403784,0.));
#254 = ORIENTED_EDGE('',*,*,#255,.F.);
#255 = EDGE_CURVE('',#256,#248,#258,.T.);
#256 = VERTEX_POINT('',#257);
#257 = CARTESIAN_POINT('',(-285.7883832488,-165.,100.));
#258 = LINE('',#259,#260);
#259 = CARTESIAN_POINT('',(-285.7883832488,-165.,100.));
#260 = VECTOR('',#261,1.);
#261 = DIRECTION('',(0.,0.,1.));
#262 = ORIENTED_EDGE('',*,*,#263,.F.);
#263 = EDGE_CURVE('',#238,#256,#264,.T.);
#264 = LINE('',#265,#266);
#265 = CARTESIAN_POINT('',(2.020667218593E-14,330.,100.));
#266 = VECTOR('',#267,1.);
#267 = DIRECTION('',(-0.5,-0.866025403784,0.));
#268 = PLANE('',#269);
#269 = AXIS2_PLACEMENT_3D('',#270,#271,#272);
#270 = CARTESIAN_POINT('',(2.020667218593E-14,330.,100.));
#271 = DIRECTION('',(0.866025403784,-0.5,0.));
#272 = DIRECTION('',(-0.5,-0.866025403784,0.));
#273 = ADVANCED_FACE('',(#274),#299,.F.);
#274 = FACE_BOUND('',#275,.F.);
#275 = EDGE_LOOP('',(#276,#277,#285,#293));
#276 = ORIENTED_EDGE('',*,*,#255,.T.);
#277 = ORIENTED_EDGE('',*,*,#278,.T.);
#278 = EDGE_CURVE('',#248,#279,#281,.T.);
#279 = VERTEX_POINT('',#280);
#280 = CARTESIAN_POINT('',(285.78838324886,-165.,780.));
#281 = LINE('',#282,#283);
#282 = CARTESIAN_POINT('',(-285.7883832488,-165.,780.));
#283 = VECTOR('',#284,1.);
#284 = DIRECTION('',(1.,-1.989003829148E-16,0.));
#285 = ORIENTED_EDGE('',*,*,#286,.F.);
#286 = EDGE_CURVE('',#287,#279,#289,.T.);
#287 = VERTEX_POINT('',#288);
#288 = CARTESIAN_POINT('',(285.78838324886,-165.,100.));
#289 = LINE('',#290,#291);
#290 = CARTESIAN_POINT('',(285.78838324886,-165.,100.));
#291 = VECTOR('',#292,1.);
#292 = DIRECTION('',(0.,0.,1.));
#293 = ORIENTED_EDGE('',*,*,#294,.F.);
#294 = EDGE_CURVE('',#256,#287,#295,.T.);
#295 = LINE('',#296,#297);
#296 = CARTESIAN_POINT('',(-285.7883832488,-165.,100.));
#297 = VECTOR('',#298,1.);
#298 = DIRECTION('',(1.,-1.989003829148E-16,0.));
#299 = PLANE('',#300);
#300 = AXIS2_PLACEMENT_3D('',#301,#302,#303);
#301 = CARTESIAN_POINT('',(-285.7883832488,-165.,100.));
#302 = DIRECTION('',(1.989003829148E-16,1.,0.));
#303 = DIRECTION('',(1.,-1.989003829148E-16,0.));
#304 = ADVANCED_FACE('',(#305),#321,.F.);
#305 = FACE_BOUND('',#306,.F.);
#306 = EDGE_LOOP('',(#307,#308,#314,#315));
#307 = ORIENTED_EDGE('',*,*,#286,.T.);
#308 = ORIENTED_EDGE('',*,*,#309,.T.);
#309 = EDGE_CURVE('',#279,#240,#310,.T.);
#310 = LINE('',#311,#312);
#311 = CARTESIAN_POINT('',(285.78838324886,-165.,780.));
#312 = VECTOR('',#313,1.);
#313 = DIRECTION('',(-0.5,0.866025403784,0.));
#314 = ORIENTED_EDGE('',*,*,#237,.F.);
#315 = ORIENTED_EDGE('',*,*,#316,.F.);
#316 = EDGE_CURVE('',#287,#238,#317,.T.);
#317 = LINE('',#318,#319);
#318 = CARTESIAN_POINT('',(285.78838324886,-165.,100.));
#319 = VECTOR('',#320,1.);
#320 = DIRECTION('',(-0.5,0.866025403784,0.));
#321 = PLANE('',#322);
#322 = AXIS2_PLACEMENT_3D('',#323,#324,#325);
#323 = CARTESIAN_POINT('',(285.78838324886,-165.,100.));
#324 = DIRECTION('',(-0.866025403784,-0.5,0.));
#325 = DIRECTION('',(-0.5,0.866025403784,0.));
#326 = ADVANCED_FACE('',(#327),#332,.F.);
#327 = FACE_BOUND('',#328,.F.);
#328 = EDGE_LOOP('',(#329,#330,#331));
#329 = ORIENTED_EDGE('',*,*,#263,.T.);
#330 = ORIENTED_EDGE('',*,*,#294,.T.);
#331 = ORIENTED_EDGE('',*,*,#316,.T.);
#332 = PLANE('',#333);
#333 = AXIS2_PLACEMENT_3D('',#334,#335,#336);
#334 = CARTESIAN_POINT('',(-3.957993284483E-14,-4.646937436563E-14,100.)
  );
#335 = DIRECTION('',(0.,0.,1.));
#336 = DIRECTION('',(1.,0.,0.));
#337 = ADVANCED_FACE('',(#338),#343,.T.);
#338 = FACE_BOUND('',#339,.T.);
#339 = EDGE_LOOP('',(#340,#341,#342));
#340 = ORIENTED_EDGE('',*,*,#247,.T.);
#341 = ORIENTED_EDGE('',*,*,#278,.T.);
#342 = ORIENTED_EDGE('',*,*,#309,.T.);
#343 = PLANE('',#344);
#344 = AXIS2_PLACEMENT_3D('',#345,#346,#347);
#345 = CARTESIAN_POINT('',(-3.957993284483E-14,-4.646937436563E-14,780.)
  );
#346 = DIRECTION('',(0.,0.,1.));
#347 = DIRECTION('',(1.,0.,0.));
#348 = MANIFOLD_SOLID_BREP('',#349);
#349 = CLOSED_SHELL('',(#350,#390,#430,#452,#474,#486));
#350 = ADVANCED_FACE('',(#351),#385,.F.);
#351 = FACE_BOUND('',#352,.F.);
#352 = EDGE_LOOP('',(#353,#363,#371,#379));
#353 = ORIENTED_EDGE('',*,*,#354,.F.);
#354 = EDGE_CURVE('',#355,#357,#359,.T.);
#355 = VERTEX_POINT('',#356);
#356 = CARTESIAN_POINT('',(162.7211431703,191.84128743664,28.));
#357 = VERTEX_POINT('',#358);
#358 = CARTESIAN_POINT('',(162.7211431703,191.84128743664,83.));
#359 = LINE('',#360,#361);
#360 = CARTESIAN_POINT('',(162.7211431703,191.84128743664,28.));
#361 = VECTOR('',#362,1.);
#362 = DIRECTION('',(0.,0.,1.));
#363 = ORIENTED_EDGE('',*,*,#364,.T.);
#364 = EDGE_CURVE('',#355,#365,#367,.T.);
#365 = VERTEX_POINT('',#366);
#366 = CARTESIAN_POINT('',(84.7788568297,236.84128743664,28.));
#367 = LINE('',#368,#369);
#368 = CARTESIAN_POINT('',(162.7211431703,191.84128743664,28.));
#369 = VECTOR('',#370,1.);
#370 = DIRECTION('',(-0.866025403784,0.5,0.));
#371 = ORIENTED_EDGE('',*,*,#372,.T.);
#372 = EDGE_CURVE('',#365,#373,#375,.T.);
#373 = VERTEX_POINT('',#374);
#374 = CARTESIAN_POINT('',(84.7788568297,236.84128743664,83.));
#375 = LINE('',#376,#377);
#376 = CARTESIAN_POINT('',(84.7788568297,236.84128743664,28.));
#377 = VECTOR('',#378,1.);
#378 = DIRECTION('',(0.,0.,1.));
#379 = ORIENTED_EDGE('',*,*,#380,.F.);
#380 = EDGE_CURVE('',#357,#373,#381,.T.);
#381 = LINE('',#382,#383);
#382 = CARTESIAN_POINT('',(162.7211431703,191.84128743664,83.));
#383 = VECTOR('',#384,1.);
#384 = DIRECTION('',(-0.866025403784,0.5,0.));
#385 = PLANE('',#386);
#386 = AXIS2_PLACEMENT_3D('',#387,#388,#389);
#387 = CARTESIAN_POINT('',(162.7211431703,191.84128743664,28.));
#388 = DIRECTION('',(0.5,0.866025403784,0.));
#389 = DIRECTION('',(0.,0.,1.));
#390 = ADVANCED_FACE('',(#391),#425,.T.);
#391 = FACE_BOUND('',#392,.T.);
#392 = EDGE_LOOP('',(#393,#403,#411,#419));
#393 = ORIENTED_EDGE('',*,*,#394,.F.);
#394 = EDGE_CURVE('',#395,#397,#399,.T.);
#395 = VERTEX_POINT('',#396);
#396 = CARTESIAN_POINT('',(687.7211431703,1.10116796141E+03,28.));
#397 = VERTEX_POINT('',#398);
#398 = CARTESIAN_POINT('',(687.7211431703,1.10116796141E+03,83.));
#399 = LINE('',#400,#401);
#400 = CARTESIAN_POINT('',(687.7211431703,1.10116796141E+03,28.));
#401 = VECTOR('',#402,1.);
#402 = DIRECTION('',(0.,0.,1.));
#403 = ORIENTED_EDGE('',*,*,#404,.T.);
#404 = EDGE_CURVE('',#395,#405,#407,.T.);
#405 = VERTEX_POINT('',#406);
#406 = CARTESIAN_POINT('',(609.7788568297,1.14616796141E+03,28.));
#407 = LINE('',#408,#409);
#408 = CARTESIAN_POINT('',(687.7211431703,1.10116796141E+03,28.));
#409 = VECTOR('',#410,1.);
#410 = DIRECTION('',(-0.866025403784,0.5,0.));
#411 = ORIENTED_EDGE('',*,*,#412,.T.);
#412 = EDGE_CURVE('',#405,#413,#415,.T.);
#413 = VERTEX_POINT('',#414);
#414 = CARTESIAN_POINT('',(609.7788568297,1.14616796141E+03,83.));
#415 = LINE('',#416,#417);
#416 = CARTESIAN_POINT('',(609.7788568297,1.14616796141E+03,28.));
#417 = VECTOR('',#418,1.);
#418 = DIRECTION('',(0.,0.,1.));
#419 = ORIENTED_EDGE('',*,*,#420,.F.);
#420 = EDGE_CURVE('',#397,#413,#421,.T.);
#421 = LINE('',#422,#423);
#422 = CARTESIAN_POINT('',(687.7211431703,1.10116796141E+03,83.));
#423 = VECTOR('',#424,1.);
#424 = DIRECTION('',(-0.866025403784,0.5,0.));
#425 = PLANE('',#426);
#426 = AXIS2_PLACEMENT_3D('',#427,#428,#429);
#427 = CARTESIAN_POINT('',(687.7211431703,1.10116796141E+03,28.));
#428 = DIRECTION('',(0.5,0.866025403784,0.));
#429 = DIRECTION('',(0.,0.,1.));
#430 = ADVANCED_FACE('',(#431),#447,.F.);
#431 = FACE_BOUND('',#432,.F.);
#432 = EDGE_LOOP('',(#433,#439,#440,#446));
#433 = ORIENTED_EDGE('',*,*,#434,.F.);
#434 = EDGE_CURVE('',#355,#395,#435,.T.);
#435 = LINE('',#436,#437);
#436 = CARTESIAN_POINT('',(162.7211431703,191.84128743664,28.));
#437 = VECTOR('',#438,1.);
#438 = DIRECTION('',(0.5,0.866025403784,0.));
#439 = ORIENTED_EDGE('',*,*,#354,.T.);
#440 = ORIENTED_EDGE('',*,*,#441,.T.);
#441 = EDGE_CURVE('',#357,#397,#442,.T.);
#442 = LINE('',#443,#444);
#443 = CARTESIAN_POINT('',(162.7211431703,191.84128743664,83.));
#444 = VECTOR('',#445,1.);
#445 = DIRECTION('',(0.5,0.866025403784,0.));
#446 = ORIENTED_EDGE('',*,*,#394,.F.);
#447 = PLANE('',#448);
#448 = AXIS2_PLACEMENT_3D('',#449,#450,#451);
#449 = CARTESIAN_POINT('',(162.7211431703,191.84128743664,28.));
#450 = DIRECTION('',(-0.866025403784,0.5,0.));
#451 = DIRECTION('',(0.,0.,1.));
#452 = ADVANCED_FACE('',(#453),#469,.T.);
#453 = FACE_BOUND('',#454,.T.);
#454 = EDGE_LOOP('',(#455,#461,#462,#468));
#455 = ORIENTED_EDGE('',*,*,#456,.F.);
#456 = EDGE_CURVE('',#365,#405,#457,.T.);
#457 = LINE('',#458,#459);
#458 = CARTESIAN_POINT('',(84.7788568297,236.84128743664,28.));
#459 = VECTOR('',#460,1.);
#460 = DIRECTION('',(0.5,0.866025403784,0.));
#461 = ORIENTED_EDGE('',*,*,#372,.T.);
#462 = ORIENTED_EDGE('',*,*,#463,.T.);
#463 = EDGE_CURVE('',#373,#413,#464,.T.);
#464 = LINE('',#465,#466);
#465 = CARTESIAN_POINT('',(84.7788568297,236.84128743664,83.));
#466 = VECTOR('',#467,1.);
#467 = DIRECTION('',(0.5,0.866025403784,0.));
#468 = ORIENTED_EDGE('',*,*,#412,.F.);
#469 = PLANE('',#470);
#470 = AXIS2_PLACEMENT_3D('',#471,#472,#473);
#471 = CARTESIAN_POINT('',(84.7788568297,236.84128743664,28.));
#472 = DIRECTION('',(-0.866025403784,0.5,0.));
#473 = DIRECTION('',(0.,0.,1.));
#474 = ADVANCED_FACE('',(#475),#481,.F.);
#475 = FACE_BOUND('',#476,.F.);
#476 = EDGE_LOOP('',(#477,#478,#479,#480));
#477 = ORIENTED_EDGE('',*,*,#364,.F.);
#478 = ORIENTED_EDGE('',*,*,#434,.T.);
#479 = ORIENTED_EDGE('',*,*,#404,.T.);
#480 = ORIENTED_EDGE('',*,*,#456,.F.);
#481 = PLANE('',#482);
#482 = AXIS2_PLACEMENT_3D('',#483,#484,#485);
#483 = CARTESIAN_POINT('',(162.7211431703,191.84128743664,28.));
#484 = DIRECTION('',(0.,0.,1.));
#485 = DIRECTION('',(0.5,0.866025403784,0.));
#486 = ADVANCED_FACE('',(#487),#493,.T.);
#487 = FACE_BOUND('',#488,.T.);
#488 = EDGE_LOOP('',(#489,#490,#491,#492));
#489 = ORIENTED_EDGE('',*,*,#380,.F.);
#490 = ORIENTED_EDGE('',*,*,#441,.T.);
#491 = ORIENTED_EDGE('',*,*,#420,.T.);
#492 = ORIENTED_EDGE('',*,*,#463,.F.);
#493 = PLANE('',#494);
#494 = AXIS2_PLACEMENT_3D('',#495,#496,#497);
#495 = CARTESIAN_POINT('',(162.7211431703,191.84128743664,83.));
#496 = DIRECTION('',(0.,0.,1.));
#497 = DIRECTION('',(0.5,0.866025403784,0.));
#498 = MANIFOLD_SOLID_BREP('',#499);
#499 = CLOSED_SHELL('',(#500,#540,#580,#602,#624,#636));
#500 = ADVANCED_FACE('',(#501),#535,.F.);
#501 = FACE_BOUND('',#502,.F.);
#502 = EDGE_LOOP('',(#503,#513,#521,#529));
#503 = ORIENTED_EDGE('',*,*,#504,.F.);
#504 = EDGE_CURVE('',#505,#507,#509,.T.);
#505 = VERTEX_POINT('',#506);
#506 = CARTESIAN_POINT('',(-247.5,45.,28.));
#507 = VERTEX_POINT('',#508);
#508 = CARTESIAN_POINT('',(-247.5,45.,83.));
#509 = LINE('',#510,#511);
#510 = CARTESIAN_POINT('',(-247.5,45.,28.));
#511 = VECTOR('',#512,1.);
#512 = DIRECTION('',(0.,0.,1.));
#513 = ORIENTED_EDGE('',*,*,#514,.T.);
#514 = EDGE_CURVE('',#505,#515,#517,.T.);
#515 = VERTEX_POINT('',#516);
#516 = CARTESIAN_POINT('',(-247.5,-45.,28.));
#517 = LINE('',#518,#519);
#518 = CARTESIAN_POINT('',(-247.5,45.,28.));
#519 = VECTOR('',#520,1.);
#520 = DIRECTION('',(0.,-1.,0.));
#521 = ORIENTED_EDGE('',*,*,#522,.T.);
#522 = EDGE_CURVE('',#515,#523,#525,.T.);
#523 = VERTEX_POINT('',#524);
#524 = CARTESIAN_POINT('',(-247.5,-45.,83.));
#525 = LINE('',#526,#527);
#526 = CARTESIAN_POINT('',(-247.5,-45.,28.));
#527 = VECTOR('',#528,1.);
#528 = DIRECTION('',(0.,0.,1.));
#529 = ORIENTED_EDGE('',*,*,#530,.F.);
#530 = EDGE_CURVE('',#507,#523,#531,.T.);
#531 = LINE('',#532,#533);
#532 = CARTESIAN_POINT('',(-247.5,45.,83.));
#533 = VECTOR('',#534,1.);
#534 = DIRECTION('',(0.,-1.,0.));
#535 = PLANE('',#536);
#536 = AXIS2_PLACEMENT_3D('',#537,#538,#539);
#537 = CARTESIAN_POINT('',(-247.5,45.,28.));
#538 = DIRECTION('',(-1.,0.,0.));
#539 = DIRECTION('',(0.,0.,1.));
#540 = ADVANCED_FACE('',(#541),#575,.T.);
#541 = FACE_BOUND('',#542,.T.);
#542 = EDGE_LOOP('',(#543,#553,#561,#569));
#543 = ORIENTED_EDGE('',*,*,#544,.F.);
#544 = EDGE_CURVE('',#545,#547,#549,.T.);
#545 = VERTEX_POINT('',#546);
#546 = CARTESIAN_POINT('',(-1.2975E+03,45.,28.));
#547 = VERTEX_POINT('',#548);
#548 = CARTESIAN_POINT('',(-1.2975E+03,45.,83.));
#549 = LINE('',#550,#551);
#550 = CARTESIAN_POINT('',(-1.2975E+03,45.,28.));
#551 = VECTOR('',#552,1.);
#552 = DIRECTION('',(0.,0.,1.));
#553 = ORIENTED_EDGE('',*,*,#554,.T.);
#554 = EDGE_CURVE('',#545,#555,#557,.T.);
#555 = VERTEX_POINT('',#556);
#556 = CARTESIAN_POINT('',(-1.2975E+03,-45.,28.));
#557 = LINE('',#558,#559);
#558 = CARTESIAN_POINT('',(-1.2975E+03,45.,28.));
#559 = VECTOR('',#560,1.);
#560 = DIRECTION('',(0.,-1.,0.));
#561 = ORIENTED_EDGE('',*,*,#562,.T.);
#562 = EDGE_CURVE('',#555,#563,#565,.T.);
#563 = VERTEX_POINT('',#564);
#564 = CARTESIAN_POINT('',(-1.2975E+03,-45.,83.));
#565 = LINE('',#566,#567);
#566 = CARTESIAN_POINT('',(-1.2975E+03,-45.,28.));
#567 = VECTOR('',#568,1.);
#568 = DIRECTION('',(0.,0.,1.));
#569 = ORIENTED_EDGE('',*,*,#570,.F.);
#570 = EDGE_CURVE('',#547,#563,#571,.T.);
#571 = LINE('',#572,#573);
#572 = CARTESIAN_POINT('',(-1.2975E+03,45.,83.));
#573 = VECTOR('',#574,1.);
#574 = DIRECTION('',(0.,-1.,0.));
#575 = PLANE('',#576);
#576 = AXIS2_PLACEMENT_3D('',#577,#578,#579);
#577 = CARTESIAN_POINT('',(-1.2975E+03,45.,28.));
#578 = DIRECTION('',(-1.,0.,0.));
#579 = DIRECTION('',(0.,0.,1.));
#580 = ADVANCED_FACE('',(#581),#597,.F.);
#581 = FACE_BOUND('',#582,.F.);
#582 = EDGE_LOOP('',(#583,#589,#590,#596));
#583 = ORIENTED_EDGE('',*,*,#584,.F.);
#584 = EDGE_CURVE('',#505,#545,#585,.T.);
#585 = LINE('',#586,#587);
#586 = CARTESIAN_POINT('',(-247.5,45.,28.));
#587 = VECTOR('',#588,1.);
#588 = DIRECTION('',(-1.,0.,0.));
#589 = ORIENTED_EDGE('',*,*,#504,.T.);
#590 = ORIENTED_EDGE('',*,*,#591,.T.);
#591 = EDGE_CURVE('',#507,#547,#592,.T.);
#592 = LINE('',#593,#594);
#593 = CARTESIAN_POINT('',(-247.5,45.,83.));
#594 = VECTOR('',#595,1.);
#595 = DIRECTION('',(-1.,0.,0.));
#596 = ORIENTED_EDGE('',*,*,#544,.F.);
#597 = PLANE('',#598);
#598 = AXIS2_PLACEMENT_3D('',#599,#600,#601);
#599 = CARTESIAN_POINT('',(-247.5,45.,28.));
#600 = DIRECTION('',(0.,-1.,0.));
#601 = DIRECTION('',(0.,0.,1.));
#602 = ADVANCED_FACE('',(#603),#619,.T.);
#603 = FACE_BOUND('',#604,.T.);
#604 = EDGE_LOOP('',(#605,#611,#612,#618));
#605 = ORIENTED_EDGE('',*,*,#606,.F.);
#606 = EDGE_CURVE('',#515,#555,#607,.T.);
#607 = LINE('',#608,#609);
#608 = CARTESIAN_POINT('',(-247.5,-45.,28.));
#609 = VECTOR('',#610,1.);
#610 = DIRECTION('',(-1.,0.,0.));
#611 = ORIENTED_EDGE('',*,*,#522,.T.);
#612 = ORIENTED_EDGE('',*,*,#613,.T.);
#613 = EDGE_CURVE('',#523,#563,#614,.T.);
#614 = LINE('',#615,#616);
#615 = CARTESIAN_POINT('',(-247.5,-45.,83.));
#616 = VECTOR('',#617,1.);
#617 = DIRECTION('',(-1.,0.,0.));
#618 = ORIENTED_EDGE('',*,*,#562,.F.);
#619 = PLANE('',#620);
#620 = AXIS2_PLACEMENT_3D('',#621,#622,#623);
#621 = CARTESIAN_POINT('',(-247.5,-45.,28.));
#622 = DIRECTION('',(0.,-1.,0.));
#623 = DIRECTION('',(0.,0.,1.));
#624 = ADVANCED_FACE('',(#625),#631,.F.);
#625 = FACE_BOUND('',#626,.F.);
#626 = EDGE_LOOP('',(#627,#628,#629,#630));
#627 = ORIENTED_EDGE('',*,*,#514,.F.);
#628 = ORIENTED_EDGE('',*,*,#584,.T.);
#629 = ORIENTED_EDGE('',*,*,#554,.T.);
#630 = ORIENTED_EDGE('',*,*,#606,.F.);
#631 = PLANE('',#632);
#632 = AXIS2_PLACEMENT_3D('',#633,#634,#635);
#633 = CARTESIAN_POINT('',(-247.5,45.,28.));
#634 = DIRECTION('',(0.,0.,1.));
#635 = DIRECTION('',(-1.,0.,0.));
#636 = ADVANCED_FACE('',(#637),#643,.T.);
#637 = FACE_BOUND('',#638,.T.);
#638 = EDGE_LOOP('',(#639,#640,#641,#642));
#639 = ORIENTED_EDGE('',*,*,#530,.F.);
#640 = ORIENTED_EDGE('',*,*,#591,.T.);
#641 = ORIENTED_EDGE('',*,*,#570,.T.);
#642 = ORIENTED_EDGE('',*,*,#613,.F.);
#643 = PLANE('',#644);
#644 = AXIS2_PLACEMENT_3D('',#645,#646,#647);
#645 = CARTESIAN_POINT('',(-247.5,45.,83.));
#646 = DIRECTION('',(0.,0.,1.));
#647 = DIRECTION('',(-1.,0.,0.));
#648 = MANIFOLD_SOLID_BREP('',#649);
#649 = CLOSED_SHELL('',(#650,#690,#730,#752,#774,#786));
#650 = ADVANCED_FACE('',(#651),#685,.F.);
#651 = FACE_BOUND('',#652,.F.);
#652 = EDGE_LOOP('',(#653,#663,#671,#679));
#653 = ORIENTED_EDGE('',*,*,#654,.F.);
#654 = EDGE_CURVE('',#655,#657,#659,.T.);
#655 = VERTEX_POINT('',#656);
#656 = CARTESIAN_POINT('',(84.7788568297,-236.8412874366,28.));
#657 = VERTEX_POINT('',#658);
#658 = CARTESIAN_POINT('',(84.7788568297,-236.8412874366,83.));
#659 = LINE('',#660,#661);
#660 = CARTESIAN_POINT('',(84.7788568297,-236.8412874366,28.));
#661 = VECTOR('',#662,1.);
#662 = DIRECTION('',(0.,0.,1.));
#663 = ORIENTED_EDGE('',*,*,#664,.T.);
#664 = EDGE_CURVE('',#655,#665,#667,.T.);
#665 = VERTEX_POINT('',#666);
#666 = CARTESIAN_POINT('',(162.7211431703,-191.8412874366,28.));
#667 = LINE('',#668,#669);
#668 = CARTESIAN_POINT('',(84.7788568297,-236.8412874366,28.));
#669 = VECTOR('',#670,1.);
#670 = DIRECTION('',(0.866025403784,0.5,0.));
#671 = ORIENTED_EDGE('',*,*,#672,.T.);
#672 = EDGE_CURVE('',#665,#673,#675,.T.);
#673 = VERTEX_POINT('',#674);
#674 = CARTESIAN_POINT('',(162.7211431703,-191.8412874366,83.));
#675 = LINE('',#676,#677);
#676 = CARTESIAN_POINT('',(162.7211431703,-191.8412874366,28.));
#677 = VECTOR('',#678,1.);
#678 = DIRECTION('',(0.,0.,1.));
#679 = ORIENTED_EDGE('',*,*,#680,.F.);
#680 = EDGE_CURVE('',#657,#673,#681,.T.);
#681 = LINE('',#682,#683);
#682 = CARTESIAN_POINT('',(84.7788568297,-236.8412874366,83.));
#683 = VECTOR('',#684,1.);
#684 = DIRECTION('',(0.866025403784,0.5,0.));
#685 = PLANE('',#686);
#686 = AXIS2_PLACEMENT_3D('',#687,#688,#689);
#687 = CARTESIAN_POINT('',(84.7788568297,-236.8412874366,28.));
#688 = DIRECTION('',(0.5,-0.866025403784,0.));
#689 = DIRECTION('',(0.,0.,1.));
#690 = ADVANCED_FACE('',(#691),#725,.T.);
#691 = FACE_BOUND('',#692,.T.);
#692 = EDGE_LOOP('',(#693,#703,#711,#719));
#693 = ORIENTED_EDGE('',*,*,#694,.F.);
#694 = EDGE_CURVE('',#695,#697,#699,.T.);
#695 = VERTEX_POINT('',#696);
#696 = CARTESIAN_POINT('',(609.7788568297,-1.14616796141E+03,28.));
#697 = VERTEX_POINT('',#698);
#698 = CARTESIAN_POINT('',(609.7788568297,-1.14616796141E+03,83.));
#699 = LINE('',#700,#701);
#700 = CARTESIAN_POINT('',(609.7788568297,-1.14616796141E+03,28.));
#701 = VECTOR('',#702,1.);
#702 = DIRECTION('',(0.,0.,1.));
#703 = ORIENTED_EDGE('',*,*,#704,.T.);
#704 = EDGE_CURVE('',#695,#705,#707,.T.);
#705 = VERTEX_POINT('',#706);
#706 = CARTESIAN_POINT('',(687.7211431703,-1.10116796141E+03,28.));
#707 = LINE('',#708,#709);
#708 = CARTESIAN_POINT('',(609.7788568297,-1.14616796141E+03,28.));
#709 = VECTOR('',#710,1.);
#710 = DIRECTION('',(0.866025403784,0.5,0.));
#711 = ORIENTED_EDGE('',*,*,#712,.T.);
#712 = EDGE_CURVE('',#705,#713,#715,.T.);
#713 = VERTEX_POINT('',#714);
#714 = CARTESIAN_POINT('',(687.7211431703,-1.10116796141E+03,83.));
#715 = LINE('',#716,#717);
#716 = CARTESIAN_POINT('',(687.7211431703,-1.10116796141E+03,28.));
#717 = VECTOR('',#718,1.);
#718 = DIRECTION('',(0.,0.,1.));
#719 = ORIENTED_EDGE('',*,*,#720,.F.);
#720 = EDGE_CURVE('',#697,#713,#721,.T.);
#721 = LINE('',#722,#723);
#722 = CARTESIAN_POINT('',(609.7788568297,-1.14616796141E+03,83.));
#723 = VECTOR('',#724,1.);
#724 = DIRECTION('',(0.866025403784,0.5,0.));
#725 = PLANE('',#726);
#726 = AXIS2_PLACEMENT_3D('',#727,#728,#729);
#727 = CARTESIAN_POINT('',(609.7788568297,-1.14616796141E+03,28.));
#728 = DIRECTION('',(0.5,-0.866025403784,0.));
#729 = DIRECTION('',(0.,0.,1.));
#730 = ADVANCED_FACE('',(#731),#747,.F.);
#731 = FACE_BOUND('',#732,.F.);
#732 = EDGE_LOOP('',(#733,#739,#740,#746));
#733 = ORIENTED_EDGE('',*,*,#734,.F.);
#734 = EDGE_CURVE('',#655,#695,#735,.T.);
#735 = LINE('',#736,#737);
#736 = CARTESIAN_POINT('',(84.7788568297,-236.8412874366,28.));
#737 = VECTOR('',#738,1.);
#738 = DIRECTION('',(0.5,-0.866025403784,0.));
#739 = ORIENTED_EDGE('',*,*,#654,.T.);
#740 = ORIENTED_EDGE('',*,*,#741,.T.);
#741 = EDGE_CURVE('',#657,#697,#742,.T.);
#742 = LINE('',#743,#744);
#743 = CARTESIAN_POINT('',(84.7788568297,-236.8412874366,83.));
#744 = VECTOR('',#745,1.);
#745 = DIRECTION('',(0.5,-0.866025403784,0.));
#746 = ORIENTED_EDGE('',*,*,#694,.F.);
#747 = PLANE('',#748);
#748 = AXIS2_PLACEMENT_3D('',#749,#750,#751);
#749 = CARTESIAN_POINT('',(84.7788568297,-236.8412874366,28.));
#750 = DIRECTION('',(0.866025403784,0.5,0.));
#751 = DIRECTION('',(0.,0.,1.));
#752 = ADVANCED_FACE('',(#753),#769,.T.);
#753 = FACE_BOUND('',#754,.T.);
#754 = EDGE_LOOP('',(#755,#761,#762,#768));
#755 = ORIENTED_EDGE('',*,*,#756,.F.);
#756 = EDGE_CURVE('',#665,#705,#757,.T.);
#757 = LINE('',#758,#759);
#758 = CARTESIAN_POINT('',(162.7211431703,-191.8412874366,28.));
#759 = VECTOR('',#760,1.);
#760 = DIRECTION('',(0.5,-0.866025403784,0.));
#761 = ORIENTED_EDGE('',*,*,#672,.T.);
#762 = ORIENTED_EDGE('',*,*,#763,.T.);
#763 = EDGE_CURVE('',#673,#713,#764,.T.);
#764 = LINE('',#765,#766);
#765 = CARTESIAN_POINT('',(162.7211431703,-191.8412874366,83.));
#766 = VECTOR('',#767,1.);
#767 = DIRECTION('',(0.5,-0.866025403784,0.));
#768 = ORIENTED_EDGE('',*,*,#712,.F.);
#769 = PLANE('',#770);
#770 = AXIS2_PLACEMENT_3D('',#771,#772,#773);
#771 = CARTESIAN_POINT('',(162.7211431703,-191.8412874366,28.));
#772 = DIRECTION('',(0.866025403784,0.5,0.));
#773 = DIRECTION('',(0.,0.,1.));
#774 = ADVANCED_FACE('',(#775),#781,.F.);
#775 = FACE_BOUND('',#776,.F.);
#776 = EDGE_LOOP('',(#777,#778,#779,#780));
#777 = ORIENTED_EDGE('',*,*,#664,.F.);
#778 = ORIENTED_EDGE('',*,*,#734,.T.);
#779 = ORIENTED_EDGE('',*,*,#704,.T.);
#780 = ORIENTED_EDGE('',*,*,#756,.F.);
#781 = PLANE('',#782);
#782 = AXIS2_PLACEMENT_3D('',#783,#784,#785);
#783 = CARTESIAN_POINT('',(84.7788568297,-236.8412874366,28.));
#784 = DIRECTION('',(0.,0.,1.));
#785 = DIRECTION('',(0.5,-0.866025403784,0.));
#786 = ADVANCED_FACE('',(#787),#793,.T.);
#787 = FACE_BOUND('',#788,.T.);
#788 = EDGE_LOOP('',(#789,#790,#791,#792));
#789 = ORIENTED_EDGE('',*,*,#680,.F.);
#790 = ORIENTED_EDGE('',*,*,#741,.T.);
#791 = ORIENTED_EDGE('',*,*,#720,.T.);
#792 = ORIENTED_EDGE('',*,*,#763,.F.);
#793 = PLANE('',#794);
#794 = AXIS2_PLACEMENT_3D('',#795,#796,#797);
#795 = CARTESIAN_POINT('',(84.7788568297,-236.8412874366,83.));
#796 = DIRECTION('',(0.,0.,1.));
#797 = DIRECTION('',(0.5,-0.866025403784,0.));
#798 = MANIFOLD_SOLID_BREP('',#799);
#799 = CLOSED_SHELL('',(#800,#833,#842));
#800 = ADVANCED_FACE('',(#801),#828,.T.);
#801 = FACE_BOUND('',#802,.T.);
#802 = EDGE_LOOP('',(#803,#812,#820,#827));
#803 = ORIENTED_EDGE('',*,*,#804,.F.);
#804 = EDGE_CURVE('',#805,#805,#807,.T.);
#805 = VERTEX_POINT('',#806);
#806 = CARTESIAN_POINT('',(860.,-3.673940397442E-14,28.));
#807 = CIRCLE('',#808,150.);
#808 = AXIS2_PLACEMENT_3D('',#809,#810,#811);
#809 = CARTESIAN_POINT('',(710.,0.,28.));
#810 = DIRECTION('',(0.,0.,1.));
#811 = DIRECTION('',(1.,0.,0.));
#812 = ORIENTED_EDGE('',*,*,#813,.F.);
#813 = EDGE_CURVE('',#814,#805,#816,.T.);
#814 = VERTEX_POINT('',#815);
#815 = CARTESIAN_POINT('',(860.,-3.673940397442E-14,0.));
#816 = LINE('',#817,#818);
#817 = CARTESIAN_POINT('',(860.,-3.673940397442E-14,0.));
#818 = VECTOR('',#819,1.);
#819 = DIRECTION('',(0.,0.,1.));
#820 = ORIENTED_EDGE('',*,*,#821,.T.);
#821 = EDGE_CURVE('',#814,#814,#822,.T.);
#822 = CIRCLE('',#823,150.);
#823 = AXIS2_PLACEMENT_3D('',#824,#825,#826);
#824 = CARTESIAN_POINT('',(710.,0.,0.));
#825 = DIRECTION('',(0.,0.,1.));
#826 = DIRECTION('',(1.,0.,0.));
#827 = ORIENTED_EDGE('',*,*,#813,.T.);
#828 = CYLINDRICAL_SURFACE('',#829,150.);
#829 = AXIS2_PLACEMENT_3D('',#830,#831,#832);
#830 = CARTESIAN_POINT('',(710.,0.,0.));
#831 = DIRECTION('',(0.,0.,1.));
#832 = DIRECTION('',(1.,0.,0.));
#833 = ADVANCED_FACE('',(#834),#837,.T.);
#834 = FACE_BOUND('',#835,.T.);
#835 = EDGE_LOOP('',(#836));
#836 = ORIENTED_EDGE('',*,*,#804,.T.);
#837 = PLANE('',#838);
#838 = AXIS2_PLACEMENT_3D('',#839,#840,#841);
#839 = CARTESIAN_POINT('',(710.,0.,28.));
#840 = DIRECTION('',(0.,0.,1.));
#841 = DIRECTION('',(1.,0.,0.));
#842 = ADVANCED_FACE('',(#843),#846,.F.);
#843 = FACE_BOUND('',#844,.T.);
#844 = EDGE_LOOP('',(#845));
#845 = ORIENTED_EDGE('',*,*,#821,.F.);
#846 = PLANE('',#847);
#847 = AXIS2_PLACEMENT_3D('',#848,#849,#850);
#848 = CARTESIAN_POINT('',(710.,0.,0.));
#849 = DIRECTION('',(0.,0.,1.));
#850 = DIRECTION('',(1.,0.,0.));
#851 = MANIFOLD_SOLID_BREP('',#852);
#852 = CLOSED_SHELL('',(#853,#886,#895));
#853 = ADVANCED_FACE('',(#854),#881,.T.);
#854 = FACE_BOUND('',#855,.T.);
#855 = EDGE_LOOP('',(#856,#865,#873,#880));
#856 = ORIENTED_EDGE('',*,*,#857,.F.);
#857 = EDGE_CURVE('',#858,#858,#860,.T.);
#858 = VERTEX_POINT('',#859);
#859 = CARTESIAN_POINT('',(767.5,-1.408343819019E-14,458.));
#860 = CIRCLE('',#861,57.5);
#861 = AXIS2_PLACEMENT_3D('',#862,#863,#864);
#862 = CARTESIAN_POINT('',(710.,0.,458.));
#863 = DIRECTION('',(0.,0.,1.));
#864 = DIRECTION('',(1.,0.,0.));
#865 = ORIENTED_EDGE('',*,*,#866,.F.);
#866 = EDGE_CURVE('',#867,#858,#869,.T.);
#867 = VERTEX_POINT('',#868);
#868 = CARTESIAN_POINT('',(767.5,-1.408343819019E-14,28.));
#869 = LINE('',#870,#871);
#870 = CARTESIAN_POINT('',(767.5,-1.408343819019E-14,28.));
#871 = VECTOR('',#872,1.);
#872 = DIRECTION('',(0.,0.,1.));
#873 = ORIENTED_EDGE('',*,*,#874,.T.);
#874 = EDGE_CURVE('',#867,#867,#875,.T.);
#875 = CIRCLE('',#876,57.5);
#876 = AXIS2_PLACEMENT_3D('',#877,#878,#879);
#877 = CARTESIAN_POINT('',(710.,0.,28.));
#878 = DIRECTION('',(0.,0.,1.));
#879 = DIRECTION('',(1.,0.,0.));
#880 = ORIENTED_EDGE('',*,*,#866,.T.);
#881 = CYLINDRICAL_SURFACE('',#882,57.5);
#882 = AXIS2_PLACEMENT_3D('',#883,#884,#885);
#883 = CARTESIAN_POINT('',(710.,0.,28.));
#884 = DIRECTION('',(0.,0.,1.));
#885 = DIRECTION('',(1.,0.,0.));
#886 = ADVANCED_FACE('',(#887),#890,.T.);
#887 = FACE_BOUND('',#888,.T.);
#888 = EDGE_LOOP('',(#889));
#889 = ORIENTED_EDGE('',*,*,#857,.T.);
#890 = PLANE('',#891);
#891 = AXIS2_PLACEMENT_3D('',#892,#893,#894);
#892 = CARTESIAN_POINT('',(710.,0.,458.));
#893 = DIRECTION('',(0.,0.,1.));
#894 = DIRECTION('',(1.,0.,0.));
#895 = ADVANCED_FACE('',(#896),#899,.F.);
#896 = FACE_BOUND('',#897,.T.);
#897 = EDGE_LOOP('',(#898));
#898 = ORIENTED_EDGE('',*,*,#874,.F.);
#899 = PLANE('',#900);
#900 = AXIS2_PLACEMENT_3D('',#901,#902,#903);
#901 = CARTESIAN_POINT('',(710.,0.,28.));
#902 = DIRECTION('',(0.,0.,1.));
#903 = DIRECTION('',(1.,0.,0.));
#904 = MANIFOLD_SOLID_BREP('',#905);
#905 = CLOSED_SHELL('',(#906,#939,#948));
#906 = ADVANCED_FACE('',(#907),#934,.T.);
#907 = FACE_BOUND('',#908,.T.);
#908 = EDGE_LOOP('',(#909,#918,#926,#933));
#909 = ORIENTED_EDGE('',*,*,#910,.F.);
#910 = EDGE_CURVE('',#911,#911,#913,.T.);
#911 = VERTEX_POINT('',#912);
#912 = CARTESIAN_POINT('',(1.280512701892E+03,958.10543827929,28.));
#913 = CIRCLE('',#914,150.);
#914 = AXIS2_PLACEMENT_3D('',#915,#916,#917);
#915 = CARTESIAN_POINT('',(1.130512701892E+03,958.10543827929,28.));
#916 = DIRECTION('',(0.,0.,1.));
#917 = DIRECTION('',(1.,0.,0.));
#918 = ORIENTED_EDGE('',*,*,#919,.F.);
#919 = EDGE_CURVE('',#920,#911,#922,.T.);
#920 = VERTEX_POINT('',#921);
#921 = CARTESIAN_POINT('',(1.280512701892E+03,958.10543827929,0.));
#922 = LINE('',#923,#924);
#923 = CARTESIAN_POINT('',(1.280512701892E+03,958.10543827929,0.));
#924 = VECTOR('',#925,1.);
#925 = DIRECTION('',(0.,0.,1.));
#926 = ORIENTED_EDGE('',*,*,#927,.T.);
#927 = EDGE_CURVE('',#920,#920,#928,.T.);
#928 = CIRCLE('',#929,150.);
#929 = AXIS2_PLACEMENT_3D('',#930,#931,#932);
#930 = CARTESIAN_POINT('',(1.130512701892E+03,958.10543827929,0.));
#931 = DIRECTION('',(0.,0.,1.));
#932 = DIRECTION('',(1.,0.,0.));
#933 = ORIENTED_EDGE('',*,*,#919,.T.);
#934 = CYLINDRICAL_SURFACE('',#935,150.);
#935 = AXIS2_PLACEMENT_3D('',#936,#937,#938);
#936 = CARTESIAN_POINT('',(1.130512701892E+03,958.10543827929,0.));
#937 = DIRECTION('',(0.,0.,1.));
#938 = DIRECTION('',(1.,0.,0.));
#939 = ADVANCED_FACE('',(#940),#943,.T.);
#940 = FACE_BOUND('',#941,.T.);
#941 = EDGE_LOOP('',(#942));
#942 = ORIENTED_EDGE('',*,*,#910,.T.);
#943 = PLANE('',#944);
#944 = AXIS2_PLACEMENT_3D('',#945,#946,#947);
#945 = CARTESIAN_POINT('',(1.130512701892E+03,958.10543827929,28.));
#946 = DIRECTION('',(0.,0.,1.));
#947 = DIRECTION('',(1.,0.,0.));
#948 = ADVANCED_FACE('',(#949),#952,.F.);
#949 = FACE_BOUND('',#950,.T.);
#950 = EDGE_LOOP('',(#951));
#951 = ORIENTED_EDGE('',*,*,#927,.F.);
#952 = PLANE('',#953);
#953 = AXIS2_PLACEMENT_3D('',#954,#955,#956);
#954 = CARTESIAN_POINT('',(1.130512701892E+03,958.10543827929,0.));
#955 = DIRECTION('',(0.,0.,1.));
#956 = DIRECTION('',(1.,0.,0.));
#957 = MANIFOLD_SOLID_BREP('',#958);
#958 = CLOSED_SHELL('',(#959,#992,#1001));
#959 = ADVANCED_FACE('',(#960),#987,.T.);
#960 = FACE_BOUND('',#961,.T.);
#961 = EDGE_LOOP('',(#962,#971,#979,#986));
#962 = ORIENTED_EDGE('',*,*,#963,.F.);
#963 = EDGE_CURVE('',#964,#964,#966,.T.);
#964 = VERTEX_POINT('',#965);
#965 = CARTESIAN_POINT('',(1.188012701892E+03,958.10543827929,458.));
#966 = CIRCLE('',#967,57.5);
#967 = AXIS2_PLACEMENT_3D('',#968,#969,#970);
#968 = CARTESIAN_POINT('',(1.130512701892E+03,958.10543827929,458.));
#969 = DIRECTION('',(0.,0.,1.));
#970 = DIRECTION('',(1.,0.,0.));
#971 = ORIENTED_EDGE('',*,*,#972,.F.);
#972 = EDGE_CURVE('',#973,#964,#975,.T.);
#973 = VERTEX_POINT('',#974);
#974 = CARTESIAN_POINT('',(1.188012701892E+03,958.10543827929,28.));
#975 = LINE('',#976,#977);
#976 = CARTESIAN_POINT('',(1.188012701892E+03,958.10543827929,28.));
#977 = VECTOR('',#978,1.);
#978 = DIRECTION('',(0.,0.,1.));
#979 = ORIENTED_EDGE('',*,*,#980,.T.);
#980 = EDGE_CURVE('',#973,#973,#981,.T.);
#981 = CIRCLE('',#982,57.5);
#982 = AXIS2_PLACEMENT_3D('',#983,#984,#985);
#983 = CARTESIAN_POINT('',(1.130512701892E+03,958.10543827929,28.));
#984 = DIRECTION('',(0.,0.,1.));
#985 = DIRECTION('',(1.,0.,0.));
#986 = ORIENTED_EDGE('',*,*,#972,.T.);
#987 = CYLINDRICAL_SURFACE('',#988,57.5);
#988 = AXIS2_PLACEMENT_3D('',#989,#990,#991);
#989 = CARTESIAN_POINT('',(1.130512701892E+03,958.10543827929,28.));
#990 = DIRECTION('',(0.,0.,1.));
#991 = DIRECTION('',(1.,0.,0.));
#992 = ADVANCED_FACE('',(#993),#996,.T.);
#993 = FACE_BOUND('',#994,.T.);
#994 = EDGE_LOOP('',(#995));
#995 = ORIENTED_EDGE('',*,*,#963,.T.);
#996 = PLANE('',#997);
#997 = AXIS2_PLACEMENT_3D('',#998,#999,#1000);
#998 = CARTESIAN_POINT('',(1.130512701892E+03,958.10543827929,458.));
#999 = DIRECTION('',(0.,0.,1.));
#1000 = DIRECTION('',(1.,0.,0.));
#1001 = ADVANCED_FACE('',(#1002),#1005,.F.);
#1002 = FACE_BOUND('',#1003,.T.);
#1003 = EDGE_LOOP('',(#1004));
#1004 = ORIENTED_EDGE('',*,*,#980,.F.);
#1005 = PLANE('',#1006);
#1006 = AXIS2_PLACEMENT_3D('',#1007,#1008,#1009);
#1007 = CARTESIAN_POINT('',(1.130512701892E+03,958.10543827929,28.));
#1008 = DIRECTION('',(0.,0.,1.));
#1009 = DIRECTION('',(1.,0.,0.));
#1010 = MANIFOLD_SOLID_BREP('',#1011);
#1011 = CLOSED_SHELL('',(#1012,#1045,#1054));
#1012 = ADVANCED_FACE('',(#1013),#1040,.T.);
#1013 = FACE_BOUND('',#1014,.T.);
#1014 = EDGE_LOOP('',(#1015,#1024,#1032,#1039));
#1015 = ORIENTED_EDGE('',*,*,#1016,.F.);
#1016 = EDGE_CURVE('',#1017,#1017,#1019,.T.);
#1017 = VERTEX_POINT('',#1018);
#1018 = CARTESIAN_POINT('',(1.280512701892E+03,-958.1054382792,28.));
#1019 = CIRCLE('',#1020,150.);
#1020 = AXIS2_PLACEMENT_3D('',#1021,#1022,#1023);
#1021 = CARTESIAN_POINT('',(1.130512701892E+03,-958.1054382792,28.));
#1022 = DIRECTION('',(0.,0.,1.));
#1023 = DIRECTION('',(1.,0.,0.));
#1024 = ORIENTED_EDGE('',*,*,#1025,.F.);
#1025 = EDGE_CURVE('',#1026,#1017,#1028,.T.);
#1026 = VERTEX_POINT('',#1027);
#1027 = CARTESIAN_POINT('',(1.280512701892E+03,-958.1054382792,0.));
#1028 = LINE('',#1029,#1030);
#1029 = CARTESIAN_POINT('',(1.280512701892E+03,-958.1054382792,0.));
#1030 = VECTOR('',#1031,1.);
#1031 = DIRECTION('',(0.,0.,1.));
#1032 = ORIENTED_EDGE('',*,*,#1033,.T.);
#1033 = EDGE_CURVE('',#1026,#1026,#1034,.T.);
#1034 = CIRCLE('',#1035,150.);
#1035 = AXIS2_PLACEMENT_3D('',#1036,#1037,#1038);
#1036 = CARTESIAN_POINT('',(1.130512701892E+03,-958.1054382792,0.));
#1037 = DIRECTION('',(0.,0.,1.));
#1038 = DIRECTION('',(1.,0.,0.));
#1039 = ORIENTED_EDGE('',*,*,#1025,.T.);
#1040 = CYLINDRICAL_SURFACE('',#1041,150.);
#1041 = AXIS2_PLACEMENT_3D('',#1042,#1043,#1044);
#1042 = CARTESIAN_POINT('',(1.130512701892E+03,-958.1054382792,0.));
#1043 = DIRECTION('',(0.,0.,1.));
#1044 = DIRECTION('',(1.,0.,0.));
#1045 = ADVANCED_FACE('',(#1046),#1049,.T.);
#1046 = FACE_BOUND('',#1047,.T.);
#1047 = EDGE_LOOP('',(#1048));
#1048 = ORIENTED_EDGE('',*,*,#1016,.T.);
#1049 = PLANE('',#1050);
#1050 = AXIS2_PLACEMENT_3D('',#1051,#1052,#1053);
#1051 = CARTESIAN_POINT('',(1.130512701892E+03,-958.1054382792,28.));
#1052 = DIRECTION('',(0.,0.,1.));
#1053 = DIRECTION('',(1.,0.,0.));
#1054 = ADVANCED_FACE('',(#1055),#1058,.F.);
#1055 = FACE_BOUND('',#1056,.T.);
#1056 = EDGE_LOOP('',(#1057));
#1057 = ORIENTED_EDGE('',*,*,#1033,.F.);
#1058 = PLANE('',#1059);
#1059 = AXIS2_PLACEMENT_3D('',#1060,#1061,#1062);
#1060 = CARTESIAN_POINT('',(1.130512701892E+03,-958.1054382792,0.));
#1061 = DIRECTION('',(0.,0.,1.));
#1062 = DIRECTION('',(1.,0.,0.));
#1063 = MANIFOLD_SOLID_BREP('',#1064);
#1064 = CLOSED_SHELL('',(#1065,#1098,#1107));
#1065 = ADVANCED_FACE('',(#1066),#1093,.T.);
#1066 = FACE_BOUND('',#1067,.T.);
#1067 = EDGE_LOOP('',(#1068,#1077,#1085,#1092));
#1068 = ORIENTED_EDGE('',*,*,#1069,.F.);
#1069 = EDGE_CURVE('',#1070,#1070,#1072,.T.);
#1070 = VERTEX_POINT('',#1071);
#1071 = CARTESIAN_POINT('',(1.188012701892E+03,-958.1054382792,458.));
#1072 = CIRCLE('',#1073,57.5);
#1073 = AXIS2_PLACEMENT_3D('',#1074,#1075,#1076);
#1074 = CARTESIAN_POINT('',(1.130512701892E+03,-958.1054382792,458.));
#1075 = DIRECTION('',(0.,0.,1.));
#1076 = DIRECTION('',(1.,0.,0.));
#1077 = ORIENTED_EDGE('',*,*,#1078,.F.);
#1078 = EDGE_CURVE('',#1079,#1070,#1081,.T.);
#1079 = VERTEX_POINT('',#1080);
#1080 = CARTESIAN_POINT('',(1.188012701892E+03,-958.1054382792,28.));
#1081 = LINE('',#1082,#1083);
#1082 = CARTESIAN_POINT('',(1.188012701892E+03,-958.1054382792,28.));
#1083 = VECTOR('',#1084,1.);
#1084 = DIRECTION('',(0.,0.,1.));
#1085 = ORIENTED_EDGE('',*,*,#1086,.T.);
#1086 = EDGE_CURVE('',#1079,#1079,#1087,.T.);
#1087 = CIRCLE('',#1088,57.5);
#1088 = AXIS2_PLACEMENT_3D('',#1089,#1090,#1091);
#1089 = CARTESIAN_POINT('',(1.130512701892E+03,-958.1054382792,28.));
#1090 = DIRECTION('',(0.,0.,1.));
#1091 = DIRECTION('',(1.,0.,0.));
#1092 = ORIENTED_EDGE('',*,*,#1078,.T.);
#1093 = CYLINDRICAL_SURFACE('',#1094,57.5);
#1094 = AXIS2_PLACEMENT_3D('',#1095,#1096,#1097);
#1095 = CARTESIAN_POINT('',(1.130512701892E+03,-958.1054382792,28.));
#1096 = DIRECTION('',(0.,0.,1.));
#1097 = DIRECTION('',(1.,0.,0.));
#1098 = ADVANCED_FACE('',(#1099),#1102,.T.);
#1099 = FACE_BOUND('',#1100,.T.);
#1100 = EDGE_LOOP('',(#1101));
#1101 = ORIENTED_EDGE('',*,*,#1069,.T.);
#1102 = PLANE('',#1103);
#1103 = AXIS2_PLACEMENT_3D('',#1104,#1105,#1106);
#1104 = CARTESIAN_POINT('',(1.130512701892E+03,-958.1054382792,458.));
#1105 = DIRECTION('',(0.,0.,1.));
#1106 = DIRECTION('',(1.,0.,0.));
#1107 = ADVANCED_FACE('',(#1108),#1111,.F.);
#1108 = FACE_BOUND('',#1109,.T.);
#1109 = EDGE_LOOP('',(#1110));
#1110 = ORIENTED_EDGE('',*,*,#1086,.F.);
#1111 = PLANE('',#1112);
#1112 = AXIS2_PLACEMENT_3D('',#1113,#1114,#1115);
#1113 = CARTESIAN_POINT('',(1.130512701892E+03,-958.1054382792,28.));
#1114 = DIRECTION('',(0.,0.,1.));
#1115 = DIRECTION('',(1.,0.,0.));
#1116 = MANIFOLD_SOLID_BREP('',#1117);
#1117 = CLOSED_SHELL('',(#1118,#1151,#1160));
#1118 = ADVANCED_FACE('',(#1119),#1146,.T.);
#1119 = FACE_BOUND('',#1120,.T.);
#1120 = EDGE_LOOP('',(#1121,#1130,#1138,#1145));
#1121 = ORIENTED_EDGE('',*,*,#1122,.F.);
#1122 = EDGE_CURVE('',#1123,#1123,#1125,.T.);
#1123 = VERTEX_POINT('',#1124);
#1124 = CARTESIAN_POINT('',(-205.,614.87803668695,28.));
#1125 = CIRCLE('',#1126,150.);
#1126 = AXIS2_PLACEMENT_3D('',#1127,#1128,#1129);
#1127 = CARTESIAN_POINT('',(-355.,614.87803668695,28.));
#1128 = DIRECTION('',(0.,0.,1.));
#1129 = DIRECTION('',(1.,0.,0.));
#1130 = ORIENTED_EDGE('',*,*,#1131,.F.);
#1131 = EDGE_CURVE('',#1132,#1123,#1134,.T.);
#1132 = VERTEX_POINT('',#1133);
#1133 = CARTESIAN_POINT('',(-205.,614.87803668695,0.));
#1134 = LINE('',#1135,#1136);
#1135 = CARTESIAN_POINT('',(-205.,614.87803668695,0.));
#1136 = VECTOR('',#1137,1.);
#1137 = DIRECTION('',(0.,0.,1.));
#1138 = ORIENTED_EDGE('',*,*,#1139,.T.);
#1139 = EDGE_CURVE('',#1132,#1132,#1140,.T.);
#1140 = CIRCLE('',#1141,150.);
#1141 = AXIS2_PLACEMENT_3D('',#1142,#1143,#1144);
#1142 = CARTESIAN_POINT('',(-355.,614.87803668695,0.));
#1143 = DIRECTION('',(0.,0.,1.));
#1144 = DIRECTION('',(1.,0.,0.));
#1145 = ORIENTED_EDGE('',*,*,#1131,.T.);
#1146 = CYLINDRICAL_SURFACE('',#1147,150.);
#1147 = AXIS2_PLACEMENT_3D('',#1148,#1149,#1150);
#1148 = CARTESIAN_POINT('',(-355.,614.87803668695,0.));
#1149 = DIRECTION('',(0.,0.,1.));
#1150 = DIRECTION('',(1.,0.,0.));
#1151 = ADVANCED_FACE('',(#1152),#1155,.T.);
#1152 = FACE_BOUND('',#1153,.T.);
#1153 = EDGE_LOOP('',(#1154));
#1154 = ORIENTED_EDGE('',*,*,#1122,.T.);
#1155 = PLANE('',#1156);
#1156 = AXIS2_PLACEMENT_3D('',#1157,#1158,#1159);
#1157 = CARTESIAN_POINT('',(-355.,614.87803668695,28.));
#1158 = DIRECTION('',(0.,0.,1.));
#1159 = DIRECTION('',(1.,0.,0.));
#1160 = ADVANCED_FACE('',(#1161),#1164,.F.);
#1161 = FACE_BOUND('',#1162,.T.);
#1162 = EDGE_LOOP('',(#1163));
#1163 = ORIENTED_EDGE('',*,*,#1139,.F.);
#1164 = PLANE('',#1165);
#1165 = AXIS2_PLACEMENT_3D('',#1166,#1167,#1168);
#1166 = CARTESIAN_POINT('',(-355.,614.87803668695,0.));
#1167 = DIRECTION('',(0.,0.,1.));
#1168 = DIRECTION('',(1.,0.,0.));
#1169 = MANIFOLD_SOLID_BREP('',#1170);
#1170 = CLOSED_SHELL('',(#1171,#1204,#1213));
#1171 = ADVANCED_FACE('',(#1172),#1199,.T.);
#1172 = FACE_BOUND('',#1173,.T.);
#1173 = EDGE_LOOP('',(#1174,#1183,#1191,#1198));
#1174 = ORIENTED_EDGE('',*,*,#1175,.F.);
#1175 = EDGE_CURVE('',#1176,#1176,#1178,.T.);
#1176 = VERTEX_POINT('',#1177);
#1177 = CARTESIAN_POINT('',(-297.5,614.87803668695,458.));
#1178 = CIRCLE('',#1179,57.5);
#1179 = AXIS2_PLACEMENT_3D('',#1180,#1181,#1182);
#1180 = CARTESIAN_POINT('',(-355.,614.87803668695,458.));
#1181 = DIRECTION('',(0.,0.,1.));
#1182 = DIRECTION('',(1.,0.,0.));
#1183 = ORIENTED_EDGE('',*,*,#1184,.F.);
#1184 = EDGE_CURVE('',#1185,#1176,#1187,.T.);
#1185 = VERTEX_POINT('',#1186);
#1186 = CARTESIAN_POINT('',(-297.5,614.87803668695,28.));
#1187 = LINE('',#1188,#1189);
#1188 = CARTESIAN_POINT('',(-297.5,614.87803668695,28.));
#1189 = VECTOR('',#1190,1.);
#1190 = DIRECTION('',(0.,0.,1.));
#1191 = ORIENTED_EDGE('',*,*,#1192,.T.);
#1192 = EDGE_CURVE('',#1185,#1185,#1193,.T.);
#1193 = CIRCLE('',#1194,57.5);
#1194 = AXIS2_PLACEMENT_3D('',#1195,#1196,#1197);
#1195 = CARTESIAN_POINT('',(-355.,614.87803668695,28.));
#1196 = DIRECTION('',(0.,0.,1.));
#1197 = DIRECTION('',(1.,0.,0.));
#1198 = ORIENTED_EDGE('',*,*,#1184,.T.);
#1199 = CYLINDRICAL_SURFACE('',#1200,57.5);
#1200 = AXIS2_PLACEMENT_3D('',#1201,#1202,#1203);
#1201 = CARTESIAN_POINT('',(-355.,614.87803668695,28.));
#1202 = DIRECTION('',(0.,0.,1.));
#1203 = DIRECTION('',(1.,0.,0.));
#1204 = ADVANCED_FACE('',(#1205),#1208,.T.);
#1205 = FACE_BOUND('',#1206,.T.);
#1206 = EDGE_LOOP('',(#1207));
#1207 = ORIENTED_EDGE('',*,*,#1175,.T.);
#1208 = PLANE('',#1209);
#1209 = AXIS2_PLACEMENT_3D('',#1210,#1211,#1212);
#1210 = CARTESIAN_POINT('',(-355.,614.87803668695,458.));
#1211 = DIRECTION('',(0.,0.,1.));
#1212 = DIRECTION('',(1.,0.,0.));
#1213 = ADVANCED_FACE('',(#1214),#1217,.F.);
#1214 = FACE_BOUND('',#1215,.T.);
#1215 = EDGE_LOOP('',(#1216));
#1216 = ORIENTED_EDGE('',*,*,#1192,.F.);
#1217 = PLANE('',#1218);
#1218 = AXIS2_PLACEMENT_3D('',#1219,#1220,#1221);
#1219 = CARTESIAN_POINT('',(-355.,614.87803668695,28.));
#1220 = DIRECTION('',(0.,0.,1.));
#1221 = DIRECTION('',(1.,0.,0.));
#1222 = MANIFOLD_SOLID_BREP('',#1223);
#1223 = CLOSED_SHELL('',(#1224,#1257,#1266));
#1224 = ADVANCED_FACE('',(#1225),#1252,.T.);
#1225 = FACE_BOUND('',#1226,.T.);
#1226 = EDGE_LOOP('',(#1227,#1236,#1244,#1251));
#1227 = ORIENTED_EDGE('',*,*,#1228,.F.);
#1228 = EDGE_CURVE('',#1229,#1229,#1231,.T.);
#1229 = VERTEX_POINT('',#1230);
#1230 = CARTESIAN_POINT('',(-1.245E+03,500.,28.));
#1231 = CIRCLE('',#1232,150.);
#1232 = AXIS2_PLACEMENT_3D('',#1233,#1234,#1235);
#1233 = CARTESIAN_POINT('',(-1.395E+03,500.,28.));
#1234 = DIRECTION('',(0.,0.,1.));
#1235 = DIRECTION('',(1.,0.,0.));
#1236 = ORIENTED_EDGE('',*,*,#1237,.F.);
#1237 = EDGE_CURVE('',#1238,#1229,#1240,.T.);
#1238 = VERTEX_POINT('',#1239);
#1239 = CARTESIAN_POINT('',(-1.245E+03,500.,0.));
#1240 = LINE('',#1241,#1242);
#1241 = CARTESIAN_POINT('',(-1.245E+03,500.,0.));
#1242 = VECTOR('',#1243,1.);
#1243 = DIRECTION('',(0.,0.,1.));
#1244 = ORIENTED_EDGE('',*,*,#1245,.T.);
#1245 = EDGE_CURVE('',#1238,#1238,#1246,.T.);
#1246 = CIRCLE('',#1247,150.);
#1247 = AXIS2_PLACEMENT_3D('',#1248,#1249,#1250);
#1248 = CARTESIAN_POINT('',(-1.395E+03,500.,0.));
#1249 = DIRECTION('',(0.,0.,1.));
#1250 = DIRECTION('',(1.,0.,0.));
#1251 = ORIENTED_EDGE('',*,*,#1237,.T.);
#1252 = CYLINDRICAL_SURFACE('',#1253,150.);
#1253 = AXIS2_PLACEMENT_3D('',#1254,#1255,#1256);
#1254 = CARTESIAN_POINT('',(-1.395E+03,500.,0.));
#1255 = DIRECTION('',(0.,0.,1.));
#1256 = DIRECTION('',(1.,0.,0.));
#1257 = ADVANCED_FACE('',(#1258),#1261,.T.);
#1258 = FACE_BOUND('',#1259,.T.);
#1259 = EDGE_LOOP('',(#1260));
#1260 = ORIENTED_EDGE('',*,*,#1228,.T.);
#1261 = PLANE('',#1262);
#1262 = AXIS2_PLACEMENT_3D('',#1263,#1264,#1265);
#1263 = CARTESIAN_POINT('',(-1.395E+03,500.,28.));
#1264 = DIRECTION('',(0.,0.,1.));
#1265 = DIRECTION('',(1.,0.,0.));
#1266 = ADVANCED_FACE('',(#1267),#1270,.F.);
#1267 = FACE_BOUND('',#1268,.T.);
#1268 = EDGE_LOOP('',(#1269));
#1269 = ORIENTED_EDGE('',*,*,#1245,.F.);
#1270 = PLANE('',#1271);
#1271 = AXIS2_PLACEMENT_3D('',#1272,#1273,#1274);
#1272 = CARTESIAN_POINT('',(-1.395E+03,500.,0.));
#1273 = DIRECTION('',(0.,0.,1.));
#1274 = DIRECTION('',(1.,0.,0.));
#1275 = MANIFOLD_SOLID_BREP('',#1276);
#1276 = CLOSED_SHELL('',(#1277,#1310,#1319));
#1277 = ADVANCED_FACE('',(#1278),#1305,.T.);
#1278 = FACE_BOUND('',#1279,.T.);
#1279 = EDGE_LOOP('',(#1280,#1289,#1297,#1304));
#1280 = ORIENTED_EDGE('',*,*,#1281,.F.);
#1281 = EDGE_CURVE('',#1282,#1282,#1284,.T.);
#1282 = VERTEX_POINT('',#1283);
#1283 = CARTESIAN_POINT('',(-1.3375E+03,500.,458.));
#1284 = CIRCLE('',#1285,57.5);
#1285 = AXIS2_PLACEMENT_3D('',#1286,#1287,#1288);
#1286 = CARTESIAN_POINT('',(-1.395E+03,500.,458.));
#1287 = DIRECTION('',(0.,0.,1.));
#1288 = DIRECTION('',(1.,0.,0.));
#1289 = ORIENTED_EDGE('',*,*,#1290,.F.);
#1290 = EDGE_CURVE('',#1291,#1282,#1293,.T.);
#1291 = VERTEX_POINT('',#1292);
#1292 = CARTESIAN_POINT('',(-1.3375E+03,500.,28.));
#1293 = LINE('',#1294,#1295);
#1294 = CARTESIAN_POINT('',(-1.3375E+03,500.,28.));
#1295 = VECTOR('',#1296,1.);
#1296 = DIRECTION('',(0.,0.,1.));
#1297 = ORIENTED_EDGE('',*,*,#1298,.T.);
#1298 = EDGE_CURVE('',#1291,#1291,#1299,.T.);
#1299 = CIRCLE('',#1300,57.5);
#1300 = AXIS2_PLACEMENT_3D('',#1301,#1302,#1303);
#1301 = CARTESIAN_POINT('',(-1.395E+03,500.,28.));
#1302 = DIRECTION('',(0.,0.,1.));
#1303 = DIRECTION('',(1.,0.,0.));
#1304 = ORIENTED_EDGE('',*,*,#1290,.T.);
#1305 = CYLINDRICAL_SURFACE('',#1306,57.5);
#1306 = AXIS2_PLACEMENT_3D('',#1307,#1308,#1309);
#1307 = CARTESIAN_POINT('',(-1.395E+03,500.,28.));
#1308 = DIRECTION('',(0.,0.,1.));
#1309 = DIRECTION('',(1.,0.,0.));
#1310 = ADVANCED_FACE('',(#1311),#1314,.T.);
#1311 = FACE_BOUND('',#1312,.T.);
#1312 = EDGE_LOOP('',(#1313));
#1313 = ORIENTED_EDGE('',*,*,#1281,.T.);
#1314 = PLANE('',#1315);
#1315 = AXIS2_PLACEMENT_3D('',#1316,#1317,#1318);
#1316 = CARTESIAN_POINT('',(-1.395E+03,500.,458.));
#1317 = DIRECTION('',(0.,0.,1.));
#1318 = DIRECTION('',(1.,0.,0.));
#1319 = ADVANCED_FACE('',(#1320),#1323,.F.);
#1320 = FACE_BOUND('',#1321,.T.);
#1321 = EDGE_LOOP('',(#1322));
#1322 = ORIENTED_EDGE('',*,*,#1298,.F.);
#1323 = PLANE('',#1324);
#1324 = AXIS2_PLACEMENT_3D('',#1325,#1326,#1327);
#1325 = CARTESIAN_POINT('',(-1.395E+03,500.,28.));
#1326 = DIRECTION('',(0.,0.,1.));
#1327 = DIRECTION('',(1.,0.,0.));
#1328 = MANIFOLD_SOLID_BREP('',#1329);
#1329 = CLOSED_SHELL('',(#1330,#1363,#1372));
#1330 = ADVANCED_FACE('',(#1331),#1358,.T.);
#1331 = FACE_BOUND('',#1332,.T.);
#1332 = EDGE_LOOP('',(#1333,#1342,#1350,#1357));
#1333 = ORIENTED_EDGE('',*,*,#1334,.F.);
#1334 = EDGE_CURVE('',#1335,#1335,#1337,.T.);
#1335 = VERTEX_POINT('',#1336);
#1336 = CARTESIAN_POINT('',(414.48729810778,1.458105438279E+03,28.));
#1337 = CIRCLE('',#1338,150.);
#1338 = AXIS2_PLACEMENT_3D('',#1339,#1340,#1341);
#1339 = CARTESIAN_POINT('',(264.48729810778,1.458105438279E+03,28.));
#1340 = DIRECTION('',(0.,0.,1.));
#1341 = DIRECTION('',(1.,0.,0.));
#1342 = ORIENTED_EDGE('',*,*,#1343,.F.);
#1343 = EDGE_CURVE('',#1344,#1335,#1346,.T.);
#1344 = VERTEX_POINT('',#1345);
#1345 = CARTESIAN_POINT('',(414.48729810778,1.458105438279E+03,0.));
#1346 = LINE('',#1347,#1348);
#1347 = CARTESIAN_POINT('',(414.48729810778,1.458105438279E+03,0.));
#1348 = VECTOR('',#1349,1.);
#1349 = DIRECTION('',(0.,0.,1.));
#1350 = ORIENTED_EDGE('',*,*,#1351,.T.);
#1351 = EDGE_CURVE('',#1344,#1344,#1352,.T.);
#1352 = CIRCLE('',#1353,150.);
#1353 = AXIS2_PLACEMENT_3D('',#1354,#1355,#1356);
#1354 = CARTESIAN_POINT('',(264.48729810778,1.458105438279E+03,0.));
#1355 = DIRECTION('',(0.,0.,1.));
#1356 = DIRECTION('',(1.,0.,0.));
#1357 = ORIENTED_EDGE('',*,*,#1343,.T.);
#1358 = CYLINDRICAL_SURFACE('',#1359,150.);
#1359 = AXIS2_PLACEMENT_3D('',#1360,#1361,#1362);
#1360 = CARTESIAN_POINT('',(264.48729810778,1.458105438279E+03,0.));
#1361 = DIRECTION('',(0.,0.,1.));
#1362 = DIRECTION('',(1.,0.,0.));
#1363 = ADVANCED_FACE('',(#1364),#1367,.T.);
#1364 = FACE_BOUND('',#1365,.T.);
#1365 = EDGE_LOOP('',(#1366));
#1366 = ORIENTED_EDGE('',*,*,#1334,.T.);
#1367 = PLANE('',#1368);
#1368 = AXIS2_PLACEMENT_3D('',#1369,#1370,#1371);
#1369 = CARTESIAN_POINT('',(264.48729810778,1.458105438279E+03,28.));
#1370 = DIRECTION('',(0.,0.,1.));
#1371 = DIRECTION('',(1.,0.,0.));
#1372 = ADVANCED_FACE('',(#1373),#1376,.F.);
#1373 = FACE_BOUND('',#1374,.T.);
#1374 = EDGE_LOOP('',(#1375));
#1375 = ORIENTED_EDGE('',*,*,#1351,.F.);
#1376 = PLANE('',#1377);
#1377 = AXIS2_PLACEMENT_3D('',#1378,#1379,#1380);
#1378 = CARTESIAN_POINT('',(264.48729810778,1.458105438279E+03,0.));
#1379 = DIRECTION('',(0.,0.,1.));
#1380 = DIRECTION('',(1.,0.,0.));
#1381 = MANIFOLD_SOLID_BREP('',#1382);
#1382 = CLOSED_SHELL('',(#1383,#1416,#1425));
#1383 = ADVANCED_FACE('',(#1384),#1411,.T.);
#1384 = FACE_BOUND('',#1385,.T.);
#1385 = EDGE_LOOP('',(#1386,#1395,#1403,#1410));
#1386 = ORIENTED_EDGE('',*,*,#1387,.F.);
#1387 = EDGE_CURVE('',#1388,#1388,#1390,.T.);
#1388 = VERTEX_POINT('',#1389);
#1389 = CARTESIAN_POINT('',(321.98729810778,1.458105438279E+03,458.));
#1390 = CIRCLE('',#1391,57.5);
#1391 = AXIS2_PLACEMENT_3D('',#1392,#1393,#1394);
#1392 = CARTESIAN_POINT('',(264.48729810778,1.458105438279E+03,458.));
#1393 = DIRECTION('',(0.,0.,1.));
#1394 = DIRECTION('',(1.,0.,0.));
#1395 = ORIENTED_EDGE('',*,*,#1396,.F.);
#1396 = EDGE_CURVE('',#1397,#1388,#1399,.T.);
#1397 = VERTEX_POINT('',#1398);
#1398 = CARTESIAN_POINT('',(321.98729810778,1.458105438279E+03,28.));
#1399 = LINE('',#1400,#1401);
#1400 = CARTESIAN_POINT('',(321.98729810778,1.458105438279E+03,28.));
#1401 = VECTOR('',#1402,1.);
#1402 = DIRECTION('',(0.,0.,1.));
#1403 = ORIENTED_EDGE('',*,*,#1404,.T.);
#1404 = EDGE_CURVE('',#1397,#1397,#1405,.T.);
#1405 = CIRCLE('',#1406,57.5);
#1406 = AXIS2_PLACEMENT_3D('',#1407,#1408,#1409);
#1407 = CARTESIAN_POINT('',(264.48729810778,1.458105438279E+03,28.));
#1408 = DIRECTION('',(0.,0.,1.));
#1409 = DIRECTION('',(1.,0.,0.));
#1410 = ORIENTED_EDGE('',*,*,#1396,.T.);
#1411 = CYLINDRICAL_SURFACE('',#1412,57.5);
#1412 = AXIS2_PLACEMENT_3D('',#1413,#1414,#1415);
#1413 = CARTESIAN_POINT('',(264.48729810778,1.458105438279E+03,28.));
#1414 = DIRECTION('',(0.,0.,1.));
#1415 = DIRECTION('',(1.,0.,0.));
#1416 = ADVANCED_FACE('',(#1417),#1420,.T.);
#1417 = FACE_BOUND('',#1418,.T.);
#1418 = EDGE_LOOP('',(#1419));
#1419 = ORIENTED_EDGE('',*,*,#1387,.T.);
#1420 = PLANE('',#1421);
#1421 = AXIS2_PLACEMENT_3D('',#1422,#1423,#1424);
#1422 = CARTESIAN_POINT('',(264.48729810778,1.458105438279E+03,458.));
#1423 = DIRECTION('',(0.,0.,1.));
#1424 = DIRECTION('',(1.,0.,0.));
#1425 = ADVANCED_FACE('',(#1426),#1429,.F.);
#1426 = FACE_BOUND('',#1427,.T.);
#1427 = EDGE_LOOP('',(#1428));
#1428 = ORIENTED_EDGE('',*,*,#1404,.F.);
#1429 = PLANE('',#1430);
#1430 = AXIS2_PLACEMENT_3D('',#1431,#1432,#1433);
#1431 = CARTESIAN_POINT('',(264.48729810778,1.458105438279E+03,28.));
#1432 = DIRECTION('',(0.,0.,1.));
#1433 = DIRECTION('',(1.,0.,0.));
#1434 = MANIFOLD_SOLID_BREP('',#1435);
#1435 = CLOSED_SHELL('',(#1436,#1469,#1478));
#1436 = ADVANCED_FACE('',(#1437),#1464,.T.);
#1437 = FACE_BOUND('',#1438,.T.);
#1438 = EDGE_LOOP('',(#1439,#1448,#1456,#1463));
#1439 = ORIENTED_EDGE('',*,*,#1440,.F.);
#1440 = EDGE_CURVE('',#1441,#1441,#1443,.T.);
#1441 = VERTEX_POINT('',#1442);
#1442 = CARTESIAN_POINT('',(-205.,-614.8780366869,28.));
#1443 = CIRCLE('',#1444,150.);
#1444 = AXIS2_PLACEMENT_3D('',#1445,#1446,#1447);
#1445 = CARTESIAN_POINT('',(-355.,-614.8780366869,28.));
#1446 = DIRECTION('',(0.,0.,1.));
#1447 = DIRECTION('',(1.,0.,0.));
#1448 = ORIENTED_EDGE('',*,*,#1449,.F.);
#1449 = EDGE_CURVE('',#1450,#1441,#1452,.T.);
#1450 = VERTEX_POINT('',#1451);
#1451 = CARTESIAN_POINT('',(-205.,-614.8780366869,0.));
#1452 = LINE('',#1453,#1454);
#1453 = CARTESIAN_POINT('',(-205.,-614.8780366869,0.));
#1454 = VECTOR('',#1455,1.);
#1455 = DIRECTION('',(0.,0.,1.));
#1456 = ORIENTED_EDGE('',*,*,#1457,.T.);
#1457 = EDGE_CURVE('',#1450,#1450,#1458,.T.);
#1458 = CIRCLE('',#1459,150.);
#1459 = AXIS2_PLACEMENT_3D('',#1460,#1461,#1462);
#1460 = CARTESIAN_POINT('',(-355.,-614.8780366869,0.));
#1461 = DIRECTION('',(0.,0.,1.));
#1462 = DIRECTION('',(1.,0.,0.));
#1463 = ORIENTED_EDGE('',*,*,#1449,.T.);
#1464 = CYLINDRICAL_SURFACE('',#1465,150.);
#1465 = AXIS2_PLACEMENT_3D('',#1466,#1467,#1468);
#1466 = CARTESIAN_POINT('',(-355.,-614.8780366869,0.));
#1467 = DIRECTION('',(0.,0.,1.));
#1468 = DIRECTION('',(1.,0.,0.));
#1469 = ADVANCED_FACE('',(#1470),#1473,.T.);
#1470 = FACE_BOUND('',#1471,.T.);
#1471 = EDGE_LOOP('',(#1472));
#1472 = ORIENTED_EDGE('',*,*,#1440,.T.);
#1473 = PLANE('',#1474);
#1474 = AXIS2_PLACEMENT_3D('',#1475,#1476,#1477);
#1475 = CARTESIAN_POINT('',(-355.,-614.8780366869,28.));
#1476 = DIRECTION('',(0.,0.,1.));
#1477 = DIRECTION('',(1.,0.,0.));
#1478 = ADVANCED_FACE('',(#1479),#1482,.F.);
#1479 = FACE_BOUND('',#1480,.T.);
#1480 = EDGE_LOOP('',(#1481));
#1481 = ORIENTED_EDGE('',*,*,#1457,.F.);
#1482 = PLANE('',#1483);
#1483 = AXIS2_PLACEMENT_3D('',#1484,#1485,#1486);
#1484 = CARTESIAN_POINT('',(-355.,-614.8780366869,0.));
#1485 = DIRECTION('',(0.,0.,1.));
#1486 = DIRECTION('',(1.,0.,0.));
#1487 = MANIFOLD_SOLID_BREP('',#1488);
#1488 = CLOSED_SHELL('',(#1489,#1522,#1531));
#1489 = ADVANCED_FACE('',(#1490),#1517,.T.);
#1490 = FACE_BOUND('',#1491,.T.);
#1491 = EDGE_LOOP('',(#1492,#1501,#1509,#1516));
#1492 = ORIENTED_EDGE('',*,*,#1493,.F.);
#1493 = EDGE_CURVE('',#1494,#1494,#1496,.T.);
#1494 = VERTEX_POINT('',#1495);
#1495 = CARTESIAN_POINT('',(-297.5,-614.8780366869,458.));
#1496 = CIRCLE('',#1497,57.5);
#1497 = AXIS2_PLACEMENT_3D('',#1498,#1499,#1500);
#1498 = CARTESIAN_POINT('',(-355.,-614.8780366869,458.));
#1499 = DIRECTION('',(0.,0.,1.));
#1500 = DIRECTION('',(1.,0.,0.));
#1501 = ORIENTED_EDGE('',*,*,#1502,.F.);
#1502 = EDGE_CURVE('',#1503,#1494,#1505,.T.);
#1503 = VERTEX_POINT('',#1504);
#1504 = CARTESIAN_POINT('',(-297.5,-614.8780366869,28.));
#1505 = LINE('',#1506,#1507);
#1506 = CARTESIAN_POINT('',(-297.5,-614.8780366869,28.));
#1507 = VECTOR('',#1508,1.);
#1508 = DIRECTION('',(0.,0.,1.));
#1509 = ORIENTED_EDGE('',*,*,#1510,.T.);
#1510 = EDGE_CURVE('',#1503,#1503,#1511,.T.);
#1511 = CIRCLE('',#1512,57.5);
#1512 = AXIS2_PLACEMENT_3D('',#1513,#1514,#1515);
#1513 = CARTESIAN_POINT('',(-355.,-614.8780366869,28.));
#1514 = DIRECTION('',(0.,0.,1.));
#1515 = DIRECTION('',(1.,0.,0.));
#1516 = ORIENTED_EDGE('',*,*,#1502,.T.);
#1517 = CYLINDRICAL_SURFACE('',#1518,57.5);
#1518 = AXIS2_PLACEMENT_3D('',#1519,#1520,#1521);
#1519 = CARTESIAN_POINT('',(-355.,-614.8780366869,28.));
#1520 = DIRECTION('',(0.,0.,1.));
#1521 = DIRECTION('',(1.,0.,0.));
#1522 = ADVANCED_FACE('',(#1523),#1526,.T.);
#1523 = FACE_BOUND('',#1524,.T.);
#1524 = EDGE_LOOP('',(#1525));
#1525 = ORIENTED_EDGE('',*,*,#1493,.T.);
#1526 = PLANE('',#1527);
#1527 = AXIS2_PLACEMENT_3D('',#1528,#1529,#1530);
#1528 = CARTESIAN_POINT('',(-355.,-614.8780366869,458.));
#1529 = DIRECTION('',(0.,0.,1.));
#1530 = DIRECTION('',(1.,0.,0.));
#1531 = ADVANCED_FACE('',(#1532),#1535,.F.);
#1532 = FACE_BOUND('',#1533,.T.);
#1533 = EDGE_LOOP('',(#1534));
#1534 = ORIENTED_EDGE('',*,*,#1510,.F.);
#1535 = PLANE('',#1536);
#1536 = AXIS2_PLACEMENT_3D('',#1537,#1538,#1539);
#1537 = CARTESIAN_POINT('',(-355.,-614.8780366869,28.));
#1538 = DIRECTION('',(0.,0.,1.));
#1539 = DIRECTION('',(1.,0.,0.));
#1540 = MANIFOLD_SOLID_BREP('',#1541);
#1541 = CLOSED_SHELL('',(#1542,#1575,#1584));
#1542 = ADVANCED_FACE('',(#1543),#1570,.T.);
#1543 = FACE_BOUND('',#1544,.T.);
#1544 = EDGE_LOOP('',(#1545,#1554,#1562,#1569));
#1545 = ORIENTED_EDGE('',*,*,#1546,.F.);
#1546 = EDGE_CURVE('',#1547,#1547,#1549,.T.);
#1547 = VERTEX_POINT('',#1548);
#1548 = CARTESIAN_POINT('',(414.48729810778,-1.458105438279E+03,28.));
#1549 = CIRCLE('',#1550,150.);
#1550 = AXIS2_PLACEMENT_3D('',#1551,#1552,#1553);
#1551 = CARTESIAN_POINT('',(264.48729810778,-1.458105438279E+03,28.));
#1552 = DIRECTION('',(0.,0.,1.));
#1553 = DIRECTION('',(1.,0.,0.));
#1554 = ORIENTED_EDGE('',*,*,#1555,.F.);
#1555 = EDGE_CURVE('',#1556,#1547,#1558,.T.);
#1556 = VERTEX_POINT('',#1557);
#1557 = CARTESIAN_POINT('',(414.48729810778,-1.458105438279E+03,0.));
#1558 = LINE('',#1559,#1560);
#1559 = CARTESIAN_POINT('',(414.48729810778,-1.458105438279E+03,0.));
#1560 = VECTOR('',#1561,1.);
#1561 = DIRECTION('',(0.,0.,1.));
#1562 = ORIENTED_EDGE('',*,*,#1563,.T.);
#1563 = EDGE_CURVE('',#1556,#1556,#1564,.T.);
#1564 = CIRCLE('',#1565,150.);
#1565 = AXIS2_PLACEMENT_3D('',#1566,#1567,#1568);
#1566 = CARTESIAN_POINT('',(264.48729810778,-1.458105438279E+03,0.));
#1567 = DIRECTION('',(0.,0.,1.));
#1568 = DIRECTION('',(1.,0.,0.));
#1569 = ORIENTED_EDGE('',*,*,#1555,.T.);
#1570 = CYLINDRICAL_SURFACE('',#1571,150.);
#1571 = AXIS2_PLACEMENT_3D('',#1572,#1573,#1574);
#1572 = CARTESIAN_POINT('',(264.48729810778,-1.458105438279E+03,0.));
#1573 = DIRECTION('',(0.,0.,1.));
#1574 = DIRECTION('',(1.,0.,0.));
#1575 = ADVANCED_FACE('',(#1576),#1579,.T.);
#1576 = FACE_BOUND('',#1577,.T.);
#1577 = EDGE_LOOP('',(#1578));
#1578 = ORIENTED_EDGE('',*,*,#1546,.T.);
#1579 = PLANE('',#1580);
#1580 = AXIS2_PLACEMENT_3D('',#1581,#1582,#1583);
#1581 = CARTESIAN_POINT('',(264.48729810778,-1.458105438279E+03,28.));
#1582 = DIRECTION('',(0.,0.,1.));
#1583 = DIRECTION('',(1.,0.,0.));
#1584 = ADVANCED_FACE('',(#1585),#1588,.F.);
#1585 = FACE_BOUND('',#1586,.T.);
#1586 = EDGE_LOOP('',(#1587));
#1587 = ORIENTED_EDGE('',*,*,#1563,.F.);
#1588 = PLANE('',#1589);
#1589 = AXIS2_PLACEMENT_3D('',#1590,#1591,#1592);
#1590 = CARTESIAN_POINT('',(264.48729810778,-1.458105438279E+03,0.));
#1591 = DIRECTION('',(0.,0.,1.));
#1592 = DIRECTION('',(1.,0.,0.));
#1593 = MANIFOLD_SOLID_BREP('',#1594);
#1594 = CLOSED_SHELL('',(#1595,#1628,#1637));
#1595 = ADVANCED_FACE('',(#1596),#1623,.T.);
#1596 = FACE_BOUND('',#1597,.T.);
#1597 = EDGE_LOOP('',(#1598,#1607,#1615,#1622));
#1598 = ORIENTED_EDGE('',*,*,#1599,.F.);
#1599 = EDGE_CURVE('',#1600,#1600,#1602,.T.);
#1600 = VERTEX_POINT('',#1601);
#1601 = CARTESIAN_POINT('',(321.98729810778,-1.458105438279E+03,458.));
#1602 = CIRCLE('',#1603,57.5);
#1603 = AXIS2_PLACEMENT_3D('',#1604,#1605,#1606);
#1604 = CARTESIAN_POINT('',(264.48729810778,-1.458105438279E+03,458.));
#1605 = DIRECTION('',(0.,0.,1.));
#1606 = DIRECTION('',(1.,0.,0.));
#1607 = ORIENTED_EDGE('',*,*,#1608,.F.);
#1608 = EDGE_CURVE('',#1609,#1600,#1611,.T.);
#1609 = VERTEX_POINT('',#1610);
#1610 = CARTESIAN_POINT('',(321.98729810778,-1.458105438279E+03,28.));
#1611 = LINE('',#1612,#1613);
#1612 = CARTESIAN_POINT('',(321.98729810778,-1.458105438279E+03,28.));
#1613 = VECTOR('',#1614,1.);
#1614 = DIRECTION('',(0.,0.,1.));
#1615 = ORIENTED_EDGE('',*,*,#1616,.T.);
#1616 = EDGE_CURVE('',#1609,#1609,#1617,.T.);
#1617 = CIRCLE('',#1618,57.5);
#1618 = AXIS2_PLACEMENT_3D('',#1619,#1620,#1621);
#1619 = CARTESIAN_POINT('',(264.48729810778,-1.458105438279E+03,28.));
#1620 = DIRECTION('',(0.,0.,1.));
#1621 = DIRECTION('',(1.,0.,0.));
#1622 = ORIENTED_EDGE('',*,*,#1608,.T.);
#1623 = CYLINDRICAL_SURFACE('',#1624,57.5);
#1624 = AXIS2_PLACEMENT_3D('',#1625,#1626,#1627);
#1625 = CARTESIAN_POINT('',(264.48729810778,-1.458105438279E+03,28.));
#1626 = DIRECTION('',(0.,0.,1.));
#1627 = DIRECTION('',(1.,0.,0.));
#1628 = ADVANCED_FACE('',(#1629),#1632,.T.);
#1629 = FACE_BOUND('',#1630,.T.);
#1630 = EDGE_LOOP('',(#1631));
#1631 = ORIENTED_EDGE('',*,*,#1599,.T.);
#1632 = PLANE('',#1633);
#1633 = AXIS2_PLACEMENT_3D('',#1634,#1635,#1636);
#1634 = CARTESIAN_POINT('',(264.48729810778,-1.458105438279E+03,458.));
#1635 = DIRECTION('',(0.,0.,1.));
#1636 = DIRECTION('',(1.,0.,0.));
#1637 = ADVANCED_FACE('',(#1638),#1641,.F.);
#1638 = FACE_BOUND('',#1639,.T.);
#1639 = EDGE_LOOP('',(#1640));
#1640 = ORIENTED_EDGE('',*,*,#1616,.F.);
#1641 = PLANE('',#1642);
#1642 = AXIS2_PLACEMENT_3D('',#1643,#1644,#1645);
#1643 = CARTESIAN_POINT('',(264.48729810778,-1.458105438279E+03,28.));
#1644 = DIRECTION('',(0.,0.,1.));
#1645 = DIRECTION('',(1.,0.,0.));
#1646 = MANIFOLD_SOLID_BREP('',#1647);
#1647 = CLOSED_SHELL('',(#1648,#1681,#1690));
#1648 = ADVANCED_FACE('',(#1649),#1676,.T.);
#1649 = FACE_BOUND('',#1650,.T.);
#1650 = EDGE_LOOP('',(#1651,#1660,#1668,#1675));
#1651 = ORIENTED_EDGE('',*,*,#1652,.F.);
#1652 = EDGE_CURVE('',#1653,#1653,#1655,.T.);
#1653 = VERTEX_POINT('',#1654);
#1654 = CARTESIAN_POINT('',(-1.245E+03,-500.,28.));
#1655 = CIRCLE('',#1656,150.);
#1656 = AXIS2_PLACEMENT_3D('',#1657,#1658,#1659);
#1657 = CARTESIAN_POINT('',(-1.395E+03,-500.,28.));
#1658 = DIRECTION('',(0.,0.,1.));
#1659 = DIRECTION('',(1.,0.,0.));
#1660 = ORIENTED_EDGE('',*,*,#1661,.F.);
#1661 = EDGE_CURVE('',#1662,#1653,#1664,.T.);
#1662 = VERTEX_POINT('',#1663);
#1663 = CARTESIAN_POINT('',(-1.245E+03,-500.,0.));
#1664 = LINE('',#1665,#1666);
#1665 = CARTESIAN_POINT('',(-1.245E+03,-500.,0.));
#1666 = VECTOR('',#1667,1.);
#1667 = DIRECTION('',(0.,0.,1.));
#1668 = ORIENTED_EDGE('',*,*,#1669,.T.);
#1669 = EDGE_CURVE('',#1662,#1662,#1670,.T.);
#1670 = CIRCLE('',#1671,150.);
#1671 = AXIS2_PLACEMENT_3D('',#1672,#1673,#1674);
#1672 = CARTESIAN_POINT('',(-1.395E+03,-500.,0.));
#1673 = DIRECTION('',(0.,0.,1.));
#1674 = DIRECTION('',(1.,0.,0.));
#1675 = ORIENTED_EDGE('',*,*,#1661,.T.);
#1676 = CYLINDRICAL_SURFACE('',#1677,150.);
#1677 = AXIS2_PLACEMENT_3D('',#1678,#1679,#1680);
#1678 = CARTESIAN_POINT('',(-1.395E+03,-500.,0.));
#1679 = DIRECTION('',(0.,0.,1.));
#1680 = DIRECTION('',(1.,0.,0.));
#1681 = ADVANCED_FACE('',(#1682),#1685,.T.);
#1682 = FACE_BOUND('',#1683,.T.);
#1683 = EDGE_LOOP('',(#1684));
#1684 = ORIENTED_EDGE('',*,*,#1652,.T.);
#1685 = PLANE('',#1686);
#1686 = AXIS2_PLACEMENT_3D('',#1687,#1688,#1689);
#1687 = CARTESIAN_POINT('',(-1.395E+03,-500.,28.));
#1688 = DIRECTION('',(0.,0.,1.));
#1689 = DIRECTION('',(1.,0.,0.));
#1690 = ADVANCED_FACE('',(#1691),#1694,.F.);
#1691 = FACE_BOUND('',#1692,.T.);
#1692 = EDGE_LOOP('',(#1693));
#1693 = ORIENTED_EDGE('',*,*,#1669,.F.);
#1694 = PLANE('',#1695);
#1695 = AXIS2_PLACEMENT_3D('',#1696,#1697,#1698);
#1696 = CARTESIAN_POINT('',(-1.395E+03,-500.,0.));
#1697 = DIRECTION('',(0.,0.,1.));
#1698 = DIRECTION('',(1.,0.,0.));
#1699 = MANIFOLD_SOLID_BREP('',#1700);
#1700 = CLOSED_SHELL('',(#1701,#1734,#1743));
#1701 = ADVANCED_FACE('',(#1702),#1729,.T.);
#1702 = FACE_BOUND('',#1703,.T.);
#1703 = EDGE_LOOP('',(#1704,#1713,#1721,#1728));
#1704 = ORIENTED_EDGE('',*,*,#1705,.F.);
#1705 = EDGE_CURVE('',#1706,#1706,#1708,.T.);
#1706 = VERTEX_POINT('',#1707);
#1707 = CARTESIAN_POINT('',(-1.3375E+03,-500.,458.));
#1708 = CIRCLE('',#1709,57.5);
#1709 = AXIS2_PLACEMENT_3D('',#1710,#1711,#1712);
#1710 = CARTESIAN_POINT('',(-1.395E+03,-500.,458.));
#1711 = DIRECTION('',(0.,0.,1.));
#1712 = DIRECTION('',(1.,0.,0.));
#1713 = ORIENTED_EDGE('',*,*,#1714,.F.);
#1714 = EDGE_CURVE('',#1715,#1706,#1717,.T.);
#1715 = VERTEX_POINT('',#1716);
#1716 = CARTESIAN_POINT('',(-1.3375E+03,-500.,28.));
#1717 = LINE('',#1718,#1719);
#1718 = CARTESIAN_POINT('',(-1.3375E+03,-500.,28.));
#1719 = VECTOR('',#1720,1.);
#1720 = DIRECTION('',(0.,0.,1.));
#1721 = ORIENTED_EDGE('',*,*,#1722,.T.);
#1722 = EDGE_CURVE('',#1715,#1715,#1723,.T.);
#1723 = CIRCLE('',#1724,57.5);
#1724 = AXIS2_PLACEMENT_3D('',#1725,#1726,#1727);
#1725 = CARTESIAN_POINT('',(-1.395E+03,-500.,28.));
#1726 = DIRECTION('',(0.,0.,1.));
#1727 = DIRECTION('',(1.,0.,0.));
#1728 = ORIENTED_EDGE('',*,*,#1714,.T.);
#1729 = CYLINDRICAL_SURFACE('',#1730,57.5);
#1730 = AXIS2_PLACEMENT_3D('',#1731,#1732,#1733);
#1731 = CARTESIAN_POINT('',(-1.395E+03,-500.,28.));
#1732 = DIRECTION('',(0.,0.,1.));
#1733 = DIRECTION('',(1.,0.,0.));
#1734 = ADVANCED_FACE('',(#1735),#1738,.T.);
#1735 = FACE_BOUND('',#1736,.T.);
#1736 = EDGE_LOOP('',(#1737));
#1737 = ORIENTED_EDGE('',*,*,#1705,.T.);
#1738 = PLANE('',#1739);
#1739 = AXIS2_PLACEMENT_3D('',#1740,#1741,#1742);
#1740 = CARTESIAN_POINT('',(-1.395E+03,-500.,458.));
#1741 = DIRECTION('',(0.,0.,1.));
#1742 = DIRECTION('',(1.,0.,0.));
#1743 = ADVANCED_FACE('',(#1744),#1747,.F.);
#1744 = FACE_BOUND('',#1745,.T.);
#1745 = EDGE_LOOP('',(#1746));
#1746 = ORIENTED_EDGE('',*,*,#1722,.F.);
#1747 = PLANE('',#1748);
#1748 = AXIS2_PLACEMENT_3D('',#1749,#1750,#1751);
#1749 = CARTESIAN_POINT('',(-1.395E+03,-500.,28.));
#1750 = DIRECTION('',(0.,0.,1.));
#1751 = DIRECTION('',(1.,0.,0.));
#1752 = MANIFOLD_SOLID_BREP('',#1753);
#1753 = CLOSED_SHELL('',(#1754,#1794,#1825,#1856,#1878,#1890));
#1754 = ADVANCED_FACE('',(#1755),#1789,.F.);
#1755 = FACE_BOUND('',#1756,.F.);
#1756 = EDGE_LOOP('',(#1757,#1767,#1775,#1783));
#1757 = ORIENTED_EDGE('',*,*,#1758,.T.);
#1758 = EDGE_CURVE('',#1759,#1761,#1763,.T.);
#1759 = VERTEX_POINT('',#1760);
#1760 = CARTESIAN_POINT('',(640.,-350.,710.));
#1761 = VERTEX_POINT('',#1762);
#1762 = CARTESIAN_POINT('',(640.,-350.,750.));
#1763 = LINE('',#1764,#1765);
#1764 = CARTESIAN_POINT('',(640.,-350.,710.));
#1765 = VECTOR('',#1766,1.);
#1766 = DIRECTION('',(0.,0.,1.));
#1767 = ORIENTED_EDGE('',*,*,#1768,.T.);
#1768 = EDGE_CURVE('',#1761,#1769,#1771,.T.);
#1769 = VERTEX_POINT('',#1770);
#1770 = CARTESIAN_POINT('',(1.19E+03,-400.,750.));
#1771 = LINE('',#1772,#1773);
#1772 = CARTESIAN_POINT('',(640.,-350.,750.));
#1773 = VECTOR('',#1774,1.);
#1774 = DIRECTION('',(0.995893206468,-9.053574604252E-02,0.));
#1775 = ORIENTED_EDGE('',*,*,#1776,.F.);
#1776 = EDGE_CURVE('',#1777,#1769,#1779,.T.);
#1777 = VERTEX_POINT('',#1778);
#1778 = CARTESIAN_POINT('',(1.19E+03,-400.,710.));
#1779 = LINE('',#1780,#1781);
#1780 = CARTESIAN_POINT('',(1.19E+03,-400.,710.));
#1781 = VECTOR('',#1782,1.);
#1782 = DIRECTION('',(0.,0.,1.));
#1783 = ORIENTED_EDGE('',*,*,#1784,.F.);
#1784 = EDGE_CURVE('',#1759,#1777,#1785,.T.);
#1785 = LINE('',#1786,#1787);
#1786 = CARTESIAN_POINT('',(640.,-350.,710.));
#1787 = VECTOR('',#1788,1.);
#1788 = DIRECTION('',(0.995893206468,-9.053574604252E-02,0.));
#1789 = PLANE('',#1790);
#1790 = AXIS2_PLACEMENT_3D('',#1791,#1792,#1793);
#1791 = CARTESIAN_POINT('',(640.,-350.,710.));
#1792 = DIRECTION('',(9.053574604252E-02,0.995893206468,0.));
#1793 = DIRECTION('',(0.995893206468,-9.053574604252E-02,0.));
#1794 = ADVANCED_FACE('',(#1795),#1820,.F.);
#1795 = FACE_BOUND('',#1796,.F.);
#1796 = EDGE_LOOP('',(#1797,#1798,#1806,#1814));
#1797 = ORIENTED_EDGE('',*,*,#1776,.T.);
#1798 = ORIENTED_EDGE('',*,*,#1799,.T.);
#1799 = EDGE_CURVE('',#1769,#1800,#1802,.T.);
#1800 = VERTEX_POINT('',#1801);
#1801 = CARTESIAN_POINT('',(1.19E+03,400.,750.));
#1802 = LINE('',#1803,#1804);
#1803 = CARTESIAN_POINT('',(1.19E+03,-400.,750.));
#1804 = VECTOR('',#1805,1.);
#1805 = DIRECTION('',(0.,1.,0.));
#1806 = ORIENTED_EDGE('',*,*,#1807,.F.);
#1807 = EDGE_CURVE('',#1808,#1800,#1810,.T.);
#1808 = VERTEX_POINT('',#1809);
#1809 = CARTESIAN_POINT('',(1.19E+03,400.,710.));
#1810 = LINE('',#1811,#1812);
#1811 = CARTESIAN_POINT('',(1.19E+03,400.,710.));
#1812 = VECTOR('',#1813,1.);
#1813 = DIRECTION('',(0.,0.,1.));
#1814 = ORIENTED_EDGE('',*,*,#1815,.F.);
#1815 = EDGE_CURVE('',#1777,#1808,#1816,.T.);
#1816 = LINE('',#1817,#1818);
#1817 = CARTESIAN_POINT('',(1.19E+03,-400.,710.));
#1818 = VECTOR('',#1819,1.);
#1819 = DIRECTION('',(0.,1.,0.));
#1820 = PLANE('',#1821);
#1821 = AXIS2_PLACEMENT_3D('',#1822,#1823,#1824);
#1822 = CARTESIAN_POINT('',(1.19E+03,-400.,710.));
#1823 = DIRECTION('',(-1.,0.,0.));
#1824 = DIRECTION('',(0.,1.,0.));
#1825 = ADVANCED_FACE('',(#1826),#1851,.F.);
#1826 = FACE_BOUND('',#1827,.F.);
#1827 = EDGE_LOOP('',(#1828,#1829,#1837,#1845));
#1828 = ORIENTED_EDGE('',*,*,#1807,.T.);
#1829 = ORIENTED_EDGE('',*,*,#1830,.T.);
#1830 = EDGE_CURVE('',#1800,#1831,#1833,.T.);
#1831 = VERTEX_POINT('',#1832);
#1832 = CARTESIAN_POINT('',(640.,350.,750.));
#1833 = LINE('',#1834,#1835);
#1834 = CARTESIAN_POINT('',(1.19E+03,400.,750.));
#1835 = VECTOR('',#1836,1.);
#1836 = DIRECTION('',(-0.995893206468,-9.053574604252E-02,0.));
#1837 = ORIENTED_EDGE('',*,*,#1838,.F.);
#1838 = EDGE_CURVE('',#1839,#1831,#1841,.T.);
#1839 = VERTEX_POINT('',#1840);
#1840 = CARTESIAN_POINT('',(640.,350.,710.));
#1841 = LINE('',#1842,#1843);
#1842 = CARTESIAN_POINT('',(640.,350.,710.));
#1843 = VECTOR('',#1844,1.);
#1844 = DIRECTION('',(0.,0.,1.));
#1845 = ORIENTED_EDGE('',*,*,#1846,.F.);
#1846 = EDGE_CURVE('',#1808,#1839,#1847,.T.);
#1847 = LINE('',#1848,#1849);
#1848 = CARTESIAN_POINT('',(1.19E+03,400.,710.));
#1849 = VECTOR('',#1850,1.);
#1850 = DIRECTION('',(-0.995893206468,-9.053574604252E-02,0.));
#1851 = PLANE('',#1852);
#1852 = AXIS2_PLACEMENT_3D('',#1853,#1854,#1855);
#1853 = CARTESIAN_POINT('',(1.19E+03,400.,710.));
#1854 = DIRECTION('',(9.053574604252E-02,-0.995893206468,0.));
#1855 = DIRECTION('',(-0.995893206468,-9.053574604252E-02,0.));
#1856 = ADVANCED_FACE('',(#1857),#1873,.F.);
#1857 = FACE_BOUND('',#1858,.F.);
#1858 = EDGE_LOOP('',(#1859,#1860,#1866,#1867));
#1859 = ORIENTED_EDGE('',*,*,#1838,.T.);
#1860 = ORIENTED_EDGE('',*,*,#1861,.T.);
#1861 = EDGE_CURVE('',#1831,#1761,#1862,.T.);
#1862 = LINE('',#1863,#1864);
#1863 = CARTESIAN_POINT('',(640.,350.,750.));
#1864 = VECTOR('',#1865,1.);
#1865 = DIRECTION('',(0.,-1.,0.));
#1866 = ORIENTED_EDGE('',*,*,#1758,.F.);
#1867 = ORIENTED_EDGE('',*,*,#1868,.F.);
#1868 = EDGE_CURVE('',#1839,#1759,#1869,.T.);
#1869 = LINE('',#1870,#1871);
#1870 = CARTESIAN_POINT('',(640.,350.,710.));
#1871 = VECTOR('',#1872,1.);
#1872 = DIRECTION('',(0.,-1.,0.));
#1873 = PLANE('',#1874);
#1874 = AXIS2_PLACEMENT_3D('',#1875,#1876,#1877);
#1875 = CARTESIAN_POINT('',(640.,350.,710.));
#1876 = DIRECTION('',(1.,0.,0.));
#1877 = DIRECTION('',(0.,-1.,0.));
#1878 = ADVANCED_FACE('',(#1879),#1885,.F.);
#1879 = FACE_BOUND('',#1880,.F.);
#1880 = EDGE_LOOP('',(#1881,#1882,#1883,#1884));
#1881 = ORIENTED_EDGE('',*,*,#1784,.T.);
#1882 = ORIENTED_EDGE('',*,*,#1815,.T.);
#1883 = ORIENTED_EDGE('',*,*,#1846,.T.);
#1884 = ORIENTED_EDGE('',*,*,#1868,.T.);
#1885 = PLANE('',#1886);
#1886 = AXIS2_PLACEMENT_3D('',#1887,#1888,#1889);
#1887 = CARTESIAN_POINT('',(925.55850213857,-1.676142851554E-14,710.));
#1888 = DIRECTION('',(0.,0.,1.));
#1889 = DIRECTION('',(1.,0.,0.));
#1890 = ADVANCED_FACE('',(#1891),#1897,.T.);
#1891 = FACE_BOUND('',#1892,.T.);
#1892 = EDGE_LOOP('',(#1893,#1894,#1895,#1896));
#1893 = ORIENTED_EDGE('',*,*,#1768,.T.);
#1894 = ORIENTED_EDGE('',*,*,#1799,.T.);
#1895 = ORIENTED_EDGE('',*,*,#1830,.T.);
#1896 = ORIENTED_EDGE('',*,*,#1861,.T.);
#1897 = PLANE('',#1898);
#1898 = AXIS2_PLACEMENT_3D('',#1899,#1900,#1901);
#1899 = CARTESIAN_POINT('',(925.55850213857,-1.676142851554E-14,750.));
#1900 = DIRECTION('',(0.,0.,1.));
#1901 = DIRECTION('',(1.,0.,0.));
#1902 = MANIFOLD_SOLID_BREP('',#1903);
#1903 = CLOSED_SHELL('',(#1904,#1937,#1946));
#1904 = ADVANCED_FACE('',(#1905),#1932,.T.);
#1905 = FACE_BOUND('',#1906,.T.);
#1906 = EDGE_LOOP('',(#1907,#1916,#1924,#1931));
#1907 = ORIENTED_EDGE('',*,*,#1908,.F.);
#1908 = EDGE_CURVE('',#1909,#1909,#1911,.T.);
#1909 = VERTEX_POINT('',#1910);
#1910 = CARTESIAN_POINT('',(753.,-1.053196247267E-14,710.));
#1911 = CIRCLE('',#1912,43.);
#1912 = AXIS2_PLACEMENT_3D('',#1913,#1914,#1915);
#1913 = CARTESIAN_POINT('',(710.,0.,710.));
#1914 = DIRECTION('',(0.,0.,1.));
#1915 = DIRECTION('',(1.,0.,0.));
#1916 = ORIENTED_EDGE('',*,*,#1917,.F.);
#1917 = EDGE_CURVE('',#1918,#1909,#1920,.T.);
#1918 = VERTEX_POINT('',#1919);
#1919 = CARTESIAN_POINT('',(753.,-1.053196247267E-14,301.));
#1920 = LINE('',#1921,#1922);
#1921 = CARTESIAN_POINT('',(753.,-1.053196247267E-14,301.));
#1922 = VECTOR('',#1923,1.);
#1923 = DIRECTION('',(0.,0.,1.));
#1924 = ORIENTED_EDGE('',*,*,#1925,.T.);
#1925 = EDGE_CURVE('',#1918,#1918,#1926,.T.);
#1926 = CIRCLE('',#1927,43.);
#1927 = AXIS2_PLACEMENT_3D('',#1928,#1929,#1930);
#1928 = CARTESIAN_POINT('',(710.,0.,301.));
#1929 = DIRECTION('',(0.,0.,1.));
#1930 = DIRECTION('',(1.,0.,0.));
#1931 = ORIENTED_EDGE('',*,*,#1917,.T.);
#1932 = CYLINDRICAL_SURFACE('',#1933,43.);
#1933 = AXIS2_PLACEMENT_3D('',#1934,#1935,#1936);
#1934 = CARTESIAN_POINT('',(710.,0.,301.));
#1935 = DIRECTION('',(0.,0.,1.));
#1936 = DIRECTION('',(1.,0.,0.));
#1937 = ADVANCED_FACE('',(#1938),#1941,.T.);
#1938 = FACE_BOUND('',#1939,.T.);
#1939 = EDGE_LOOP('',(#1940));
#1940 = ORIENTED_EDGE('',*,*,#1908,.T.);
#1941 = PLANE('',#1942);
#1942 = AXIS2_PLACEMENT_3D('',#1943,#1944,#1945);
#1943 = CARTESIAN_POINT('',(710.,0.,710.));
#1944 = DIRECTION('',(0.,0.,1.));
#1945 = DIRECTION('',(1.,0.,0.));
#1946 = ADVANCED_FACE('',(#1947),#1950,.F.);
#1947 = FACE_BOUND('',#1948,.T.);
#1948 = EDGE_LOOP('',(#1949));
#1949 = ORIENTED_EDGE('',*,*,#1925,.F.);
#1950 = PLANE('',#1951);
#1951 = AXIS2_PLACEMENT_3D('',#1952,#1953,#1954);
#1952 = CARTESIAN_POINT('',(710.,0.,301.));
#1953 = DIRECTION('',(0.,0.,1.));
#1954 = DIRECTION('',(1.,0.,0.));
#1955 = MANIFOLD_SOLID_BREP('',#1956);
#1956 = CLOSED_SHELL('',(#1957,#1997,#2028,#2059,#2081,#2093));
#1957 = ADVANCED_FACE('',(#1958),#1992,.T.);
#1958 = FACE_BOUND('',#1959,.T.);
#1959 = EDGE_LOOP('',(#1960,#1970,#1978,#1986));
#1960 = ORIENTED_EDGE('',*,*,#1961,.T.);
#1961 = EDGE_CURVE('',#1962,#1964,#1966,.T.);
#1962 = VERTEX_POINT('',#1963);
#1963 = CARTESIAN_POINT('',(523.20508075688,506.2177826491,710.));
#1964 = VERTEX_POINT('',#1965);
#1965 = CARTESIAN_POINT('',(523.20508075688,506.2177826491,750.));
#1966 = LINE('',#1967,#1968);
#1967 = CARTESIAN_POINT('',(523.20508075688,506.2177826491,710.));
#1968 = VECTOR('',#1969,1.);
#1969 = DIRECTION('',(0.,0.,1.));
#1970 = ORIENTED_EDGE('',*,*,#1971,.T.);
#1971 = EDGE_CURVE('',#1964,#1972,#1974,.T.);
#1972 = VERTEX_POINT('',#1973);
#1973 = CARTESIAN_POINT('',(1.148205080757E+03,1.58874953738E+03,750.));
#1974 = LINE('',#1975,#1976);
#1975 = CARTESIAN_POINT('',(523.20508075688,506.2177826491,750.));
#1976 = VECTOR('',#1977,1.);
#1977 = DIRECTION('',(0.5,0.866025403784,0.));
#1978 = ORIENTED_EDGE('',*,*,#1979,.F.);
#1979 = EDGE_CURVE('',#1980,#1972,#1982,.T.);
#1980 = VERTEX_POINT('',#1981);
#1981 = CARTESIAN_POINT('',(1.148205080757E+03,1.58874953738E+03,710.));
#1982 = LINE('',#1983,#1984);
#1983 = CARTESIAN_POINT('',(1.148205080757E+03,1.58874953738E+03,710.));
#1984 = VECTOR('',#1985,1.);
#1985 = DIRECTION('',(0.,0.,1.));
#1986 = ORIENTED_EDGE('',*,*,#1987,.F.);
#1987 = EDGE_CURVE('',#1962,#1980,#1988,.T.);
#1988 = LINE('',#1989,#1990);
#1989 = CARTESIAN_POINT('',(523.20508075688,506.2177826491,710.));
#1990 = VECTOR('',#1991,1.);
#1991 = DIRECTION('',(0.5,0.866025403784,0.));
#1992 = PLANE('',#1993);
#1993 = AXIS2_PLACEMENT_3D('',#1994,#1995,#1996);
#1994 = CARTESIAN_POINT('',(523.20508075688,506.2177826491,710.));
#1995 = DIRECTION('',(-0.866025403784,0.5,0.));
#1996 = DIRECTION('',(0.5,0.866025403784,0.));
#1997 = ADVANCED_FACE('',(#1998),#2023,.T.);
#1998 = FACE_BOUND('',#1999,.T.);
#1999 = EDGE_LOOP('',(#2000,#2001,#2009,#2017));
#2000 = ORIENTED_EDGE('',*,*,#1979,.T.);
#2001 = ORIENTED_EDGE('',*,*,#2002,.T.);
#2002 = EDGE_CURVE('',#1972,#2003,#2005,.T.);
#2003 = VERTEX_POINT('',#2004);
#2004 = CARTESIAN_POINT('',(1.667820323028E+03,1.28874953738E+03,750.));
#2005 = LINE('',#2006,#2007);
#2006 = CARTESIAN_POINT('',(1.148205080757E+03,1.58874953738E+03,750.));
#2007 = VECTOR('',#2008,1.);
#2008 = DIRECTION('',(0.866025403784,-0.5,0.));
#2009 = ORIENTED_EDGE('',*,*,#2010,.F.);
#2010 = EDGE_CURVE('',#2011,#2003,#2013,.T.);
#2011 = VERTEX_POINT('',#2012);
#2012 = CARTESIAN_POINT('',(1.667820323028E+03,1.28874953738E+03,710.));
#2013 = LINE('',#2014,#2015);
#2014 = CARTESIAN_POINT('',(1.667820323028E+03,1.28874953738E+03,710.));
#2015 = VECTOR('',#2016,1.);
#2016 = DIRECTION('',(0.,0.,1.));
#2017 = ORIENTED_EDGE('',*,*,#2018,.F.);
#2018 = EDGE_CURVE('',#1980,#2011,#2019,.T.);
#2019 = LINE('',#2020,#2021);
#2020 = CARTESIAN_POINT('',(1.148205080757E+03,1.58874953738E+03,710.));
#2021 = VECTOR('',#2022,1.);
#2022 = DIRECTION('',(0.866025403784,-0.5,0.));
#2023 = PLANE('',#2024);
#2024 = AXIS2_PLACEMENT_3D('',#2025,#2026,#2027);
#2025 = CARTESIAN_POINT('',(1.148205080757E+03,1.58874953738E+03,710.));
#2026 = DIRECTION('',(0.5,0.866025403784,0.));
#2027 = DIRECTION('',(0.866025403784,-0.5,0.));
#2028 = ADVANCED_FACE('',(#2029),#2054,.T.);
#2029 = FACE_BOUND('',#2030,.T.);
#2030 = EDGE_LOOP('',(#2031,#2032,#2040,#2048));
#2031 = ORIENTED_EDGE('',*,*,#2010,.T.);
#2032 = ORIENTED_EDGE('',*,*,#2033,.T.);
#2033 = EDGE_CURVE('',#2003,#2034,#2036,.T.);
#2034 = VERTEX_POINT('',#2035);
#2035 = CARTESIAN_POINT('',(1.182820323028E+03,448.70489570875,750.));
#2036 = LINE('',#2037,#2038);
#2037 = CARTESIAN_POINT('',(1.667820323028E+03,1.28874953738E+03,750.));
#2038 = VECTOR('',#2039,1.);
#2039 = DIRECTION('',(-0.5,-0.866025403784,0.));
#2040 = ORIENTED_EDGE('',*,*,#2041,.F.);
#2041 = EDGE_CURVE('',#2042,#2034,#2044,.T.);
#2042 = VERTEX_POINT('',#2043);
#2043 = CARTESIAN_POINT('',(1.182820323028E+03,448.70489570875,710.));
#2044 = LINE('',#2045,#2046);
#2045 = CARTESIAN_POINT('',(1.182820323028E+03,448.70489570875,710.));
#2046 = VECTOR('',#2047,1.);
#2047 = DIRECTION('',(0.,0.,1.));
#2048 = ORIENTED_EDGE('',*,*,#2049,.F.);
#2049 = EDGE_CURVE('',#2011,#2042,#2050,.T.);
#2050 = LINE('',#2051,#2052);
#2051 = CARTESIAN_POINT('',(1.667820323028E+03,1.28874953738E+03,710.));
#2052 = VECTOR('',#2053,1.);
#2053 = DIRECTION('',(-0.5,-0.866025403784,0.));
#2054 = PLANE('',#2055);
#2055 = AXIS2_PLACEMENT_3D('',#2056,#2057,#2058);
#2056 = CARTESIAN_POINT('',(1.667820323028E+03,1.28874953738E+03,710.));
#2057 = DIRECTION('',(0.866025403784,-0.5,0.));
#2058 = DIRECTION('',(-0.5,-0.866025403784,0.));
#2059 = ADVANCED_FACE('',(#2060),#2076,.T.);
#2060 = FACE_BOUND('',#2061,.T.);
#2061 = EDGE_LOOP('',(#2062,#2063,#2069,#2070));
#2062 = ORIENTED_EDGE('',*,*,#2041,.T.);
#2063 = ORIENTED_EDGE('',*,*,#2064,.T.);
#2064 = EDGE_CURVE('',#2034,#1964,#2065,.T.);
#2065 = LINE('',#2066,#2067);
#2066 = CARTESIAN_POINT('',(1.182820323028E+03,448.70489570875,750.));
#2067 = VECTOR('',#2068,1.);
#2068 = DIRECTION('',(-0.996220352383,8.686201412968E-02,0.));
#2069 = ORIENTED_EDGE('',*,*,#1961,.F.);
#2070 = ORIENTED_EDGE('',*,*,#2071,.F.);
#2071 = EDGE_CURVE('',#2042,#1962,#2072,.T.);
#2072 = LINE('',#2073,#2074);
#2073 = CARTESIAN_POINT('',(1.182820323028E+03,448.70489570875,710.));
#2074 = VECTOR('',#2075,1.);
#2075 = DIRECTION('',(-0.996220352383,8.686201412968E-02,0.));
#2076 = PLANE('',#2077);
#2077 = AXIS2_PLACEMENT_3D('',#2078,#2079,#2080);
#2078 = CARTESIAN_POINT('',(1.182820323028E+03,448.70489570875,710.));
#2079 = DIRECTION('',(-8.686201412968E-02,-0.996220352383,0.));
#2080 = DIRECTION('',(-0.996220352383,8.686201412968E-02,0.));
#2081 = ADVANCED_FACE('',(#2082),#2088,.T.);
#2082 = FACE_BOUND('',#2083,.T.);
#2083 = EDGE_LOOP('',(#2084,#2085,#2086,#2087));
#2084 = ORIENTED_EDGE('',*,*,#1987,.T.);
#2085 = ORIENTED_EDGE('',*,*,#2018,.T.);
#2086 = ORIENTED_EDGE('',*,*,#2049,.T.);
#2087 = ORIENTED_EDGE('',*,*,#2071,.T.);
#2088 = PLANE('',#2089);
#2089 = AXIS2_PLACEMENT_3D('',#2090,#2091,#2092);
#2090 = CARTESIAN_POINT('',(1.101856627427E+03,956.7181621849,710.));
#2091 = DIRECTION('',(-0.,-0.,-1.));
#2092 = DIRECTION('',(-1.,0.,0.));
#2093 = ADVANCED_FACE('',(#2094),#2100,.F.);
#2094 = FACE_BOUND('',#2095,.F.);
#2095 = EDGE_LOOP('',(#2096,#2097,#2098,#2099));
#2096 = ORIENTED_EDGE('',*,*,#1971,.T.);
#2097 = ORIENTED_EDGE('',*,*,#2002,.T.);
#2098 = ORIENTED_EDGE('',*,*,#2033,.T.);
#2099 = ORIENTED_EDGE('',*,*,#2064,.T.);
#2100 = PLANE('',#2101);
#2101 = AXIS2_PLACEMENT_3D('',#2102,#2103,#2104);
#2102 = CARTESIAN_POINT('',(1.101856627427E+03,956.7181621849,750.));
#2103 = DIRECTION('',(-0.,-0.,-1.));
#2104 = DIRECTION('',(-1.,0.,0.));
#2105 = MANIFOLD_SOLID_BREP('',#2106);
#2106 = CLOSED_SHELL('',(#2107,#2140,#2149));
#2107 = ADVANCED_FACE('',(#2108),#2135,.T.);
#2108 = FACE_BOUND('',#2109,.T.);
#2109 = EDGE_LOOP('',(#2110,#2119,#2127,#2134));
#2110 = ORIENTED_EDGE('',*,*,#2111,.F.);
#2111 = EDGE_CURVE('',#2112,#2112,#2114,.T.);
#2112 = VERTEX_POINT('',#2113);
#2113 = CARTESIAN_POINT('',(1.173512701892E+03,958.10543827929,710.));
#2114 = CIRCLE('',#2115,43.);
#2115 = AXIS2_PLACEMENT_3D('',#2116,#2117,#2118);
#2116 = CARTESIAN_POINT('',(1.130512701892E+03,958.10543827929,710.));
#2117 = DIRECTION('',(0.,0.,1.));
#2118 = DIRECTION('',(1.,0.,0.));
#2119 = ORIENTED_EDGE('',*,*,#2120,.F.);
#2120 = EDGE_CURVE('',#2121,#2112,#2123,.T.);
#2121 = VERTEX_POINT('',#2122);
#2122 = CARTESIAN_POINT('',(1.173512701892E+03,958.10543827929,301.));
#2123 = LINE('',#2124,#2125);
#2124 = CARTESIAN_POINT('',(1.173512701892E+03,958.10543827929,301.));
#2125 = VECTOR('',#2126,1.);
#2126 = DIRECTION('',(0.,0.,1.));
#2127 = ORIENTED_EDGE('',*,*,#2128,.T.);
#2128 = EDGE_CURVE('',#2121,#2121,#2129,.T.);
#2129 = CIRCLE('',#2130,43.);
#2130 = AXIS2_PLACEMENT_3D('',#2131,#2132,#2133);
#2131 = CARTESIAN_POINT('',(1.130512701892E+03,958.10543827929,301.));
#2132 = DIRECTION('',(0.,0.,1.));
#2133 = DIRECTION('',(1.,0.,0.));
#2134 = ORIENTED_EDGE('',*,*,#2120,.T.);
#2135 = CYLINDRICAL_SURFACE('',#2136,43.);
#2136 = AXIS2_PLACEMENT_3D('',#2137,#2138,#2139);
#2137 = CARTESIAN_POINT('',(1.130512701892E+03,958.10543827929,301.));
#2138 = DIRECTION('',(0.,0.,1.));
#2139 = DIRECTION('',(1.,0.,0.));
#2140 = ADVANCED_FACE('',(#2141),#2144,.T.);
#2141 = FACE_BOUND('',#2142,.T.);
#2142 = EDGE_LOOP('',(#2143));
#2143 = ORIENTED_EDGE('',*,*,#2111,.T.);
#2144 = PLANE('',#2145);
#2145 = AXIS2_PLACEMENT_3D('',#2146,#2147,#2148);
#2146 = CARTESIAN_POINT('',(1.130512701892E+03,958.10543827929,710.));
#2147 = DIRECTION('',(0.,0.,1.));
#2148 = DIRECTION('',(1.,0.,0.));
#2149 = ADVANCED_FACE('',(#2150),#2153,.F.);
#2150 = FACE_BOUND('',#2151,.T.);
#2151 = EDGE_LOOP('',(#2152));
#2152 = ORIENTED_EDGE('',*,*,#2128,.F.);
#2153 = PLANE('',#2154);
#2154 = AXIS2_PLACEMENT_3D('',#2155,#2156,#2157);
#2155 = CARTESIAN_POINT('',(1.130512701892E+03,958.10543827929,301.));
#2156 = DIRECTION('',(0.,0.,1.));
#2157 = DIRECTION('',(1.,0.,0.));
#2158 = MANIFOLD_SOLID_BREP('',#2159);
#2159 = CLOSED_SHELL('',(#2160,#2200,#2231,#2262,#2284,#2296));
#2160 = ADVANCED_FACE('',(#2161),#2195,.F.);
#2161 = FACE_BOUND('',#2162,.F.);
#2162 = EDGE_LOOP('',(#2163,#2173,#2181,#2189));
#2163 = ORIENTED_EDGE('',*,*,#2164,.T.);
#2164 = EDGE_CURVE('',#2165,#2167,#2169,.T.);
#2165 = VERTEX_POINT('',#2166);
#2166 = CARTESIAN_POINT('',(523.20508075688,-506.2177826491,710.));
#2167 = VERTEX_POINT('',#2168);
#2168 = CARTESIAN_POINT('',(523.20508075688,-506.2177826491,750.));
#2169 = LINE('',#2170,#2171);
#2170 = CARTESIAN_POINT('',(523.20508075688,-506.2177826491,710.));
#2171 = VECTOR('',#2172,1.);
#2172 = DIRECTION('',(0.,0.,1.));
#2173 = ORIENTED_EDGE('',*,*,#2174,.T.);
#2174 = EDGE_CURVE('',#2167,#2175,#2177,.T.);
#2175 = VERTEX_POINT('',#2176);
#2176 = CARTESIAN_POINT('',(1.148205080757E+03,-1.58874953738E+03,750.)
  );
#2177 = LINE('',#2178,#2179);
#2178 = CARTESIAN_POINT('',(523.20508075688,-506.2177826491,750.));
#2179 = VECTOR('',#2180,1.);
#2180 = DIRECTION('',(0.5,-0.866025403784,0.));
#2181 = ORIENTED_EDGE('',*,*,#2182,.F.);
#2182 = EDGE_CURVE('',#2183,#2175,#2185,.T.);
#2183 = VERTEX_POINT('',#2184);
#2184 = CARTESIAN_POINT('',(1.148205080757E+03,-1.58874953738E+03,710.)
  );
#2185 = LINE('',#2186,#2187);
#2186 = CARTESIAN_POINT('',(1.148205080757E+03,-1.58874953738E+03,710.)
  );
#2187 = VECTOR('',#2188,1.);
#2188 = DIRECTION('',(0.,0.,1.));
#2189 = ORIENTED_EDGE('',*,*,#2190,.F.);
#2190 = EDGE_CURVE('',#2165,#2183,#2191,.T.);
#2191 = LINE('',#2192,#2193);
#2192 = CARTESIAN_POINT('',(523.20508075688,-506.2177826491,710.));
#2193 = VECTOR('',#2194,1.);
#2194 = DIRECTION('',(0.5,-0.866025403784,0.));
#2195 = PLANE('',#2196);
#2196 = AXIS2_PLACEMENT_3D('',#2197,#2198,#2199);
#2197 = CARTESIAN_POINT('',(523.20508075688,-506.2177826491,710.));
#2198 = DIRECTION('',(0.866025403784,0.5,0.));
#2199 = DIRECTION('',(0.5,-0.866025403784,0.));
#2200 = ADVANCED_FACE('',(#2201),#2226,.F.);
#2201 = FACE_BOUND('',#2202,.F.);
#2202 = EDGE_LOOP('',(#2203,#2204,#2212,#2220));
#2203 = ORIENTED_EDGE('',*,*,#2182,.T.);
#2204 = ORIENTED_EDGE('',*,*,#2205,.T.);
#2205 = EDGE_CURVE('',#2175,#2206,#2208,.T.);
#2206 = VERTEX_POINT('',#2207);
#2207 = CARTESIAN_POINT('',(1.667820323028E+03,-1.28874953738E+03,750.)
  );
#2208 = LINE('',#2209,#2210);
#2209 = CARTESIAN_POINT('',(1.148205080757E+03,-1.58874953738E+03,750.)
  );
#2210 = VECTOR('',#2211,1.);
#2211 = DIRECTION('',(0.866025403784,0.5,0.));
#2212 = ORIENTED_EDGE('',*,*,#2213,.F.);
#2213 = EDGE_CURVE('',#2214,#2206,#2216,.T.);
#2214 = VERTEX_POINT('',#2215);
#2215 = CARTESIAN_POINT('',(1.667820323028E+03,-1.28874953738E+03,710.)
  );
#2216 = LINE('',#2217,#2218);
#2217 = CARTESIAN_POINT('',(1.667820323028E+03,-1.28874953738E+03,710.)
  );
#2218 = VECTOR('',#2219,1.);
#2219 = DIRECTION('',(0.,0.,1.));
#2220 = ORIENTED_EDGE('',*,*,#2221,.F.);
#2221 = EDGE_CURVE('',#2183,#2214,#2222,.T.);
#2222 = LINE('',#2223,#2224);
#2223 = CARTESIAN_POINT('',(1.148205080757E+03,-1.58874953738E+03,710.)
  );
#2224 = VECTOR('',#2225,1.);
#2225 = DIRECTION('',(0.866025403784,0.5,0.));
#2226 = PLANE('',#2227);
#2227 = AXIS2_PLACEMENT_3D('',#2228,#2229,#2230);
#2228 = CARTESIAN_POINT('',(1.148205080757E+03,-1.58874953738E+03,710.)
  );
#2229 = DIRECTION('',(-0.5,0.866025403784,0.));
#2230 = DIRECTION('',(0.866025403784,0.5,0.));
#2231 = ADVANCED_FACE('',(#2232),#2257,.F.);
#2232 = FACE_BOUND('',#2233,.F.);
#2233 = EDGE_LOOP('',(#2234,#2235,#2243,#2251));
#2234 = ORIENTED_EDGE('',*,*,#2213,.T.);
#2235 = ORIENTED_EDGE('',*,*,#2236,.T.);
#2236 = EDGE_CURVE('',#2206,#2237,#2239,.T.);
#2237 = VERTEX_POINT('',#2238);
#2238 = CARTESIAN_POINT('',(1.182820323028E+03,-448.7048957087,750.));
#2239 = LINE('',#2240,#2241);
#2240 = CARTESIAN_POINT('',(1.667820323028E+03,-1.28874953738E+03,750.)
  );
#2241 = VECTOR('',#2242,1.);
#2242 = DIRECTION('',(-0.5,0.866025403784,0.));
#2243 = ORIENTED_EDGE('',*,*,#2244,.F.);
#2244 = EDGE_CURVE('',#2245,#2237,#2247,.T.);
#2245 = VERTEX_POINT('',#2246);
#2246 = CARTESIAN_POINT('',(1.182820323028E+03,-448.7048957087,710.));
#2247 = LINE('',#2248,#2249);
#2248 = CARTESIAN_POINT('',(1.182820323028E+03,-448.7048957087,710.));
#2249 = VECTOR('',#2250,1.);
#2250 = DIRECTION('',(0.,0.,1.));
#2251 = ORIENTED_EDGE('',*,*,#2252,.F.);
#2252 = EDGE_CURVE('',#2214,#2245,#2253,.T.);
#2253 = LINE('',#2254,#2255);
#2254 = CARTESIAN_POINT('',(1.667820323028E+03,-1.28874953738E+03,710.)
  );
#2255 = VECTOR('',#2256,1.);
#2256 = DIRECTION('',(-0.5,0.866025403784,0.));
#2257 = PLANE('',#2258);
#2258 = AXIS2_PLACEMENT_3D('',#2259,#2260,#2261);
#2259 = CARTESIAN_POINT('',(1.667820323028E+03,-1.28874953738E+03,710.)
  );
#2260 = DIRECTION('',(-0.866025403784,-0.5,0.));
#2261 = DIRECTION('',(-0.5,0.866025403784,0.));
#2262 = ADVANCED_FACE('',(#2263),#2279,.F.);
#2263 = FACE_BOUND('',#2264,.F.);
#2264 = EDGE_LOOP('',(#2265,#2266,#2272,#2273));
#2265 = ORIENTED_EDGE('',*,*,#2244,.T.);
#2266 = ORIENTED_EDGE('',*,*,#2267,.T.);
#2267 = EDGE_CURVE('',#2237,#2167,#2268,.T.);
#2268 = LINE('',#2269,#2270);
#2269 = CARTESIAN_POINT('',(1.182820323028E+03,-448.7048957087,750.));
#2270 = VECTOR('',#2271,1.);
#2271 = DIRECTION('',(-0.996220352383,-8.686201412968E-02,0.));
#2272 = ORIENTED_EDGE('',*,*,#2164,.F.);
#2273 = ORIENTED_EDGE('',*,*,#2274,.F.);
#2274 = EDGE_CURVE('',#2245,#2165,#2275,.T.);
#2275 = LINE('',#2276,#2277);
#2276 = CARTESIAN_POINT('',(1.182820323028E+03,-448.7048957087,710.));
#2277 = VECTOR('',#2278,1.);
#2278 = DIRECTION('',(-0.996220352383,-8.686201412968E-02,0.));
#2279 = PLANE('',#2280);
#2280 = AXIS2_PLACEMENT_3D('',#2281,#2282,#2283);
#2281 = CARTESIAN_POINT('',(1.182820323028E+03,-448.7048957087,710.));
#2282 = DIRECTION('',(8.686201412968E-02,-0.996220352383,0.));
#2283 = DIRECTION('',(-0.996220352383,-8.686201412968E-02,0.));
#2284 = ADVANCED_FACE('',(#2285),#2291,.F.);
#2285 = FACE_BOUND('',#2286,.F.);
#2286 = EDGE_LOOP('',(#2287,#2288,#2289,#2290));
#2287 = ORIENTED_EDGE('',*,*,#2190,.T.);
#2288 = ORIENTED_EDGE('',*,*,#2221,.T.);
#2289 = ORIENTED_EDGE('',*,*,#2252,.T.);
#2290 = ORIENTED_EDGE('',*,*,#2274,.T.);
#2291 = PLANE('',#2292);
#2292 = AXIS2_PLACEMENT_3D('',#2293,#2294,#2295);
#2293 = CARTESIAN_POINT('',(1.101856627427E+03,-956.7181621849,710.));
#2294 = DIRECTION('',(0.,0.,1.));
#2295 = DIRECTION('',(1.,0.,0.));
#2296 = ADVANCED_FACE('',(#2297),#2303,.T.);
#2297 = FACE_BOUND('',#2298,.T.);
#2298 = EDGE_LOOP('',(#2299,#2300,#2301,#2302));
#2299 = ORIENTED_EDGE('',*,*,#2174,.T.);
#2300 = ORIENTED_EDGE('',*,*,#2205,.T.);
#2301 = ORIENTED_EDGE('',*,*,#2236,.T.);
#2302 = ORIENTED_EDGE('',*,*,#2267,.T.);
#2303 = PLANE('',#2304);
#2304 = AXIS2_PLACEMENT_3D('',#2305,#2306,#2307);
#2305 = CARTESIAN_POINT('',(1.101856627427E+03,-956.7181621849,750.));
#2306 = DIRECTION('',(0.,0.,1.));
#2307 = DIRECTION('',(1.,0.,0.));
#2308 = MANIFOLD_SOLID_BREP('',#2309);
#2309 = CLOSED_SHELL('',(#2310,#2343,#2352));
#2310 = ADVANCED_FACE('',(#2311),#2338,.T.);
#2311 = FACE_BOUND('',#2312,.T.);
#2312 = EDGE_LOOP('',(#2313,#2322,#2330,#2337));
#2313 = ORIENTED_EDGE('',*,*,#2314,.F.);
#2314 = EDGE_CURVE('',#2315,#2315,#2317,.T.);
#2315 = VERTEX_POINT('',#2316);
#2316 = CARTESIAN_POINT('',(1.173512701892E+03,-958.1054382792,710.));
#2317 = CIRCLE('',#2318,43.);
#2318 = AXIS2_PLACEMENT_3D('',#2319,#2320,#2321);
#2319 = CARTESIAN_POINT('',(1.130512701892E+03,-958.1054382792,710.));
#2320 = DIRECTION('',(0.,0.,1.));
#2321 = DIRECTION('',(1.,0.,0.));
#2322 = ORIENTED_EDGE('',*,*,#2323,.F.);
#2323 = EDGE_CURVE('',#2324,#2315,#2326,.T.);
#2324 = VERTEX_POINT('',#2325);
#2325 = CARTESIAN_POINT('',(1.173512701892E+03,-958.1054382792,301.));
#2326 = LINE('',#2327,#2328);
#2327 = CARTESIAN_POINT('',(1.173512701892E+03,-958.1054382792,301.));
#2328 = VECTOR('',#2329,1.);
#2329 = DIRECTION('',(0.,0.,1.));
#2330 = ORIENTED_EDGE('',*,*,#2331,.T.);
#2331 = EDGE_CURVE('',#2324,#2324,#2332,.T.);
#2332 = CIRCLE('',#2333,43.);
#2333 = AXIS2_PLACEMENT_3D('',#2334,#2335,#2336);
#2334 = CARTESIAN_POINT('',(1.130512701892E+03,-958.1054382792,301.));
#2335 = DIRECTION('',(0.,0.,1.));
#2336 = DIRECTION('',(1.,0.,0.));
#2337 = ORIENTED_EDGE('',*,*,#2323,.T.);
#2338 = CYLINDRICAL_SURFACE('',#2339,43.);
#2339 = AXIS2_PLACEMENT_3D('',#2340,#2341,#2342);
#2340 = CARTESIAN_POINT('',(1.130512701892E+03,-958.1054382792,301.));
#2341 = DIRECTION('',(0.,0.,1.));
#2342 = DIRECTION('',(1.,0.,0.));
#2343 = ADVANCED_FACE('',(#2344),#2347,.T.);
#2344 = FACE_BOUND('',#2345,.T.);
#2345 = EDGE_LOOP('',(#2346));
#2346 = ORIENTED_EDGE('',*,*,#2314,.T.);
#2347 = PLANE('',#2348);
#2348 = AXIS2_PLACEMENT_3D('',#2349,#2350,#2351);
#2349 = CARTESIAN_POINT('',(1.130512701892E+03,-958.1054382792,710.));
#2350 = DIRECTION('',(0.,0.,1.));
#2351 = DIRECTION('',(1.,0.,0.));
#2352 = ADVANCED_FACE('',(#2353),#2356,.F.);
#2353 = FACE_BOUND('',#2354,.T.);
#2354 = EDGE_LOOP('',(#2355));
#2355 = ORIENTED_EDGE('',*,*,#2331,.F.);
#2356 = PLANE('',#2357);
#2357 = AXIS2_PLACEMENT_3D('',#2358,#2359,#2360);
#2358 = CARTESIAN_POINT('',(1.130512701892E+03,-958.1054382792,301.));
#2359 = DIRECTION('',(0.,0.,1.));
#2360 = DIRECTION('',(1.,0.,0.));
#2361 = MANIFOLD_SOLID_BREP('',#2362);
#2362 = CLOSED_SHELL('',(#2363,#2403,#2434,#2465,#2487,#2499));
#2363 = ADVANCED_FACE('',(#2364),#2398,.F.);
#2364 = FACE_BOUND('',#2365,.F.);
#2365 = EDGE_LOOP('',(#2366,#2376,#2384,#2392));
#2366 = ORIENTED_EDGE('',*,*,#2367,.T.);
#2367 = EDGE_CURVE('',#2368,#2370,#2372,.T.);
#2368 = VERTEX_POINT('',#2369);
#2369 = CARTESIAN_POINT('',(-16.89110867544,729.25625842204,710.));
#2370 = VERTEX_POINT('',#2371);
#2371 = CARTESIAN_POINT('',(-16.89110867544,729.25625842204,750.));
#2372 = LINE('',#2373,#2374);
#2373 = CARTESIAN_POINT('',(-16.89110867544,729.25625842204,710.));
#2374 = VECTOR('',#2375,1.);
#2375 = DIRECTION('',(0.,0.,1.));
#2376 = ORIENTED_EDGE('',*,*,#2377,.T.);
#2377 = EDGE_CURVE('',#2370,#2378,#2380,.T.);
#2378 = VERTEX_POINT('',#2379);
#2379 = CARTESIAN_POINT('',(-248.5898384862,1.230570230503E+03,750.));
#2380 = LINE('',#2381,#2382);
#2381 = CARTESIAN_POINT('',(-16.89110867544,729.25625842204,750.));
#2382 = VECTOR('',#2383,1.);
#2383 = DIRECTION('',(-0.41954034721,0.907736689279,0.));
#2384 = ORIENTED_EDGE('',*,*,#2385,.F.);
#2385 = EDGE_CURVE('',#2386,#2378,#2388,.T.);
#2386 = VERTEX_POINT('',#2387);
#2387 = CARTESIAN_POINT('',(-248.5898384862,1.230570230503E+03,710.));
#2388 = LINE('',#2389,#2390);
#2389 = CARTESIAN_POINT('',(-248.5898384862,1.230570230503E+03,710.));
#2390 = VECTOR('',#2391,1.);
#2391 = DIRECTION('',(0.,0.,1.));
#2392 = ORIENTED_EDGE('',*,*,#2393,.F.);
#2393 = EDGE_CURVE('',#2368,#2386,#2394,.T.);
#2394 = LINE('',#2395,#2396);
#2395 = CARTESIAN_POINT('',(-16.89110867544,729.25625842204,710.));
#2396 = VECTOR('',#2397,1.);
#2397 = DIRECTION('',(-0.41954034721,0.907736689279,0.));
#2398 = PLANE('',#2399);
#2399 = AXIS2_PLACEMENT_3D('',#2400,#2401,#2402);
#2400 = CARTESIAN_POINT('',(-16.89110867544,729.25625842204,710.));
#2401 = DIRECTION('',(-0.907736689279,-0.41954034721,0.));
#2402 = DIRECTION('',(-0.41954034721,0.907736689279,0.));
#2403 = ADVANCED_FACE('',(#2404),#2429,.F.);
#2404 = FACE_BOUND('',#2405,.F.);
#2405 = EDGE_LOOP('',(#2406,#2407,#2415,#2423));
#2406 = ORIENTED_EDGE('',*,*,#2385,.T.);
#2407 = ORIENTED_EDGE('',*,*,#2408,.T.);
#2408 = EDGE_CURVE('',#2378,#2409,#2411,.T.);
#2409 = VERTEX_POINT('',#2410);
#2410 = CARTESIAN_POINT('',(-941.4101615137,830.57023050348,750.));
#2411 = LINE('',#2412,#2413);
#2412 = CARTESIAN_POINT('',(-248.5898384862,1.230570230503E+03,750.));
#2413 = VECTOR('',#2414,1.);
#2414 = DIRECTION('',(-0.866025403784,-0.5,0.));
#2415 = ORIENTED_EDGE('',*,*,#2416,.F.);
#2416 = EDGE_CURVE('',#2417,#2409,#2419,.T.);
#2417 = VERTEX_POINT('',#2418);
#2418 = CARTESIAN_POINT('',(-941.4101615137,830.57023050348,710.));
#2419 = LINE('',#2420,#2421);
#2420 = CARTESIAN_POINT('',(-941.4101615137,830.57023050348,710.));
#2421 = VECTOR('',#2422,1.);
#2422 = DIRECTION('',(0.,0.,1.));
#2423 = ORIENTED_EDGE('',*,*,#2424,.F.);
#2424 = EDGE_CURVE('',#2386,#2417,#2425,.T.);
#2425 = LINE('',#2426,#2427);
#2426 = CARTESIAN_POINT('',(-248.5898384862,1.230570230503E+03,710.));
#2427 = VECTOR('',#2428,1.);
#2428 = DIRECTION('',(-0.866025403784,-0.5,0.));
#2429 = PLANE('',#2430);
#2430 = AXIS2_PLACEMENT_3D('',#2431,#2432,#2433);
#2431 = CARTESIAN_POINT('',(-248.5898384862,1.230570230503E+03,710.));
#2432 = DIRECTION('',(0.5,-0.866025403784,0.));
#2433 = DIRECTION('',(-0.866025403784,-0.5,0.));
#2434 = ADVANCED_FACE('',(#2435),#2460,.F.);
#2435 = FACE_BOUND('',#2436,.F.);
#2436 = EDGE_LOOP('',(#2437,#2438,#2446,#2454));
#2437 = ORIENTED_EDGE('',*,*,#2416,.T.);
#2438 = ORIENTED_EDGE('',*,*,#2439,.T.);
#2439 = EDGE_CURVE('',#2409,#2440,#2442,.T.);
#2440 = VERTEX_POINT('',#2441);
#2441 = CARTESIAN_POINT('',(-623.1088913245,379.25625842204,750.));
#2442 = LINE('',#2443,#2444);
#2443 = CARTESIAN_POINT('',(-941.4101615137,830.57023050348,750.));
#2444 = VECTOR('',#2445,1.);
#2445 = DIRECTION('',(0.576352859257,-0.817200943236,0.));
#2446 = ORIENTED_EDGE('',*,*,#2447,.F.);
#2447 = EDGE_CURVE('',#2448,#2440,#2450,.T.);
#2448 = VERTEX_POINT('',#2449);
#2449 = CARTESIAN_POINT('',(-623.1088913245,379.25625842204,710.));
#2450 = LINE('',#2451,#2452);
#2451 = CARTESIAN_POINT('',(-623.1088913245,379.25625842204,710.));
#2452 = VECTOR('',#2453,1.);
#2453 = DIRECTION('',(0.,0.,1.));
#2454 = ORIENTED_EDGE('',*,*,#2455,.F.);
#2455 = EDGE_CURVE('',#2417,#2448,#2456,.T.);
#2456 = LINE('',#2457,#2458);
#2457 = CARTESIAN_POINT('',(-941.4101615137,830.57023050348,710.));
#2458 = VECTOR('',#2459,1.);
#2459 = DIRECTION('',(0.576352859257,-0.817200943236,0.));
#2460 = PLANE('',#2461);
#2461 = AXIS2_PLACEMENT_3D('',#2462,#2463,#2464);
#2462 = CARTESIAN_POINT('',(-941.4101615137,830.57023050348,710.));
#2463 = DIRECTION('',(0.817200943236,0.576352859257,0.));
#2464 = DIRECTION('',(0.576352859257,-0.817200943236,0.));
#2465 = ADVANCED_FACE('',(#2466),#2482,.F.);
#2466 = FACE_BOUND('',#2467,.F.);
#2467 = EDGE_LOOP('',(#2468,#2469,#2475,#2476));
#2468 = ORIENTED_EDGE('',*,*,#2447,.T.);
#2469 = ORIENTED_EDGE('',*,*,#2470,.T.);
#2470 = EDGE_CURVE('',#2440,#2370,#2471,.T.);
#2471 = LINE('',#2472,#2473);
#2472 = CARTESIAN_POINT('',(-623.1088913245,379.25625842204,750.));
#2473 = VECTOR('',#2474,1.);
#2474 = DIRECTION('',(0.866025403784,0.5,0.));
#2475 = ORIENTED_EDGE('',*,*,#2367,.F.);
#2476 = ORIENTED_EDGE('',*,*,#2477,.F.);
#2477 = EDGE_CURVE('',#2448,#2368,#2478,.T.);
#2478 = LINE('',#2479,#2480);
#2479 = CARTESIAN_POINT('',(-623.1088913245,379.25625842204,710.));
#2480 = VECTOR('',#2481,1.);
#2481 = DIRECTION('',(0.866025403784,0.5,0.));
#2482 = PLANE('',#2483);
#2483 = AXIS2_PLACEMENT_3D('',#2484,#2485,#2486);
#2484 = CARTESIAN_POINT('',(-623.1088913245,379.25625842204,710.));
#2485 = DIRECTION('',(-0.5,0.866025403784,0.));
#2486 = DIRECTION('',(0.866025403784,0.5,0.));
#2487 = ADVANCED_FACE('',(#2488),#2494,.F.);
#2488 = FACE_BOUND('',#2489,.F.);
#2489 = EDGE_LOOP('',(#2490,#2491,#2492,#2493));
#2490 = ORIENTED_EDGE('',*,*,#2393,.T.);
#2491 = ORIENTED_EDGE('',*,*,#2424,.T.);
#2492 = ORIENTED_EDGE('',*,*,#2455,.T.);
#2493 = ORIENTED_EDGE('',*,*,#2477,.T.);
#2494 = PLANE('',#2495);
#2495 = AXIS2_PLACEMENT_3D('',#2496,#2497,#2498);
#2496 = CARTESIAN_POINT('',(-462.7792510692,801.55717554068,710.));
#2497 = DIRECTION('',(0.,0.,1.));
#2498 = DIRECTION('',(1.,0.,0.));
#2499 = ADVANCED_FACE('',(#2500),#2506,.T.);
#2500 = FACE_BOUND('',#2501,.T.);
#2501 = EDGE_LOOP('',(#2502,#2503,#2504,#2505));
#2502 = ORIENTED_EDGE('',*,*,#2377,.T.);
#2503 = ORIENTED_EDGE('',*,*,#2408,.T.);
#2504 = ORIENTED_EDGE('',*,*,#2439,.T.);
#2505 = ORIENTED_EDGE('',*,*,#2470,.T.);
#2506 = PLANE('',#2507);
#2507 = AXIS2_PLACEMENT_3D('',#2508,#2509,#2510);
#2508 = CARTESIAN_POINT('',(-462.7792510692,801.55717554068,750.));
#2509 = DIRECTION('',(0.,0.,1.));
#2510 = DIRECTION('',(1.,0.,0.));
#2511 = MANIFOLD_SOLID_BREP('',#2512);
#2512 = CLOSED_SHELL('',(#2513,#2546,#2555));
#2513 = ADVANCED_FACE('',(#2514),#2541,.T.);
#2514 = FACE_BOUND('',#2515,.T.);
#2515 = EDGE_LOOP('',(#2516,#2525,#2533,#2540));
#2516 = ORIENTED_EDGE('',*,*,#2517,.F.);
#2517 = EDGE_CURVE('',#2518,#2518,#2520,.T.);
#2518 = VERTEX_POINT('',#2519);
#2519 = CARTESIAN_POINT('',(-312.,614.87803668695,710.));
#2520 = CIRCLE('',#2521,43.);
#2521 = AXIS2_PLACEMENT_3D('',#2522,#2523,#2524);
#2522 = CARTESIAN_POINT('',(-355.,614.87803668695,710.));
#2523 = DIRECTION('',(0.,0.,1.));
#2524 = DIRECTION('',(1.,0.,0.));
#2525 = ORIENTED_EDGE('',*,*,#2526,.F.);
#2526 = EDGE_CURVE('',#2527,#2518,#2529,.T.);
#2527 = VERTEX_POINT('',#2528);
#2528 = CARTESIAN_POINT('',(-312.,614.87803668695,301.));
#2529 = LINE('',#2530,#2531);
#2530 = CARTESIAN_POINT('',(-312.,614.87803668695,301.));
#2531 = VECTOR('',#2532,1.);
#2532 = DIRECTION('',(0.,0.,1.));
#2533 = ORIENTED_EDGE('',*,*,#2534,.T.);
#2534 = EDGE_CURVE('',#2527,#2527,#2535,.T.);
#2535 = CIRCLE('',#2536,43.);
#2536 = AXIS2_PLACEMENT_3D('',#2537,#2538,#2539);
#2537 = CARTESIAN_POINT('',(-355.,614.87803668695,301.));
#2538 = DIRECTION('',(0.,0.,1.));
#2539 = DIRECTION('',(1.,0.,0.));
#2540 = ORIENTED_EDGE('',*,*,#2526,.T.);
#2541 = CYLINDRICAL_SURFACE('',#2542,43.);
#2542 = AXIS2_PLACEMENT_3D('',#2543,#2544,#2545);
#2543 = CARTESIAN_POINT('',(-355.,614.87803668695,301.));
#2544 = DIRECTION('',(0.,0.,1.));
#2545 = DIRECTION('',(1.,0.,0.));
#2546 = ADVANCED_FACE('',(#2547),#2550,.T.);
#2547 = FACE_BOUND('',#2548,.T.);
#2548 = EDGE_LOOP('',(#2549));
#2549 = ORIENTED_EDGE('',*,*,#2517,.T.);
#2550 = PLANE('',#2551);
#2551 = AXIS2_PLACEMENT_3D('',#2552,#2553,#2554);
#2552 = CARTESIAN_POINT('',(-355.,614.87803668695,710.));
#2553 = DIRECTION('',(0.,0.,1.));
#2554 = DIRECTION('',(1.,0.,0.));
#2555 = ADVANCED_FACE('',(#2556),#2559,.F.);
#2556 = FACE_BOUND('',#2557,.T.);
#2557 = EDGE_LOOP('',(#2558));
#2558 = ORIENTED_EDGE('',*,*,#2534,.F.);
#2559 = PLANE('',#2560);
#2560 = AXIS2_PLACEMENT_3D('',#2561,#2562,#2563);
#2561 = CARTESIAN_POINT('',(-355.,614.87803668695,301.));
#2562 = DIRECTION('',(0.,0.,1.));
#2563 = DIRECTION('',(1.,0.,0.));
#2564 = MANIFOLD_SOLID_BREP('',#2565);
#2565 = CLOSED_SHELL('',(#2566,#2606,#2637,#2668,#2690,#2702));
#2566 = ADVANCED_FACE('',(#2567),#2601,.T.);
#2567 = FACE_BOUND('',#2568,.T.);
#2568 = EDGE_LOOP('',(#2569,#2579,#2587,#2595));
#2569 = ORIENTED_EDGE('',*,*,#2570,.T.);
#2570 = EDGE_CURVE('',#2571,#2573,#2575,.T.);
#2571 = VERTEX_POINT('',#2572);
#2572 = CARTESIAN_POINT('',(-700.,200.,710.));
#2573 = VERTEX_POINT('',#2574);
#2574 = CARTESIAN_POINT('',(-700.,200.,750.));
#2575 = LINE('',#2576,#2577);
#2576 = CARTESIAN_POINT('',(-700.,200.,710.));
#2577 = VECTOR('',#2578,1.);
#2578 = DIRECTION('',(0.,0.,1.));
#2579 = ORIENTED_EDGE('',*,*,#2580,.T.);
#2580 = EDGE_CURVE('',#2573,#2581,#2583,.T.);
#2581 = VERTEX_POINT('',#2582);
#2582 = CARTESIAN_POINT('',(-1.95E+03,200.,750.));
#2583 = LINE('',#2584,#2585);
#2584 = CARTESIAN_POINT('',(-700.,200.,750.));
#2585 = VECTOR('',#2586,1.);
#2586 = DIRECTION('',(-1.,1.136868377216E-16,0.));
#2587 = ORIENTED_EDGE('',*,*,#2588,.F.);
#2588 = EDGE_CURVE('',#2589,#2581,#2591,.T.);
#2589 = VERTEX_POINT('',#2590);
#2590 = CARTESIAN_POINT('',(-1.95E+03,200.,710.));
#2591 = LINE('',#2592,#2593);
#2592 = CARTESIAN_POINT('',(-1.95E+03,200.,710.));
#2593 = VECTOR('',#2594,1.);
#2594 = DIRECTION('',(0.,0.,1.));
#2595 = ORIENTED_EDGE('',*,*,#2596,.F.);
#2596 = EDGE_CURVE('',#2571,#2589,#2597,.T.);
#2597 = LINE('',#2598,#2599);
#2598 = CARTESIAN_POINT('',(-700.,200.,710.));
#2599 = VECTOR('',#2600,1.);
#2600 = DIRECTION('',(-1.,1.136868377216E-16,0.));
#2601 = PLANE('',#2602);
#2602 = AXIS2_PLACEMENT_3D('',#2603,#2604,#2605);
#2603 = CARTESIAN_POINT('',(-700.,200.,710.));
#2604 = DIRECTION('',(-1.136868377216E-16,-1.,0.));
#2605 = DIRECTION('',(-1.,1.136868377216E-16,0.));
#2606 = ADVANCED_FACE('',(#2607),#2632,.T.);
#2607 = FACE_BOUND('',#2608,.T.);
#2608 = EDGE_LOOP('',(#2609,#2610,#2618,#2626));
#2609 = ORIENTED_EDGE('',*,*,#2588,.T.);
#2610 = ORIENTED_EDGE('',*,*,#2611,.T.);
#2611 = EDGE_CURVE('',#2581,#2612,#2614,.T.);
#2612 = VERTEX_POINT('',#2613);
#2613 = CARTESIAN_POINT('',(-1.95E+03,800.,750.));
#2614 = LINE('',#2615,#2616);
#2615 = CARTESIAN_POINT('',(-1.95E+03,200.,750.));
#2616 = VECTOR('',#2617,1.);
#2617 = DIRECTION('',(0.,1.,0.));
#2618 = ORIENTED_EDGE('',*,*,#2619,.F.);
#2619 = EDGE_CURVE('',#2620,#2612,#2622,.T.);
#2620 = VERTEX_POINT('',#2621);
#2621 = CARTESIAN_POINT('',(-1.95E+03,800.,710.));
#2622 = LINE('',#2623,#2624);
#2623 = CARTESIAN_POINT('',(-1.95E+03,800.,710.));
#2624 = VECTOR('',#2625,1.);
#2625 = DIRECTION('',(0.,0.,1.));
#2626 = ORIENTED_EDGE('',*,*,#2627,.F.);
#2627 = EDGE_CURVE('',#2589,#2620,#2628,.T.);
#2628 = LINE('',#2629,#2630);
#2629 = CARTESIAN_POINT('',(-1.95E+03,200.,710.));
#2630 = VECTOR('',#2631,1.);
#2631 = DIRECTION('',(0.,1.,0.));
#2632 = PLANE('',#2633);
#2633 = AXIS2_PLACEMENT_3D('',#2634,#2635,#2636);
#2634 = CARTESIAN_POINT('',(-1.95E+03,200.,710.));
#2635 = DIRECTION('',(-1.,0.,0.));
#2636 = DIRECTION('',(0.,1.,0.));
#2637 = ADVANCED_FACE('',(#2638),#2663,.T.);
#2638 = FACE_BOUND('',#2639,.T.);
#2639 = EDGE_LOOP('',(#2640,#2641,#2649,#2657));
#2640 = ORIENTED_EDGE('',*,*,#2619,.T.);
#2641 = ORIENTED_EDGE('',*,*,#2642,.T.);
#2642 = EDGE_CURVE('',#2612,#2643,#2645,.T.);
#2643 = VERTEX_POINT('',#2644);
#2644 = CARTESIAN_POINT('',(-980.,800.,750.));
#2645 = LINE('',#2646,#2647);
#2646 = CARTESIAN_POINT('',(-1.95E+03,800.,750.));
#2647 = VECTOR('',#2648,1.);
#2648 = DIRECTION('',(1.,-1.172029254862E-16,0.));
#2649 = ORIENTED_EDGE('',*,*,#2650,.F.);
#2650 = EDGE_CURVE('',#2651,#2643,#2653,.T.);
#2651 = VERTEX_POINT('',#2652);
#2652 = CARTESIAN_POINT('',(-980.,800.,710.));
#2653 = LINE('',#2654,#2655);
#2654 = CARTESIAN_POINT('',(-980.,800.,710.));
#2655 = VECTOR('',#2656,1.);
#2656 = DIRECTION('',(0.,0.,1.));
#2657 = ORIENTED_EDGE('',*,*,#2658,.F.);
#2658 = EDGE_CURVE('',#2620,#2651,#2659,.T.);
#2659 = LINE('',#2660,#2661);
#2660 = CARTESIAN_POINT('',(-1.95E+03,800.,710.));
#2661 = VECTOR('',#2662,1.);
#2662 = DIRECTION('',(1.,-1.172029254862E-16,0.));
#2663 = PLANE('',#2664);
#2664 = AXIS2_PLACEMENT_3D('',#2665,#2666,#2667);
#2665 = CARTESIAN_POINT('',(-1.95E+03,800.,710.));
#2666 = DIRECTION('',(1.172029254862E-16,1.,0.));
#2667 = DIRECTION('',(1.,-1.172029254862E-16,0.));
#2668 = ADVANCED_FACE('',(#2669),#2685,.T.);
#2669 = FACE_BOUND('',#2670,.T.);
#2670 = EDGE_LOOP('',(#2671,#2672,#2678,#2679));
#2671 = ORIENTED_EDGE('',*,*,#2650,.T.);
#2672 = ORIENTED_EDGE('',*,*,#2673,.T.);
#2673 = EDGE_CURVE('',#2643,#2573,#2674,.T.);
#2674 = LINE('',#2675,#2676);
#2675 = CARTESIAN_POINT('',(-980.,800.,750.));
#2676 = VECTOR('',#2677,1.);
#2677 = DIRECTION('',(0.422885465331,-0.906183139995,0.));
#2678 = ORIENTED_EDGE('',*,*,#2570,.F.);
#2679 = ORIENTED_EDGE('',*,*,#2680,.F.);
#2680 = EDGE_CURVE('',#2651,#2571,#2681,.T.);
#2681 = LINE('',#2682,#2683);
#2682 = CARTESIAN_POINT('',(-980.,800.,710.));
#2683 = VECTOR('',#2684,1.);
#2684 = DIRECTION('',(0.422885465331,-0.906183139995,0.));
#2685 = PLANE('',#2686);
#2686 = AXIS2_PLACEMENT_3D('',#2687,#2688,#2689);
#2687 = CARTESIAN_POINT('',(-980.,800.,710.));
#2688 = DIRECTION('',(0.906183139995,0.422885465331,0.));
#2689 = DIRECTION('',(0.422885465331,-0.906183139995,0.));
#2690 = ADVANCED_FACE('',(#2691),#2697,.T.);
#2691 = FACE_BOUND('',#2692,.T.);
#2692 = EDGE_LOOP('',(#2693,#2694,#2695,#2696));
#2693 = ORIENTED_EDGE('',*,*,#2596,.T.);
#2694 = ORIENTED_EDGE('',*,*,#2627,.T.);
#2695 = ORIENTED_EDGE('',*,*,#2658,.T.);
#2696 = ORIENTED_EDGE('',*,*,#2680,.T.);
#2697 = PLANE('',#2698);
#2698 = AXIS2_PLACEMENT_3D('',#2699,#2700,#2701);
#2699 = CARTESIAN_POINT('',(-1.379470546428E+03,475.87674958748,710.));
#2700 = DIRECTION('',(-0.,-0.,-1.));
#2701 = DIRECTION('',(-1.,0.,0.));
#2702 = ADVANCED_FACE('',(#2703),#2709,.F.);
#2703 = FACE_BOUND('',#2704,.F.);
#2704 = EDGE_LOOP('',(#2705,#2706,#2707,#2708));
#2705 = ORIENTED_EDGE('',*,*,#2580,.T.);
#2706 = ORIENTED_EDGE('',*,*,#2611,.T.);
#2707 = ORIENTED_EDGE('',*,*,#2642,.T.);
#2708 = ORIENTED_EDGE('',*,*,#2673,.T.);
#2709 = PLANE('',#2710);
#2710 = AXIS2_PLACEMENT_3D('',#2711,#2712,#2713);
#2711 = CARTESIAN_POINT('',(-1.379470546428E+03,475.87674958748,750.));
#2712 = DIRECTION('',(-0.,-0.,-1.));
#2713 = DIRECTION('',(-1.,0.,0.));
#2714 = MANIFOLD_SOLID_BREP('',#2715);
#2715 = CLOSED_SHELL('',(#2716,#2749,#2758));
#2716 = ADVANCED_FACE('',(#2717),#2744,.T.);
#2717 = FACE_BOUND('',#2718,.T.);
#2718 = EDGE_LOOP('',(#2719,#2728,#2736,#2743));
#2719 = ORIENTED_EDGE('',*,*,#2720,.F.);
#2720 = EDGE_CURVE('',#2721,#2721,#2723,.T.);
#2721 = VERTEX_POINT('',#2722);
#2722 = CARTESIAN_POINT('',(-1.352E+03,500.,710.));
#2723 = CIRCLE('',#2724,43.);
#2724 = AXIS2_PLACEMENT_3D('',#2725,#2726,#2727);
#2725 = CARTESIAN_POINT('',(-1.395E+03,500.,710.));
#2726 = DIRECTION('',(0.,0.,1.));
#2727 = DIRECTION('',(1.,0.,0.));
#2728 = ORIENTED_EDGE('',*,*,#2729,.F.);
#2729 = EDGE_CURVE('',#2730,#2721,#2732,.T.);
#2730 = VERTEX_POINT('',#2731);
#2731 = CARTESIAN_POINT('',(-1.352E+03,500.,301.));
#2732 = LINE('',#2733,#2734);
#2733 = CARTESIAN_POINT('',(-1.352E+03,500.,301.));
#2734 = VECTOR('',#2735,1.);
#2735 = DIRECTION('',(0.,0.,1.));
#2736 = ORIENTED_EDGE('',*,*,#2737,.T.);
#2737 = EDGE_CURVE('',#2730,#2730,#2738,.T.);
#2738 = CIRCLE('',#2739,43.);
#2739 = AXIS2_PLACEMENT_3D('',#2740,#2741,#2742);
#2740 = CARTESIAN_POINT('',(-1.395E+03,500.,301.));
#2741 = DIRECTION('',(0.,0.,1.));
#2742 = DIRECTION('',(1.,0.,0.));
#2743 = ORIENTED_EDGE('',*,*,#2729,.T.);
#2744 = CYLINDRICAL_SURFACE('',#2745,43.);
#2745 = AXIS2_PLACEMENT_3D('',#2746,#2747,#2748);
#2746 = CARTESIAN_POINT('',(-1.395E+03,500.,301.));
#2747 = DIRECTION('',(0.,0.,1.));
#2748 = DIRECTION('',(1.,0.,0.));
#2749 = ADVANCED_FACE('',(#2750),#2753,.T.);
#2750 = FACE_BOUND('',#2751,.T.);
#2751 = EDGE_LOOP('',(#2752));
#2752 = ORIENTED_EDGE('',*,*,#2720,.T.);
#2753 = PLANE('',#2754);
#2754 = AXIS2_PLACEMENT_3D('',#2755,#2756,#2757);
#2755 = CARTESIAN_POINT('',(-1.395E+03,500.,710.));
#2756 = DIRECTION('',(0.,0.,1.));
#2757 = DIRECTION('',(1.,0.,0.));
#2758 = ADVANCED_FACE('',(#2759),#2762,.F.);
#2759 = FACE_BOUND('',#2760,.T.);
#2760 = EDGE_LOOP('',(#2761));
#2761 = ORIENTED_EDGE('',*,*,#2737,.F.);
#2762 = PLANE('',#2763);
#2763 = AXIS2_PLACEMENT_3D('',#2764,#2765,#2766);
#2764 = CARTESIAN_POINT('',(-1.395E+03,500.,301.));
#2765 = DIRECTION('',(0.,0.,1.));
#2766 = DIRECTION('',(1.,0.,0.));
#2767 = MANIFOLD_SOLID_BREP('',#2768);
#2768 = CLOSED_SHELL('',(#2769,#2809,#2840,#2871,#2893,#2905));
#2769 = ADVANCED_FACE('',(#2770),#2804,.F.);
#2770 = FACE_BOUND('',#2771,.F.);
#2771 = EDGE_LOOP('',(#2772,#2782,#2790,#2798));
#2772 = ORIENTED_EDGE('',*,*,#2773,.T.);
#2773 = EDGE_CURVE('',#2774,#2776,#2778,.T.);
#2774 = VERTEX_POINT('',#2775);
#2775 = CARTESIAN_POINT('',(176.79491924311,706.2177826491,710.));
#2776 = VERTEX_POINT('',#2777);
#2777 = CARTESIAN_POINT('',(176.79491924311,706.2177826491,750.));
#2778 = LINE('',#2779,#2780);
#2779 = CARTESIAN_POINT('',(176.79491924311,706.2177826491,710.));
#2780 = VECTOR('',#2781,1.);
#2781 = DIRECTION('',(0.,0.,1.));
#2782 = ORIENTED_EDGE('',*,*,#2783,.T.);
#2783 = EDGE_CURVE('',#2776,#2784,#2786,.T.);
#2784 = VERTEX_POINT('',#2785);
#2785 = CARTESIAN_POINT('',(801.79491924311,1.78874953738E+03,750.));
#2786 = LINE('',#2787,#2788);
#2787 = CARTESIAN_POINT('',(176.79491924311,706.2177826491,750.));
#2788 = VECTOR('',#2789,1.);
#2789 = DIRECTION('',(0.5,0.866025403784,0.));
#2790 = ORIENTED_EDGE('',*,*,#2791,.F.);
#2791 = EDGE_CURVE('',#2792,#2784,#2794,.T.);
#2792 = VERTEX_POINT('',#2793);
#2793 = CARTESIAN_POINT('',(801.79491924311,1.78874953738E+03,710.));
#2794 = LINE('',#2795,#2796);
#2795 = CARTESIAN_POINT('',(801.79491924311,1.78874953738E+03,710.));
#2796 = VECTOR('',#2797,1.);
#2797 = DIRECTION('',(0.,0.,1.));
#2798 = ORIENTED_EDGE('',*,*,#2799,.F.);
#2799 = EDGE_CURVE('',#2774,#2792,#2800,.T.);
#2800 = LINE('',#2801,#2802);
#2801 = CARTESIAN_POINT('',(176.79491924311,706.2177826491,710.));
#2802 = VECTOR('',#2803,1.);
#2803 = DIRECTION('',(0.5,0.866025403784,0.));
#2804 = PLANE('',#2805);
#2805 = AXIS2_PLACEMENT_3D('',#2806,#2807,#2808);
#2806 = CARTESIAN_POINT('',(176.79491924311,706.2177826491,710.));
#2807 = DIRECTION('',(-0.866025403784,0.5,0.));
#2808 = DIRECTION('',(0.5,0.866025403784,0.));
#2809 = ADVANCED_FACE('',(#2810),#2835,.F.);
#2810 = FACE_BOUND('',#2811,.F.);
#2811 = EDGE_LOOP('',(#2812,#2813,#2821,#2829));
#2812 = ORIENTED_EDGE('',*,*,#2791,.T.);
#2813 = ORIENTED_EDGE('',*,*,#2814,.T.);
#2814 = EDGE_CURVE('',#2784,#2815,#2817,.T.);
#2815 = VERTEX_POINT('',#2816);
#2816 = CARTESIAN_POINT('',(282.17967697244,2.08874953738E+03,750.));
#2817 = LINE('',#2818,#2819);
#2818 = CARTESIAN_POINT('',(801.79491924311,1.78874953738E+03,750.));
#2819 = VECTOR('',#2820,1.);
#2820 = DIRECTION('',(-0.866025403784,0.5,0.));
#2821 = ORIENTED_EDGE('',*,*,#2822,.F.);
#2822 = EDGE_CURVE('',#2823,#2815,#2825,.T.);
#2823 = VERTEX_POINT('',#2824);
#2824 = CARTESIAN_POINT('',(282.17967697244,2.08874953738E+03,710.));
#2825 = LINE('',#2826,#2827);
#2826 = CARTESIAN_POINT('',(282.17967697244,2.08874953738E+03,710.));
#2827 = VECTOR('',#2828,1.);
#2828 = DIRECTION('',(0.,0.,1.));
#2829 = ORIENTED_EDGE('',*,*,#2830,.F.);
#2830 = EDGE_CURVE('',#2792,#2823,#2831,.T.);
#2831 = LINE('',#2832,#2833);
#2832 = CARTESIAN_POINT('',(801.79491924311,1.78874953738E+03,710.));
#2833 = VECTOR('',#2834,1.);
#2834 = DIRECTION('',(-0.866025403784,0.5,0.));
#2835 = PLANE('',#2836);
#2836 = AXIS2_PLACEMENT_3D('',#2837,#2838,#2839);
#2837 = CARTESIAN_POINT('',(801.79491924311,1.78874953738E+03,710.));
#2838 = DIRECTION('',(-0.5,-0.866025403784,0.));
#2839 = DIRECTION('',(-0.866025403784,0.5,0.));
#2840 = ADVANCED_FACE('',(#2841),#2866,.F.);
#2841 = FACE_BOUND('',#2842,.F.);
#2842 = EDGE_LOOP('',(#2843,#2844,#2852,#2860));
#2843 = ORIENTED_EDGE('',*,*,#2822,.T.);
#2844 = ORIENTED_EDGE('',*,*,#2845,.T.);
#2845 = EDGE_CURVE('',#2815,#2846,#2848,.T.);
#2846 = VERTEX_POINT('',#2847);
#2847 = CARTESIAN_POINT('',(-202.8203230275,1.248704895709E+03,750.));
#2848 = LINE('',#2849,#2850);
#2849 = CARTESIAN_POINT('',(282.17967697244,2.08874953738E+03,750.));
#2850 = VECTOR('',#2851,1.);
#2851 = DIRECTION('',(-0.5,-0.866025403784,0.));
#2852 = ORIENTED_EDGE('',*,*,#2853,.F.);
#2853 = EDGE_CURVE('',#2854,#2846,#2856,.T.);
#2854 = VERTEX_POINT('',#2855);
#2855 = CARTESIAN_POINT('',(-202.8203230275,1.248704895709E+03,710.));
#2856 = LINE('',#2857,#2858);
#2857 = CARTESIAN_POINT('',(-202.8203230275,1.248704895709E+03,710.));
#2858 = VECTOR('',#2859,1.);
#2859 = DIRECTION('',(0.,0.,1.));
#2860 = ORIENTED_EDGE('',*,*,#2861,.F.);
#2861 = EDGE_CURVE('',#2823,#2854,#2862,.T.);
#2862 = LINE('',#2863,#2864);
#2863 = CARTESIAN_POINT('',(282.17967697244,2.08874953738E+03,710.));
#2864 = VECTOR('',#2865,1.);
#2865 = DIRECTION('',(-0.5,-0.866025403784,0.));
#2866 = PLANE('',#2867);
#2867 = AXIS2_PLACEMENT_3D('',#2868,#2869,#2870);
#2868 = CARTESIAN_POINT('',(282.17967697244,2.08874953738E+03,710.));
#2869 = DIRECTION('',(0.866025403784,-0.5,0.));
#2870 = DIRECTION('',(-0.5,-0.866025403784,0.));
#2871 = ADVANCED_FACE('',(#2872),#2888,.F.);
#2872 = FACE_BOUND('',#2873,.F.);
#2873 = EDGE_LOOP('',(#2874,#2875,#2881,#2882));
#2874 = ORIENTED_EDGE('',*,*,#2853,.T.);
#2875 = ORIENTED_EDGE('',*,*,#2876,.T.);
#2876 = EDGE_CURVE('',#2846,#2776,#2877,.T.);
#2877 = LINE('',#2878,#2879);
#2878 = CARTESIAN_POINT('',(-202.8203230275,1.248704895709E+03,750.));
#2879 = VECTOR('',#2880,1.);
#2880 = DIRECTION('',(0.573334887051,-0.819321125866,0.));
#2881 = ORIENTED_EDGE('',*,*,#2773,.F.);
#2882 = ORIENTED_EDGE('',*,*,#2883,.F.);
#2883 = EDGE_CURVE('',#2854,#2774,#2884,.T.);
#2884 = LINE('',#2885,#2886);
#2885 = CARTESIAN_POINT('',(-202.8203230275,1.248704895709E+03,710.));
#2886 = VECTOR('',#2887,1.);
#2887 = DIRECTION('',(0.573334887051,-0.819321125866,0.));
#2888 = PLANE('',#2889);
#2889 = AXIS2_PLACEMENT_3D('',#2890,#2891,#2892);
#2890 = CARTESIAN_POINT('',(-202.8203230275,1.248704895709E+03,710.));
#2891 = DIRECTION('',(0.819321125866,0.573334887051,0.));
#2892 = DIRECTION('',(0.573334887051,-0.819321125866,0.));
#2893 = ADVANCED_FACE('',(#2894),#2900,.F.);
#2894 = FACE_BOUND('',#2895,.F.);
#2895 = EDGE_LOOP('',(#2896,#2897,#2898,#2899));
#2896 = ORIENTED_EDGE('',*,*,#2799,.T.);
#2897 = ORIENTED_EDGE('',*,*,#2830,.T.);
#2898 = ORIENTED_EDGE('',*,*,#2861,.T.);
#2899 = ORIENTED_EDGE('',*,*,#2883,.T.);
#2900 = PLANE('',#2901);
#2901 = AXIS2_PLACEMENT_3D('',#2902,#2903,#2904);
#2902 = CARTESIAN_POINT('',(277.61391900063,1.432594911772E+03,710.));
#2903 = DIRECTION('',(0.,0.,1.));
#2904 = DIRECTION('',(1.,0.,0.));
#2905 = ADVANCED_FACE('',(#2906),#2912,.T.);
#2906 = FACE_BOUND('',#2907,.T.);
#2907 = EDGE_LOOP('',(#2908,#2909,#2910,#2911));
#2908 = ORIENTED_EDGE('',*,*,#2783,.T.);
#2909 = ORIENTED_EDGE('',*,*,#2814,.T.);
#2910 = ORIENTED_EDGE('',*,*,#2845,.T.);
#2911 = ORIENTED_EDGE('',*,*,#2876,.T.);
#2912 = PLANE('',#2913);
#2913 = AXIS2_PLACEMENT_3D('',#2914,#2915,#2916);
#2914 = CARTESIAN_POINT('',(277.61391900063,1.432594911772E+03,750.));
#2915 = DIRECTION('',(0.,0.,1.));
#2916 = DIRECTION('',(1.,0.,0.));
#2917 = MANIFOLD_SOLID_BREP('',#2918);
#2918 = CLOSED_SHELL('',(#2919,#2952,#2961));
#2919 = ADVANCED_FACE('',(#2920),#2947,.T.);
#2920 = FACE_BOUND('',#2921,.T.);
#2921 = EDGE_LOOP('',(#2922,#2931,#2939,#2946));
#2922 = ORIENTED_EDGE('',*,*,#2923,.F.);
#2923 = EDGE_CURVE('',#2924,#2924,#2926,.T.);
#2924 = VERTEX_POINT('',#2925);
#2925 = CARTESIAN_POINT('',(307.48729810778,1.458105438279E+03,710.));
#2926 = CIRCLE('',#2927,43.);
#2927 = AXIS2_PLACEMENT_3D('',#2928,#2929,#2930);
#2928 = CARTESIAN_POINT('',(264.48729810778,1.458105438279E+03,710.));
#2929 = DIRECTION('',(0.,0.,1.));
#2930 = DIRECTION('',(1.,0.,0.));
#2931 = ORIENTED_EDGE('',*,*,#2932,.F.);
#2932 = EDGE_CURVE('',#2933,#2924,#2935,.T.);
#2933 = VERTEX_POINT('',#2934);
#2934 = CARTESIAN_POINT('',(307.48729810778,1.458105438279E+03,301.));
#2935 = LINE('',#2936,#2937);
#2936 = CARTESIAN_POINT('',(307.48729810778,1.458105438279E+03,301.));
#2937 = VECTOR('',#2938,1.);
#2938 = DIRECTION('',(0.,0.,1.));
#2939 = ORIENTED_EDGE('',*,*,#2940,.T.);
#2940 = EDGE_CURVE('',#2933,#2933,#2941,.T.);
#2941 = CIRCLE('',#2942,43.);
#2942 = AXIS2_PLACEMENT_3D('',#2943,#2944,#2945);
#2943 = CARTESIAN_POINT('',(264.48729810778,1.458105438279E+03,301.));
#2944 = DIRECTION('',(0.,0.,1.));
#2945 = DIRECTION('',(1.,0.,0.));
#2946 = ORIENTED_EDGE('',*,*,#2932,.T.);
#2947 = CYLINDRICAL_SURFACE('',#2948,43.);
#2948 = AXIS2_PLACEMENT_3D('',#2949,#2950,#2951);
#2949 = CARTESIAN_POINT('',(264.48729810778,1.458105438279E+03,301.));
#2950 = DIRECTION('',(0.,0.,1.));
#2951 = DIRECTION('',(1.,0.,0.));
#2952 = ADVANCED_FACE('',(#2953),#2956,.T.);
#2953 = FACE_BOUND('',#2954,.T.);
#2954 = EDGE_LOOP('',(#2955));
#2955 = ORIENTED_EDGE('',*,*,#2923,.T.);
#2956 = PLANE('',#2957);
#2957 = AXIS2_PLACEMENT_3D('',#2958,#2959,#2960);
#2958 = CARTESIAN_POINT('',(264.48729810778,1.458105438279E+03,710.));
#2959 = DIRECTION('',(0.,0.,1.));
#2960 = DIRECTION('',(1.,0.,0.));
#2961 = ADVANCED_FACE('',(#2962),#2965,.F.);
#2962 = FACE_BOUND('',#2963,.T.);
#2963 = EDGE_LOOP('',(#2964));
#2964 = ORIENTED_EDGE('',*,*,#2940,.F.);
#2965 = PLANE('',#2966);
#2966 = AXIS2_PLACEMENT_3D('',#2967,#2968,#2969);
#2967 = CARTESIAN_POINT('',(264.48729810778,1.458105438279E+03,301.));
#2968 = DIRECTION('',(0.,0.,1.));
#2969 = DIRECTION('',(1.,0.,0.));
#2970 = MANIFOLD_SOLID_BREP('',#2971);
#2971 = CLOSED_SHELL('',(#2972,#3012,#3043,#3074,#3096,#3108));
#2972 = ADVANCED_FACE('',(#2973),#3007,.F.);
#2973 = FACE_BOUND('',#2974,.F.);
#2974 = EDGE_LOOP('',(#2975,#2985,#2993,#3001));
#2975 = ORIENTED_EDGE('',*,*,#2976,.T.);
#2976 = EDGE_CURVE('',#2977,#2979,#2981,.T.);
#2977 = VERTEX_POINT('',#2978);
#2978 = CARTESIAN_POINT('',(-623.1088913245,-379.256258422,710.));
#2979 = VERTEX_POINT('',#2980);
#2980 = CARTESIAN_POINT('',(-623.1088913245,-379.256258422,750.));
#2981 = LINE('',#2982,#2983);
#2982 = CARTESIAN_POINT('',(-623.1088913245,-379.256258422,710.));
#2983 = VECTOR('',#2984,1.);
#2984 = DIRECTION('',(0.,0.,1.));
#2985 = ORIENTED_EDGE('',*,*,#2986,.T.);
#2986 = EDGE_CURVE('',#2979,#2987,#2989,.T.);
#2987 = VERTEX_POINT('',#2988);
#2988 = CARTESIAN_POINT('',(-941.4101615137,-830.5702305034,750.));
#2989 = LINE('',#2990,#2991);
#2990 = CARTESIAN_POINT('',(-623.1088913245,-379.256258422,750.));
#2991 = VECTOR('',#2992,1.);
#2992 = DIRECTION('',(-0.576352859257,-0.817200943236,0.));
#2993 = ORIENTED_EDGE('',*,*,#2994,.F.);
#2994 = EDGE_CURVE('',#2995,#2987,#2997,.T.);
#2995 = VERTEX_POINT('',#2996);
#2996 = CARTESIAN_POINT('',(-941.4101615137,-830.5702305034,710.));
#2997 = LINE('',#2998,#2999);
#2998 = CARTESIAN_POINT('',(-941.4101615137,-830.5702305034,710.));
#2999 = VECTOR('',#3000,1.);
#3000 = DIRECTION('',(0.,0.,1.));
#3001 = ORIENTED_EDGE('',*,*,#3002,.F.);
#3002 = EDGE_CURVE('',#2977,#2995,#3003,.T.);
#3003 = LINE('',#3004,#3005);
#3004 = CARTESIAN_POINT('',(-623.1088913245,-379.256258422,710.));
#3005 = VECTOR('',#3006,1.);
#3006 = DIRECTION('',(-0.576352859257,-0.817200943236,0.));
#3007 = PLANE('',#3008);
#3008 = AXIS2_PLACEMENT_3D('',#3009,#3010,#3011);
#3009 = CARTESIAN_POINT('',(-623.1088913245,-379.256258422,710.));
#3010 = DIRECTION('',(0.817200943236,-0.576352859257,0.));
#3011 = DIRECTION('',(-0.576352859257,-0.817200943236,0.));
#3012 = ADVANCED_FACE('',(#3013),#3038,.F.);
#3013 = FACE_BOUND('',#3014,.F.);
#3014 = EDGE_LOOP('',(#3015,#3016,#3024,#3032));
#3015 = ORIENTED_EDGE('',*,*,#2994,.T.);
#3016 = ORIENTED_EDGE('',*,*,#3017,.T.);
#3017 = EDGE_CURVE('',#2987,#3018,#3020,.T.);
#3018 = VERTEX_POINT('',#3019);
#3019 = CARTESIAN_POINT('',(-248.5898384862,-1.230570230503E+03,750.));
#3020 = LINE('',#3021,#3022);
#3021 = CARTESIAN_POINT('',(-941.4101615137,-830.5702305034,750.));
#3022 = VECTOR('',#3023,1.);
#3023 = DIRECTION('',(0.866025403784,-0.5,0.));
#3024 = ORIENTED_EDGE('',*,*,#3025,.F.);
#3025 = EDGE_CURVE('',#3026,#3018,#3028,.T.);
#3026 = VERTEX_POINT('',#3027);
#3027 = CARTESIAN_POINT('',(-248.5898384862,-1.230570230503E+03,710.));
#3028 = LINE('',#3029,#3030);
#3029 = CARTESIAN_POINT('',(-248.5898384862,-1.230570230503E+03,710.));
#3030 = VECTOR('',#3031,1.);
#3031 = DIRECTION('',(0.,0.,1.));
#3032 = ORIENTED_EDGE('',*,*,#3033,.F.);
#3033 = EDGE_CURVE('',#2995,#3026,#3034,.T.);
#3034 = LINE('',#3035,#3036);
#3035 = CARTESIAN_POINT('',(-941.4101615137,-830.5702305034,710.));
#3036 = VECTOR('',#3037,1.);
#3037 = DIRECTION('',(0.866025403784,-0.5,0.));
#3038 = PLANE('',#3039);
#3039 = AXIS2_PLACEMENT_3D('',#3040,#3041,#3042);
#3040 = CARTESIAN_POINT('',(-941.4101615137,-830.5702305034,710.));
#3041 = DIRECTION('',(0.5,0.866025403784,0.));
#3042 = DIRECTION('',(0.866025403784,-0.5,0.));
#3043 = ADVANCED_FACE('',(#3044),#3069,.F.);
#3044 = FACE_BOUND('',#3045,.F.);
#3045 = EDGE_LOOP('',(#3046,#3047,#3055,#3063));
#3046 = ORIENTED_EDGE('',*,*,#3025,.T.);
#3047 = ORIENTED_EDGE('',*,*,#3048,.T.);
#3048 = EDGE_CURVE('',#3018,#3049,#3051,.T.);
#3049 = VERTEX_POINT('',#3050);
#3050 = CARTESIAN_POINT('',(-16.89110867544,-729.256258422,750.));
#3051 = LINE('',#3052,#3053);
#3052 = CARTESIAN_POINT('',(-248.5898384862,-1.230570230503E+03,750.));
#3053 = VECTOR('',#3054,1.);
#3054 = DIRECTION('',(0.41954034721,0.907736689279,0.));
#3055 = ORIENTED_EDGE('',*,*,#3056,.F.);
#3056 = EDGE_CURVE('',#3057,#3049,#3059,.T.);
#3057 = VERTEX_POINT('',#3058);
#3058 = CARTESIAN_POINT('',(-16.89110867544,-729.256258422,710.));
#3059 = LINE('',#3060,#3061);
#3060 = CARTESIAN_POINT('',(-16.89110867544,-729.256258422,710.));
#3061 = VECTOR('',#3062,1.);
#3062 = DIRECTION('',(0.,0.,1.));
#3063 = ORIENTED_EDGE('',*,*,#3064,.F.);
#3064 = EDGE_CURVE('',#3026,#3057,#3065,.T.);
#3065 = LINE('',#3066,#3067);
#3066 = CARTESIAN_POINT('',(-248.5898384862,-1.230570230503E+03,710.));
#3067 = VECTOR('',#3068,1.);
#3068 = DIRECTION('',(0.41954034721,0.907736689279,0.));
#3069 = PLANE('',#3070);
#3070 = AXIS2_PLACEMENT_3D('',#3071,#3072,#3073);
#3071 = CARTESIAN_POINT('',(-248.5898384862,-1.230570230503E+03,710.));
#3072 = DIRECTION('',(-0.907736689279,0.41954034721,0.));
#3073 = DIRECTION('',(0.41954034721,0.907736689279,0.));
#3074 = ADVANCED_FACE('',(#3075),#3091,.F.);
#3075 = FACE_BOUND('',#3076,.F.);
#3076 = EDGE_LOOP('',(#3077,#3078,#3084,#3085));
#3077 = ORIENTED_EDGE('',*,*,#3056,.T.);
#3078 = ORIENTED_EDGE('',*,*,#3079,.T.);
#3079 = EDGE_CURVE('',#3049,#2979,#3080,.T.);
#3080 = LINE('',#3081,#3082);
#3081 = CARTESIAN_POINT('',(-16.89110867544,-729.256258422,750.));
#3082 = VECTOR('',#3083,1.);
#3083 = DIRECTION('',(-0.866025403784,0.5,0.));
#3084 = ORIENTED_EDGE('',*,*,#2976,.F.);
#3085 = ORIENTED_EDGE('',*,*,#3086,.F.);
#3086 = EDGE_CURVE('',#3057,#2977,#3087,.T.);
#3087 = LINE('',#3088,#3089);
#3088 = CARTESIAN_POINT('',(-16.89110867544,-729.256258422,710.));
#3089 = VECTOR('',#3090,1.);
#3090 = DIRECTION('',(-0.866025403784,0.5,0.));
#3091 = PLANE('',#3092);
#3092 = AXIS2_PLACEMENT_3D('',#3093,#3094,#3095);
#3093 = CARTESIAN_POINT('',(-16.89110867544,-729.256258422,710.));
#3094 = DIRECTION('',(-0.5,-0.866025403784,0.));
#3095 = DIRECTION('',(-0.866025403784,0.5,0.));
#3096 = ADVANCED_FACE('',(#3097),#3103,.F.);
#3097 = FACE_BOUND('',#3098,.F.);
#3098 = EDGE_LOOP('',(#3099,#3100,#3101,#3102));
#3099 = ORIENTED_EDGE('',*,*,#3002,.T.);
#3100 = ORIENTED_EDGE('',*,*,#3033,.T.);
#3101 = ORIENTED_EDGE('',*,*,#3064,.T.);
#3102 = ORIENTED_EDGE('',*,*,#3086,.T.);
#3103 = PLANE('',#3104);
#3104 = AXIS2_PLACEMENT_3D('',#3105,#3106,#3107);
#3105 = CARTESIAN_POINT('',(-462.7792510692,-801.5571755406,710.));
#3106 = DIRECTION('',(0.,0.,1.));
#3107 = DIRECTION('',(1.,0.,0.));
#3108 = ADVANCED_FACE('',(#3109),#3115,.T.);
#3109 = FACE_BOUND('',#3110,.T.);
#3110 = EDGE_LOOP('',(#3111,#3112,#3113,#3114));
#3111 = ORIENTED_EDGE('',*,*,#2986,.T.);
#3112 = ORIENTED_EDGE('',*,*,#3017,.T.);
#3113 = ORIENTED_EDGE('',*,*,#3048,.T.);
#3114 = ORIENTED_EDGE('',*,*,#3079,.T.);
#3115 = PLANE('',#3116);
#3116 = AXIS2_PLACEMENT_3D('',#3117,#3118,#3119);
#3117 = CARTESIAN_POINT('',(-462.7792510692,-801.5571755406,750.));
#3118 = DIRECTION('',(0.,0.,1.));
#3119 = DIRECTION('',(1.,0.,0.));
#3120 = MANIFOLD_SOLID_BREP('',#3121);
#3121 = CLOSED_SHELL('',(#3122,#3155,#3164));
#3122 = ADVANCED_FACE('',(#3123),#3150,.T.);
#3123 = FACE_BOUND('',#3124,.T.);
#3124 = EDGE_LOOP('',(#3125,#3134,#3142,#3149));
#3125 = ORIENTED_EDGE('',*,*,#3126,.F.);
#3126 = EDGE_CURVE('',#3127,#3127,#3129,.T.);
#3127 = VERTEX_POINT('',#3128);
#3128 = CARTESIAN_POINT('',(-312.,-614.8780366869,710.));
#3129 = CIRCLE('',#3130,43.);
#3130 = AXIS2_PLACEMENT_3D('',#3131,#3132,#3133);
#3131 = CARTESIAN_POINT('',(-355.,-614.8780366869,710.));
#3132 = DIRECTION('',(0.,0.,1.));
#3133 = DIRECTION('',(1.,0.,0.));
#3134 = ORIENTED_EDGE('',*,*,#3135,.F.);
#3135 = EDGE_CURVE('',#3136,#3127,#3138,.T.);
#3136 = VERTEX_POINT('',#3137);
#3137 = CARTESIAN_POINT('',(-312.,-614.8780366869,301.));
#3138 = LINE('',#3139,#3140);
#3139 = CARTESIAN_POINT('',(-312.,-614.8780366869,301.));
#3140 = VECTOR('',#3141,1.);
#3141 = DIRECTION('',(0.,0.,1.));
#3142 = ORIENTED_EDGE('',*,*,#3143,.T.);
#3143 = EDGE_CURVE('',#3136,#3136,#3144,.T.);
#3144 = CIRCLE('',#3145,43.);
#3145 = AXIS2_PLACEMENT_3D('',#3146,#3147,#3148);
#3146 = CARTESIAN_POINT('',(-355.,-614.8780366869,301.));
#3147 = DIRECTION('',(0.,0.,1.));
#3148 = DIRECTION('',(1.,0.,0.));
#3149 = ORIENTED_EDGE('',*,*,#3135,.T.);
#3150 = CYLINDRICAL_SURFACE('',#3151,43.);
#3151 = AXIS2_PLACEMENT_3D('',#3152,#3153,#3154);
#3152 = CARTESIAN_POINT('',(-355.,-614.8780366869,301.));
#3153 = DIRECTION('',(0.,0.,1.));
#3154 = DIRECTION('',(1.,0.,0.));
#3155 = ADVANCED_FACE('',(#3156),#3159,.T.);
#3156 = FACE_BOUND('',#3157,.T.);
#3157 = EDGE_LOOP('',(#3158));
#3158 = ORIENTED_EDGE('',*,*,#3126,.T.);
#3159 = PLANE('',#3160);
#3160 = AXIS2_PLACEMENT_3D('',#3161,#3162,#3163);
#3161 = CARTESIAN_POINT('',(-355.,-614.8780366869,710.));
#3162 = DIRECTION('',(0.,0.,1.));
#3163 = DIRECTION('',(1.,0.,0.));
#3164 = ADVANCED_FACE('',(#3165),#3168,.F.);
#3165 = FACE_BOUND('',#3166,.T.);
#3166 = EDGE_LOOP('',(#3167));
#3167 = ORIENTED_EDGE('',*,*,#3143,.F.);
#3168 = PLANE('',#3169);
#3169 = AXIS2_PLACEMENT_3D('',#3170,#3171,#3172);
#3170 = CARTESIAN_POINT('',(-355.,-614.8780366869,301.));
#3171 = DIRECTION('',(0.,0.,1.));
#3172 = DIRECTION('',(1.,0.,0.));
#3173 = MANIFOLD_SOLID_BREP('',#3174);
#3174 = CLOSED_SHELL('',(#3175,#3215,#3246,#3277,#3299,#3311));
#3175 = ADVANCED_FACE('',(#3176),#3210,.T.);
#3176 = FACE_BOUND('',#3177,.T.);
#3177 = EDGE_LOOP('',(#3178,#3188,#3196,#3204));
#3178 = ORIENTED_EDGE('',*,*,#3179,.T.);
#3179 = EDGE_CURVE('',#3180,#3182,#3184,.T.);
#3180 = VERTEX_POINT('',#3181);
#3181 = CARTESIAN_POINT('',(176.79491924311,-706.2177826491,710.));
#3182 = VERTEX_POINT('',#3183);
#3183 = CARTESIAN_POINT('',(176.79491924311,-706.2177826491,750.));
#3184 = LINE('',#3185,#3186);
#3185 = CARTESIAN_POINT('',(176.79491924311,-706.2177826491,710.));
#3186 = VECTOR('',#3187,1.);
#3187 = DIRECTION('',(0.,0.,1.));
#3188 = ORIENTED_EDGE('',*,*,#3189,.T.);
#3189 = EDGE_CURVE('',#3182,#3190,#3192,.T.);
#3190 = VERTEX_POINT('',#3191);
#3191 = CARTESIAN_POINT('',(801.79491924311,-1.78874953738E+03,750.));
#3192 = LINE('',#3193,#3194);
#3193 = CARTESIAN_POINT('',(176.79491924311,-706.2177826491,750.));
#3194 = VECTOR('',#3195,1.);
#3195 = DIRECTION('',(0.5,-0.866025403784,0.));
#3196 = ORIENTED_EDGE('',*,*,#3197,.F.);
#3197 = EDGE_CURVE('',#3198,#3190,#3200,.T.);
#3198 = VERTEX_POINT('',#3199);
#3199 = CARTESIAN_POINT('',(801.79491924311,-1.78874953738E+03,710.));
#3200 = LINE('',#3201,#3202);
#3201 = CARTESIAN_POINT('',(801.79491924311,-1.78874953738E+03,710.));
#3202 = VECTOR('',#3203,1.);
#3203 = DIRECTION('',(0.,0.,1.));
#3204 = ORIENTED_EDGE('',*,*,#3205,.F.);
#3205 = EDGE_CURVE('',#3180,#3198,#3206,.T.);
#3206 = LINE('',#3207,#3208);
#3207 = CARTESIAN_POINT('',(176.79491924311,-706.2177826491,710.));
#3208 = VECTOR('',#3209,1.);
#3209 = DIRECTION('',(0.5,-0.866025403784,0.));
#3210 = PLANE('',#3211);
#3211 = AXIS2_PLACEMENT_3D('',#3212,#3213,#3214);
#3212 = CARTESIAN_POINT('',(176.79491924311,-706.2177826491,710.));
#3213 = DIRECTION('',(0.866025403784,0.5,0.));
#3214 = DIRECTION('',(0.5,-0.866025403784,0.));
#3215 = ADVANCED_FACE('',(#3216),#3241,.T.);
#3216 = FACE_BOUND('',#3217,.T.);
#3217 = EDGE_LOOP('',(#3218,#3219,#3227,#3235));
#3218 = ORIENTED_EDGE('',*,*,#3197,.T.);
#3219 = ORIENTED_EDGE('',*,*,#3220,.T.);
#3220 = EDGE_CURVE('',#3190,#3221,#3223,.T.);
#3221 = VERTEX_POINT('',#3222);
#3222 = CARTESIAN_POINT('',(282.17967697244,-2.08874953738E+03,750.));
#3223 = LINE('',#3224,#3225);
#3224 = CARTESIAN_POINT('',(801.79491924311,-1.78874953738E+03,750.));
#3225 = VECTOR('',#3226,1.);
#3226 = DIRECTION('',(-0.866025403784,-0.5,0.));
#3227 = ORIENTED_EDGE('',*,*,#3228,.F.);
#3228 = EDGE_CURVE('',#3229,#3221,#3231,.T.);
#3229 = VERTEX_POINT('',#3230);
#3230 = CARTESIAN_POINT('',(282.17967697244,-2.08874953738E+03,710.));
#3231 = LINE('',#3232,#3233);
#3232 = CARTESIAN_POINT('',(282.17967697244,-2.08874953738E+03,710.));
#3233 = VECTOR('',#3234,1.);
#3234 = DIRECTION('',(0.,0.,1.));
#3235 = ORIENTED_EDGE('',*,*,#3236,.F.);
#3236 = EDGE_CURVE('',#3198,#3229,#3237,.T.);
#3237 = LINE('',#3238,#3239);
#3238 = CARTESIAN_POINT('',(801.79491924311,-1.78874953738E+03,710.));
#3239 = VECTOR('',#3240,1.);
#3240 = DIRECTION('',(-0.866025403784,-0.5,0.));
#3241 = PLANE('',#3242);
#3242 = AXIS2_PLACEMENT_3D('',#3243,#3244,#3245);
#3243 = CARTESIAN_POINT('',(801.79491924311,-1.78874953738E+03,710.));
#3244 = DIRECTION('',(0.5,-0.866025403784,0.));
#3245 = DIRECTION('',(-0.866025403784,-0.5,0.));
#3246 = ADVANCED_FACE('',(#3247),#3272,.T.);
#3247 = FACE_BOUND('',#3248,.T.);
#3248 = EDGE_LOOP('',(#3249,#3250,#3258,#3266));
#3249 = ORIENTED_EDGE('',*,*,#3228,.T.);
#3250 = ORIENTED_EDGE('',*,*,#3251,.T.);
#3251 = EDGE_CURVE('',#3221,#3252,#3254,.T.);
#3252 = VERTEX_POINT('',#3253);
#3253 = CARTESIAN_POINT('',(-202.8203230275,-1.248704895709E+03,750.));
#3254 = LINE('',#3255,#3256);
#3255 = CARTESIAN_POINT('',(282.17967697244,-2.08874953738E+03,750.));
#3256 = VECTOR('',#3257,1.);
#3257 = DIRECTION('',(-0.5,0.866025403784,0.));
#3258 = ORIENTED_EDGE('',*,*,#3259,.F.);
#3259 = EDGE_CURVE('',#3260,#3252,#3262,.T.);
#3260 = VERTEX_POINT('',#3261);
#3261 = CARTESIAN_POINT('',(-202.8203230275,-1.248704895709E+03,710.));
#3262 = LINE('',#3263,#3264);
#3263 = CARTESIAN_POINT('',(-202.8203230275,-1.248704895709E+03,710.));
#3264 = VECTOR('',#3265,1.);
#3265 = DIRECTION('',(0.,0.,1.));
#3266 = ORIENTED_EDGE('',*,*,#3267,.F.);
#3267 = EDGE_CURVE('',#3229,#3260,#3268,.T.);
#3268 = LINE('',#3269,#3270);
#3269 = CARTESIAN_POINT('',(282.17967697244,-2.08874953738E+03,710.));
#3270 = VECTOR('',#3271,1.);
#3271 = DIRECTION('',(-0.5,0.866025403784,0.));
#3272 = PLANE('',#3273);
#3273 = AXIS2_PLACEMENT_3D('',#3274,#3275,#3276);
#3274 = CARTESIAN_POINT('',(282.17967697244,-2.08874953738E+03,710.));
#3275 = DIRECTION('',(-0.866025403784,-0.5,0.));
#3276 = DIRECTION('',(-0.5,0.866025403784,0.));
#3277 = ADVANCED_FACE('',(#3278),#3294,.T.);
#3278 = FACE_BOUND('',#3279,.T.);
#3279 = EDGE_LOOP('',(#3280,#3281,#3287,#3288));
#3280 = ORIENTED_EDGE('',*,*,#3259,.T.);
#3281 = ORIENTED_EDGE('',*,*,#3282,.T.);
#3282 = EDGE_CURVE('',#3252,#3182,#3283,.T.);
#3283 = LINE('',#3284,#3285);
#3284 = CARTESIAN_POINT('',(-202.8203230275,-1.248704895709E+03,750.));
#3285 = VECTOR('',#3286,1.);
#3286 = DIRECTION('',(0.573334887051,0.819321125866,0.));
#3287 = ORIENTED_EDGE('',*,*,#3179,.F.);
#3288 = ORIENTED_EDGE('',*,*,#3289,.F.);
#3289 = EDGE_CURVE('',#3260,#3180,#3290,.T.);
#3290 = LINE('',#3291,#3292);
#3291 = CARTESIAN_POINT('',(-202.8203230275,-1.248704895709E+03,710.));
#3292 = VECTOR('',#3293,1.);
#3293 = DIRECTION('',(0.573334887051,0.819321125866,0.));
#3294 = PLANE('',#3295);
#3295 = AXIS2_PLACEMENT_3D('',#3296,#3297,#3298);
#3296 = CARTESIAN_POINT('',(-202.8203230275,-1.248704895709E+03,710.));
#3297 = DIRECTION('',(-0.819321125866,0.573334887051,0.));
#3298 = DIRECTION('',(0.573334887051,0.819321125866,0.));
#3299 = ADVANCED_FACE('',(#3300),#3306,.T.);
#3300 = FACE_BOUND('',#3301,.T.);
#3301 = EDGE_LOOP('',(#3302,#3303,#3304,#3305));
#3302 = ORIENTED_EDGE('',*,*,#3205,.T.);
#3303 = ORIENTED_EDGE('',*,*,#3236,.T.);
#3304 = ORIENTED_EDGE('',*,*,#3267,.T.);
#3305 = ORIENTED_EDGE('',*,*,#3289,.T.);
#3306 = PLANE('',#3307);
#3307 = AXIS2_PLACEMENT_3D('',#3308,#3309,#3310);
#3308 = CARTESIAN_POINT('',(277.61391900063,-1.432594911772E+03,710.));
#3309 = DIRECTION('',(-0.,-0.,-1.));
#3310 = DIRECTION('',(-1.,0.,0.));
#3311 = ADVANCED_FACE('',(#3312),#3318,.F.);
#3312 = FACE_BOUND('',#3313,.F.);
#3313 = EDGE_LOOP('',(#3314,#3315,#3316,#3317));
#3314 = ORIENTED_EDGE('',*,*,#3189,.T.);
#3315 = ORIENTED_EDGE('',*,*,#3220,.T.);
#3316 = ORIENTED_EDGE('',*,*,#3251,.T.);
#3317 = ORIENTED_EDGE('',*,*,#3282,.T.);
#3318 = PLANE('',#3319);
#3319 = AXIS2_PLACEMENT_3D('',#3320,#3321,#3322);
#3320 = CARTESIAN_POINT('',(277.61391900063,-1.432594911772E+03,750.));
#3321 = DIRECTION('',(-0.,-0.,-1.));
#3322 = DIRECTION('',(-1.,0.,0.));
#3323 = MANIFOLD_SOLID_BREP('',#3324);
#3324 = CLOSED_SHELL('',(#3325,#3358,#3367));
#3325 = ADVANCED_FACE('',(#3326),#3353,.T.);
#3326 = FACE_BOUND('',#3327,.T.);
#3327 = EDGE_LOOP('',(#3328,#3337,#3345,#3352));
#3328 = ORIENTED_EDGE('',*,*,#3329,.F.);
#3329 = EDGE_CURVE('',#3330,#3330,#3332,.T.);
#3330 = VERTEX_POINT('',#3331);
#3331 = CARTESIAN_POINT('',(307.48729810778,-1.458105438279E+03,710.));
#3332 = CIRCLE('',#3333,43.);
#3333 = AXIS2_PLACEMENT_3D('',#3334,#3335,#3336);
#3334 = CARTESIAN_POINT('',(264.48729810778,-1.458105438279E+03,710.));
#3335 = DIRECTION('',(0.,0.,1.));
#3336 = DIRECTION('',(1.,0.,0.));
#3337 = ORIENTED_EDGE('',*,*,#3338,.F.);
#3338 = EDGE_CURVE('',#3339,#3330,#3341,.T.);
#3339 = VERTEX_POINT('',#3340);
#3340 = CARTESIAN_POINT('',(307.48729810778,-1.458105438279E+03,301.));
#3341 = LINE('',#3342,#3343);
#3342 = CARTESIAN_POINT('',(307.48729810778,-1.458105438279E+03,301.));
#3343 = VECTOR('',#3344,1.);
#3344 = DIRECTION('',(0.,0.,1.));
#3345 = ORIENTED_EDGE('',*,*,#3346,.T.);
#3346 = EDGE_CURVE('',#3339,#3339,#3347,.T.);
#3347 = CIRCLE('',#3348,43.);
#3348 = AXIS2_PLACEMENT_3D('',#3349,#3350,#3351);
#3349 = CARTESIAN_POINT('',(264.48729810778,-1.458105438279E+03,301.));
#3350 = DIRECTION('',(0.,0.,1.));
#3351 = DIRECTION('',(1.,0.,0.));
#3352 = ORIENTED_EDGE('',*,*,#3338,.T.);
#3353 = CYLINDRICAL_SURFACE('',#3354,43.);
#3354 = AXIS2_PLACEMENT_3D('',#3355,#3356,#3357);
#3355 = CARTESIAN_POINT('',(264.48729810778,-1.458105438279E+03,301.));
#3356 = DIRECTION('',(0.,0.,1.));
#3357 = DIRECTION('',(1.,0.,0.));
#3358 = ADVANCED_FACE('',(#3359),#3362,.T.);
#3359 = FACE_BOUND('',#3360,.T.);
#3360 = EDGE_LOOP('',(#3361));
#3361 = ORIENTED_EDGE('',*,*,#3329,.T.);
#3362 = PLANE('',#3363);
#3363 = AXIS2_PLACEMENT_3D('',#3364,#3365,#3366);
#3364 = CARTESIAN_POINT('',(264.48729810778,-1.458105438279E+03,710.));
#3365 = DIRECTION('',(0.,0.,1.));
#3366 = DIRECTION('',(1.,0.,0.));
#3367 = ADVANCED_FACE('',(#3368),#3371,.F.);
#3368 = FACE_BOUND('',#3369,.T.);
#3369 = EDGE_LOOP('',(#3370));
#3370 = ORIENTED_EDGE('',*,*,#3346,.F.);
#3371 = PLANE('',#3372);
#3372 = AXIS2_PLACEMENT_3D('',#3373,#3374,#3375);
#3373 = CARTESIAN_POINT('',(264.48729810778,-1.458105438279E+03,301.));
#3374 = DIRECTION('',(0.,0.,1.));
#3375 = DIRECTION('',(1.,0.,0.));
#3376 = MANIFOLD_SOLID_BREP('',#3377);
#3377 = CLOSED_SHELL('',(#3378,#3418,#3449,#3480,#3502,#3514));
#3378 = ADVANCED_FACE('',(#3379),#3413,.F.);
#3379 = FACE_BOUND('',#3380,.F.);
#3380 = EDGE_LOOP('',(#3381,#3391,#3399,#3407));
#3381 = ORIENTED_EDGE('',*,*,#3382,.T.);
#3382 = EDGE_CURVE('',#3383,#3385,#3387,.T.);
#3383 = VERTEX_POINT('',#3384);
#3384 = CARTESIAN_POINT('',(-700.,-200.,710.));
#3385 = VERTEX_POINT('',#3386);
#3386 = CARTESIAN_POINT('',(-700.,-200.,750.));
#3387 = LINE('',#3388,#3389);
#3388 = CARTESIAN_POINT('',(-700.,-200.,710.));
#3389 = VECTOR('',#3390,1.);
#3390 = DIRECTION('',(0.,0.,1.));
#3391 = ORIENTED_EDGE('',*,*,#3392,.T.);
#3392 = EDGE_CURVE('',#3385,#3393,#3395,.T.);
#3393 = VERTEX_POINT('',#3394);
#3394 = CARTESIAN_POINT('',(-1.95E+03,-200.,750.));
#3395 = LINE('',#3396,#3397);
#3396 = CARTESIAN_POINT('',(-700.,-200.,750.));
#3397 = VECTOR('',#3398,1.);
#3398 = DIRECTION('',(-1.,1.136868377216E-16,0.));
#3399 = ORIENTED_EDGE('',*,*,#3400,.F.);
#3400 = EDGE_CURVE('',#3401,#3393,#3403,.T.);
#3401 = VERTEX_POINT('',#3402);
#3402 = CARTESIAN_POINT('',(-1.95E+03,-200.,710.));
#3403 = LINE('',#3404,#3405);
#3404 = CARTESIAN_POINT('',(-1.95E+03,-200.,710.));
#3405 = VECTOR('',#3406,1.);
#3406 = DIRECTION('',(0.,0.,1.));
#3407 = ORIENTED_EDGE('',*,*,#3408,.F.);
#3408 = EDGE_CURVE('',#3383,#3401,#3409,.T.);
#3409 = LINE('',#3410,#3411);
#3410 = CARTESIAN_POINT('',(-700.,-200.,710.));
#3411 = VECTOR('',#3412,1.);
#3412 = DIRECTION('',(-1.,1.136868377216E-16,0.));
#3413 = PLANE('',#3414);
#3414 = AXIS2_PLACEMENT_3D('',#3415,#3416,#3417);
#3415 = CARTESIAN_POINT('',(-700.,-200.,710.));
#3416 = DIRECTION('',(-1.136868377216E-16,-1.,0.));
#3417 = DIRECTION('',(-1.,1.136868377216E-16,0.));
#3418 = ADVANCED_FACE('',(#3419),#3444,.F.);
#3419 = FACE_BOUND('',#3420,.F.);
#3420 = EDGE_LOOP('',(#3421,#3422,#3430,#3438));
#3421 = ORIENTED_EDGE('',*,*,#3400,.T.);
#3422 = ORIENTED_EDGE('',*,*,#3423,.T.);
#3423 = EDGE_CURVE('',#3393,#3424,#3426,.T.);
#3424 = VERTEX_POINT('',#3425);
#3425 = CARTESIAN_POINT('',(-1.95E+03,-800.,750.));
#3426 = LINE('',#3427,#3428);
#3427 = CARTESIAN_POINT('',(-1.95E+03,-200.,750.));
#3428 = VECTOR('',#3429,1.);
#3429 = DIRECTION('',(0.,-1.,0.));
#3430 = ORIENTED_EDGE('',*,*,#3431,.F.);
#3431 = EDGE_CURVE('',#3432,#3424,#3434,.T.);
#3432 = VERTEX_POINT('',#3433);
#3433 = CARTESIAN_POINT('',(-1.95E+03,-800.,710.));
#3434 = LINE('',#3435,#3436);
#3435 = CARTESIAN_POINT('',(-1.95E+03,-800.,710.));
#3436 = VECTOR('',#3437,1.);
#3437 = DIRECTION('',(0.,0.,1.));
#3438 = ORIENTED_EDGE('',*,*,#3439,.F.);
#3439 = EDGE_CURVE('',#3401,#3432,#3440,.T.);
#3440 = LINE('',#3441,#3442);
#3441 = CARTESIAN_POINT('',(-1.95E+03,-200.,710.));
#3442 = VECTOR('',#3443,1.);
#3443 = DIRECTION('',(0.,-1.,0.));
#3444 = PLANE('',#3445);
#3445 = AXIS2_PLACEMENT_3D('',#3446,#3447,#3448);
#3446 = CARTESIAN_POINT('',(-1.95E+03,-200.,710.));
#3447 = DIRECTION('',(1.,0.,0.));
#3448 = DIRECTION('',(0.,-1.,0.));
#3449 = ADVANCED_FACE('',(#3450),#3475,.F.);
#3450 = FACE_BOUND('',#3451,.F.);
#3451 = EDGE_LOOP('',(#3452,#3453,#3461,#3469));
#3452 = ORIENTED_EDGE('',*,*,#3431,.T.);
#3453 = ORIENTED_EDGE('',*,*,#3454,.T.);
#3454 = EDGE_CURVE('',#3424,#3455,#3457,.T.);
#3455 = VERTEX_POINT('',#3456);
#3456 = CARTESIAN_POINT('',(-980.,-800.,750.));
#3457 = LINE('',#3458,#3459);
#3458 = CARTESIAN_POINT('',(-1.95E+03,-800.,750.));
#3459 = VECTOR('',#3460,1.);
#3460 = DIRECTION('',(1.,-1.172029254862E-16,0.));
#3461 = ORIENTED_EDGE('',*,*,#3462,.F.);
#3462 = EDGE_CURVE('',#3463,#3455,#3465,.T.);
#3463 = VERTEX_POINT('',#3464);
#3464 = CARTESIAN_POINT('',(-980.,-800.,710.));
#3465 = LINE('',#3466,#3467);
#3466 = CARTESIAN_POINT('',(-980.,-800.,710.));
#3467 = VECTOR('',#3468,1.);
#3468 = DIRECTION('',(0.,0.,1.));
#3469 = ORIENTED_EDGE('',*,*,#3470,.F.);
#3470 = EDGE_CURVE('',#3432,#3463,#3471,.T.);
#3471 = LINE('',#3472,#3473);
#3472 = CARTESIAN_POINT('',(-1.95E+03,-800.,710.));
#3473 = VECTOR('',#3474,1.);
#3474 = DIRECTION('',(1.,-1.172029254862E-16,0.));
#3475 = PLANE('',#3476);
#3476 = AXIS2_PLACEMENT_3D('',#3477,#3478,#3479);
#3477 = CARTESIAN_POINT('',(-1.95E+03,-800.,710.));
#3478 = DIRECTION('',(1.172029254862E-16,1.,0.));
#3479 = DIRECTION('',(1.,-1.172029254862E-16,0.));
#3480 = ADVANCED_FACE('',(#3481),#3497,.F.);
#3481 = FACE_BOUND('',#3482,.F.);
#3482 = EDGE_LOOP('',(#3483,#3484,#3490,#3491));
#3483 = ORIENTED_EDGE('',*,*,#3462,.T.);
#3484 = ORIENTED_EDGE('',*,*,#3485,.T.);
#3485 = EDGE_CURVE('',#3455,#3385,#3486,.T.);
#3486 = LINE('',#3487,#3488);
#3487 = CARTESIAN_POINT('',(-980.,-800.,750.));
#3488 = VECTOR('',#3489,1.);
#3489 = DIRECTION('',(0.422885465331,0.906183139995,0.));
#3490 = ORIENTED_EDGE('',*,*,#3382,.F.);
#3491 = ORIENTED_EDGE('',*,*,#3492,.F.);
#3492 = EDGE_CURVE('',#3463,#3383,#3493,.T.);
#3493 = LINE('',#3494,#3495);
#3494 = CARTESIAN_POINT('',(-980.,-800.,710.));
#3495 = VECTOR('',#3496,1.);
#3496 = DIRECTION('',(0.422885465331,0.906183139995,0.));
#3497 = PLANE('',#3498);
#3498 = AXIS2_PLACEMENT_3D('',#3499,#3500,#3501);
#3499 = CARTESIAN_POINT('',(-980.,-800.,710.));
#3500 = DIRECTION('',(-0.906183139995,0.422885465331,0.));
#3501 = DIRECTION('',(0.422885465331,0.906183139995,0.));
#3502 = ADVANCED_FACE('',(#3503),#3509,.F.);
#3503 = FACE_BOUND('',#3504,.F.);
#3504 = EDGE_LOOP('',(#3505,#3506,#3507,#3508));
#3505 = ORIENTED_EDGE('',*,*,#3408,.T.);
#3506 = ORIENTED_EDGE('',*,*,#3439,.T.);
#3507 = ORIENTED_EDGE('',*,*,#3470,.T.);
#3508 = ORIENTED_EDGE('',*,*,#3492,.T.);
#3509 = PLANE('',#3510);
#3510 = AXIS2_PLACEMENT_3D('',#3511,#3512,#3513);
#3511 = CARTESIAN_POINT('',(-1.379470546428E+03,-475.8767495874,710.));
#3512 = DIRECTION('',(0.,0.,1.));
#3513 = DIRECTION('',(1.,0.,0.));
#3514 = ADVANCED_FACE('',(#3515),#3521,.T.);
#3515 = FACE_BOUND('',#3516,.T.);
#3516 = EDGE_LOOP('',(#3517,#3518,#3519,#3520));
#3517 = ORIENTED_EDGE('',*,*,#3392,.T.);
#3518 = ORIENTED_EDGE('',*,*,#3423,.T.);
#3519 = ORIENTED_EDGE('',*,*,#3454,.T.);
#3520 = ORIENTED_EDGE('',*,*,#3485,.T.);
#3521 = PLANE('',#3522);
#3522 = AXIS2_PLACEMENT_3D('',#3523,#3524,#3525);
#3523 = CARTESIAN_POINT('',(-1.379470546428E+03,-475.8767495874,750.));
#3524 = DIRECTION('',(0.,0.,1.));
#3525 = DIRECTION('',(1.,0.,0.));
#3526 = MANIFOLD_SOLID_BREP('',#3527);
#3527 = CLOSED_SHELL('',(#3528,#3561,#3570));
#3528 = ADVANCED_FACE('',(#3529),#3556,.T.);
#3529 = FACE_BOUND('',#3530,.T.);
#3530 = EDGE_LOOP('',(#3531,#3540,#3548,#3555));
#3531 = ORIENTED_EDGE('',*,*,#3532,.F.);
#3532 = EDGE_CURVE('',#3533,#3533,#3535,.T.);
#3533 = VERTEX_POINT('',#3534);
#3534 = CARTESIAN_POINT('',(-1.352E+03,-500.,710.));
#3535 = CIRCLE('',#3536,43.);
#3536 = AXIS2_PLACEMENT_3D('',#3537,#3538,#3539);
#3537 = CARTESIAN_POINT('',(-1.395E+03,-500.,710.));
#3538 = DIRECTION('',(0.,0.,1.));
#3539 = DIRECTION('',(1.,0.,0.));
#3540 = ORIENTED_EDGE('',*,*,#3541,.F.);
#3541 = EDGE_CURVE('',#3542,#3533,#3544,.T.);
#3542 = VERTEX_POINT('',#3543);
#3543 = CARTESIAN_POINT('',(-1.352E+03,-500.,301.));
#3544 = LINE('',#3545,#3546);
#3545 = CARTESIAN_POINT('',(-1.352E+03,-500.,301.));
#3546 = VECTOR('',#3547,1.);
#3547 = DIRECTION('',(0.,0.,1.));
#3548 = ORIENTED_EDGE('',*,*,#3549,.T.);
#3549 = EDGE_CURVE('',#3542,#3542,#3550,.T.);
#3550 = CIRCLE('',#3551,43.);
#3551 = AXIS2_PLACEMENT_3D('',#3552,#3553,#3554);
#3552 = CARTESIAN_POINT('',(-1.395E+03,-500.,301.));
#3553 = DIRECTION('',(0.,0.,1.));
#3554 = DIRECTION('',(1.,0.,0.));
#3555 = ORIENTED_EDGE('',*,*,#3541,.T.);
#3556 = CYLINDRICAL_SURFACE('',#3557,43.);
#3557 = AXIS2_PLACEMENT_3D('',#3558,#3559,#3560);
#3558 = CARTESIAN_POINT('',(-1.395E+03,-500.,301.));
#3559 = DIRECTION('',(0.,0.,1.));
#3560 = DIRECTION('',(1.,0.,0.));
#3561 = ADVANCED_FACE('',(#3562),#3565,.T.);
#3562 = FACE_BOUND('',#3563,.T.);
#3563 = EDGE_LOOP('',(#3564));
#3564 = ORIENTED_EDGE('',*,*,#3532,.T.);
#3565 = PLANE('',#3566);
#3566 = AXIS2_PLACEMENT_3D('',#3567,#3568,#3569);
#3567 = CARTESIAN_POINT('',(-1.395E+03,-500.,710.));
#3568 = DIRECTION('',(0.,0.,1.));
#3569 = DIRECTION('',(1.,0.,0.));
#3570 = ADVANCED_FACE('',(#3571),#3574,.F.);
#3571 = FACE_BOUND('',#3572,.T.);
#3572 = EDGE_LOOP('',(#3573));
#3573 = ORIENTED_EDGE('',*,*,#3549,.F.);
#3574 = PLANE('',#3575);
#3575 = AXIS2_PLACEMENT_3D('',#3576,#3577,#3578);
#3576 = CARTESIAN_POINT('',(-1.395E+03,-500.,301.));
#3577 = DIRECTION('',(0.,0.,1.));
#3578 = DIRECTION('',(1.,0.,0.));
#3579 = MANIFOLD_SOLID_BREP('',#3580);
#3580 = CLOSED_SHELL('',(#3581,#3637,#3668,#3692,#3716,#3741,#3757,#3782
    ,#3801,#3844,#3855));
#3581 = ADVANCED_FACE('',(#3582),#3632,.F.);
#3582 = FACE_BOUND('',#3583,.F.);
#3583 = EDGE_LOOP('',(#3584,#3594,#3602,#3610,#3618,#3626));
#3584 = ORIENTED_EDGE('',*,*,#3585,.F.);
#3585 = EDGE_CURVE('',#3586,#3588,#3590,.T.);
#3586 = VERTEX_POINT('',#3587);
#3587 = CARTESIAN_POINT('',(676.,-325.,845.));
#3588 = VERTEX_POINT('',#3589);
#3589 = CARTESIAN_POINT('',(676.,-325.,1.215E+03));
#3590 = LINE('',#3591,#3592);
#3591 = CARTESIAN_POINT('',(676.,-325.,845.));
#3592 = VECTOR('',#3593,1.);
#3593 = DIRECTION('',(0.,0.,1.));
#3594 = ORIENTED_EDGE('',*,*,#3595,.T.);
#3595 = EDGE_CURVE('',#3586,#3596,#3598,.T.);
#3596 = VERTEX_POINT('',#3597);
#3597 = CARTESIAN_POINT('',(676.,-40.79215610874,845.));
#3598 = LINE('',#3599,#3600);
#3599 = CARTESIAN_POINT('',(676.,-325.,845.));
#3600 = VECTOR('',#3601,1.);
#3601 = DIRECTION('',(0.,1.,0.));
#3602 = ORIENTED_EDGE('',*,*,#3603,.T.);
#3603 = EDGE_CURVE('',#3596,#3604,#3606,.T.);
#3604 = VERTEX_POINT('',#3605);
#3605 = CARTESIAN_POINT('',(676.,40.792156108743,845.));
#3606 = LINE('',#3607,#3608);
#3607 = CARTESIAN_POINT('',(676.,-325.,845.));
#3608 = VECTOR('',#3609,1.);
#3609 = DIRECTION('',(0.,1.,0.));
#3610 = ORIENTED_EDGE('',*,*,#3611,.T.);
#3611 = EDGE_CURVE('',#3604,#3612,#3614,.T.);
#3612 = VERTEX_POINT('',#3613);
#3613 = CARTESIAN_POINT('',(676.,325.,845.));
#3614 = LINE('',#3615,#3616);
#3615 = CARTESIAN_POINT('',(676.,-325.,845.));
#3616 = VECTOR('',#3617,1.);
#3617 = DIRECTION('',(0.,1.,0.));
#3618 = ORIENTED_EDGE('',*,*,#3619,.T.);
#3619 = EDGE_CURVE('',#3612,#3620,#3622,.T.);
#3620 = VERTEX_POINT('',#3621);
#3621 = CARTESIAN_POINT('',(676.,325.,1.215E+03));
#3622 = LINE('',#3623,#3624);
#3623 = CARTESIAN_POINT('',(676.,325.,845.));
#3624 = VECTOR('',#3625,1.);
#3625 = DIRECTION('',(0.,0.,1.));
#3626 = ORIENTED_EDGE('',*,*,#3627,.F.);
#3627 = EDGE_CURVE('',#3588,#3620,#3628,.T.);
#3628 = LINE('',#3629,#3630);
#3629 = CARTESIAN_POINT('',(676.,-325.,1.215E+03));
#3630 = VECTOR('',#3631,1.);
#3631 = DIRECTION('',(0.,1.,0.));
#3632 = PLANE('',#3633);
#3633 = AXIS2_PLACEMENT_3D('',#3634,#3635,#3636);
#3634 = CARTESIAN_POINT('',(676.,-325.,845.));
#3635 = DIRECTION('',(1.,0.,0.));
#3636 = DIRECTION('',(0.,0.,1.));
#3637 = ADVANCED_FACE('',(#3638),#3663,.F.);
#3638 = FACE_BOUND('',#3639,.F.);
#3639 = EDGE_LOOP('',(#3640,#3648,#3649,#3657));
#3640 = ORIENTED_EDGE('',*,*,#3641,.F.);
#3641 = EDGE_CURVE('',#3586,#3642,#3644,.T.);
#3642 = VERTEX_POINT('',#3643);
#3643 = CARTESIAN_POINT('',(714.,-325.,845.));
#3644 = LINE('',#3645,#3646);
#3645 = CARTESIAN_POINT('',(676.,-325.,845.));
#3646 = VECTOR('',#3647,1.);
#3647 = DIRECTION('',(1.,0.,0.));
#3648 = ORIENTED_EDGE('',*,*,#3585,.T.);
#3649 = ORIENTED_EDGE('',*,*,#3650,.T.);
#3650 = EDGE_CURVE('',#3588,#3651,#3653,.T.);
#3651 = VERTEX_POINT('',#3652);
#3652 = CARTESIAN_POINT('',(714.,-325.,1.215E+03));
#3653 = LINE('',#3654,#3655);
#3654 = CARTESIAN_POINT('',(676.,-325.,1.215E+03));
#3655 = VECTOR('',#3656,1.);
#3656 = DIRECTION('',(1.,0.,0.));
#3657 = ORIENTED_EDGE('',*,*,#3658,.F.);
#3658 = EDGE_CURVE('',#3642,#3651,#3659,.T.);
#3659 = LINE('',#3660,#3661);
#3660 = CARTESIAN_POINT('',(714.,-325.,845.));
#3661 = VECTOR('',#3662,1.);
#3662 = DIRECTION('',(0.,0.,1.));
#3663 = PLANE('',#3664);
#3664 = AXIS2_PLACEMENT_3D('',#3665,#3666,#3667);
#3665 = CARTESIAN_POINT('',(676.,-325.,845.));
#3666 = DIRECTION('',(0.,1.,0.));
#3667 = DIRECTION('',(0.,0.,1.));
#3668 = ADVANCED_FACE('',(#3669),#3687,.T.);
#3669 = FACE_BOUND('',#3670,.T.);
#3670 = EDGE_LOOP('',(#3671,#3672,#3673,#3681));
#3671 = ORIENTED_EDGE('',*,*,#3627,.F.);
#3672 = ORIENTED_EDGE('',*,*,#3650,.T.);
#3673 = ORIENTED_EDGE('',*,*,#3674,.T.);
#3674 = EDGE_CURVE('',#3651,#3675,#3677,.T.);
#3675 = VERTEX_POINT('',#3676);
#3676 = CARTESIAN_POINT('',(714.,325.,1.215E+03));
#3677 = LINE('',#3678,#3679);
#3678 = CARTESIAN_POINT('',(714.,-325.,1.215E+03));
#3679 = VECTOR('',#3680,1.);
#3680 = DIRECTION('',(0.,1.,0.));
#3681 = ORIENTED_EDGE('',*,*,#3682,.F.);
#3682 = EDGE_CURVE('',#3620,#3675,#3683,.T.);
#3683 = LINE('',#3684,#3685);
#3684 = CARTESIAN_POINT('',(676.,325.,1.215E+03));
#3685 = VECTOR('',#3686,1.);
#3686 = DIRECTION('',(1.,0.,0.));
#3687 = PLANE('',#3688);
#3688 = AXIS2_PLACEMENT_3D('',#3689,#3690,#3691);
#3689 = CARTESIAN_POINT('',(676.,-325.,1.215E+03));
#3690 = DIRECTION('',(0.,0.,1.));
#3691 = DIRECTION('',(1.,0.,0.));
#3692 = ADVANCED_FACE('',(#3693),#3711,.T.);
#3693 = FACE_BOUND('',#3694,.T.);
#3694 = EDGE_LOOP('',(#3695,#3703,#3704,#3705));
#3695 = ORIENTED_EDGE('',*,*,#3696,.F.);
#3696 = EDGE_CURVE('',#3612,#3697,#3699,.T.);
#3697 = VERTEX_POINT('',#3698);
#3698 = CARTESIAN_POINT('',(714.,325.,845.));
#3699 = LINE('',#3700,#3701);
#3700 = CARTESIAN_POINT('',(676.,325.,845.));
#3701 = VECTOR('',#3702,1.);
#3702 = DIRECTION('',(1.,0.,0.));
#3703 = ORIENTED_EDGE('',*,*,#3619,.T.);
#3704 = ORIENTED_EDGE('',*,*,#3682,.T.);
#3705 = ORIENTED_EDGE('',*,*,#3706,.F.);
#3706 = EDGE_CURVE('',#3697,#3675,#3707,.T.);
#3707 = LINE('',#3708,#3709);
#3708 = CARTESIAN_POINT('',(714.,325.,845.));
#3709 = VECTOR('',#3710,1.);
#3710 = DIRECTION('',(0.,0.,1.));
#3711 = PLANE('',#3712);
#3712 = AXIS2_PLACEMENT_3D('',#3713,#3714,#3715);
#3713 = CARTESIAN_POINT('',(676.,325.,845.));
#3714 = DIRECTION('',(0.,1.,0.));
#3715 = DIRECTION('',(0.,0.,1.));
#3716 = ADVANCED_FACE('',(#3717),#3736,.F.);
#3717 = FACE_BOUND('',#3718,.F.);
#3718 = EDGE_LOOP('',(#3719,#3720,#3721,#3729));
#3719 = ORIENTED_EDGE('',*,*,#3595,.F.);
#3720 = ORIENTED_EDGE('',*,*,#3641,.T.);
#3721 = ORIENTED_EDGE('',*,*,#3722,.T.);
#3722 = EDGE_CURVE('',#3642,#3723,#3725,.T.);
#3723 = VERTEX_POINT('',#3724);
#3724 = CARTESIAN_POINT('',(714.,-40.79215610874,845.));
#3725 = LINE('',#3726,#3727);
#3726 = CARTESIAN_POINT('',(714.,-325.,845.));
#3727 = VECTOR('',#3728,1.);
#3728 = DIRECTION('',(0.,1.,0.));
#3729 = ORIENTED_EDGE('',*,*,#3730,.F.);
#3730 = EDGE_CURVE('',#3596,#3723,#3731,.T.);
#3731 = CIRCLE('',#3732,45.);
#3732 = AXIS2_PLACEMENT_3D('',#3733,#3734,#3735);
#3733 = CARTESIAN_POINT('',(695.,0.,845.));
#3734 = DIRECTION('',(0.,0.,1.));
#3735 = DIRECTION('',(1.,0.,0.));
#3736 = PLANE('',#3737);
#3737 = AXIS2_PLACEMENT_3D('',#3738,#3739,#3740);
#3738 = CARTESIAN_POINT('',(676.,-325.,845.));
#3739 = DIRECTION('',(0.,0.,1.));
#3740 = DIRECTION('',(1.,0.,0.));
#3741 = ADVANCED_FACE('',(#3742),#3752,.T.);
#3742 = FACE_BOUND('',#3743,.T.);
#3743 = EDGE_LOOP('',(#3744,#3745));
#3744 = ORIENTED_EDGE('',*,*,#3603,.T.);
#3745 = ORIENTED_EDGE('',*,*,#3746,.T.);
#3746 = EDGE_CURVE('',#3604,#3596,#3747,.T.);
#3747 = CIRCLE('',#3748,45.);
#3748 = AXIS2_PLACEMENT_3D('',#3749,#3750,#3751);
#3749 = CARTESIAN_POINT('',(695.,0.,845.));
#3750 = DIRECTION('',(0.,0.,1.));
#3751 = DIRECTION('',(1.,0.,0.));
#3752 = PLANE('',#3753);
#3753 = AXIS2_PLACEMENT_3D('',#3754,#3755,#3756);
#3754 = CARTESIAN_POINT('',(695.,0.,845.));
#3755 = DIRECTION('',(0.,0.,1.));
#3756 = DIRECTION('',(1.,0.,0.));
#3757 = ADVANCED_FACE('',(#3758),#3777,.F.);
#3758 = FACE_BOUND('',#3759,.F.);
#3759 = EDGE_LOOP('',(#3760,#3761,#3770,#3776));
#3760 = ORIENTED_EDGE('',*,*,#3611,.F.);
#3761 = ORIENTED_EDGE('',*,*,#3762,.F.);
#3762 = EDGE_CURVE('',#3763,#3604,#3765,.T.);
#3763 = VERTEX_POINT('',#3764);
#3764 = CARTESIAN_POINT('',(714.,40.792156108742,845.));
#3765 = CIRCLE('',#3766,45.);
#3766 = AXIS2_PLACEMENT_3D('',#3767,#3768,#3769);
#3767 = CARTESIAN_POINT('',(695.,0.,845.));
#3768 = DIRECTION('',(0.,0.,1.));
#3769 = DIRECTION('',(1.,0.,0.));
#3770 = ORIENTED_EDGE('',*,*,#3771,.T.);
#3771 = EDGE_CURVE('',#3763,#3697,#3772,.T.);
#3772 = LINE('',#3773,#3774);
#3773 = CARTESIAN_POINT('',(714.,-325.,845.));
#3774 = VECTOR('',#3775,1.);
#3775 = DIRECTION('',(0.,1.,0.));
#3776 = ORIENTED_EDGE('',*,*,#3696,.F.);
#3777 = PLANE('',#3778);
#3778 = AXIS2_PLACEMENT_3D('',#3779,#3780,#3781);
#3779 = CARTESIAN_POINT('',(676.,-325.,845.));
#3780 = DIRECTION('',(0.,0.,1.));
#3781 = DIRECTION('',(1.,0.,0.));
#3782 = ADVANCED_FACE('',(#3783),#3796,.T.);
#3783 = FACE_BOUND('',#3784,.T.);
#3784 = EDGE_LOOP('',(#3785,#3786,#3787,#3793,#3794,#3795));
#3785 = ORIENTED_EDGE('',*,*,#3658,.F.);
#3786 = ORIENTED_EDGE('',*,*,#3722,.T.);
#3787 = ORIENTED_EDGE('',*,*,#3788,.T.);
#3788 = EDGE_CURVE('',#3723,#3763,#3789,.T.);
#3789 = LINE('',#3790,#3791);
#3790 = CARTESIAN_POINT('',(714.,-325.,845.));
#3791 = VECTOR('',#3792,1.);
#3792 = DIRECTION('',(0.,1.,0.));
#3793 = ORIENTED_EDGE('',*,*,#3771,.T.);
#3794 = ORIENTED_EDGE('',*,*,#3706,.T.);
#3795 = ORIENTED_EDGE('',*,*,#3674,.F.);
#3796 = PLANE('',#3797);
#3797 = AXIS2_PLACEMENT_3D('',#3798,#3799,#3800);
#3798 = CARTESIAN_POINT('',(714.,-325.,845.));
#3799 = DIRECTION('',(1.,0.,0.));
#3800 = DIRECTION('',(0.,0.,1.));
#3801 = ADVANCED_FACE('',(#3802),#3839,.T.);
#3802 = FACE_BOUND('',#3803,.T.);
#3803 = EDGE_LOOP('',(#3804,#3814,#3821,#3822,#3823,#3824,#3831,#3832));
#3804 = ORIENTED_EDGE('',*,*,#3805,.T.);
#3805 = EDGE_CURVE('',#3806,#3808,#3810,.T.);
#3806 = VERTEX_POINT('',#3807);
#3807 = CARTESIAN_POINT('',(740.,-1.102182119233E-14,750.));
#3808 = VERTEX_POINT('',#3809);
#3809 = CARTESIAN_POINT('',(740.,-1.102182119233E-14,845.));
#3810 = LINE('',#3811,#3812);
#3811 = CARTESIAN_POINT('',(740.,-1.102182119233E-14,750.));
#3812 = VECTOR('',#3813,1.);
#3813 = DIRECTION('',(0.,0.,1.));
#3814 = ORIENTED_EDGE('',*,*,#3815,.F.);
#3815 = EDGE_CURVE('',#3723,#3808,#3816,.T.);
#3816 = CIRCLE('',#3817,45.);
#3817 = AXIS2_PLACEMENT_3D('',#3818,#3819,#3820);
#3818 = CARTESIAN_POINT('',(695.,0.,845.));
#3819 = DIRECTION('',(0.,0.,1.));
#3820 = DIRECTION('',(1.,0.,0.));
#3821 = ORIENTED_EDGE('',*,*,#3730,.F.);
#3822 = ORIENTED_EDGE('',*,*,#3746,.F.);
#3823 = ORIENTED_EDGE('',*,*,#3762,.F.);
#3824 = ORIENTED_EDGE('',*,*,#3825,.F.);
#3825 = EDGE_CURVE('',#3808,#3763,#3826,.T.);
#3826 = CIRCLE('',#3827,45.);
#3827 = AXIS2_PLACEMENT_3D('',#3828,#3829,#3830);
#3828 = CARTESIAN_POINT('',(695.,0.,845.));
#3829 = DIRECTION('',(0.,0.,1.));
#3830 = DIRECTION('',(1.,0.,0.));
#3831 = ORIENTED_EDGE('',*,*,#3805,.F.);
#3832 = ORIENTED_EDGE('',*,*,#3833,.T.);
#3833 = EDGE_CURVE('',#3806,#3806,#3834,.T.);
#3834 = CIRCLE('',#3835,45.);
#3835 = AXIS2_PLACEMENT_3D('',#3836,#3837,#3838);
#3836 = CARTESIAN_POINT('',(695.,0.,750.));
#3837 = DIRECTION('',(0.,0.,1.));
#3838 = DIRECTION('',(1.,0.,0.));
#3839 = CYLINDRICAL_SURFACE('',#3840,45.);
#3840 = AXIS2_PLACEMENT_3D('',#3841,#3842,#3843);
#3841 = CARTESIAN_POINT('',(695.,0.,750.));
#3842 = DIRECTION('',(0.,0.,1.));
#3843 = DIRECTION('',(1.,0.,0.));
#3844 = ADVANCED_FACE('',(#3845),#3850,.T.);
#3845 = FACE_BOUND('',#3846,.T.);
#3846 = EDGE_LOOP('',(#3847,#3848,#3849));
#3847 = ORIENTED_EDGE('',*,*,#3815,.T.);
#3848 = ORIENTED_EDGE('',*,*,#3825,.T.);
#3849 = ORIENTED_EDGE('',*,*,#3788,.F.);
#3850 = PLANE('',#3851);
#3851 = AXIS2_PLACEMENT_3D('',#3852,#3853,#3854);
#3852 = CARTESIAN_POINT('',(695.,0.,845.));
#3853 = DIRECTION('',(0.,0.,1.));
#3854 = DIRECTION('',(1.,0.,0.));
#3855 = ADVANCED_FACE('',(#3856),#3859,.F.);
#3856 = FACE_BOUND('',#3857,.T.);
#3857 = EDGE_LOOP('',(#3858));
#3858 = ORIENTED_EDGE('',*,*,#3833,.F.);
#3859 = PLANE('',#3860);
#3860 = AXIS2_PLACEMENT_3D('',#3861,#3862,#3863);
#3861 = CARTESIAN_POINT('',(695.,0.,750.));
#3862 = DIRECTION('',(0.,0.,1.));
#3863 = DIRECTION('',(1.,0.,0.));
#3864 = MANIFOLD_SOLID_BREP('',#3865);
#3865 = CLOSED_SHELL('',(#3866,#3906,#3946,#3968,#3990,#4002));
#3866 = ADVANCED_FACE('',(#3867),#3901,.F.);
#3867 = FACE_BOUND('',#3868,.F.);
#3868 = EDGE_LOOP('',(#3869,#3879,#3887,#3895));
#3869 = ORIENTED_EDGE('',*,*,#3870,.F.);
#3870 = EDGE_CURVE('',#3871,#3873,#3875,.T.);
#3871 = VERTEX_POINT('',#3872);
#3872 = CARTESIAN_POINT('',(714.,-307.,863.));
#3873 = VERTEX_POINT('',#3874);
#3874 = CARTESIAN_POINT('',(714.,-307.,1.197E+03));
#3875 = LINE('',#3876,#3877);
#3876 = CARTESIAN_POINT('',(714.,-307.,863.));
#3877 = VECTOR('',#3878,1.);
#3878 = DIRECTION('',(0.,0.,1.));
#3879 = ORIENTED_EDGE('',*,*,#3880,.T.);
#3880 = EDGE_CURVE('',#3871,#3881,#3883,.T.);
#3881 = VERTEX_POINT('',#3882);
#3882 = CARTESIAN_POINT('',(714.,307.,863.));
#3883 = LINE('',#3884,#3885);
#3884 = CARTESIAN_POINT('',(714.,-307.,863.));
#3885 = VECTOR('',#3886,1.);
#3886 = DIRECTION('',(0.,1.,0.));
#3887 = ORIENTED_EDGE('',*,*,#3888,.T.);
#3888 = EDGE_CURVE('',#3881,#3889,#3891,.T.);
#3889 = VERTEX_POINT('',#3890);
#3890 = CARTESIAN_POINT('',(714.,307.,1.197E+03));
#3891 = LINE('',#3892,#3893);
#3892 = CARTESIAN_POINT('',(714.,307.,863.));
#3893 = VECTOR('',#3894,1.);
#3894 = DIRECTION('',(0.,0.,1.));
#3895 = ORIENTED_EDGE('',*,*,#3896,.F.);
#3896 = EDGE_CURVE('',#3873,#3889,#3897,.T.);
#3897 = LINE('',#3898,#3899);
#3898 = CARTESIAN_POINT('',(714.,-307.,1.197E+03));
#3899 = VECTOR('',#3900,1.);
#3900 = DIRECTION('',(0.,1.,0.));
#3901 = PLANE('',#3902);
#3902 = AXIS2_PLACEMENT_3D('',#3903,#3904,#3905);
#3903 = CARTESIAN_POINT('',(714.,-307.,863.));
#3904 = DIRECTION('',(1.,0.,0.));
#3905 = DIRECTION('',(0.,0.,1.));
#3906 = ADVANCED_FACE('',(#3907),#3941,.T.);
#3907 = FACE_BOUND('',#3908,.T.);
#3908 = EDGE_LOOP('',(#3909,#3919,#3927,#3935));
#3909 = ORIENTED_EDGE('',*,*,#3910,.F.);
#3910 = EDGE_CURVE('',#3911,#3913,#3915,.T.);
#3911 = VERTEX_POINT('',#3912);
#3912 = CARTESIAN_POINT('',(717.,-307.,863.));
#3913 = VERTEX_POINT('',#3914);
#3914 = CARTESIAN_POINT('',(717.,-307.,1.197E+03));
#3915 = LINE('',#3916,#3917);
#3916 = CARTESIAN_POINT('',(717.,-307.,863.));
#3917 = VECTOR('',#3918,1.);
#3918 = DIRECTION('',(0.,0.,1.));
#3919 = ORIENTED_EDGE('',*,*,#3920,.T.);
#3920 = EDGE_CURVE('',#3911,#3921,#3923,.T.);
#3921 = VERTEX_POINT('',#3922);
#3922 = CARTESIAN_POINT('',(717.,307.,863.));
#3923 = LINE('',#3924,#3925);
#3924 = CARTESIAN_POINT('',(717.,-307.,863.));
#3925 = VECTOR('',#3926,1.);
#3926 = DIRECTION('',(0.,1.,0.));
#3927 = ORIENTED_EDGE('',*,*,#3928,.T.);
#3928 = EDGE_CURVE('',#3921,#3929,#3931,.T.);
#3929 = VERTEX_POINT('',#3930);
#3930 = CARTESIAN_POINT('',(717.,307.,1.197E+03));
#3931 = LINE('',#3932,#3933);
#3932 = CARTESIAN_POINT('',(717.,307.,863.));
#3933 = VECTOR('',#3934,1.);
#3934 = DIRECTION('',(0.,0.,1.));
#3935 = ORIENTED_EDGE('',*,*,#3936,.F.);
#3936 = EDGE_CURVE('',#3913,#3929,#3937,.T.);
#3937 = LINE('',#3938,#3939);
#3938 = CARTESIAN_POINT('',(717.,-307.,1.197E+03));
#3939 = VECTOR('',#3940,1.);
#3940 = DIRECTION('',(0.,1.,0.));
#3941 = PLANE('',#3942);
#3942 = AXIS2_PLACEMENT_3D('',#3943,#3944,#3945);
#3943 = CARTESIAN_POINT('',(717.,-307.,863.));
#3944 = DIRECTION('',(1.,0.,0.));
#3945 = DIRECTION('',(0.,0.,1.));
#3946 = ADVANCED_FACE('',(#3947),#3963,.F.);
#3947 = FACE_BOUND('',#3948,.F.);
#3948 = EDGE_LOOP('',(#3949,#3955,#3956,#3962));
#3949 = ORIENTED_EDGE('',*,*,#3950,.F.);
#3950 = EDGE_CURVE('',#3871,#3911,#3951,.T.);
#3951 = LINE('',#3952,#3953);
#3952 = CARTESIAN_POINT('',(714.,-307.,863.));
#3953 = VECTOR('',#3954,1.);
#3954 = DIRECTION('',(1.,0.,0.));
#3955 = ORIENTED_EDGE('',*,*,#3870,.T.);
#3956 = ORIENTED_EDGE('',*,*,#3957,.T.);
#3957 = EDGE_CURVE('',#3873,#3913,#3958,.T.);
#3958 = LINE('',#3959,#3960);
#3959 = CARTESIAN_POINT('',(714.,-307.,1.197E+03));
#3960 = VECTOR('',#3961,1.);
#3961 = DIRECTION('',(1.,0.,0.));
#3962 = ORIENTED_EDGE('',*,*,#3910,.F.);
#3963 = PLANE('',#3964);
#3964 = AXIS2_PLACEMENT_3D('',#3965,#3966,#3967);
#3965 = CARTESIAN_POINT('',(714.,-307.,863.));
#3966 = DIRECTION('',(0.,1.,0.));
#3967 = DIRECTION('',(0.,0.,1.));
#3968 = ADVANCED_FACE('',(#3969),#3985,.T.);
#3969 = FACE_BOUND('',#3970,.T.);
#3970 = EDGE_LOOP('',(#3971,#3977,#3978,#3984));
#3971 = ORIENTED_EDGE('',*,*,#3972,.F.);
#3972 = EDGE_CURVE('',#3881,#3921,#3973,.T.);
#3973 = LINE('',#3974,#3975);
#3974 = CARTESIAN_POINT('',(714.,307.,863.));
#3975 = VECTOR('',#3976,1.);
#3976 = DIRECTION('',(1.,0.,0.));
#3977 = ORIENTED_EDGE('',*,*,#3888,.T.);
#3978 = ORIENTED_EDGE('',*,*,#3979,.T.);
#3979 = EDGE_CURVE('',#3889,#3929,#3980,.T.);
#3980 = LINE('',#3981,#3982);
#3981 = CARTESIAN_POINT('',(714.,307.,1.197E+03));
#3982 = VECTOR('',#3983,1.);
#3983 = DIRECTION('',(1.,0.,0.));
#3984 = ORIENTED_EDGE('',*,*,#3928,.F.);
#3985 = PLANE('',#3986);
#3986 = AXIS2_PLACEMENT_3D('',#3987,#3988,#3989);
#3987 = CARTESIAN_POINT('',(714.,307.,863.));
#3988 = DIRECTION('',(0.,1.,0.));
#3989 = DIRECTION('',(0.,0.,1.));
#3990 = ADVANCED_FACE('',(#3991),#3997,.F.);
#3991 = FACE_BOUND('',#3992,.F.);
#3992 = EDGE_LOOP('',(#3993,#3994,#3995,#3996));
#3993 = ORIENTED_EDGE('',*,*,#3880,.F.);
#3994 = ORIENTED_EDGE('',*,*,#3950,.T.);
#3995 = ORIENTED_EDGE('',*,*,#3920,.T.);
#3996 = ORIENTED_EDGE('',*,*,#3972,.F.);
#3997 = PLANE('',#3998);
#3998 = AXIS2_PLACEMENT_3D('',#3999,#4000,#4001);
#3999 = CARTESIAN_POINT('',(714.,-307.,863.));
#4000 = DIRECTION('',(0.,0.,1.));
#4001 = DIRECTION('',(1.,0.,0.));
#4002 = ADVANCED_FACE('',(#4003),#4009,.T.);
#4003 = FACE_BOUND('',#4004,.T.);
#4004 = EDGE_LOOP('',(#4005,#4006,#4007,#4008));
#4005 = ORIENTED_EDGE('',*,*,#3896,.F.);
#4006 = ORIENTED_EDGE('',*,*,#3957,.T.);
#4007 = ORIENTED_EDGE('',*,*,#3936,.T.);
#4008 = ORIENTED_EDGE('',*,*,#3979,.F.);
#4009 = PLANE('',#4010);
#4010 = AXIS2_PLACEMENT_3D('',#4011,#4012,#4013);
#4011 = CARTESIAN_POINT('',(714.,-307.,1.197E+03));
#4012 = DIRECTION('',(0.,0.,1.));
#4013 = DIRECTION('',(1.,0.,0.));
#4014 = MANIFOLD_SOLID_BREP('',#4015);
#4015 = CLOSED_SHELL('',(#4016,#4072,#4103,#4127,#4151,#4176,#4192,#4217
    ,#4236,#4279,#4290));
#4016 = ADVANCED_FACE('',(#4017),#4067,.F.);
#4017 = FACE_BOUND('',#4018,.F.);
#4018 = EDGE_LOOP('',(#4019,#4029,#4037,#4045,#4053,#4061));
#4019 = ORIENTED_EDGE('',*,*,#4020,.F.);
#4020 = EDGE_CURVE('',#4021,#4023,#4025,.T.);
#4021 = VERTEX_POINT('',#4022);
#4022 = CARTESIAN_POINT('',(772.05156020157,546.92482997049,845.));
#4023 = VERTEX_POINT('',#4024);
#4024 = CARTESIAN_POINT('',(772.05156020157,546.92482997049,1.215E+03));
#4025 = LINE('',#4026,#4027);
#4026 = CARTESIAN_POINT('',(772.05156020157,546.92482997049,845.));
#4027 = VECTOR('',#4028,1.);
#4028 = DIRECTION('',(0.,0.,1.));
#4029 = ORIENTED_EDGE('',*,*,#4030,.T.);
#4030 = EDGE_CURVE('',#4021,#4031,#4033,.T.);
#4031 = VERTEX_POINT('',#4032);
#4032 = CARTESIAN_POINT('',(949.97204338036,706.81446141834,845.));
#4033 = LINE('',#4034,#4035);
#4034 = CARTESIAN_POINT('',(772.05156020157,546.92482997049,845.));
#4035 = VECTOR('',#4036,1.);
#4036 = DIRECTION('',(0.743790338496,0.668412995355,0.));
#4037 = ORIENTED_EDGE('',*,*,#4038,.T.);
#4038 = EDGE_CURVE('',#4031,#4039,#4041,.T.);
#4039 = VERTEX_POINT('',#4040);
#4040 = CARTESIAN_POINT('',(1.010653666581E+03,761.34647592164,845.));
#4041 = LINE('',#4042,#4043);
#4042 = CARTESIAN_POINT('',(772.05156020157,546.92482997049,845.));
#4043 = VECTOR('',#4044,1.);
#4044 = DIRECTION('',(0.743790338496,0.668412995355,0.));
#4045 = ORIENTED_EDGE('',*,*,#4046,.T.);
#4046 = EDGE_CURVE('',#4039,#4047,#4049,.T.);
#4047 = VERTEX_POINT('',#4048);
#4048 = CARTESIAN_POINT('',(1.188574149759E+03,921.23610736949,845.));
#4049 = LINE('',#4050,#4051);
#4050 = CARTESIAN_POINT('',(772.05156020157,546.92482997049,845.));
#4051 = VECTOR('',#4052,1.);
#4052 = DIRECTION('',(0.743790338496,0.668412995355,0.));
#4053 = ORIENTED_EDGE('',*,*,#4054,.T.);
#4054 = EDGE_CURVE('',#4047,#4055,#4057,.T.);
#4055 = VERTEX_POINT('',#4056);
#4056 = CARTESIAN_POINT('',(1.188574149759E+03,921.23610736949,1.215E+03
    ));
#4057 = LINE('',#4058,#4059);
#4058 = CARTESIAN_POINT('',(1.188574149759E+03,921.23610736949,845.));
#4059 = VECTOR('',#4060,1.);
#4060 = DIRECTION('',(0.,0.,1.));
#4061 = ORIENTED_EDGE('',*,*,#4062,.F.);
#4062 = EDGE_CURVE('',#4023,#4055,#4063,.T.);
#4063 = LINE('',#4064,#4065);
#4064 = CARTESIAN_POINT('',(772.05156020157,546.92482997049,1.215E+03));
#4065 = VECTOR('',#4066,1.);
#4066 = DIRECTION('',(0.743790338496,0.668412995355,0.));
#4067 = PLANE('',#4068);
#4068 = AXIS2_PLACEMENT_3D('',#4069,#4070,#4071);
#4069 = CARTESIAN_POINT('',(772.05156020157,546.92482997049,845.));
#4070 = DIRECTION('',(0.668412995355,-0.743790338496,0.));
#4071 = DIRECTION('',(0.,0.,1.));
#4072 = ADVANCED_FACE('',(#4073),#4098,.F.);
#4073 = FACE_BOUND('',#4074,.F.);
#4074 = EDGE_LOOP('',(#4075,#4083,#4084,#4092));
#4075 = ORIENTED_EDGE('',*,*,#4076,.F.);
#4076 = EDGE_CURVE('',#4021,#4077,#4079,.T.);
#4077 = VERTEX_POINT('',#4078);
#4078 = CARTESIAN_POINT('',(797.45125402507,518.66079710764,845.));
#4079 = LINE('',#4080,#4081);
#4080 = CARTESIAN_POINT('',(772.05156020157,546.92482997049,845.));
#4081 = VECTOR('',#4082,1.);
#4082 = DIRECTION('',(0.668412995355,-0.743790338496,0.));
#4083 = ORIENTED_EDGE('',*,*,#4020,.T.);
#4084 = ORIENTED_EDGE('',*,*,#4085,.T.);
#4085 = EDGE_CURVE('',#4023,#4086,#4088,.T.);
#4086 = VERTEX_POINT('',#4087);
#4087 = CARTESIAN_POINT('',(797.45125402507,518.66079710764,1.215E+03));
#4088 = LINE('',#4089,#4090);
#4089 = CARTESIAN_POINT('',(772.05156020157,546.92482997049,1.215E+03));
#4090 = VECTOR('',#4091,1.);
#4091 = DIRECTION('',(0.668412995355,-0.743790338496,0.));
#4092 = ORIENTED_EDGE('',*,*,#4093,.F.);
#4093 = EDGE_CURVE('',#4077,#4086,#4094,.T.);
#4094 = LINE('',#4095,#4096);
#4095 = CARTESIAN_POINT('',(797.45125402507,518.66079710764,845.));
#4096 = VECTOR('',#4097,1.);
#4097 = DIRECTION('',(0.,0.,1.));
#4098 = PLANE('',#4099);
#4099 = AXIS2_PLACEMENT_3D('',#4100,#4101,#4102);
#4100 = CARTESIAN_POINT('',(772.05156020157,546.92482997049,845.));
#4101 = DIRECTION('',(0.743790338496,0.668412995355,0.));
#4102 = DIRECTION('',(0.,0.,1.));
#4103 = ADVANCED_FACE('',(#4104),#4122,.T.);
#4104 = FACE_BOUND('',#4105,.T.);
#4105 = EDGE_LOOP('',(#4106,#4107,#4108,#4116));
#4106 = ORIENTED_EDGE('',*,*,#4062,.F.);
#4107 = ORIENTED_EDGE('',*,*,#4085,.T.);
#4108 = ORIENTED_EDGE('',*,*,#4109,.T.);
#4109 = EDGE_CURVE('',#4086,#4110,#4112,.T.);
#4110 = VERTEX_POINT('',#4111);
#4111 = CARTESIAN_POINT('',(1.213973843583E+03,892.97207450664,1.215E+03
    ));
#4112 = LINE('',#4113,#4114);
#4113 = CARTESIAN_POINT('',(797.45125402507,518.66079710764,1.215E+03));
#4114 = VECTOR('',#4115,1.);
#4115 = DIRECTION('',(0.743790338496,0.668412995355,0.));
#4116 = ORIENTED_EDGE('',*,*,#4117,.F.);
#4117 = EDGE_CURVE('',#4055,#4110,#4118,.T.);
#4118 = LINE('',#4119,#4120);
#4119 = CARTESIAN_POINT('',(1.188574149759E+03,921.23610736949,1.215E+03
    ));
#4120 = VECTOR('',#4121,1.);
#4121 = DIRECTION('',(0.668412995355,-0.743790338496,0.));
#4122 = PLANE('',#4123);
#4123 = AXIS2_PLACEMENT_3D('',#4124,#4125,#4126);
#4124 = CARTESIAN_POINT('',(772.05156020157,546.92482997049,1.215E+03));
#4125 = DIRECTION('',(0.,0.,1.));
#4126 = DIRECTION('',(0.668412995355,-0.743790338496,0.));
#4127 = ADVANCED_FACE('',(#4128),#4146,.T.);
#4128 = FACE_BOUND('',#4129,.T.);
#4129 = EDGE_LOOP('',(#4130,#4138,#4139,#4140));
#4130 = ORIENTED_EDGE('',*,*,#4131,.F.);
#4131 = EDGE_CURVE('',#4047,#4132,#4134,.T.);
#4132 = VERTEX_POINT('',#4133);
#4133 = CARTESIAN_POINT('',(1.213973843583E+03,892.97207450664,845.));
#4134 = LINE('',#4135,#4136);
#4135 = CARTESIAN_POINT('',(1.188574149759E+03,921.23610736949,845.));
#4136 = VECTOR('',#4137,1.);
#4137 = DIRECTION('',(0.668412995355,-0.743790338496,0.));
#4138 = ORIENTED_EDGE('',*,*,#4054,.T.);
#4139 = ORIENTED_EDGE('',*,*,#4117,.T.);
#4140 = ORIENTED_EDGE('',*,*,#4141,.F.);
#4141 = EDGE_CURVE('',#4132,#4110,#4142,.T.);
#4142 = LINE('',#4143,#4144);
#4143 = CARTESIAN_POINT('',(1.213973843583E+03,892.97207450664,845.));
#4144 = VECTOR('',#4145,1.);
#4145 = DIRECTION('',(0.,0.,1.));
#4146 = PLANE('',#4147);
#4147 = AXIS2_PLACEMENT_3D('',#4148,#4149,#4150);
#4148 = CARTESIAN_POINT('',(1.188574149759E+03,921.23610736949,845.));
#4149 = DIRECTION('',(0.743790338496,0.668412995355,0.));
#4150 = DIRECTION('',(0.,0.,1.));
#4151 = ADVANCED_FACE('',(#4152),#4171,.F.);
#4152 = FACE_BOUND('',#4153,.F.);
#4153 = EDGE_LOOP('',(#4154,#4155,#4156,#4164));
#4154 = ORIENTED_EDGE('',*,*,#4030,.F.);
#4155 = ORIENTED_EDGE('',*,*,#4076,.T.);
#4156 = ORIENTED_EDGE('',*,*,#4157,.T.);
#4157 = EDGE_CURVE('',#4077,#4158,#4160,.T.);
#4158 = VERTEX_POINT('',#4159);
#4159 = CARTESIAN_POINT('',(975.37173720386,678.55042855549,845.));
#4160 = LINE('',#4161,#4162);
#4161 = CARTESIAN_POINT('',(797.45125402507,518.66079710764,845.));
#4162 = VECTOR('',#4163,1.);
#4163 = DIRECTION('',(0.743790338496,0.668412995355,0.));
#4164 = ORIENTED_EDGE('',*,*,#4165,.F.);
#4165 = EDGE_CURVE('',#4031,#4158,#4166,.T.);
#4166 = CIRCLE('',#4167,45.);
#4167 = AXIS2_PLACEMENT_3D('',#4168,#4169,#4170);
#4168 = CARTESIAN_POINT('',(993.01270189221,719.94845223857,845.));
#4169 = DIRECTION('',(0.,0.,1.));
#4170 = DIRECTION('',(1.,0.,0.));
#4171 = PLANE('',#4172);
#4172 = AXIS2_PLACEMENT_3D('',#4173,#4174,#4175);
#4173 = CARTESIAN_POINT('',(772.05156020157,546.92482997049,845.));
#4174 = DIRECTION('',(0.,0.,1.));
#4175 = DIRECTION('',(0.668412995355,-0.743790338496,0.));
#4176 = ADVANCED_FACE('',(#4177),#4187,.T.);
#4177 = FACE_BOUND('',#4178,.T.);
#4178 = EDGE_LOOP('',(#4179,#4180));
#4179 = ORIENTED_EDGE('',*,*,#4038,.T.);
#4180 = ORIENTED_EDGE('',*,*,#4181,.T.);
#4181 = EDGE_CURVE('',#4039,#4031,#4182,.T.);
#4182 = CIRCLE('',#4183,45.);
#4183 = AXIS2_PLACEMENT_3D('',#4184,#4185,#4186);
#4184 = CARTESIAN_POINT('',(993.01270189221,719.94845223857,845.));
#4185 = DIRECTION('',(0.,0.,1.));
#4186 = DIRECTION('',(1.,0.,0.));
#4187 = PLANE('',#4188);
#4188 = AXIS2_PLACEMENT_3D('',#4189,#4190,#4191);
#4189 = CARTESIAN_POINT('',(993.01270189221,719.94845223857,845.));
#4190 = DIRECTION('',(0.,0.,1.));
#4191 = DIRECTION('',(1.,0.,0.));
#4192 = ADVANCED_FACE('',(#4193),#4212,.F.);
#4193 = FACE_BOUND('',#4194,.F.);
#4194 = EDGE_LOOP('',(#4195,#4196,#4205,#4211));
#4195 = ORIENTED_EDGE('',*,*,#4046,.F.);
#4196 = ORIENTED_EDGE('',*,*,#4197,.F.);
#4197 = EDGE_CURVE('',#4198,#4039,#4200,.T.);
#4198 = VERTEX_POINT('',#4199);
#4199 = CARTESIAN_POINT('',(1.036053360404E+03,733.08244305879,845.));
#4200 = CIRCLE('',#4201,45.);
#4201 = AXIS2_PLACEMENT_3D('',#4202,#4203,#4204);
#4202 = CARTESIAN_POINT('',(993.01270189221,719.94845223857,845.));
#4203 = DIRECTION('',(0.,0.,1.));
#4204 = DIRECTION('',(1.,0.,0.));
#4205 = ORIENTED_EDGE('',*,*,#4206,.T.);
#4206 = EDGE_CURVE('',#4198,#4132,#4207,.T.);
#4207 = LINE('',#4208,#4209);
#4208 = CARTESIAN_POINT('',(797.45125402507,518.66079710764,845.));
#4209 = VECTOR('',#4210,1.);
#4210 = DIRECTION('',(0.743790338496,0.668412995355,0.));
#4211 = ORIENTED_EDGE('',*,*,#4131,.F.);
#4212 = PLANE('',#4213);
#4213 = AXIS2_PLACEMENT_3D('',#4214,#4215,#4216);
#4214 = CARTESIAN_POINT('',(772.05156020157,546.92482997049,845.));
#4215 = DIRECTION('',(0.,0.,1.));
#4216 = DIRECTION('',(0.668412995355,-0.743790338496,0.));
#4217 = ADVANCED_FACE('',(#4218),#4231,.T.);
#4218 = FACE_BOUND('',#4219,.T.);
#4219 = EDGE_LOOP('',(#4220,#4221,#4222,#4228,#4229,#4230));
#4220 = ORIENTED_EDGE('',*,*,#4093,.F.);
#4221 = ORIENTED_EDGE('',*,*,#4157,.T.);
#4222 = ORIENTED_EDGE('',*,*,#4223,.T.);
#4223 = EDGE_CURVE('',#4158,#4198,#4224,.T.);
#4224 = LINE('',#4225,#4226);
#4225 = CARTESIAN_POINT('',(797.45125402507,518.66079710764,845.));
#4226 = VECTOR('',#4227,1.);
#4227 = DIRECTION('',(0.743790338496,0.668412995355,0.));
#4228 = ORIENTED_EDGE('',*,*,#4206,.T.);
#4229 = ORIENTED_EDGE('',*,*,#4141,.T.);
#4230 = ORIENTED_EDGE('',*,*,#4109,.F.);
#4231 = PLANE('',#4232);
#4232 = AXIS2_PLACEMENT_3D('',#4233,#4234,#4235);
#4233 = CARTESIAN_POINT('',(797.45125402507,518.66079710764,845.));
#4234 = DIRECTION('',(0.668412995355,-0.743790338496,0.));
#4235 = DIRECTION('',(0.,0.,1.));
#4236 = ADVANCED_FACE('',(#4237),#4274,.T.);
#4237 = FACE_BOUND('',#4238,.T.);
#4238 = EDGE_LOOP('',(#4239,#4249,#4256,#4257,#4258,#4259,#4266,#4267));
#4239 = ORIENTED_EDGE('',*,*,#4240,.T.);
#4240 = EDGE_CURVE('',#4241,#4243,#4245,.T.);
#4241 = VERTEX_POINT('',#4242);
#4242 = CARTESIAN_POINT('',(1.038012701892E+03,719.94845223857,750.));
#4243 = VERTEX_POINT('',#4244);
#4244 = CARTESIAN_POINT('',(1.038012701892E+03,719.94845223857,845.));
#4245 = LINE('',#4246,#4247);
#4246 = CARTESIAN_POINT('',(1.038012701892E+03,719.94845223857,750.));
#4247 = VECTOR('',#4248,1.);
#4248 = DIRECTION('',(0.,0.,1.));
#4249 = ORIENTED_EDGE('',*,*,#4250,.F.);
#4250 = EDGE_CURVE('',#4158,#4243,#4251,.T.);
#4251 = CIRCLE('',#4252,45.);
#4252 = AXIS2_PLACEMENT_3D('',#4253,#4254,#4255);
#4253 = CARTESIAN_POINT('',(993.01270189221,719.94845223857,845.));
#4254 = DIRECTION('',(0.,0.,1.));
#4255 = DIRECTION('',(1.,0.,0.));
#4256 = ORIENTED_EDGE('',*,*,#4165,.F.);
#4257 = ORIENTED_EDGE('',*,*,#4181,.F.);
#4258 = ORIENTED_EDGE('',*,*,#4197,.F.);
#4259 = ORIENTED_EDGE('',*,*,#4260,.F.);
#4260 = EDGE_CURVE('',#4243,#4198,#4261,.T.);
#4261 = CIRCLE('',#4262,45.);
#4262 = AXIS2_PLACEMENT_3D('',#4263,#4264,#4265);
#4263 = CARTESIAN_POINT('',(993.01270189221,719.94845223857,845.));
#4264 = DIRECTION('',(0.,0.,1.));
#4265 = DIRECTION('',(1.,0.,0.));
#4266 = ORIENTED_EDGE('',*,*,#4240,.F.);
#4267 = ORIENTED_EDGE('',*,*,#4268,.T.);
#4268 = EDGE_CURVE('',#4241,#4241,#4269,.T.);
#4269 = CIRCLE('',#4270,45.);
#4270 = AXIS2_PLACEMENT_3D('',#4271,#4272,#4273);
#4271 = CARTESIAN_POINT('',(993.01270189221,719.94845223857,750.));
#4272 = DIRECTION('',(0.,0.,1.));
#4273 = DIRECTION('',(1.,0.,0.));
#4274 = CYLINDRICAL_SURFACE('',#4275,45.);
#4275 = AXIS2_PLACEMENT_3D('',#4276,#4277,#4278);
#4276 = CARTESIAN_POINT('',(993.01270189221,719.94845223857,750.));
#4277 = DIRECTION('',(0.,0.,1.));
#4278 = DIRECTION('',(1.,0.,0.));
#4279 = ADVANCED_FACE('',(#4280),#4285,.T.);
#4280 = FACE_BOUND('',#4281,.T.);
#4281 = EDGE_LOOP('',(#4282,#4283,#4284));
#4282 = ORIENTED_EDGE('',*,*,#4250,.T.);
#4283 = ORIENTED_EDGE('',*,*,#4260,.T.);
#4284 = ORIENTED_EDGE('',*,*,#4223,.F.);
#4285 = PLANE('',#4286);
#4286 = AXIS2_PLACEMENT_3D('',#4287,#4288,#4289);
#4287 = CARTESIAN_POINT('',(993.01270189221,719.94845223857,845.));
#4288 = DIRECTION('',(0.,0.,1.));
#4289 = DIRECTION('',(1.,0.,0.));
#4290 = ADVANCED_FACE('',(#4291),#4294,.F.);
#4291 = FACE_BOUND('',#4292,.T.);
#4292 = EDGE_LOOP('',(#4293));
#4293 = ORIENTED_EDGE('',*,*,#4268,.F.);
#4294 = PLANE('',#4295);
#4295 = AXIS2_PLACEMENT_3D('',#4296,#4297,#4298);
#4296 = CARTESIAN_POINT('',(993.01270189221,719.94845223857,750.));
#4297 = DIRECTION('',(0.,0.,1.));
#4298 = DIRECTION('',(1.,0.,0.));
#4299 = MANIFOLD_SOLID_BREP('',#4300);
#4300 = CLOSED_SHELL('',(#4301,#4341,#4381,#4403,#4425,#4437));
#4301 = ADVANCED_FACE('',(#4302),#4336,.F.);
#4302 = FACE_BOUND('',#4303,.F.);
#4303 = EDGE_LOOP('',(#4304,#4314,#4322,#4330));
#4304 = ORIENTED_EDGE('',*,*,#4305,.F.);
#4305 = EDGE_CURVE('',#4306,#4308,#4310,.T.);
#4306 = VERTEX_POINT('',#4307);
#4307 = CARTESIAN_POINT('',(810.839480118,530.69223102404,863.));
#4308 = VERTEX_POINT('',#4309);
#4309 = CARTESIAN_POINT('',(810.839480118,530.69223102404,1.197E+03));
#4310 = LINE('',#4311,#4312);
#4311 = CARTESIAN_POINT('',(810.839480118,530.69223102404,863.));
#4312 = VECTOR('',#4313,1.);
#4313 = DIRECTION('',(0.,0.,1.));
#4314 = ORIENTED_EDGE('',*,*,#4315,.T.);
#4315 = EDGE_CURVE('',#4306,#4316,#4318,.T.);
#4316 = VERTEX_POINT('',#4317);
#4317 = CARTESIAN_POINT('',(1.20058561749E+03,880.94064059024,863.));
#4318 = LINE('',#4319,#4320);
#4319 = CARTESIAN_POINT('',(810.839480118,530.69223102404,863.));
#4320 = VECTOR('',#4321,1.);
#4321 = DIRECTION('',(0.743790338496,0.668412995355,0.));
#4322 = ORIENTED_EDGE('',*,*,#4323,.T.);
#4323 = EDGE_CURVE('',#4316,#4324,#4326,.T.);
#4324 = VERTEX_POINT('',#4325);
#4325 = CARTESIAN_POINT('',(1.20058561749E+03,880.94064059024,1.197E+03)
  );
#4326 = LINE('',#4327,#4328);
#4327 = CARTESIAN_POINT('',(1.20058561749E+03,880.94064059024,863.));
#4328 = VECTOR('',#4329,1.);
#4329 = DIRECTION('',(0.,0.,1.));
#4330 = ORIENTED_EDGE('',*,*,#4331,.F.);
#4331 = EDGE_CURVE('',#4308,#4324,#4332,.T.);
#4332 = LINE('',#4333,#4334);
#4333 = CARTESIAN_POINT('',(810.839480118,530.69223102404,1.197E+03));
#4334 = VECTOR('',#4335,1.);
#4335 = DIRECTION('',(0.743790338496,0.668412995355,0.));
#4336 = PLANE('',#4337);
#4337 = AXIS2_PLACEMENT_3D('',#4338,#4339,#4340);
#4338 = CARTESIAN_POINT('',(810.839480118,530.69223102404,863.));
#4339 = DIRECTION('',(0.668412995355,-0.743790338496,0.));
#4340 = DIRECTION('',(0.,0.,1.));
#4341 = ADVANCED_FACE('',(#4342),#4376,.T.);
#4342 = FACE_BOUND('',#4343,.T.);
#4343 = EDGE_LOOP('',(#4344,#4354,#4362,#4370));
#4344 = ORIENTED_EDGE('',*,*,#4345,.F.);
#4345 = EDGE_CURVE('',#4346,#4348,#4350,.T.);
#4346 = VERTEX_POINT('',#4347);
#4347 = CARTESIAN_POINT('',(812.84471910407,528.46086000855,863.));
#4348 = VERTEX_POINT('',#4349);
#4349 = CARTESIAN_POINT('',(812.84471910407,528.46086000855,1.197E+03));
#4350 = LINE('',#4351,#4352);
#4351 = CARTESIAN_POINT('',(812.84471910407,528.46086000855,863.));
#4352 = VECTOR('',#4353,1.);
#4353 = DIRECTION('',(0.,0.,1.));
#4354 = ORIENTED_EDGE('',*,*,#4355,.T.);
#4355 = EDGE_CURVE('',#4346,#4356,#4358,.T.);
#4356 = VERTEX_POINT('',#4357);
#4357 = CARTESIAN_POINT('',(1.202590856476E+03,878.70926957476,863.));
#4358 = LINE('',#4359,#4360);
#4359 = CARTESIAN_POINT('',(812.84471910407,528.46086000855,863.));
#4360 = VECTOR('',#4361,1.);
#4361 = DIRECTION('',(0.743790338496,0.668412995355,0.));
#4362 = ORIENTED_EDGE('',*,*,#4363,.T.);
#4363 = EDGE_CURVE('',#4356,#4364,#4366,.T.);
#4364 = VERTEX_POINT('',#4365);
#4365 = CARTESIAN_POINT('',(1.202590856476E+03,878.70926957476,1.197E+03
    ));
#4366 = LINE('',#4367,#4368);
#4367 = CARTESIAN_POINT('',(1.202590856476E+03,878.70926957476,863.));
#4368 = VECTOR('',#4369,1.);
#4369 = DIRECTION('',(0.,0.,1.));
#4370 = ORIENTED_EDGE('',*,*,#4371,.F.);
#4371 = EDGE_CURVE('',#4348,#4364,#4372,.T.);
#4372 = LINE('',#4373,#4374);
#4373 = CARTESIAN_POINT('',(812.84471910407,528.46086000855,1.197E+03));
#4374 = VECTOR('',#4375,1.);
#4375 = DIRECTION('',(0.743790338496,0.668412995355,0.));
#4376 = PLANE('',#4377);
#4377 = AXIS2_PLACEMENT_3D('',#4378,#4379,#4380);
#4378 = CARTESIAN_POINT('',(812.84471910407,528.46086000855,863.));
#4379 = DIRECTION('',(0.668412995355,-0.743790338496,0.));
#4380 = DIRECTION('',(0.,0.,1.));
#4381 = ADVANCED_FACE('',(#4382),#4398,.F.);
#4382 = FACE_BOUND('',#4383,.F.);
#4383 = EDGE_LOOP('',(#4384,#4390,#4391,#4397));
#4384 = ORIENTED_EDGE('',*,*,#4385,.F.);
#4385 = EDGE_CURVE('',#4306,#4346,#4386,.T.);
#4386 = LINE('',#4387,#4388);
#4387 = CARTESIAN_POINT('',(810.839480118,530.69223102404,863.));
#4388 = VECTOR('',#4389,1.);
#4389 = DIRECTION('',(0.668412995355,-0.743790338496,0.));
#4390 = ORIENTED_EDGE('',*,*,#4305,.T.);
#4391 = ORIENTED_EDGE('',*,*,#4392,.T.);
#4392 = EDGE_CURVE('',#4308,#4348,#4393,.T.);
#4393 = LINE('',#4394,#4395);
#4394 = CARTESIAN_POINT('',(810.839480118,530.69223102404,1.197E+03));
#4395 = VECTOR('',#4396,1.);
#4396 = DIRECTION('',(0.668412995355,-0.743790338496,0.));
#4397 = ORIENTED_EDGE('',*,*,#4345,.F.);
#4398 = PLANE('',#4399);
#4399 = AXIS2_PLACEMENT_3D('',#4400,#4401,#4402);
#4400 = CARTESIAN_POINT('',(810.839480118,530.69223102404,863.));
#4401 = DIRECTION('',(0.743790338496,0.668412995355,0.));
#4402 = DIRECTION('',(0.,0.,1.));
#4403 = ADVANCED_FACE('',(#4404),#4420,.T.);
#4404 = FACE_BOUND('',#4405,.T.);
#4405 = EDGE_LOOP('',(#4406,#4412,#4413,#4419));
#4406 = ORIENTED_EDGE('',*,*,#4407,.F.);
#4407 = EDGE_CURVE('',#4316,#4356,#4408,.T.);
#4408 = LINE('',#4409,#4410);
#4409 = CARTESIAN_POINT('',(1.20058561749E+03,880.94064059024,863.));
#4410 = VECTOR('',#4411,1.);
#4411 = DIRECTION('',(0.668412995355,-0.743790338496,0.));
#4412 = ORIENTED_EDGE('',*,*,#4323,.T.);
#4413 = ORIENTED_EDGE('',*,*,#4414,.T.);
#4414 = EDGE_CURVE('',#4324,#4364,#4415,.T.);
#4415 = LINE('',#4416,#4417);
#4416 = CARTESIAN_POINT('',(1.20058561749E+03,880.94064059024,1.197E+03)
  );
#4417 = VECTOR('',#4418,1.);
#4418 = DIRECTION('',(0.668412995355,-0.743790338496,0.));
#4419 = ORIENTED_EDGE('',*,*,#4363,.F.);
#4420 = PLANE('',#4421);
#4421 = AXIS2_PLACEMENT_3D('',#4422,#4423,#4424);
#4422 = CARTESIAN_POINT('',(1.20058561749E+03,880.94064059024,863.));
#4423 = DIRECTION('',(0.743790338496,0.668412995355,0.));
#4424 = DIRECTION('',(0.,0.,1.));
#4425 = ADVANCED_FACE('',(#4426),#4432,.F.);
#4426 = FACE_BOUND('',#4427,.F.);
#4427 = EDGE_LOOP('',(#4428,#4429,#4430,#4431));
#4428 = ORIENTED_EDGE('',*,*,#4315,.F.);
#4429 = ORIENTED_EDGE('',*,*,#4385,.T.);
#4430 = ORIENTED_EDGE('',*,*,#4355,.T.);
#4431 = ORIENTED_EDGE('',*,*,#4407,.F.);
#4432 = PLANE('',#4433);
#4433 = AXIS2_PLACEMENT_3D('',#4434,#4435,#4436);
#4434 = CARTESIAN_POINT('',(810.839480118,530.69223102404,863.));
#4435 = DIRECTION('',(0.,0.,1.));
#4436 = DIRECTION('',(0.668412995355,-0.743790338496,0.));
#4437 = ADVANCED_FACE('',(#4438),#4444,.T.);
#4438 = FACE_BOUND('',#4439,.T.);
#4439 = EDGE_LOOP('',(#4440,#4441,#4442,#4443));
#4440 = ORIENTED_EDGE('',*,*,#4331,.F.);
#4441 = ORIENTED_EDGE('',*,*,#4392,.T.);
#4442 = ORIENTED_EDGE('',*,*,#4371,.T.);
#4443 = ORIENTED_EDGE('',*,*,#4414,.F.);
#4444 = PLANE('',#4445);
#4445 = AXIS2_PLACEMENT_3D('',#4446,#4447,#4448);
#4446 = CARTESIAN_POINT('',(810.839480118,530.69223102404,1.197E+03));
#4447 = DIRECTION('',(0.,0.,1.));
#4448 = DIRECTION('',(0.668412995355,-0.743790338496,0.));
#4449 = MANIFOLD_SOLID_BREP('',#4450);
#4450 = CLOSED_SHELL('',(#4451,#4507,#4538,#4562,#4586,#4611,#4627,#4652
    ,#4671,#4714,#4725));
#4451 = ADVANCED_FACE('',(#4452),#4502,.F.);
#4452 = FACE_BOUND('',#4453,.F.);
#4453 = EDGE_LOOP('',(#4454,#4464,#4472,#4480,#4488,#4496));
#4454 = ORIENTED_EDGE('',*,*,#4455,.F.);
#4455 = EDGE_CURVE('',#4456,#4458,#4460,.T.);
#4456 = VERTEX_POINT('',#4457);
#4457 = CARTESIAN_POINT('',(1.188574149759E+03,-921.2361073694,845.));
#4458 = VERTEX_POINT('',#4459);
#4459 = CARTESIAN_POINT('',(1.188574149759E+03,-921.2361073694,1.215E+03
    ));
#4460 = LINE('',#4461,#4462);
#4461 = CARTESIAN_POINT('',(1.188574149759E+03,-921.2361073694,845.));
#4462 = VECTOR('',#4463,1.);
#4463 = DIRECTION('',(0.,0.,1.));
#4464 = ORIENTED_EDGE('',*,*,#4465,.T.);
#4465 = EDGE_CURVE('',#4456,#4466,#4468,.T.);
#4466 = VERTEX_POINT('',#4467);
#4467 = CARTESIAN_POINT('',(1.010653666581E+03,-761.3464759216,845.));
#4468 = LINE('',#4469,#4470);
#4469 = CARTESIAN_POINT('',(1.188574149759E+03,-921.2361073694,845.));
#4470 = VECTOR('',#4471,1.);
#4471 = DIRECTION('',(-0.743790338496,0.668412995355,0.));
#4472 = ORIENTED_EDGE('',*,*,#4473,.T.);
#4473 = EDGE_CURVE('',#4466,#4474,#4476,.T.);
#4474 = VERTEX_POINT('',#4475);
#4475 = CARTESIAN_POINT('',(949.97204338036,-706.8144614183,845.));
#4476 = LINE('',#4477,#4478);
#4477 = CARTESIAN_POINT('',(1.188574149759E+03,-921.2361073694,845.));
#4478 = VECTOR('',#4479,1.);
#4479 = DIRECTION('',(-0.743790338496,0.668412995355,0.));
#4480 = ORIENTED_EDGE('',*,*,#4481,.T.);
#4481 = EDGE_CURVE('',#4474,#4482,#4484,.T.);
#4482 = VERTEX_POINT('',#4483);
#4483 = CARTESIAN_POINT('',(772.05156020157,-546.9248299704,845.));
#4484 = LINE('',#4485,#4486);
#4485 = CARTESIAN_POINT('',(1.188574149759E+03,-921.2361073694,845.));
#4486 = VECTOR('',#4487,1.);
#4487 = DIRECTION('',(-0.743790338496,0.668412995355,0.));
#4488 = ORIENTED_EDGE('',*,*,#4489,.T.);
#4489 = EDGE_CURVE('',#4482,#4490,#4492,.T.);
#4490 = VERTEX_POINT('',#4491);
#4491 = CARTESIAN_POINT('',(772.05156020157,-546.9248299704,1.215E+03));
#4492 = LINE('',#4493,#4494);
#4493 = CARTESIAN_POINT('',(772.05156020157,-546.9248299704,845.));
#4494 = VECTOR('',#4495,1.);
#4495 = DIRECTION('',(0.,0.,1.));
#4496 = ORIENTED_EDGE('',*,*,#4497,.F.);
#4497 = EDGE_CURVE('',#4458,#4490,#4498,.T.);
#4498 = LINE('',#4499,#4500);
#4499 = CARTESIAN_POINT('',(1.188574149759E+03,-921.2361073694,1.215E+03
    ));
#4500 = VECTOR('',#4501,1.);
#4501 = DIRECTION('',(-0.743790338496,0.668412995355,0.));
#4502 = PLANE('',#4503);
#4503 = AXIS2_PLACEMENT_3D('',#4504,#4505,#4506);
#4504 = CARTESIAN_POINT('',(1.188574149759E+03,-921.2361073694,845.));
#4505 = DIRECTION('',(0.668412995355,0.743790338496,0.));
#4506 = DIRECTION('',(0.,0.,1.));
#4507 = ADVANCED_FACE('',(#4508),#4533,.F.);
#4508 = FACE_BOUND('',#4509,.F.);
#4509 = EDGE_LOOP('',(#4510,#4518,#4519,#4527));
#4510 = ORIENTED_EDGE('',*,*,#4511,.F.);
#4511 = EDGE_CURVE('',#4456,#4512,#4514,.T.);
#4512 = VERTEX_POINT('',#4513);
#4513 = CARTESIAN_POINT('',(1.213973843583E+03,-892.9720745066,845.));
#4514 = LINE('',#4515,#4516);
#4515 = CARTESIAN_POINT('',(1.188574149759E+03,-921.2361073694,845.));
#4516 = VECTOR('',#4517,1.);
#4517 = DIRECTION('',(0.668412995355,0.743790338496,0.));
#4518 = ORIENTED_EDGE('',*,*,#4455,.T.);
#4519 = ORIENTED_EDGE('',*,*,#4520,.T.);
#4520 = EDGE_CURVE('',#4458,#4521,#4523,.T.);
#4521 = VERTEX_POINT('',#4522);
#4522 = CARTESIAN_POINT('',(1.213973843583E+03,-892.9720745066,1.215E+03
    ));
#4523 = LINE('',#4524,#4525);
#4524 = CARTESIAN_POINT('',(1.188574149759E+03,-921.2361073694,1.215E+03
    ));
#4525 = VECTOR('',#4526,1.);
#4526 = DIRECTION('',(0.668412995355,0.743790338496,0.));
#4527 = ORIENTED_EDGE('',*,*,#4528,.F.);
#4528 = EDGE_CURVE('',#4512,#4521,#4529,.T.);
#4529 = LINE('',#4530,#4531);
#4530 = CARTESIAN_POINT('',(1.213973843583E+03,-892.9720745066,845.));
#4531 = VECTOR('',#4532,1.);
#4532 = DIRECTION('',(0.,0.,1.));
#4533 = PLANE('',#4534);
#4534 = AXIS2_PLACEMENT_3D('',#4535,#4536,#4537);
#4535 = CARTESIAN_POINT('',(1.188574149759E+03,-921.2361073694,845.));
#4536 = DIRECTION('',(-0.743790338496,0.668412995355,0.));
#4537 = DIRECTION('',(0.,0.,1.));
#4538 = ADVANCED_FACE('',(#4539),#4557,.T.);
#4539 = FACE_BOUND('',#4540,.T.);
#4540 = EDGE_LOOP('',(#4541,#4542,#4543,#4551));
#4541 = ORIENTED_EDGE('',*,*,#4497,.F.);
#4542 = ORIENTED_EDGE('',*,*,#4520,.T.);
#4543 = ORIENTED_EDGE('',*,*,#4544,.T.);
#4544 = EDGE_CURVE('',#4521,#4545,#4547,.T.);
#4545 = VERTEX_POINT('',#4546);
#4546 = CARTESIAN_POINT('',(797.45125402507,-518.6607971076,1.215E+03));
#4547 = LINE('',#4548,#4549);
#4548 = CARTESIAN_POINT('',(1.213973843583E+03,-892.9720745066,1.215E+03
    ));
#4549 = VECTOR('',#4550,1.);
#4550 = DIRECTION('',(-0.743790338496,0.668412995355,0.));
#4551 = ORIENTED_EDGE('',*,*,#4552,.F.);
#4552 = EDGE_CURVE('',#4490,#4545,#4553,.T.);
#4553 = LINE('',#4554,#4555);
#4554 = CARTESIAN_POINT('',(772.05156020157,-546.9248299704,1.215E+03));
#4555 = VECTOR('',#4556,1.);
#4556 = DIRECTION('',(0.668412995355,0.743790338496,0.));
#4557 = PLANE('',#4558);
#4558 = AXIS2_PLACEMENT_3D('',#4559,#4560,#4561);
#4559 = CARTESIAN_POINT('',(1.188574149759E+03,-921.2361073694,1.215E+03
    ));
#4560 = DIRECTION('',(0.,0.,1.));
#4561 = DIRECTION('',(0.668412995355,0.743790338496,0.));
#4562 = ADVANCED_FACE('',(#4563),#4581,.T.);
#4563 = FACE_BOUND('',#4564,.T.);
#4564 = EDGE_LOOP('',(#4565,#4573,#4574,#4575));
#4565 = ORIENTED_EDGE('',*,*,#4566,.F.);
#4566 = EDGE_CURVE('',#4482,#4567,#4569,.T.);
#4567 = VERTEX_POINT('',#4568);
#4568 = CARTESIAN_POINT('',(797.45125402507,-518.6607971076,845.));
#4569 = LINE('',#4570,#4571);
#4570 = CARTESIAN_POINT('',(772.05156020157,-546.9248299704,845.));
#4571 = VECTOR('',#4572,1.);
#4572 = DIRECTION('',(0.668412995355,0.743790338496,0.));
#4573 = ORIENTED_EDGE('',*,*,#4489,.T.);
#4574 = ORIENTED_EDGE('',*,*,#4552,.T.);
#4575 = ORIENTED_EDGE('',*,*,#4576,.F.);
#4576 = EDGE_CURVE('',#4567,#4545,#4577,.T.);
#4577 = LINE('',#4578,#4579);
#4578 = CARTESIAN_POINT('',(797.45125402507,-518.6607971076,845.));
#4579 = VECTOR('',#4580,1.);
#4580 = DIRECTION('',(0.,0.,1.));
#4581 = PLANE('',#4582);
#4582 = AXIS2_PLACEMENT_3D('',#4583,#4584,#4585);
#4583 = CARTESIAN_POINT('',(772.05156020157,-546.9248299704,845.));
#4584 = DIRECTION('',(-0.743790338496,0.668412995355,0.));
#4585 = DIRECTION('',(0.,0.,1.));
#4586 = ADVANCED_FACE('',(#4587),#4606,.F.);
#4587 = FACE_BOUND('',#4588,.F.);
#4588 = EDGE_LOOP('',(#4589,#4590,#4591,#4599));
#4589 = ORIENTED_EDGE('',*,*,#4465,.F.);
#4590 = ORIENTED_EDGE('',*,*,#4511,.T.);
#4591 = ORIENTED_EDGE('',*,*,#4592,.T.);
#4592 = EDGE_CURVE('',#4512,#4593,#4595,.T.);
#4593 = VERTEX_POINT('',#4594);
#4594 = CARTESIAN_POINT('',(1.036053360404E+03,-733.0824430587,845.));
#4595 = LINE('',#4596,#4597);
#4596 = CARTESIAN_POINT('',(1.213973843583E+03,-892.9720745066,845.));
#4597 = VECTOR('',#4598,1.);
#4598 = DIRECTION('',(-0.743790338496,0.668412995355,0.));
#4599 = ORIENTED_EDGE('',*,*,#4600,.F.);
#4600 = EDGE_CURVE('',#4466,#4593,#4601,.T.);
#4601 = CIRCLE('',#4602,45.);
#4602 = AXIS2_PLACEMENT_3D('',#4603,#4604,#4605);
#4603 = CARTESIAN_POINT('',(993.01270189221,-719.9484522385,845.));
#4604 = DIRECTION('',(0.,0.,1.));
#4605 = DIRECTION('',(1.,0.,0.));
#4606 = PLANE('',#4607);
#4607 = AXIS2_PLACEMENT_3D('',#4608,#4609,#4610);
#4608 = CARTESIAN_POINT('',(1.188574149759E+03,-921.2361073694,845.));
#4609 = DIRECTION('',(0.,0.,1.));
#4610 = DIRECTION('',(0.668412995355,0.743790338496,0.));
#4611 = ADVANCED_FACE('',(#4612),#4622,.T.);
#4612 = FACE_BOUND('',#4613,.T.);
#4613 = EDGE_LOOP('',(#4614,#4615));
#4614 = ORIENTED_EDGE('',*,*,#4473,.T.);
#4615 = ORIENTED_EDGE('',*,*,#4616,.T.);
#4616 = EDGE_CURVE('',#4474,#4466,#4617,.T.);
#4617 = CIRCLE('',#4618,45.);
#4618 = AXIS2_PLACEMENT_3D('',#4619,#4620,#4621);
#4619 = CARTESIAN_POINT('',(993.01270189221,-719.9484522385,845.));
#4620 = DIRECTION('',(0.,0.,1.));
#4621 = DIRECTION('',(1.,0.,0.));
#4622 = PLANE('',#4623);
#4623 = AXIS2_PLACEMENT_3D('',#4624,#4625,#4626);
#4624 = CARTESIAN_POINT('',(993.01270189221,-719.9484522385,845.));
#4625 = DIRECTION('',(0.,0.,1.));
#4626 = DIRECTION('',(1.,0.,0.));
#4627 = ADVANCED_FACE('',(#4628),#4647,.F.);
#4628 = FACE_BOUND('',#4629,.F.);
#4629 = EDGE_LOOP('',(#4630,#4631,#4640,#4646));
#4630 = ORIENTED_EDGE('',*,*,#4481,.F.);
#4631 = ORIENTED_EDGE('',*,*,#4632,.F.);
#4632 = EDGE_CURVE('',#4633,#4474,#4635,.T.);
#4633 = VERTEX_POINT('',#4634);
#4634 = CARTESIAN_POINT('',(975.37173720386,-678.5504285554,845.));
#4635 = CIRCLE('',#4636,45.);
#4636 = AXIS2_PLACEMENT_3D('',#4637,#4638,#4639);
#4637 = CARTESIAN_POINT('',(993.01270189221,-719.9484522385,845.));
#4638 = DIRECTION('',(0.,0.,1.));
#4639 = DIRECTION('',(1.,0.,0.));
#4640 = ORIENTED_EDGE('',*,*,#4641,.T.);
#4641 = EDGE_CURVE('',#4633,#4567,#4642,.T.);
#4642 = LINE('',#4643,#4644);
#4643 = CARTESIAN_POINT('',(1.213973843583E+03,-892.9720745066,845.));
#4644 = VECTOR('',#4645,1.);
#4645 = DIRECTION('',(-0.743790338496,0.668412995355,0.));
#4646 = ORIENTED_EDGE('',*,*,#4566,.F.);
#4647 = PLANE('',#4648);
#4648 = AXIS2_PLACEMENT_3D('',#4649,#4650,#4651);
#4649 = CARTESIAN_POINT('',(1.188574149759E+03,-921.2361073694,845.));
#4650 = DIRECTION('',(0.,0.,1.));
#4651 = DIRECTION('',(0.668412995355,0.743790338496,0.));
#4652 = ADVANCED_FACE('',(#4653),#4666,.T.);
#4653 = FACE_BOUND('',#4654,.T.);
#4654 = EDGE_LOOP('',(#4655,#4656,#4657,#4663,#4664,#4665));
#4655 = ORIENTED_EDGE('',*,*,#4528,.F.);
#4656 = ORIENTED_EDGE('',*,*,#4592,.T.);
#4657 = ORIENTED_EDGE('',*,*,#4658,.T.);
#4658 = EDGE_CURVE('',#4593,#4633,#4659,.T.);
#4659 = LINE('',#4660,#4661);
#4660 = CARTESIAN_POINT('',(1.213973843583E+03,-892.9720745066,845.));
#4661 = VECTOR('',#4662,1.);
#4662 = DIRECTION('',(-0.743790338496,0.668412995355,0.));
#4663 = ORIENTED_EDGE('',*,*,#4641,.T.);
#4664 = ORIENTED_EDGE('',*,*,#4576,.T.);
#4665 = ORIENTED_EDGE('',*,*,#4544,.F.);
#4666 = PLANE('',#4667);
#4667 = AXIS2_PLACEMENT_3D('',#4668,#4669,#4670);
#4668 = CARTESIAN_POINT('',(1.213973843583E+03,-892.9720745066,845.));
#4669 = DIRECTION('',(0.668412995355,0.743790338496,0.));
#4670 = DIRECTION('',(0.,0.,1.));
#4671 = ADVANCED_FACE('',(#4672),#4709,.T.);
#4672 = FACE_BOUND('',#4673,.T.);
#4673 = EDGE_LOOP('',(#4674,#4684,#4691,#4692,#4693,#4694,#4701,#4702));
#4674 = ORIENTED_EDGE('',*,*,#4675,.T.);
#4675 = EDGE_CURVE('',#4676,#4678,#4680,.T.);
#4676 = VERTEX_POINT('',#4677);
#4677 = CARTESIAN_POINT('',(1.038012701892E+03,-719.9484522385,750.));
#4678 = VERTEX_POINT('',#4679);
#4679 = CARTESIAN_POINT('',(1.038012701892E+03,-719.9484522385,845.));
#4680 = LINE('',#4681,#4682);
#4681 = CARTESIAN_POINT('',(1.038012701892E+03,-719.9484522385,750.));
#4682 = VECTOR('',#4683,1.);
#4683 = DIRECTION('',(0.,0.,1.));
#4684 = ORIENTED_EDGE('',*,*,#4685,.F.);
#4685 = EDGE_CURVE('',#4593,#4678,#4686,.T.);
#4686 = CIRCLE('',#4687,45.);
#4687 = AXIS2_PLACEMENT_3D('',#4688,#4689,#4690);
#4688 = CARTESIAN_POINT('',(993.01270189221,-719.9484522385,845.));
#4689 = DIRECTION('',(0.,0.,1.));
#4690 = DIRECTION('',(1.,0.,0.));
#4691 = ORIENTED_EDGE('',*,*,#4600,.F.);
#4692 = ORIENTED_EDGE('',*,*,#4616,.F.);
#4693 = ORIENTED_EDGE('',*,*,#4632,.F.);
#4694 = ORIENTED_EDGE('',*,*,#4695,.F.);
#4695 = EDGE_CURVE('',#4678,#4633,#4696,.T.);
#4696 = CIRCLE('',#4697,45.);
#4697 = AXIS2_PLACEMENT_3D('',#4698,#4699,#4700);
#4698 = CARTESIAN_POINT('',(993.01270189221,-719.9484522385,845.));
#4699 = DIRECTION('',(0.,0.,1.));
#4700 = DIRECTION('',(1.,0.,0.));
#4701 = ORIENTED_EDGE('',*,*,#4675,.F.);
#4702 = ORIENTED_EDGE('',*,*,#4703,.T.);
#4703 = EDGE_CURVE('',#4676,#4676,#4704,.T.);
#4704 = CIRCLE('',#4705,45.);
#4705 = AXIS2_PLACEMENT_3D('',#4706,#4707,#4708);
#4706 = CARTESIAN_POINT('',(993.01270189221,-719.9484522385,750.));
#4707 = DIRECTION('',(0.,0.,1.));
#4708 = DIRECTION('',(1.,0.,0.));
#4709 = CYLINDRICAL_SURFACE('',#4710,45.);
#4710 = AXIS2_PLACEMENT_3D('',#4711,#4712,#4713);
#4711 = CARTESIAN_POINT('',(993.01270189221,-719.9484522385,750.));
#4712 = DIRECTION('',(0.,0.,1.));
#4713 = DIRECTION('',(1.,0.,0.));
#4714 = ADVANCED_FACE('',(#4715),#4720,.T.);
#4715 = FACE_BOUND('',#4716,.T.);
#4716 = EDGE_LOOP('',(#4717,#4718,#4719));
#4717 = ORIENTED_EDGE('',*,*,#4685,.T.);
#4718 = ORIENTED_EDGE('',*,*,#4695,.T.);
#4719 = ORIENTED_EDGE('',*,*,#4658,.F.);
#4720 = PLANE('',#4721);
#4721 = AXIS2_PLACEMENT_3D('',#4722,#4723,#4724);
#4722 = CARTESIAN_POINT('',(993.01270189221,-719.9484522385,845.));
#4723 = DIRECTION('',(0.,0.,1.));
#4724 = DIRECTION('',(1.,0.,0.));
#4725 = ADVANCED_FACE('',(#4726),#4729,.F.);
#4726 = FACE_BOUND('',#4727,.T.);
#4727 = EDGE_LOOP('',(#4728));
#4728 = ORIENTED_EDGE('',*,*,#4703,.F.);
#4729 = PLANE('',#4730);
#4730 = AXIS2_PLACEMENT_3D('',#4731,#4732,#4733);
#4731 = CARTESIAN_POINT('',(993.01270189221,-719.9484522385,750.));
#4732 = DIRECTION('',(0.,0.,1.));
#4733 = DIRECTION('',(1.,0.,0.));
#4734 = MANIFOLD_SOLID_BREP('',#4735);
#4735 = CLOSED_SHELL('',(#4736,#4776,#4816,#4838,#4860,#4872));
#4736 = ADVANCED_FACE('',(#4737),#4771,.F.);
#4737 = FACE_BOUND('',#4738,.F.);
#4738 = EDGE_LOOP('',(#4739,#4749,#4757,#4765));
#4739 = ORIENTED_EDGE('',*,*,#4740,.F.);
#4740 = EDGE_CURVE('',#4741,#4743,#4745,.T.);
#4741 = VERTEX_POINT('',#4742);
#4742 = CARTESIAN_POINT('',(1.20058561749E+03,-880.9406405902,863.));
#4743 = VERTEX_POINT('',#4744);
#4744 = CARTESIAN_POINT('',(1.20058561749E+03,-880.9406405902,1.197E+03)
  );
#4745 = LINE('',#4746,#4747);
#4746 = CARTESIAN_POINT('',(1.20058561749E+03,-880.9406405902,863.));
#4747 = VECTOR('',#4748,1.);
#4748 = DIRECTION('',(0.,0.,1.));
#4749 = ORIENTED_EDGE('',*,*,#4750,.T.);
#4750 = EDGE_CURVE('',#4741,#4751,#4753,.T.);
#4751 = VERTEX_POINT('',#4752);
#4752 = CARTESIAN_POINT('',(810.839480118,-530.692231024,863.));
#4753 = LINE('',#4754,#4755);
#4754 = CARTESIAN_POINT('',(1.20058561749E+03,-880.9406405902,863.));
#4755 = VECTOR('',#4756,1.);
#4756 = DIRECTION('',(-0.743790338496,0.668412995355,0.));
#4757 = ORIENTED_EDGE('',*,*,#4758,.T.);
#4758 = EDGE_CURVE('',#4751,#4759,#4761,.T.);
#4759 = VERTEX_POINT('',#4760);
#4760 = CARTESIAN_POINT('',(810.839480118,-530.692231024,1.197E+03));
#4761 = LINE('',#4762,#4763);
#4762 = CARTESIAN_POINT('',(810.839480118,-530.692231024,863.));
#4763 = VECTOR('',#4764,1.);
#4764 = DIRECTION('',(0.,0.,1.));
#4765 = ORIENTED_EDGE('',*,*,#4766,.F.);
#4766 = EDGE_CURVE('',#4743,#4759,#4767,.T.);
#4767 = LINE('',#4768,#4769);
#4768 = CARTESIAN_POINT('',(1.20058561749E+03,-880.9406405902,1.197E+03)
  );
#4769 = VECTOR('',#4770,1.);
#4770 = DIRECTION('',(-0.743790338496,0.668412995355,0.));
#4771 = PLANE('',#4772);
#4772 = AXIS2_PLACEMENT_3D('',#4773,#4774,#4775);
#4773 = CARTESIAN_POINT('',(1.20058561749E+03,-880.9406405902,863.));
#4774 = DIRECTION('',(0.668412995355,0.743790338496,0.));
#4775 = DIRECTION('',(0.,0.,1.));
#4776 = ADVANCED_FACE('',(#4777),#4811,.T.);
#4777 = FACE_BOUND('',#4778,.T.);
#4778 = EDGE_LOOP('',(#4779,#4789,#4797,#4805));
#4779 = ORIENTED_EDGE('',*,*,#4780,.F.);
#4780 = EDGE_CURVE('',#4781,#4783,#4785,.T.);
#4781 = VERTEX_POINT('',#4782);
#4782 = CARTESIAN_POINT('',(1.202590856476E+03,-878.7092695747,863.));
#4783 = VERTEX_POINT('',#4784);
#4784 = CARTESIAN_POINT('',(1.202590856476E+03,-878.7092695747,1.197E+03
    ));
#4785 = LINE('',#4786,#4787);
#4786 = CARTESIAN_POINT('',(1.202590856476E+03,-878.7092695747,863.));
#4787 = VECTOR('',#4788,1.);
#4788 = DIRECTION('',(0.,0.,1.));
#4789 = ORIENTED_EDGE('',*,*,#4790,.T.);
#4790 = EDGE_CURVE('',#4781,#4791,#4793,.T.);
#4791 = VERTEX_POINT('',#4792);
#4792 = CARTESIAN_POINT('',(812.84471910407,-528.4608600085,863.));
#4793 = LINE('',#4794,#4795);
#4794 = CARTESIAN_POINT('',(1.202590856476E+03,-878.7092695747,863.));
#4795 = VECTOR('',#4796,1.);
#4796 = DIRECTION('',(-0.743790338496,0.668412995355,0.));
#4797 = ORIENTED_EDGE('',*,*,#4798,.T.);
#4798 = EDGE_CURVE('',#4791,#4799,#4801,.T.);
#4799 = VERTEX_POINT('',#4800);
#4800 = CARTESIAN_POINT('',(812.84471910407,-528.4608600085,1.197E+03));
#4801 = LINE('',#4802,#4803);
#4802 = CARTESIAN_POINT('',(812.84471910407,-528.4608600085,863.));
#4803 = VECTOR('',#4804,1.);
#4804 = DIRECTION('',(0.,0.,1.));
#4805 = ORIENTED_EDGE('',*,*,#4806,.F.);
#4806 = EDGE_CURVE('',#4783,#4799,#4807,.T.);
#4807 = LINE('',#4808,#4809);
#4808 = CARTESIAN_POINT('',(1.202590856476E+03,-878.7092695747,1.197E+03
    ));
#4809 = VECTOR('',#4810,1.);
#4810 = DIRECTION('',(-0.743790338496,0.668412995355,0.));
#4811 = PLANE('',#4812);
#4812 = AXIS2_PLACEMENT_3D('',#4813,#4814,#4815);
#4813 = CARTESIAN_POINT('',(1.202590856476E+03,-878.7092695747,863.));
#4814 = DIRECTION('',(0.668412995355,0.743790338496,0.));
#4815 = DIRECTION('',(0.,0.,1.));
#4816 = ADVANCED_FACE('',(#4817),#4833,.F.);
#4817 = FACE_BOUND('',#4818,.F.);
#4818 = EDGE_LOOP('',(#4819,#4825,#4826,#4832));
#4819 = ORIENTED_EDGE('',*,*,#4820,.F.);
#4820 = EDGE_CURVE('',#4741,#4781,#4821,.T.);
#4821 = LINE('',#4822,#4823);
#4822 = CARTESIAN_POINT('',(1.20058561749E+03,-880.9406405902,863.));
#4823 = VECTOR('',#4824,1.);
#4824 = DIRECTION('',(0.668412995355,0.743790338496,0.));
#4825 = ORIENTED_EDGE('',*,*,#4740,.T.);
#4826 = ORIENTED_EDGE('',*,*,#4827,.T.);
#4827 = EDGE_CURVE('',#4743,#4783,#4828,.T.);
#4828 = LINE('',#4829,#4830);
#4829 = CARTESIAN_POINT('',(1.20058561749E+03,-880.9406405902,1.197E+03)
  );
#4830 = VECTOR('',#4831,1.);
#4831 = DIRECTION('',(0.668412995355,0.743790338496,0.));
#4832 = ORIENTED_EDGE('',*,*,#4780,.F.);
#4833 = PLANE('',#4834);
#4834 = AXIS2_PLACEMENT_3D('',#4835,#4836,#4837);
#4835 = CARTESIAN_POINT('',(1.20058561749E+03,-880.9406405902,863.));
#4836 = DIRECTION('',(-0.743790338496,0.668412995355,0.));
#4837 = DIRECTION('',(0.,0.,1.));
#4838 = ADVANCED_FACE('',(#4839),#4855,.T.);
#4839 = FACE_BOUND('',#4840,.T.);
#4840 = EDGE_LOOP('',(#4841,#4847,#4848,#4854));
#4841 = ORIENTED_EDGE('',*,*,#4842,.F.);
#4842 = EDGE_CURVE('',#4751,#4791,#4843,.T.);
#4843 = LINE('',#4844,#4845);
#4844 = CARTESIAN_POINT('',(810.839480118,-530.692231024,863.));
#4845 = VECTOR('',#4846,1.);
#4846 = DIRECTION('',(0.668412995355,0.743790338496,0.));
#4847 = ORIENTED_EDGE('',*,*,#4758,.T.);
#4848 = ORIENTED_EDGE('',*,*,#4849,.T.);
#4849 = EDGE_CURVE('',#4759,#4799,#4850,.T.);
#4850 = LINE('',#4851,#4852);
#4851 = CARTESIAN_POINT('',(810.839480118,-530.692231024,1.197E+03));
#4852 = VECTOR('',#4853,1.);
#4853 = DIRECTION('',(0.668412995355,0.743790338496,0.));
#4854 = ORIENTED_EDGE('',*,*,#4798,.F.);
#4855 = PLANE('',#4856);
#4856 = AXIS2_PLACEMENT_3D('',#4857,#4858,#4859);
#4857 = CARTESIAN_POINT('',(810.839480118,-530.692231024,863.));
#4858 = DIRECTION('',(-0.743790338496,0.668412995355,0.));
#4859 = DIRECTION('',(0.,0.,1.));
#4860 = ADVANCED_FACE('',(#4861),#4867,.F.);
#4861 = FACE_BOUND('',#4862,.F.);
#4862 = EDGE_LOOP('',(#4863,#4864,#4865,#4866));
#4863 = ORIENTED_EDGE('',*,*,#4750,.F.);
#4864 = ORIENTED_EDGE('',*,*,#4820,.T.);
#4865 = ORIENTED_EDGE('',*,*,#4790,.T.);
#4866 = ORIENTED_EDGE('',*,*,#4842,.F.);
#4867 = PLANE('',#4868);
#4868 = AXIS2_PLACEMENT_3D('',#4869,#4870,#4871);
#4869 = CARTESIAN_POINT('',(1.20058561749E+03,-880.9406405902,863.));
#4870 = DIRECTION('',(0.,0.,1.));
#4871 = DIRECTION('',(0.668412995355,0.743790338496,0.));
#4872 = ADVANCED_FACE('',(#4873),#4879,.T.);
#4873 = FACE_BOUND('',#4874,.T.);
#4874 = EDGE_LOOP('',(#4875,#4876,#4877,#4878));
#4875 = ORIENTED_EDGE('',*,*,#4766,.F.);
#4876 = ORIENTED_EDGE('',*,*,#4827,.T.);
#4877 = ORIENTED_EDGE('',*,*,#4806,.T.);
#4878 = ORIENTED_EDGE('',*,*,#4849,.F.);
#4879 = PLANE('',#4880);
#4880 = AXIS2_PLACEMENT_3D('',#4881,#4882,#4883);
#4881 = CARTESIAN_POINT('',(1.20058561749E+03,-880.9406405902,1.197E+03)
  );
#4882 = DIRECTION('',(0.,0.,1.));
#4883 = DIRECTION('',(0.668412995355,0.743790338496,0.));
#4884 = MANIFOLD_SOLID_BREP('',#4885);
#4885 = CLOSED_SHELL('',(#4886,#4942,#4973,#4997,#5021,#5046,#5071,#5096
    ,#5115,#5150,#5160));
#4886 = ADVANCED_FACE('',(#4887),#4937,.F.);
#4887 = FACE_BOUND('',#4888,.F.);
#4888 = EDGE_LOOP('',(#4889,#4899,#4907,#4915,#4923,#4931));
#4889 = ORIENTED_EDGE('',*,*,#4890,.F.);
#4890 = EDGE_CURVE('',#4891,#4893,#4895,.T.);
#4891 = VERTEX_POINT('',#4892);
#4892 = CARTESIAN_POINT('',(-56.54174377005,747.93317295828,845.));
#4893 = VERTEX_POINT('',#4894);
#4894 = CARTESIAN_POINT('',(-56.54174377005,747.93317295828,1.215E+03));
#4895 = LINE('',#4896,#4897);
#4896 = CARTESIAN_POINT('',(-56.54174377005,747.93317295828,845.));
#4897 = VECTOR('',#4898,1.);
#4898 = DIRECTION('',(0.,0.,1.));
#4899 = ORIENTED_EDGE('',*,*,#4900,.T.);
#4900 = EDGE_CURVE('',#4891,#4901,#4903,.T.);
#4901 = VERTEX_POINT('',#4902);
#4902 = CARTESIAN_POINT('',(-302.6729565346,605.82925101265,845.));
#4903 = LINE('',#4904,#4905);
#4904 = CARTESIAN_POINT('',(-56.54174377005,747.93317295828,845.));
#4905 = VECTOR('',#4906,1.);
#4906 = DIRECTION('',(-0.866025403784,-0.5,0.));
#4907 = ORIENTED_EDGE('',*,*,#4908,.T.);
#4908 = EDGE_CURVE('',#4901,#4909,#4911,.T.);
#4909 = VERTEX_POINT('',#4910);
#4910 = CARTESIAN_POINT('',(-373.3270434653,565.03709490391,845.));
#4911 = LINE('',#4912,#4913);
#4912 = CARTESIAN_POINT('',(-56.54174377005,747.93317295828,845.));
#4913 = VECTOR('',#4914,1.);
#4914 = DIRECTION('',(-0.866025403784,-0.5,0.));
#4915 = ORIENTED_EDGE('',*,*,#4916,.T.);
#4916 = EDGE_CURVE('',#4909,#4917,#4919,.T.);
#4917 = VERTEX_POINT('',#4918);
#4918 = CARTESIAN_POINT('',(-619.4582562299,422.93317295828,845.));
#4919 = LINE('',#4920,#4921);
#4920 = CARTESIAN_POINT('',(-56.54174377005,747.93317295828,845.));
#4921 = VECTOR('',#4922,1.);
#4922 = DIRECTION('',(-0.866025403784,-0.5,0.));
#4923 = ORIENTED_EDGE('',*,*,#4924,.T.);
#4924 = EDGE_CURVE('',#4917,#4925,#4927,.T.);
#4925 = VERTEX_POINT('',#4926);
#4926 = CARTESIAN_POINT('',(-619.4582562299,422.93317295828,1.215E+03));
#4927 = LINE('',#4928,#4929);
#4928 = CARTESIAN_POINT('',(-619.4582562299,422.93317295828,845.));
#4929 = VECTOR('',#4930,1.);
#4930 = DIRECTION('',(0.,0.,1.));
#4931 = ORIENTED_EDGE('',*,*,#4932,.F.);
#4932 = EDGE_CURVE('',#4893,#4925,#4933,.T.);
#4933 = LINE('',#4934,#4935);
#4934 = CARTESIAN_POINT('',(-56.54174377005,747.93317295828,1.215E+03));
#4935 = VECTOR('',#4936,1.);
#4936 = DIRECTION('',(-0.866025403784,-0.5,0.));
#4937 = PLANE('',#4938);
#4938 = AXIS2_PLACEMENT_3D('',#4939,#4940,#4941);
#4939 = CARTESIAN_POINT('',(-56.54174377005,747.93317295828,845.));
#4940 = DIRECTION('',(-0.5,0.866025403784,0.));
#4941 = DIRECTION('',(0.,0.,1.));
#4942 = ADVANCED_FACE('',(#4943),#4968,.F.);
#4943 = FACE_BOUND('',#4944,.F.);
#4944 = EDGE_LOOP('',(#4945,#4953,#4954,#4962));
#4945 = ORIENTED_EDGE('',*,*,#4946,.F.);
#4946 = EDGE_CURVE('',#4891,#4947,#4949,.T.);
#4947 = VERTEX_POINT('',#4948);
#4948 = CARTESIAN_POINT('',(-75.54174377005,780.84213830208,845.));
#4949 = LINE('',#4950,#4951);
#4950 = CARTESIAN_POINT('',(-56.54174377005,747.93317295828,845.));
#4951 = VECTOR('',#4952,1.);
#4952 = DIRECTION('',(-0.5,0.866025403784,0.));
#4953 = ORIENTED_EDGE('',*,*,#4890,.T.);
#4954 = ORIENTED_EDGE('',*,*,#4955,.T.);
#4955 = EDGE_CURVE('',#4893,#4956,#4958,.T.);
#4956 = VERTEX_POINT('',#4957);
#4957 = CARTESIAN_POINT('',(-75.54174377005,780.84213830208,1.215E+03));
#4958 = LINE('',#4959,#4960);
#4959 = CARTESIAN_POINT('',(-56.54174377005,747.93317295828,1.215E+03));
#4960 = VECTOR('',#4961,1.);
#4961 = DIRECTION('',(-0.5,0.866025403784,0.));
#4962 = ORIENTED_EDGE('',*,*,#4963,.F.);
#4963 = EDGE_CURVE('',#4947,#4956,#4964,.T.);
#4964 = LINE('',#4965,#4966);
#4965 = CARTESIAN_POINT('',(-75.54174377005,780.84213830208,845.));
#4966 = VECTOR('',#4967,1.);
#4967 = DIRECTION('',(0.,0.,1.));
#4968 = PLANE('',#4969);
#4969 = AXIS2_PLACEMENT_3D('',#4970,#4971,#4972);
#4970 = CARTESIAN_POINT('',(-56.54174377005,747.93317295828,845.));
#4971 = DIRECTION('',(-0.866025403784,-0.5,0.));
#4972 = DIRECTION('',(0.,0.,1.));
#4973 = ADVANCED_FACE('',(#4974),#4992,.T.);
#4974 = FACE_BOUND('',#4975,.T.);
#4975 = EDGE_LOOP('',(#4976,#4977,#4978,#4986));
#4976 = ORIENTED_EDGE('',*,*,#4932,.F.);
#4977 = ORIENTED_EDGE('',*,*,#4955,.T.);
#4978 = ORIENTED_EDGE('',*,*,#4979,.T.);
#4979 = EDGE_CURVE('',#4956,#4980,#4982,.T.);
#4980 = VERTEX_POINT('',#4981);
#4981 = CARTESIAN_POINT('',(-638.4582562299,455.84213830208,1.215E+03));
#4982 = LINE('',#4983,#4984);
#4983 = CARTESIAN_POINT('',(-75.54174377005,780.84213830208,1.215E+03));
#4984 = VECTOR('',#4985,1.);
#4985 = DIRECTION('',(-0.866025403784,-0.5,0.));
#4986 = ORIENTED_EDGE('',*,*,#4987,.F.);
#4987 = EDGE_CURVE('',#4925,#4980,#4988,.T.);
#4988 = LINE('',#4989,#4990);
#4989 = CARTESIAN_POINT('',(-619.4582562299,422.93317295828,1.215E+03));
#4990 = VECTOR('',#4991,1.);
#4991 = DIRECTION('',(-0.5,0.866025403784,0.));
#4992 = PLANE('',#4993);
#4993 = AXIS2_PLACEMENT_3D('',#4994,#4995,#4996);
#4994 = CARTESIAN_POINT('',(-56.54174377005,747.93317295828,1.215E+03));
#4995 = DIRECTION('',(0.,0.,1.));
#4996 = DIRECTION('',(-0.5,0.866025403784,0.));
#4997 = ADVANCED_FACE('',(#4998),#5016,.T.);
#4998 = FACE_BOUND('',#4999,.T.);
#4999 = EDGE_LOOP('',(#5000,#5008,#5009,#5010));
#5000 = ORIENTED_EDGE('',*,*,#5001,.F.);
#5001 = EDGE_CURVE('',#4917,#5002,#5004,.T.);
#5002 = VERTEX_POINT('',#5003);
#5003 = CARTESIAN_POINT('',(-638.4582562299,455.84213830208,845.));
#5004 = LINE('',#5005,#5006);
#5005 = CARTESIAN_POINT('',(-619.4582562299,422.93317295828,845.));
#5006 = VECTOR('',#5007,1.);
#5007 = DIRECTION('',(-0.5,0.866025403784,0.));
#5008 = ORIENTED_EDGE('',*,*,#4924,.T.);
#5009 = ORIENTED_EDGE('',*,*,#4987,.T.);
#5010 = ORIENTED_EDGE('',*,*,#5011,.F.);
#5011 = EDGE_CURVE('',#5002,#4980,#5012,.T.);
#5012 = LINE('',#5013,#5014);
#5013 = CARTESIAN_POINT('',(-638.4582562299,455.84213830208,845.));
#5014 = VECTOR('',#5015,1.);
#5015 = DIRECTION('',(0.,0.,1.));
#5016 = PLANE('',#5017);
#5017 = AXIS2_PLACEMENT_3D('',#5018,#5019,#5020);
#5018 = CARTESIAN_POINT('',(-619.4582562299,422.93317295828,845.));
#5019 = DIRECTION('',(-0.866025403784,-0.5,0.));
#5020 = DIRECTION('',(0.,0.,1.));
#5021 = ADVANCED_FACE('',(#5022),#5041,.F.);
#5022 = FACE_BOUND('',#5023,.F.);
#5023 = EDGE_LOOP('',(#5024,#5025,#5026,#5034));
#5024 = ORIENTED_EDGE('',*,*,#4900,.F.);
#5025 = ORIENTED_EDGE('',*,*,#4946,.T.);
#5026 = ORIENTED_EDGE('',*,*,#5027,.T.);
#5027 = EDGE_CURVE('',#4947,#5028,#5030,.T.);
#5028 = VERTEX_POINT('',#5029);
#5029 = CARTESIAN_POINT('',(-321.6729565346,638.73821635646,845.));
#5030 = LINE('',#5031,#5032);
#5031 = CARTESIAN_POINT('',(-75.54174377005,780.84213830208,845.));
#5032 = VECTOR('',#5033,1.);
#5033 = DIRECTION('',(-0.866025403784,-0.5,0.));
#5034 = ORIENTED_EDGE('',*,*,#5035,.F.);
#5035 = EDGE_CURVE('',#4901,#5028,#5036,.T.);
#5036 = CIRCLE('',#5037,45.);
#5037 = AXIS2_PLACEMENT_3D('',#5038,#5039,#5040);
#5038 = CARTESIAN_POINT('',(-347.5,601.88765563018,845.));
#5039 = DIRECTION('',(0.,0.,1.));
#5040 = DIRECTION('',(1.,0.,0.));
#5041 = PLANE('',#5042);
#5042 = AXIS2_PLACEMENT_3D('',#5043,#5044,#5045);
#5043 = CARTESIAN_POINT('',(-56.54174377005,747.93317295828,845.));
#5044 = DIRECTION('',(0.,0.,1.));
#5045 = DIRECTION('',(-0.5,0.866025403784,0.));
#5046 = ADVANCED_FACE('',(#5047),#5066,.T.);
#5047 = FACE_BOUND('',#5048,.T.);
#5048 = EDGE_LOOP('',(#5049,#5058,#5065));
#5049 = ORIENTED_EDGE('',*,*,#5050,.T.);
#5050 = EDGE_CURVE('',#4909,#5051,#5053,.T.);
#5051 = VERTEX_POINT('',#5052);
#5052 = CARTESIAN_POINT('',(-302.5,601.88765563018,845.));
#5053 = CIRCLE('',#5054,45.);
#5054 = AXIS2_PLACEMENT_3D('',#5055,#5056,#5057);
#5055 = CARTESIAN_POINT('',(-347.5,601.88765563018,845.));
#5056 = DIRECTION('',(0.,0.,1.));
#5057 = DIRECTION('',(1.,0.,0.));
#5058 = ORIENTED_EDGE('',*,*,#5059,.T.);
#5059 = EDGE_CURVE('',#5051,#4901,#5060,.T.);
#5060 = CIRCLE('',#5061,45.);
#5061 = AXIS2_PLACEMENT_3D('',#5062,#5063,#5064);
#5062 = CARTESIAN_POINT('',(-347.5,601.88765563018,845.));
#5063 = DIRECTION('',(0.,0.,1.));
#5064 = DIRECTION('',(1.,0.,0.));
#5065 = ORIENTED_EDGE('',*,*,#4908,.T.);
#5066 = PLANE('',#5067);
#5067 = AXIS2_PLACEMENT_3D('',#5068,#5069,#5070);
#5068 = CARTESIAN_POINT('',(-347.5,601.88765563018,845.));
#5069 = DIRECTION('',(0.,0.,1.));
#5070 = DIRECTION('',(1.,0.,0.));
#5071 = ADVANCED_FACE('',(#5072),#5091,.F.);
#5072 = FACE_BOUND('',#5073,.F.);
#5073 = EDGE_LOOP('',(#5074,#5075,#5084,#5090));
#5074 = ORIENTED_EDGE('',*,*,#4916,.F.);
#5075 = ORIENTED_EDGE('',*,*,#5076,.F.);
#5076 = EDGE_CURVE('',#5077,#4909,#5079,.T.);
#5077 = VERTEX_POINT('',#5078);
#5078 = CARTESIAN_POINT('',(-392.3270434653,597.94606024772,845.));
#5079 = CIRCLE('',#5080,45.);
#5080 = AXIS2_PLACEMENT_3D('',#5081,#5082,#5083);
#5081 = CARTESIAN_POINT('',(-347.5,601.88765563018,845.));
#5082 = DIRECTION('',(0.,0.,1.));
#5083 = DIRECTION('',(1.,0.,0.));
#5084 = ORIENTED_EDGE('',*,*,#5085,.T.);
#5085 = EDGE_CURVE('',#5077,#5002,#5086,.T.);
#5086 = LINE('',#5087,#5088);
#5087 = CARTESIAN_POINT('',(-75.54174377005,780.84213830208,845.));
#5088 = VECTOR('',#5089,1.);
#5089 = DIRECTION('',(-0.866025403784,-0.5,0.));
#5090 = ORIENTED_EDGE('',*,*,#5001,.F.);
#5091 = PLANE('',#5092);
#5092 = AXIS2_PLACEMENT_3D('',#5093,#5094,#5095);
#5093 = CARTESIAN_POINT('',(-56.54174377005,747.93317295828,845.));
#5094 = DIRECTION('',(0.,0.,1.));
#5095 = DIRECTION('',(-0.5,0.866025403784,0.));
#5096 = ADVANCED_FACE('',(#5097),#5110,.T.);
#5097 = FACE_BOUND('',#5098,.T.);
#5098 = EDGE_LOOP('',(#5099,#5100,#5101,#5107,#5108,#5109));
#5099 = ORIENTED_EDGE('',*,*,#4963,.F.);
#5100 = ORIENTED_EDGE('',*,*,#5027,.T.);
#5101 = ORIENTED_EDGE('',*,*,#5102,.T.);
#5102 = EDGE_CURVE('',#5028,#5077,#5103,.T.);
#5103 = LINE('',#5104,#5105);
#5104 = CARTESIAN_POINT('',(-75.54174377005,780.84213830208,845.));
#5105 = VECTOR('',#5106,1.);
#5106 = DIRECTION('',(-0.866025403784,-0.5,0.));
#5107 = ORIENTED_EDGE('',*,*,#5085,.T.);
#5108 = ORIENTED_EDGE('',*,*,#5011,.T.);
#5109 = ORIENTED_EDGE('',*,*,#4979,.F.);
#5110 = PLANE('',#5111);
#5111 = AXIS2_PLACEMENT_3D('',#5112,#5113,#5114);
#5112 = CARTESIAN_POINT('',(-75.54174377005,780.84213830208,845.));
#5113 = DIRECTION('',(-0.5,0.866025403784,0.));
#5114 = DIRECTION('',(0.,0.,1.));
#5115 = ADVANCED_FACE('',(#5116),#5145,.T.);
#5116 = FACE_BOUND('',#5117,.T.);
#5117 = EDGE_LOOP('',(#5118,#5126,#5127,#5128,#5135,#5136,#5137,#5138));
#5118 = ORIENTED_EDGE('',*,*,#5119,.T.);
#5119 = EDGE_CURVE('',#5120,#5051,#5122,.T.);
#5120 = VERTEX_POINT('',#5121);
#5121 = CARTESIAN_POINT('',(-302.5,601.88765563018,750.));
#5122 = LINE('',#5123,#5124);
#5123 = CARTESIAN_POINT('',(-302.5,601.88765563018,750.));
#5124 = VECTOR('',#5125,1.);
#5125 = DIRECTION('',(0.,0.,1.));
#5126 = ORIENTED_EDGE('',*,*,#5050,.F.);
#5127 = ORIENTED_EDGE('',*,*,#5076,.F.);
#5128 = ORIENTED_EDGE('',*,*,#5129,.F.);
#5129 = EDGE_CURVE('',#5028,#5077,#5130,.T.);
#5130 = CIRCLE('',#5131,45.);
#5131 = AXIS2_PLACEMENT_3D('',#5132,#5133,#5134);
#5132 = CARTESIAN_POINT('',(-347.5,601.88765563018,845.));
#5133 = DIRECTION('',(0.,0.,1.));
#5134 = DIRECTION('',(1.,0.,0.));
#5135 = ORIENTED_EDGE('',*,*,#5035,.F.);
#5136 = ORIENTED_EDGE('',*,*,#5059,.F.);
#5137 = ORIENTED_EDGE('',*,*,#5119,.F.);
#5138 = ORIENTED_EDGE('',*,*,#5139,.T.);
#5139 = EDGE_CURVE('',#5120,#5120,#5140,.T.);
#5140 = CIRCLE('',#5141,45.);
#5141 = AXIS2_PLACEMENT_3D('',#5142,#5143,#5144);
#5142 = CARTESIAN_POINT('',(-347.5,601.88765563018,750.));
#5143 = DIRECTION('',(0.,0.,1.));
#5144 = DIRECTION('',(1.,0.,0.));
#5145 = CYLINDRICAL_SURFACE('',#5146,45.);
#5146 = AXIS2_PLACEMENT_3D('',#5147,#5148,#5149);
#5147 = CARTESIAN_POINT('',(-347.5,601.88765563018,750.));
#5148 = DIRECTION('',(0.,0.,1.));
#5149 = DIRECTION('',(1.,0.,0.));
#5150 = ADVANCED_FACE('',(#5151),#5155,.T.);
#5151 = FACE_BOUND('',#5152,.T.);
#5152 = EDGE_LOOP('',(#5153,#5154));
#5153 = ORIENTED_EDGE('',*,*,#5102,.F.);
#5154 = ORIENTED_EDGE('',*,*,#5129,.T.);
#5155 = PLANE('',#5156);
#5156 = AXIS2_PLACEMENT_3D('',#5157,#5158,#5159);
#5157 = CARTESIAN_POINT('',(-347.5,601.88765563018,845.));
#5158 = DIRECTION('',(0.,0.,1.));
#5159 = DIRECTION('',(1.,0.,0.));
#5160 = ADVANCED_FACE('',(#5161),#5164,.F.);
#5161 = FACE_BOUND('',#5162,.T.);
#5162 = EDGE_LOOP('',(#5163));
#5163 = ORIENTED_EDGE('',*,*,#5139,.F.);
#5164 = PLANE('',#5165);
#5165 = AXIS2_PLACEMENT_3D('',#5166,#5167,#5168);
#5166 = CARTESIAN_POINT('',(-347.5,601.88765563018,750.));
#5167 = DIRECTION('',(0.,0.,1.));
#5168 = DIRECTION('',(1.,0.,0.));
#5169 = MANIFOLD_SOLID_BREP('',#5170);
#5170 = CLOSED_SHELL('',(#5171,#5211,#5251,#5273,#5295,#5307));
#5171 = ADVANCED_FACE('',(#5172),#5206,.F.);
#5172 = FACE_BOUND('',#5173,.F.);
#5173 = EDGE_LOOP('',(#5174,#5184,#5192,#5200));
#5174 = ORIENTED_EDGE('',*,*,#5175,.F.);
#5175 = EDGE_CURVE('',#5176,#5178,#5180,.T.);
#5176 = VERTEX_POINT('',#5177);
#5177 = CARTESIAN_POINT('',(-91.13020103817,771.84213830208,863.));
#5178 = VERTEX_POINT('',#5179);
#5179 = CARTESIAN_POINT('',(-91.13020103817,771.84213830208,1.197E+03));
#5180 = LINE('',#5181,#5182);
#5181 = CARTESIAN_POINT('',(-91.13020103817,771.84213830208,863.));
#5182 = VECTOR('',#5183,1.);
#5183 = DIRECTION('',(0.,0.,1.));
#5184 = ORIENTED_EDGE('',*,*,#5185,.T.);
#5185 = EDGE_CURVE('',#5176,#5186,#5188,.T.);
#5186 = VERTEX_POINT('',#5187);
#5187 = CARTESIAN_POINT('',(-622.8697989618,464.84213830208,863.));
#5188 = LINE('',#5189,#5190);
#5189 = CARTESIAN_POINT('',(-91.13020103817,771.84213830208,863.));
#5190 = VECTOR('',#5191,1.);
#5191 = DIRECTION('',(-0.866025403784,-0.5,0.));
#5192 = ORIENTED_EDGE('',*,*,#5193,.T.);
#5193 = EDGE_CURVE('',#5186,#5194,#5196,.T.);
#5194 = VERTEX_POINT('',#5195);
#5195 = CARTESIAN_POINT('',(-622.8697989618,464.84213830208,1.197E+03));
#5196 = LINE('',#5197,#5198);
#5197 = CARTESIAN_POINT('',(-622.8697989618,464.84213830208,863.));
#5198 = VECTOR('',#5199,1.);
#5199 = DIRECTION('',(0.,0.,1.));
#5200 = ORIENTED_EDGE('',*,*,#5201,.F.);
#5201 = EDGE_CURVE('',#5178,#5194,#5202,.T.);
#5202 = LINE('',#5203,#5204);
#5203 = CARTESIAN_POINT('',(-91.13020103817,771.84213830208,1.197E+03));
#5204 = VECTOR('',#5205,1.);
#5205 = DIRECTION('',(-0.866025403784,-0.5,0.));
#5206 = PLANE('',#5207);
#5207 = AXIS2_PLACEMENT_3D('',#5208,#5209,#5210);
#5208 = CARTESIAN_POINT('',(-91.13020103817,771.84213830208,863.));
#5209 = DIRECTION('',(-0.5,0.866025403784,0.));
#5210 = DIRECTION('',(0.,0.,1.));
#5211 = ADVANCED_FACE('',(#5212),#5246,.T.);
#5212 = FACE_BOUND('',#5213,.T.);
#5213 = EDGE_LOOP('',(#5214,#5224,#5232,#5240));
#5214 = ORIENTED_EDGE('',*,*,#5215,.F.);
#5215 = EDGE_CURVE('',#5216,#5218,#5220,.T.);
#5216 = VERTEX_POINT('',#5217);
#5217 = CARTESIAN_POINT('',(-92.63020103817,774.44021451344,863.));
#5218 = VERTEX_POINT('',#5219);
#5219 = CARTESIAN_POINT('',(-92.63020103817,774.44021451344,1.197E+03));
#5220 = LINE('',#5221,#5222);
#5221 = CARTESIAN_POINT('',(-92.63020103817,774.44021451344,863.));
#5222 = VECTOR('',#5223,1.);
#5223 = DIRECTION('',(0.,0.,1.));
#5224 = ORIENTED_EDGE('',*,*,#5225,.T.);
#5225 = EDGE_CURVE('',#5216,#5226,#5228,.T.);
#5226 = VERTEX_POINT('',#5227);
#5227 = CARTESIAN_POINT('',(-624.3697989618,467.44021451344,863.));
#5228 = LINE('',#5229,#5230);
#5229 = CARTESIAN_POINT('',(-92.63020103817,774.44021451344,863.));
#5230 = VECTOR('',#5231,1.);
#5231 = DIRECTION('',(-0.866025403784,-0.5,0.));
#5232 = ORIENTED_EDGE('',*,*,#5233,.T.);
#5233 = EDGE_CURVE('',#5226,#5234,#5236,.T.);
#5234 = VERTEX_POINT('',#5235);
#5235 = CARTESIAN_POINT('',(-624.3697989618,467.44021451344,1.197E+03));
#5236 = LINE('',#5237,#5238);
#5237 = CARTESIAN_POINT('',(-624.3697989618,467.44021451344,863.));
#5238 = VECTOR('',#5239,1.);
#5239 = DIRECTION('',(0.,0.,1.));
#5240 = ORIENTED_EDGE('',*,*,#5241,.F.);
#5241 = EDGE_CURVE('',#5218,#5234,#5242,.T.);
#5242 = LINE('',#5243,#5244);
#5243 = CARTESIAN_POINT('',(-92.63020103817,774.44021451344,1.197E+03));
#5244 = VECTOR('',#5245,1.);
#5245 = DIRECTION('',(-0.866025403784,-0.5,0.));
#5246 = PLANE('',#5247);
#5247 = AXIS2_PLACEMENT_3D('',#5248,#5249,#5250);
#5248 = CARTESIAN_POINT('',(-92.63020103817,774.44021451344,863.));
#5249 = DIRECTION('',(-0.5,0.866025403784,0.));
#5250 = DIRECTION('',(0.,0.,1.));
#5251 = ADVANCED_FACE('',(#5252),#5268,.F.);
#5252 = FACE_BOUND('',#5253,.F.);
#5253 = EDGE_LOOP('',(#5254,#5260,#5261,#5267));
#5254 = ORIENTED_EDGE('',*,*,#5255,.F.);
#5255 = EDGE_CURVE('',#5176,#5216,#5256,.T.);
#5256 = LINE('',#5257,#5258);
#5257 = CARTESIAN_POINT('',(-91.13020103817,771.84213830208,863.));
#5258 = VECTOR('',#5259,1.);
#5259 = DIRECTION('',(-0.5,0.866025403784,0.));
#5260 = ORIENTED_EDGE('',*,*,#5175,.T.);
#5261 = ORIENTED_EDGE('',*,*,#5262,.T.);
#5262 = EDGE_CURVE('',#5178,#5218,#5263,.T.);
#5263 = LINE('',#5264,#5265);
#5264 = CARTESIAN_POINT('',(-91.13020103817,771.84213830208,1.197E+03));
#5265 = VECTOR('',#5266,1.);
#5266 = DIRECTION('',(-0.5,0.866025403784,0.));
#5267 = ORIENTED_EDGE('',*,*,#5215,.F.);
#5268 = PLANE('',#5269);
#5269 = AXIS2_PLACEMENT_3D('',#5270,#5271,#5272);
#5270 = CARTESIAN_POINT('',(-91.13020103817,771.84213830208,863.));
#5271 = DIRECTION('',(-0.866025403784,-0.5,0.));
#5272 = DIRECTION('',(0.,0.,1.));
#5273 = ADVANCED_FACE('',(#5274),#5290,.T.);
#5274 = FACE_BOUND('',#5275,.T.);
#5275 = EDGE_LOOP('',(#5276,#5282,#5283,#5289));
#5276 = ORIENTED_EDGE('',*,*,#5277,.F.);
#5277 = EDGE_CURVE('',#5186,#5226,#5278,.T.);
#5278 = LINE('',#5279,#5280);
#5279 = CARTESIAN_POINT('',(-622.8697989618,464.84213830208,863.));
#5280 = VECTOR('',#5281,1.);
#5281 = DIRECTION('',(-0.5,0.866025403784,0.));
#5282 = ORIENTED_EDGE('',*,*,#5193,.T.);
#5283 = ORIENTED_EDGE('',*,*,#5284,.T.);
#5284 = EDGE_CURVE('',#5194,#5234,#5285,.T.);
#5285 = LINE('',#5286,#5287);
#5286 = CARTESIAN_POINT('',(-622.8697989618,464.84213830208,1.197E+03));
#5287 = VECTOR('',#5288,1.);
#5288 = DIRECTION('',(-0.5,0.866025403784,0.));
#5289 = ORIENTED_EDGE('',*,*,#5233,.F.);
#5290 = PLANE('',#5291);
#5291 = AXIS2_PLACEMENT_3D('',#5292,#5293,#5294);
#5292 = CARTESIAN_POINT('',(-622.8697989618,464.84213830208,863.));
#5293 = DIRECTION('',(-0.866025403784,-0.5,0.));
#5294 = DIRECTION('',(0.,0.,1.));
#5295 = ADVANCED_FACE('',(#5296),#5302,.F.);
#5296 = FACE_BOUND('',#5297,.F.);
#5297 = EDGE_LOOP('',(#5298,#5299,#5300,#5301));
#5298 = ORIENTED_EDGE('',*,*,#5185,.F.);
#5299 = ORIENTED_EDGE('',*,*,#5255,.T.);
#5300 = ORIENTED_EDGE('',*,*,#5225,.T.);
#5301 = ORIENTED_EDGE('',*,*,#5277,.F.);
#5302 = PLANE('',#5303);
#5303 = AXIS2_PLACEMENT_3D('',#5304,#5305,#5306);
#5304 = CARTESIAN_POINT('',(-91.13020103817,771.84213830208,863.));
#5305 = DIRECTION('',(0.,0.,1.));
#5306 = DIRECTION('',(-0.5,0.866025403784,0.));
#5307 = ADVANCED_FACE('',(#5308),#5314,.T.);
#5308 = FACE_BOUND('',#5309,.T.);
#5309 = EDGE_LOOP('',(#5310,#5311,#5312,#5313));
#5310 = ORIENTED_EDGE('',*,*,#5201,.F.);
#5311 = ORIENTED_EDGE('',*,*,#5262,.T.);
#5312 = ORIENTED_EDGE('',*,*,#5241,.T.);
#5313 = ORIENTED_EDGE('',*,*,#5284,.F.);
#5314 = PLANE('',#5315);
#5315 = AXIS2_PLACEMENT_3D('',#5316,#5317,#5318);
#5316 = CARTESIAN_POINT('',(-91.13020103817,771.84213830208,1.197E+03));
#5317 = DIRECTION('',(0.,0.,1.));
#5318 = DIRECTION('',(-0.5,0.866025403784,0.));
#5319 = MANIFOLD_SOLID_BREP('',#5320);
#5320 = CLOSED_SHELL('',(#5321,#5377,#5408,#5432,#5456,#5490,#5506,#5531
    ,#5550,#5585,#5595));
#5321 = ADVANCED_FACE('',(#5322),#5372,.F.);
#5322 = FACE_BOUND('',#5323,.F.);
#5323 = EDGE_LOOP('',(#5324,#5334,#5342,#5350,#5358,#5366));
#5324 = ORIENTED_EDGE('',*,*,#5325,.F.);
#5325 = EDGE_CURVE('',#5326,#5328,#5330,.T.);
#5326 = VERTEX_POINT('',#5327);
#5327 = CARTESIAN_POINT('',(-859.6765768157,395.15384918072,845.));
#5328 = VERTEX_POINT('',#5329);
#5329 = CARTESIAN_POINT('',(-859.6765768157,395.15384918072,1.215E+03));
#5330 = LINE('',#5331,#5332);
#5331 = CARTESIAN_POINT('',(-859.6765768157,395.15384918072,845.));
#5332 = VECTOR('',#5333,1.);
#5333 = DIRECTION('',(0.,0.,1.));
#5334 = ORIENTED_EDGE('',*,*,#5335,.T.);
#5335 = EDGE_CURVE('',#5326,#5336,#5338,.T.);
#5336 = VERTEX_POINT('',#5337);
#5337 = CARTESIAN_POINT('',(-1.087105301041E+03,469.29269174323,845.));
#5338 = LINE('',#5339,#5340);
#5339 = CARTESIAN_POINT('',(-859.6765768157,395.15384918072,845.));
#5340 = VECTOR('',#5341,1.);
#5341 = DIRECTION('',(-0.950757803445,0.309934830549,0.));
#5342 = ORIENTED_EDGE('',*,*,#5343,.T.);
#5343 = EDGE_CURVE('',#5336,#5344,#5346,.T.);
#5344 = VERTEX_POINT('',#5345);
#5345 = CARTESIAN_POINT('',(-1.16467222252E+03,494.57851172584,845.));
#5346 = LINE('',#5347,#5348);
#5347 = CARTESIAN_POINT('',(-859.6765768157,395.15384918072,845.));
#5348 = VECTOR('',#5349,1.);
#5349 = DIRECTION('',(-0.950757803445,0.309934830549,0.));
#5350 = ORIENTED_EDGE('',*,*,#5351,.T.);
#5351 = EDGE_CURVE('',#5344,#5352,#5354,.T.);
#5352 = VERTEX_POINT('',#5353);
#5353 = CARTESIAN_POINT('',(-1.392100946745E+03,568.71735428835,845.));
#5354 = LINE('',#5355,#5356);
#5355 = CARTESIAN_POINT('',(-859.6765768157,395.15384918072,845.));
#5356 = VECTOR('',#5357,1.);
#5357 = DIRECTION('',(-0.950757803445,0.309934830549,0.));
#5358 = ORIENTED_EDGE('',*,*,#5359,.T.);
#5359 = EDGE_CURVE('',#5352,#5360,#5362,.T.);
#5360 = VERTEX_POINT('',#5361);
#5361 = CARTESIAN_POINT('',(-1.392100946745E+03,568.71735428835,
    1.215E+03));
#5362 = LINE('',#5363,#5364);
#5363 = CARTESIAN_POINT('',(-1.392100946745E+03,568.71735428835,845.));
#5364 = VECTOR('',#5365,1.);
#5365 = DIRECTION('',(0.,0.,1.));
#5366 = ORIENTED_EDGE('',*,*,#5367,.F.);
#5367 = EDGE_CURVE('',#5328,#5360,#5368,.T.);
#5368 = LINE('',#5369,#5370);
#5369 = CARTESIAN_POINT('',(-859.6765768157,395.15384918072,1.215E+03));
#5370 = VECTOR('',#5371,1.);
#5371 = DIRECTION('',(-0.950757803445,0.309934830549,0.));
#5372 = PLANE('',#5373);
#5373 = AXIS2_PLACEMENT_3D('',#5374,#5375,#5376);
#5374 = CARTESIAN_POINT('',(-859.6765768157,395.15384918072,845.));
#5375 = DIRECTION('',(0.309934830549,0.950757803445,0.));
#5376 = DIRECTION('',(0.,0.,1.));
#5377 = ADVANCED_FACE('',(#5378),#5403,.F.);
#5378 = FACE_BOUND('',#5379,.F.);
#5379 = EDGE_LOOP('',(#5380,#5388,#5389,#5397));
#5380 = ORIENTED_EDGE('',*,*,#5381,.F.);
#5381 = EDGE_CURVE('',#5326,#5382,#5384,.T.);
#5382 = VERTEX_POINT('',#5383);
#5383 = CARTESIAN_POINT('',(-847.8990532548,431.28264571164,845.));
#5384 = LINE('',#5385,#5386);
#5385 = CARTESIAN_POINT('',(-859.6765768157,395.15384918072,845.));
#5386 = VECTOR('',#5387,1.);
#5387 = DIRECTION('',(0.309934830549,0.950757803445,0.));
#5388 = ORIENTED_EDGE('',*,*,#5325,.T.);
#5389 = ORIENTED_EDGE('',*,*,#5390,.T.);
#5390 = EDGE_CURVE('',#5328,#5391,#5393,.T.);
#5391 = VERTEX_POINT('',#5392);
#5392 = CARTESIAN_POINT('',(-847.8990532548,431.28264571164,1.215E+03));
#5393 = LINE('',#5394,#5395);
#5394 = CARTESIAN_POINT('',(-859.6765768157,395.15384918072,1.215E+03));
#5395 = VECTOR('',#5396,1.);
#5396 = DIRECTION('',(0.309934830549,0.950757803445,0.));
#5397 = ORIENTED_EDGE('',*,*,#5398,.F.);
#5398 = EDGE_CURVE('',#5382,#5391,#5399,.T.);
#5399 = LINE('',#5400,#5401);
#5400 = CARTESIAN_POINT('',(-847.8990532548,431.28264571164,845.));
#5401 = VECTOR('',#5402,1.);
#5402 = DIRECTION('',(0.,0.,1.));
#5403 = PLANE('',#5404);
#5404 = AXIS2_PLACEMENT_3D('',#5405,#5406,#5407);
#5405 = CARTESIAN_POINT('',(-859.6765768157,395.15384918072,845.));
#5406 = DIRECTION('',(-0.950757803445,0.309934830549,0.));
#5407 = DIRECTION('',(0.,0.,1.));
#5408 = ADVANCED_FACE('',(#5409),#5427,.T.);
#5409 = FACE_BOUND('',#5410,.T.);
#5410 = EDGE_LOOP('',(#5411,#5412,#5413,#5421));
#5411 = ORIENTED_EDGE('',*,*,#5367,.F.);
#5412 = ORIENTED_EDGE('',*,*,#5390,.T.);
#5413 = ORIENTED_EDGE('',*,*,#5414,.T.);
#5414 = EDGE_CURVE('',#5391,#5415,#5417,.T.);
#5415 = VERTEX_POINT('',#5416);
#5416 = CARTESIAN_POINT('',(-1.380323423184E+03,604.84615081927,
    1.215E+03));
#5417 = LINE('',#5418,#5419);
#5418 = CARTESIAN_POINT('',(-847.8990532548,431.28264571164,1.215E+03));
#5419 = VECTOR('',#5420,1.);
#5420 = DIRECTION('',(-0.950757803445,0.309934830549,0.));
#5421 = ORIENTED_EDGE('',*,*,#5422,.F.);
#5422 = EDGE_CURVE('',#5360,#5415,#5423,.T.);
#5423 = LINE('',#5424,#5425);
#5424 = CARTESIAN_POINT('',(-1.392100946745E+03,568.71735428835,
    1.215E+03));
#5425 = VECTOR('',#5426,1.);
#5426 = DIRECTION('',(0.309934830549,0.950757803445,0.));
#5427 = PLANE('',#5428);
#5428 = AXIS2_PLACEMENT_3D('',#5429,#5430,#5431);
#5429 = CARTESIAN_POINT('',(-859.6765768157,395.15384918072,1.215E+03));
#5430 = DIRECTION('',(0.,0.,1.));
#5431 = DIRECTION('',(0.309934830549,0.950757803445,0.));
#5432 = ADVANCED_FACE('',(#5433),#5451,.T.);
#5433 = FACE_BOUND('',#5434,.T.);
#5434 = EDGE_LOOP('',(#5435,#5443,#5444,#5445));
#5435 = ORIENTED_EDGE('',*,*,#5436,.F.);
#5436 = EDGE_CURVE('',#5352,#5437,#5439,.T.);
#5437 = VERTEX_POINT('',#5438);
#5438 = CARTESIAN_POINT('',(-1.380323423184E+03,604.84615081927,845.));
#5439 = LINE('',#5440,#5441);
#5440 = CARTESIAN_POINT('',(-1.392100946745E+03,568.71735428835,845.));
#5441 = VECTOR('',#5442,1.);
#5442 = DIRECTION('',(0.309934830549,0.950757803445,0.));
#5443 = ORIENTED_EDGE('',*,*,#5359,.T.);
#5444 = ORIENTED_EDGE('',*,*,#5422,.T.);
#5445 = ORIENTED_EDGE('',*,*,#5446,.F.);
#5446 = EDGE_CURVE('',#5437,#5415,#5447,.T.);
#5447 = LINE('',#5448,#5449);
#5448 = CARTESIAN_POINT('',(-1.380323423184E+03,604.84615081927,845.));
#5449 = VECTOR('',#5450,1.);
#5450 = DIRECTION('',(0.,0.,1.));
#5451 = PLANE('',#5452);
#5452 = AXIS2_PLACEMENT_3D('',#5453,#5454,#5455);
#5453 = CARTESIAN_POINT('',(-1.392100946745E+03,568.71735428835,845.));
#5454 = DIRECTION('',(-0.950757803445,0.309934830549,0.));
#5455 = DIRECTION('',(0.,0.,1.));
#5456 = ADVANCED_FACE('',(#5457),#5485,.F.);
#5457 = FACE_BOUND('',#5458,.F.);
#5458 = EDGE_LOOP('',(#5459,#5460,#5461,#5469,#5478));
#5459 = ORIENTED_EDGE('',*,*,#5335,.F.);
#5460 = ORIENTED_EDGE('',*,*,#5381,.T.);
#5461 = ORIENTED_EDGE('',*,*,#5462,.T.);
#5462 = EDGE_CURVE('',#5382,#5463,#5465,.T.);
#5463 = VERTEX_POINT('',#5464);
#5464 = CARTESIAN_POINT('',(-1.07532777748E+03,505.42148827415,845.));
#5465 = LINE('',#5466,#5467);
#5466 = CARTESIAN_POINT('',(-847.8990532548,431.28264571164,845.));
#5467 = VECTOR('',#5468,1.);
#5468 = DIRECTION('',(-0.950757803445,0.309934830549,0.));
#5469 = ORIENTED_EDGE('',*,*,#5470,.F.);
#5470 = EDGE_CURVE('',#5471,#5463,#5473,.T.);
#5471 = VERTEX_POINT('',#5472);
#5472 = CARTESIAN_POINT('',(-1.075E+03,500.,845.));
#5473 = CIRCLE('',#5474,45.);
#5474 = AXIS2_PLACEMENT_3D('',#5475,#5476,#5477);
#5475 = CARTESIAN_POINT('',(-1.12E+03,500.,845.));
#5476 = DIRECTION('',(0.,0.,1.));
#5477 = DIRECTION('',(1.,0.,0.));
#5478 = ORIENTED_EDGE('',*,*,#5479,.F.);
#5479 = EDGE_CURVE('',#5336,#5471,#5480,.T.);
#5480 = CIRCLE('',#5481,45.);
#5481 = AXIS2_PLACEMENT_3D('',#5482,#5483,#5484);
#5482 = CARTESIAN_POINT('',(-1.12E+03,500.,845.));
#5483 = DIRECTION('',(0.,0.,1.));
#5484 = DIRECTION('',(1.,0.,0.));
#5485 = PLANE('',#5486);
#5486 = AXIS2_PLACEMENT_3D('',#5487,#5488,#5489);
#5487 = CARTESIAN_POINT('',(-859.6765768157,395.15384918072,845.));
#5488 = DIRECTION('',(0.,0.,1.));
#5489 = DIRECTION('',(0.309934830549,0.950757803445,0.));
#5490 = ADVANCED_FACE('',(#5491),#5501,.T.);
#5491 = FACE_BOUND('',#5492,.T.);
#5492 = EDGE_LOOP('',(#5493,#5500));
#5493 = ORIENTED_EDGE('',*,*,#5494,.T.);
#5494 = EDGE_CURVE('',#5344,#5336,#5495,.T.);
#5495 = CIRCLE('',#5496,45.);
#5496 = AXIS2_PLACEMENT_3D('',#5497,#5498,#5499);
#5497 = CARTESIAN_POINT('',(-1.12E+03,500.,845.));
#5498 = DIRECTION('',(0.,0.,1.));
#5499 = DIRECTION('',(1.,0.,0.));
#5500 = ORIENTED_EDGE('',*,*,#5343,.T.);
#5501 = PLANE('',#5502);
#5502 = AXIS2_PLACEMENT_3D('',#5503,#5504,#5505);
#5503 = CARTESIAN_POINT('',(-1.12E+03,500.,845.));
#5504 = DIRECTION('',(0.,0.,1.));
#5505 = DIRECTION('',(1.,0.,0.));
#5506 = ADVANCED_FACE('',(#5507),#5526,.F.);
#5507 = FACE_BOUND('',#5508,.F.);
#5508 = EDGE_LOOP('',(#5509,#5510,#5519,#5525));
#5509 = ORIENTED_EDGE('',*,*,#5351,.F.);
#5510 = ORIENTED_EDGE('',*,*,#5511,.F.);
#5511 = EDGE_CURVE('',#5512,#5344,#5514,.T.);
#5512 = VERTEX_POINT('',#5513);
#5513 = CARTESIAN_POINT('',(-1.152894698959E+03,530.70730825676,845.));
#5514 = CIRCLE('',#5515,45.);
#5515 = AXIS2_PLACEMENT_3D('',#5516,#5517,#5518);
#5516 = CARTESIAN_POINT('',(-1.12E+03,500.,845.));
#5517 = DIRECTION('',(0.,0.,1.));
#5518 = DIRECTION('',(1.,0.,0.));
#5519 = ORIENTED_EDGE('',*,*,#5520,.T.);
#5520 = EDGE_CURVE('',#5512,#5437,#5521,.T.);
#5521 = LINE('',#5522,#5523);
#5522 = CARTESIAN_POINT('',(-847.8990532548,431.28264571164,845.));
#5523 = VECTOR('',#5524,1.);
#5524 = DIRECTION('',(-0.950757803445,0.309934830549,0.));
#5525 = ORIENTED_EDGE('',*,*,#5436,.F.);
#5526 = PLANE('',#5527);
#5527 = AXIS2_PLACEMENT_3D('',#5528,#5529,#5530);
#5528 = CARTESIAN_POINT('',(-859.6765768157,395.15384918072,845.));
#5529 = DIRECTION('',(0.,0.,1.));
#5530 = DIRECTION('',(0.309934830549,0.950757803445,0.));
#5531 = ADVANCED_FACE('',(#5532),#5545,.T.);
#5532 = FACE_BOUND('',#5533,.T.);
#5533 = EDGE_LOOP('',(#5534,#5535,#5536,#5542,#5543,#5544));
#5534 = ORIENTED_EDGE('',*,*,#5398,.F.);
#5535 = ORIENTED_EDGE('',*,*,#5462,.T.);
#5536 = ORIENTED_EDGE('',*,*,#5537,.T.);
#5537 = EDGE_CURVE('',#5463,#5512,#5538,.T.);
#5538 = LINE('',#5539,#5540);
#5539 = CARTESIAN_POINT('',(-847.8990532548,431.28264571164,845.));
#5540 = VECTOR('',#5541,1.);
#5541 = DIRECTION('',(-0.950757803445,0.309934830549,0.));
#5542 = ORIENTED_EDGE('',*,*,#5520,.T.);
#5543 = ORIENTED_EDGE('',*,*,#5446,.T.);
#5544 = ORIENTED_EDGE('',*,*,#5414,.F.);
#5545 = PLANE('',#5546);
#5546 = AXIS2_PLACEMENT_3D('',#5547,#5548,#5549);
#5547 = CARTESIAN_POINT('',(-847.8990532548,431.28264571164,845.));
#5548 = DIRECTION('',(0.309934830549,0.950757803445,0.));
#5549 = DIRECTION('',(0.,0.,1.));
#5550 = ADVANCED_FACE('',(#5551),#5580,.T.);
#5551 = FACE_BOUND('',#5552,.T.);
#5552 = EDGE_LOOP('',(#5553,#5561,#5562,#5563,#5564,#5571,#5572,#5573));
#5553 = ORIENTED_EDGE('',*,*,#5554,.T.);
#5554 = EDGE_CURVE('',#5555,#5471,#5557,.T.);
#5555 = VERTEX_POINT('',#5556);
#5556 = CARTESIAN_POINT('',(-1.075E+03,500.,750.));
#5557 = LINE('',#5558,#5559);
#5558 = CARTESIAN_POINT('',(-1.075E+03,500.,750.));
#5559 = VECTOR('',#5560,1.);
#5560 = DIRECTION('',(0.,0.,1.));
#5561 = ORIENTED_EDGE('',*,*,#5479,.F.);
#5562 = ORIENTED_EDGE('',*,*,#5494,.F.);
#5563 = ORIENTED_EDGE('',*,*,#5511,.F.);
#5564 = ORIENTED_EDGE('',*,*,#5565,.F.);
#5565 = EDGE_CURVE('',#5463,#5512,#5566,.T.);
#5566 = CIRCLE('',#5567,45.);
#5567 = AXIS2_PLACEMENT_3D('',#5568,#5569,#5570);
#5568 = CARTESIAN_POINT('',(-1.12E+03,500.,845.));
#5569 = DIRECTION('',(0.,0.,1.));
#5570 = DIRECTION('',(1.,0.,0.));
#5571 = ORIENTED_EDGE('',*,*,#5470,.F.);
#5572 = ORIENTED_EDGE('',*,*,#5554,.F.);
#5573 = ORIENTED_EDGE('',*,*,#5574,.T.);
#5574 = EDGE_CURVE('',#5555,#5555,#5575,.T.);
#5575 = CIRCLE('',#5576,45.);
#5576 = AXIS2_PLACEMENT_3D('',#5577,#5578,#5579);
#5577 = CARTESIAN_POINT('',(-1.12E+03,500.,750.));
#5578 = DIRECTION('',(0.,0.,1.));
#5579 = DIRECTION('',(1.,0.,0.));
#5580 = CYLINDRICAL_SURFACE('',#5581,45.);
#5581 = AXIS2_PLACEMENT_3D('',#5582,#5583,#5584);
#5582 = CARTESIAN_POINT('',(-1.12E+03,500.,750.));
#5583 = DIRECTION('',(0.,0.,1.));
#5584 = DIRECTION('',(1.,0.,0.));
#5585 = ADVANCED_FACE('',(#5586),#5590,.T.);
#5586 = FACE_BOUND('',#5587,.T.);
#5587 = EDGE_LOOP('',(#5588,#5589));
#5588 = ORIENTED_EDGE('',*,*,#5537,.F.);
#5589 = ORIENTED_EDGE('',*,*,#5565,.T.);
#5590 = PLANE('',#5591);
#5591 = AXIS2_PLACEMENT_3D('',#5592,#5593,#5594);
#5592 = CARTESIAN_POINT('',(-1.12E+03,500.,845.));
#5593 = DIRECTION('',(0.,0.,1.));
#5594 = DIRECTION('',(1.,0.,0.));
#5595 = ADVANCED_FACE('',(#5596),#5599,.F.);
#5596 = FACE_BOUND('',#5597,.T.);
#5597 = EDGE_LOOP('',(#5598));
#5598 = ORIENTED_EDGE('',*,*,#5574,.F.);
#5599 = PLANE('',#5600);
#5600 = AXIS2_PLACEMENT_3D('',#5601,#5602,#5603);
#5601 = CARTESIAN_POINT('',(-1.12E+03,500.,750.));
#5602 = DIRECTION('',(0.,0.,1.));
#5603 = DIRECTION('',(1.,0.,0.));
#5604 = MANIFOLD_SOLID_BREP('',#5605);
#5605 = CLOSED_SHELL('',(#5606,#5646,#5686,#5708,#5730,#5742));
#5606 = ADVANCED_FACE('',(#5607),#5641,.F.);
#5607 = FACE_BOUND('',#5608,.F.);
#5608 = EDGE_LOOP('',(#5609,#5619,#5627,#5635));
#5609 = ORIENTED_EDGE('',*,*,#5610,.F.);
#5610 = EDGE_CURVE('',#5611,#5613,#5615,.T.);
#5611 = VERTEX_POINT('',#5612);
#5612 = CARTESIAN_POINT('',(-865.0126937168,436.86147266153,863.));
#5613 = VERTEX_POINT('',#5614);
#5614 = CARTESIAN_POINT('',(-865.0126937168,436.86147266153,1.197E+03));
#5615 = LINE('',#5616,#5617);
#5616 = CARTESIAN_POINT('',(-865.0126937168,436.86147266153,863.));
#5617 = VECTOR('',#5618,1.);
#5618 = DIRECTION('',(0.,0.,1.));
#5619 = ORIENTED_EDGE('',*,*,#5620,.T.);
#5620 = EDGE_CURVE('',#5611,#5621,#5623,.T.);
#5621 = VERTEX_POINT('',#5622);
#5622 = CARTESIAN_POINT('',(-1.363209782722E+03,599.26732386938,863.));
#5623 = LINE('',#5624,#5625);
#5624 = CARTESIAN_POINT('',(-865.0126937168,436.86147266153,863.));
#5625 = VECTOR('',#5626,1.);
#5626 = DIRECTION('',(-0.950757803445,0.309934830549,0.));
#5627 = ORIENTED_EDGE('',*,*,#5628,.T.);
#5628 = EDGE_CURVE('',#5621,#5629,#5631,.T.);
#5629 = VERTEX_POINT('',#5630);
#5630 = CARTESIAN_POINT('',(-1.363209782722E+03,599.26732386938,
    1.197E+03));
#5631 = LINE('',#5632,#5633);
#5632 = CARTESIAN_POINT('',(-1.363209782722E+03,599.26732386938,863.));
#5633 = VECTOR('',#5634,1.);
#5634 = DIRECTION('',(0.,0.,1.));
#5635 = ORIENTED_EDGE('',*,*,#5636,.F.);
#5636 = EDGE_CURVE('',#5613,#5629,#5637,.T.);
#5637 = LINE('',#5638,#5639);
#5638 = CARTESIAN_POINT('',(-865.0126937168,436.86147266153,1.197E+03));
#5639 = VECTOR('',#5640,1.);
#5640 = DIRECTION('',(-0.950757803445,0.309934830549,0.));
#5641 = PLANE('',#5642);
#5642 = AXIS2_PLACEMENT_3D('',#5643,#5644,#5645);
#5643 = CARTESIAN_POINT('',(-865.0126937168,436.86147266153,863.));
#5644 = DIRECTION('',(0.309934830549,0.950757803445,0.));
#5645 = DIRECTION('',(0.,0.,1.));
#5646 = ADVANCED_FACE('',(#5647),#5681,.T.);
#5647 = FACE_BOUND('',#5648,.T.);
#5648 = EDGE_LOOP('',(#5649,#5659,#5667,#5675));
#5649 = ORIENTED_EDGE('',*,*,#5650,.F.);
#5650 = EDGE_CURVE('',#5651,#5653,#5655,.T.);
#5651 = VERTEX_POINT('',#5652);
#5652 = CARTESIAN_POINT('',(-864.0828892252,439.71374607187,863.));
#5653 = VERTEX_POINT('',#5654);
#5654 = CARTESIAN_POINT('',(-864.0828892252,439.71374607187,1.197E+03));
#5655 = LINE('',#5656,#5657);
#5656 = CARTESIAN_POINT('',(-864.0828892252,439.71374607187,863.));
#5657 = VECTOR('',#5658,1.);
#5658 = DIRECTION('',(0.,0.,1.));
#5659 = ORIENTED_EDGE('',*,*,#5660,.T.);
#5660 = EDGE_CURVE('',#5651,#5661,#5663,.T.);
#5661 = VERTEX_POINT('',#5662);
#5662 = CARTESIAN_POINT('',(-1.362279978231E+03,602.11959727972,863.));
#5663 = LINE('',#5664,#5665);
#5664 = CARTESIAN_POINT('',(-864.0828892252,439.71374607187,863.));
#5665 = VECTOR('',#5666,1.);
#5666 = DIRECTION('',(-0.950757803445,0.309934830549,0.));
#5667 = ORIENTED_EDGE('',*,*,#5668,.T.);
#5668 = EDGE_CURVE('',#5661,#5669,#5671,.T.);
#5669 = VERTEX_POINT('',#5670);
#5670 = CARTESIAN_POINT('',(-1.362279978231E+03,602.11959727972,
    1.197E+03));
#5671 = LINE('',#5672,#5673);
#5672 = CARTESIAN_POINT('',(-1.362279978231E+03,602.11959727972,863.));
#5673 = VECTOR('',#5674,1.);
#5674 = DIRECTION('',(0.,0.,1.));
#5675 = ORIENTED_EDGE('',*,*,#5676,.F.);
#5676 = EDGE_CURVE('',#5653,#5669,#5677,.T.);
#5677 = LINE('',#5678,#5679);
#5678 = CARTESIAN_POINT('',(-864.0828892252,439.71374607187,1.197E+03));
#5679 = VECTOR('',#5680,1.);
#5680 = DIRECTION('',(-0.950757803445,0.309934830549,0.));
#5681 = PLANE('',#5682);
#5682 = AXIS2_PLACEMENT_3D('',#5683,#5684,#5685);
#5683 = CARTESIAN_POINT('',(-864.0828892252,439.71374607187,863.));
#5684 = DIRECTION('',(0.309934830549,0.950757803445,0.));
#5685 = DIRECTION('',(0.,0.,1.));
#5686 = ADVANCED_FACE('',(#5687),#5703,.F.);
#5687 = FACE_BOUND('',#5688,.F.);
#5688 = EDGE_LOOP('',(#5689,#5695,#5696,#5702));
#5689 = ORIENTED_EDGE('',*,*,#5690,.F.);
#5690 = EDGE_CURVE('',#5611,#5651,#5691,.T.);
#5691 = LINE('',#5692,#5693);
#5692 = CARTESIAN_POINT('',(-865.0126937168,436.86147266153,863.));
#5693 = VECTOR('',#5694,1.);
#5694 = DIRECTION('',(0.309934830549,0.950757803445,0.));
#5695 = ORIENTED_EDGE('',*,*,#5610,.T.);
#5696 = ORIENTED_EDGE('',*,*,#5697,.T.);
#5697 = EDGE_CURVE('',#5613,#5653,#5698,.T.);
#5698 = LINE('',#5699,#5700);
#5699 = CARTESIAN_POINT('',(-865.0126937168,436.86147266153,1.197E+03));
#5700 = VECTOR('',#5701,1.);
#5701 = DIRECTION('',(0.309934830549,0.950757803445,0.));
#5702 = ORIENTED_EDGE('',*,*,#5650,.F.);
#5703 = PLANE('',#5704);
#5704 = AXIS2_PLACEMENT_3D('',#5705,#5706,#5707);
#5705 = CARTESIAN_POINT('',(-865.0126937168,436.86147266153,863.));
#5706 = DIRECTION('',(-0.950757803445,0.309934830549,0.));
#5707 = DIRECTION('',(0.,0.,1.));
#5708 = ADVANCED_FACE('',(#5709),#5725,.T.);
#5709 = FACE_BOUND('',#5710,.T.);
#5710 = EDGE_LOOP('',(#5711,#5717,#5718,#5724));
#5711 = ORIENTED_EDGE('',*,*,#5712,.F.);
#5712 = EDGE_CURVE('',#5621,#5661,#5713,.T.);
#5713 = LINE('',#5714,#5715);
#5714 = CARTESIAN_POINT('',(-1.363209782722E+03,599.26732386938,863.));
#5715 = VECTOR('',#5716,1.);
#5716 = DIRECTION('',(0.309934830549,0.950757803445,0.));
#5717 = ORIENTED_EDGE('',*,*,#5628,.T.);
#5718 = ORIENTED_EDGE('',*,*,#5719,.T.);
#5719 = EDGE_CURVE('',#5629,#5669,#5720,.T.);
#5720 = LINE('',#5721,#5722);
#5721 = CARTESIAN_POINT('',(-1.363209782722E+03,599.26732386938,
    1.197E+03));
#5722 = VECTOR('',#5723,1.);
#5723 = DIRECTION('',(0.309934830549,0.950757803445,0.));
#5724 = ORIENTED_EDGE('',*,*,#5668,.F.);
#5725 = PLANE('',#5726);
#5726 = AXIS2_PLACEMENT_3D('',#5727,#5728,#5729);
#5727 = CARTESIAN_POINT('',(-1.363209782722E+03,599.26732386938,863.));
#5728 = DIRECTION('',(-0.950757803445,0.309934830549,0.));
#5729 = DIRECTION('',(0.,0.,1.));
#5730 = ADVANCED_FACE('',(#5731),#5737,.F.);
#5731 = FACE_BOUND('',#5732,.F.);
#5732 = EDGE_LOOP('',(#5733,#5734,#5735,#5736));
#5733 = ORIENTED_EDGE('',*,*,#5620,.F.);
#5734 = ORIENTED_EDGE('',*,*,#5690,.T.);
#5735 = ORIENTED_EDGE('',*,*,#5660,.T.);
#5736 = ORIENTED_EDGE('',*,*,#5712,.F.);
#5737 = PLANE('',#5738);
#5738 = AXIS2_PLACEMENT_3D('',#5739,#5740,#5741);
#5739 = CARTESIAN_POINT('',(-865.0126937168,436.86147266153,863.));
#5740 = DIRECTION('',(0.,0.,1.));
#5741 = DIRECTION('',(0.309934830549,0.950757803445,0.));
#5742 = ADVANCED_FACE('',(#5743),#5749,.T.);
#5743 = FACE_BOUND('',#5744,.T.);
#5744 = EDGE_LOOP('',(#5745,#5746,#5747,#5748));
#5745 = ORIENTED_EDGE('',*,*,#5636,.F.);
#5746 = ORIENTED_EDGE('',*,*,#5697,.T.);
#5747 = ORIENTED_EDGE('',*,*,#5676,.T.);
#5748 = ORIENTED_EDGE('',*,*,#5719,.F.);
#5749 = PLANE('',#5750);
#5750 = AXIS2_PLACEMENT_3D('',#5751,#5752,#5753);
#5751 = CARTESIAN_POINT('',(-865.0126937168,436.86147266153,1.197E+03));
#5752 = DIRECTION('',(0.,0.,1.));
#5753 = DIRECTION('',(0.309934830549,0.950757803445,0.));
#5754 = MANIFOLD_SOLID_BREP('',#5755);
#5755 = CLOSED_SHELL('',(#5756,#5812,#5843,#5867,#5891,#5916,#5941,#5966
    ,#5985,#6020,#6030));
#5756 = ADVANCED_FACE('',(#5757),#5807,.F.);
#5757 = FACE_BOUND('',#5758,.F.);
#5758 = EDGE_LOOP('',(#5759,#5769,#5777,#5785,#5793,#5801));
#5759 = ORIENTED_EDGE('',*,*,#5760,.F.);
#5760 = EDGE_CURVE('',#5761,#5763,#5765,.T.);
#5761 = VERTEX_POINT('',#5762);
#5762 = CARTESIAN_POINT('',(203.52679698579,1.489953461658E+03,845.));
#5763 = VERTEX_POINT('',#5764);
#5764 = CARTESIAN_POINT('',(203.52679698579,1.489953461658E+03,1.215E+03
    ));
#5765 = LINE('',#5766,#5767);
#5766 = CARTESIAN_POINT('',(203.52679698579,1.489953461658E+03,845.));
#5767 = VECTOR('',#5768,1.);
#5768 = DIRECTION('',(0.,0.,1.));
#5769 = ORIENTED_EDGE('',*,*,#5770,.T.);
#5770 = EDGE_CURVE('',#5761,#5771,#5773,.T.);
#5771 = VERTEX_POINT('',#5772);
#5772 = CARTESIAN_POINT('',(154.01855593961,1.255924987647E+03,845.));
#5773 = LINE('',#5774,#5775);
#5774 = CARTESIAN_POINT('',(203.52679698579,1.489953461658E+03,845.));
#5775 = VECTOR('',#5776,1.);
#5776 = DIRECTION('',(-0.206967464949,-0.978347825905,0.));
#5777 = ORIENTED_EDGE('',*,*,#5778,.T.);
#5778 = EDGE_CURVE('',#5771,#5779,#5781,.T.);
#5779 = VERTEX_POINT('',#5780);
#5780 = CARTESIAN_POINT('',(137.13325766032,1.176107153162E+03,845.));
#5781 = LINE('',#5782,#5783);
#5782 = CARTESIAN_POINT('',(203.52679698579,1.489953461658E+03,845.));
#5783 = VECTOR('',#5784,1.);
#5784 = DIRECTION('',(-0.206967464949,-0.978347825905,0.));
#5785 = ORIENTED_EDGE('',*,*,#5786,.T.);
#5786 = EDGE_CURVE('',#5779,#5787,#5789,.T.);
#5787 = VERTEX_POINT('',#5788);
#5788 = CARTESIAN_POINT('',(87.625016614149,942.07867915122,845.));
#5789 = LINE('',#5790,#5791);
#5790 = CARTESIAN_POINT('',(203.52679698579,1.489953461658E+03,845.));
#5791 = VECTOR('',#5792,1.);
#5792 = DIRECTION('',(-0.206967464949,-0.978347825905,0.));
#5793 = ORIENTED_EDGE('',*,*,#5794,.T.);
#5794 = EDGE_CURVE('',#5787,#5795,#5797,.T.);
#5795 = VERTEX_POINT('',#5796);
#5796 = CARTESIAN_POINT('',(87.625016614149,942.07867915122,1.215E+03));
#5797 = LINE('',#5798,#5799);
#5798 = CARTESIAN_POINT('',(87.625016614149,942.07867915122,845.));
#5799 = VECTOR('',#5800,1.);
#5800 = DIRECTION('',(0.,0.,1.));
#5801 = ORIENTED_EDGE('',*,*,#5802,.F.);
#5802 = EDGE_CURVE('',#5763,#5795,#5803,.T.);
#5803 = LINE('',#5804,#5805);
#5804 = CARTESIAN_POINT('',(203.52679698579,1.489953461658E+03,1.215E+03
    ));
#5805 = VECTOR('',#5806,1.);
#5806 = DIRECTION('',(-0.206967464949,-0.978347825905,0.));
#5807 = PLANE('',#5808);
#5808 = AXIS2_PLACEMENT_3D('',#5809,#5810,#5811);
#5809 = CARTESIAN_POINT('',(203.52679698579,1.489953461658E+03,845.));
#5810 = DIRECTION('',(-0.978347825905,0.206967464949,0.));
#5811 = DIRECTION('',(0.,0.,1.));
#5812 = ADVANCED_FACE('',(#5813),#5838,.F.);
#5813 = FACE_BOUND('',#5814,.F.);
#5814 = EDGE_LOOP('',(#5815,#5823,#5824,#5832));
#5815 = ORIENTED_EDGE('',*,*,#5816,.F.);
#5816 = EDGE_CURVE('',#5761,#5817,#5819,.T.);
#5817 = VERTEX_POINT('',#5818);
#5818 = CARTESIAN_POINT('',(166.34957960141,1.497818225326E+03,845.));
#5819 = LINE('',#5820,#5821);
#5820 = CARTESIAN_POINT('',(203.52679698579,1.489953461658E+03,845.));
#5821 = VECTOR('',#5822,1.);
#5822 = DIRECTION('',(-0.978347825905,0.206967464949,0.));
#5823 = ORIENTED_EDGE('',*,*,#5760,.T.);
#5824 = ORIENTED_EDGE('',*,*,#5825,.T.);
#5825 = EDGE_CURVE('',#5763,#5826,#5828,.T.);
#5826 = VERTEX_POINT('',#5827);
#5827 = CARTESIAN_POINT('',(166.34957960141,1.497818225326E+03,1.215E+03
    ));
#5828 = LINE('',#5829,#5830);
#5829 = CARTESIAN_POINT('',(203.52679698579,1.489953461658E+03,1.215E+03
    ));
#5830 = VECTOR('',#5831,1.);
#5831 = DIRECTION('',(-0.978347825905,0.206967464949,0.));
#5832 = ORIENTED_EDGE('',*,*,#5833,.F.);
#5833 = EDGE_CURVE('',#5817,#5826,#5834,.T.);
#5834 = LINE('',#5835,#5836);
#5835 = CARTESIAN_POINT('',(166.34957960141,1.497818225326E+03,845.));
#5836 = VECTOR('',#5837,1.);
#5837 = DIRECTION('',(0.,0.,1.));
#5838 = PLANE('',#5839);
#5839 = AXIS2_PLACEMENT_3D('',#5840,#5841,#5842);
#5840 = CARTESIAN_POINT('',(203.52679698579,1.489953461658E+03,845.));
#5841 = DIRECTION('',(-0.206967464949,-0.978347825905,0.));
#5842 = DIRECTION('',(0.,0.,1.));
#5843 = ADVANCED_FACE('',(#5844),#5862,.T.);
#5844 = FACE_BOUND('',#5845,.T.);
#5845 = EDGE_LOOP('',(#5846,#5847,#5848,#5856));
#5846 = ORIENTED_EDGE('',*,*,#5802,.F.);
#5847 = ORIENTED_EDGE('',*,*,#5825,.T.);
#5848 = ORIENTED_EDGE('',*,*,#5849,.T.);
#5849 = EDGE_CURVE('',#5826,#5850,#5852,.T.);
#5850 = VERTEX_POINT('',#5851);
#5851 = CARTESIAN_POINT('',(50.447799229771,949.94344281929,1.215E+03));
#5852 = LINE('',#5853,#5854);
#5853 = CARTESIAN_POINT('',(166.34957960141,1.497818225326E+03,1.215E+03
    ));
#5854 = VECTOR('',#5855,1.);
#5855 = DIRECTION('',(-0.206967464949,-0.978347825905,0.));
#5856 = ORIENTED_EDGE('',*,*,#5857,.F.);
#5857 = EDGE_CURVE('',#5795,#5850,#5858,.T.);
#5858 = LINE('',#5859,#5860);
#5859 = CARTESIAN_POINT('',(87.625016614149,942.07867915122,1.215E+03));
#5860 = VECTOR('',#5861,1.);
#5861 = DIRECTION('',(-0.978347825905,0.206967464949,0.));
#5862 = PLANE('',#5863);
#5863 = AXIS2_PLACEMENT_3D('',#5864,#5865,#5866);
#5864 = CARTESIAN_POINT('',(203.52679698579,1.489953461658E+03,1.215E+03
    ));
#5865 = DIRECTION('',(0.,0.,1.));
#5866 = DIRECTION('',(-0.978347825905,0.206967464949,0.));
#5867 = ADVANCED_FACE('',(#5868),#5886,.T.);
#5868 = FACE_BOUND('',#5869,.T.);
#5869 = EDGE_LOOP('',(#5870,#5878,#5879,#5880));
#5870 = ORIENTED_EDGE('',*,*,#5871,.F.);
#5871 = EDGE_CURVE('',#5787,#5872,#5874,.T.);
#5872 = VERTEX_POINT('',#5873);
#5873 = CARTESIAN_POINT('',(50.447799229771,949.94344281929,845.));
#5874 = LINE('',#5875,#5876);
#5875 = CARTESIAN_POINT('',(87.625016614149,942.07867915122,845.));
#5876 = VECTOR('',#5877,1.);
#5877 = DIRECTION('',(-0.978347825905,0.206967464949,0.));
#5878 = ORIENTED_EDGE('',*,*,#5794,.T.);
#5879 = ORIENTED_EDGE('',*,*,#5857,.T.);
#5880 = ORIENTED_EDGE('',*,*,#5881,.F.);
#5881 = EDGE_CURVE('',#5872,#5850,#5882,.T.);
#5882 = LINE('',#5883,#5884);
#5883 = CARTESIAN_POINT('',(50.447799229771,949.94344281929,845.));
#5884 = VECTOR('',#5885,1.);
#5885 = DIRECTION('',(0.,0.,1.));
#5886 = PLANE('',#5887);
#5887 = AXIS2_PLACEMENT_3D('',#5888,#5889,#5890);
#5888 = CARTESIAN_POINT('',(87.625016614149,942.07867915122,845.));
#5889 = DIRECTION('',(-0.206967464949,-0.978347825905,0.));
#5890 = DIRECTION('',(0.,0.,1.));
#5891 = ADVANCED_FACE('',(#5892),#5911,.F.);
#5892 = FACE_BOUND('',#5893,.F.);
#5893 = EDGE_LOOP('',(#5894,#5895,#5896,#5904));
#5894 = ORIENTED_EDGE('',*,*,#5770,.F.);
#5895 = ORIENTED_EDGE('',*,*,#5816,.T.);
#5896 = ORIENTED_EDGE('',*,*,#5897,.T.);
#5897 = EDGE_CURVE('',#5817,#5898,#5900,.T.);
#5898 = VERTEX_POINT('',#5899);
#5899 = CARTESIAN_POINT('',(116.84133855523,1.263789751316E+03,845.));
#5900 = LINE('',#5901,#5902);
#5901 = CARTESIAN_POINT('',(166.34957960141,1.497818225326E+03,845.));
#5902 = VECTOR('',#5903,1.);
#5903 = DIRECTION('',(-0.206967464949,-0.978347825905,0.));
#5904 = ORIENTED_EDGE('',*,*,#5905,.F.);
#5905 = EDGE_CURVE('',#5771,#5898,#5906,.T.);
#5906 = CIRCLE('',#5907,45.);
#5907 = AXIS2_PLACEMENT_3D('',#5908,#5909,#5910);
#5908 = CARTESIAN_POINT('',(126.98729810778,1.219948452239E+03,845.));
#5909 = DIRECTION('',(0.,0.,1.));
#5910 = DIRECTION('',(1.,0.,0.));
#5911 = PLANE('',#5912);
#5912 = AXIS2_PLACEMENT_3D('',#5913,#5914,#5915);
#5913 = CARTESIAN_POINT('',(203.52679698579,1.489953461658E+03,845.));
#5914 = DIRECTION('',(0.,0.,1.));
#5915 = DIRECTION('',(-0.978347825905,0.206967464949,0.));
#5916 = ADVANCED_FACE('',(#5917),#5936,.T.);
#5917 = FACE_BOUND('',#5918,.T.);
#5918 = EDGE_LOOP('',(#5919,#5928,#5935));
#5919 = ORIENTED_EDGE('',*,*,#5920,.T.);
#5920 = EDGE_CURVE('',#5779,#5921,#5923,.T.);
#5921 = VERTEX_POINT('',#5922);
#5922 = CARTESIAN_POINT('',(171.98729810778,1.219948452239E+03,845.));
#5923 = CIRCLE('',#5924,45.);
#5924 = AXIS2_PLACEMENT_3D('',#5925,#5926,#5927);
#5925 = CARTESIAN_POINT('',(126.98729810778,1.219948452239E+03,845.));
#5926 = DIRECTION('',(0.,0.,1.));
#5927 = DIRECTION('',(1.,0.,0.));
#5928 = ORIENTED_EDGE('',*,*,#5929,.T.);
#5929 = EDGE_CURVE('',#5921,#5771,#5930,.T.);
#5930 = CIRCLE('',#5931,45.);
#5931 = AXIS2_PLACEMENT_3D('',#5932,#5933,#5934);
#5932 = CARTESIAN_POINT('',(126.98729810778,1.219948452239E+03,845.));
#5933 = DIRECTION('',(0.,0.,1.));
#5934 = DIRECTION('',(1.,0.,0.));
#5935 = ORIENTED_EDGE('',*,*,#5778,.T.);
#5936 = PLANE('',#5937);
#5937 = AXIS2_PLACEMENT_3D('',#5938,#5939,#5940);
#5938 = CARTESIAN_POINT('',(126.98729810778,1.219948452239E+03,845.));
#5939 = DIRECTION('',(0.,0.,1.));
#5940 = DIRECTION('',(1.,0.,0.));
#5941 = ADVANCED_FACE('',(#5942),#5961,.F.);
#5942 = FACE_BOUND('',#5943,.F.);
#5943 = EDGE_LOOP('',(#5944,#5945,#5954,#5960));
#5944 = ORIENTED_EDGE('',*,*,#5786,.F.);
#5945 = ORIENTED_EDGE('',*,*,#5946,.F.);
#5946 = EDGE_CURVE('',#5947,#5779,#5949,.T.);
#5947 = VERTEX_POINT('',#5948);
#5948 = CARTESIAN_POINT('',(99.956040275946,1.18397191683E+03,845.));
#5949 = CIRCLE('',#5950,45.);
#5950 = AXIS2_PLACEMENT_3D('',#5951,#5952,#5953);
#5951 = CARTESIAN_POINT('',(126.98729810778,1.219948452239E+03,845.));
#5952 = DIRECTION('',(0.,0.,1.));
#5953 = DIRECTION('',(1.,0.,0.));
#5954 = ORIENTED_EDGE('',*,*,#5955,.T.);
#5955 = EDGE_CURVE('',#5947,#5872,#5956,.T.);
#5956 = LINE('',#5957,#5958);
#5957 = CARTESIAN_POINT('',(166.34957960141,1.497818225326E+03,845.));
#5958 = VECTOR('',#5959,1.);
#5959 = DIRECTION('',(-0.206967464949,-0.978347825905,0.));
#5960 = ORIENTED_EDGE('',*,*,#5871,.F.);
#5961 = PLANE('',#5962);
#5962 = AXIS2_PLACEMENT_3D('',#5963,#5964,#5965);
#5963 = CARTESIAN_POINT('',(203.52679698579,1.489953461658E+03,845.));
#5964 = DIRECTION('',(0.,0.,1.));
#5965 = DIRECTION('',(-0.978347825905,0.206967464949,0.));
#5966 = ADVANCED_FACE('',(#5967),#5980,.T.);
#5967 = FACE_BOUND('',#5968,.T.);
#5968 = EDGE_LOOP('',(#5969,#5970,#5971,#5977,#5978,#5979));
#5969 = ORIENTED_EDGE('',*,*,#5833,.F.);
#5970 = ORIENTED_EDGE('',*,*,#5897,.T.);
#5971 = ORIENTED_EDGE('',*,*,#5972,.T.);
#5972 = EDGE_CURVE('',#5898,#5947,#5973,.T.);
#5973 = LINE('',#5974,#5975);
#5974 = CARTESIAN_POINT('',(166.34957960141,1.497818225326E+03,845.));
#5975 = VECTOR('',#5976,1.);
#5976 = DIRECTION('',(-0.206967464949,-0.978347825905,0.));
#5977 = ORIENTED_EDGE('',*,*,#5955,.T.);
#5978 = ORIENTED_EDGE('',*,*,#5881,.T.);
#5979 = ORIENTED_EDGE('',*,*,#5849,.F.);
#5980 = PLANE('',#5981);
#5981 = AXIS2_PLACEMENT_3D('',#5982,#5983,#5984);
#5982 = CARTESIAN_POINT('',(166.34957960141,1.497818225326E+03,845.));
#5983 = DIRECTION('',(-0.978347825905,0.206967464949,0.));
#5984 = DIRECTION('',(0.,0.,1.));
#5985 = ADVANCED_FACE('',(#5986),#6015,.T.);
#5986 = FACE_BOUND('',#5987,.T.);
#5987 = EDGE_LOOP('',(#5988,#5996,#5997,#5998,#6005,#6006,#6007,#6008));
#5988 = ORIENTED_EDGE('',*,*,#5989,.T.);
#5989 = EDGE_CURVE('',#5990,#5921,#5992,.T.);
#5990 = VERTEX_POINT('',#5991);
#5991 = CARTESIAN_POINT('',(171.98729810778,1.219948452239E+03,750.));
#5992 = LINE('',#5993,#5994);
#5993 = CARTESIAN_POINT('',(171.98729810778,1.219948452239E+03,750.));
#5994 = VECTOR('',#5995,1.);
#5995 = DIRECTION('',(0.,0.,1.));
#5996 = ORIENTED_EDGE('',*,*,#5920,.F.);
#5997 = ORIENTED_EDGE('',*,*,#5946,.F.);
#5998 = ORIENTED_EDGE('',*,*,#5999,.F.);
#5999 = EDGE_CURVE('',#5898,#5947,#6000,.T.);
#6000 = CIRCLE('',#6001,45.);
#6001 = AXIS2_PLACEMENT_3D('',#6002,#6003,#6004);
#6002 = CARTESIAN_POINT('',(126.98729810778,1.219948452239E+03,845.));
#6003 = DIRECTION('',(0.,0.,1.));
#6004 = DIRECTION('',(1.,0.,0.));
#6005 = ORIENTED_EDGE('',*,*,#5905,.F.);
#6006 = ORIENTED_EDGE('',*,*,#5929,.F.);
#6007 = ORIENTED_EDGE('',*,*,#5989,.F.);
#6008 = ORIENTED_EDGE('',*,*,#6009,.T.);
#6009 = EDGE_CURVE('',#5990,#5990,#6010,.T.);
#6010 = CIRCLE('',#6011,45.);
#6011 = AXIS2_PLACEMENT_3D('',#6012,#6013,#6014);
#6012 = CARTESIAN_POINT('',(126.98729810778,1.219948452239E+03,750.));
#6013 = DIRECTION('',(0.,0.,1.));
#6014 = DIRECTION('',(1.,0.,0.));
#6015 = CYLINDRICAL_SURFACE('',#6016,45.);
#6016 = AXIS2_PLACEMENT_3D('',#6017,#6018,#6019);
#6017 = CARTESIAN_POINT('',(126.98729810778,1.219948452239E+03,750.));
#6018 = DIRECTION('',(0.,0.,1.));
#6019 = DIRECTION('',(1.,0.,0.));
#6020 = ADVANCED_FACE('',(#6021),#6025,.T.);
#6021 = FACE_BOUND('',#6022,.T.);
#6022 = EDGE_LOOP('',(#6023,#6024));
#6023 = ORIENTED_EDGE('',*,*,#5972,.F.);
#6024 = ORIENTED_EDGE('',*,*,#5999,.T.);
#6025 = PLANE('',#6026);
#6026 = AXIS2_PLACEMENT_3D('',#6027,#6028,#6029);
#6027 = CARTESIAN_POINT('',(126.98729810778,1.219948452239E+03,845.));
#6028 = DIRECTION('',(0.,0.,1.));
#6029 = DIRECTION('',(1.,0.,0.));
#6030 = ADVANCED_FACE('',(#6031),#6034,.F.);
#6031 = FACE_BOUND('',#6032,.T.);
#6032 = EDGE_LOOP('',(#6033));
#6033 = ORIENTED_EDGE('',*,*,#6009,.F.);
#6034 = PLANE('',#6035);
#6035 = AXIS2_PLACEMENT_3D('',#6036,#6037,#6038);
#6036 = CARTESIAN_POINT('',(126.98729810778,1.219948452239E+03,750.));
#6037 = DIRECTION('',(0.,0.,1.));
#6038 = DIRECTION('',(1.,0.,0.));
#6039 = MANIFOLD_SOLID_BREP('',#6040);
#6040 = CLOSED_SHELL('',(#6041,#6081,#6121,#6143,#6165,#6177));
#6041 = ADVANCED_FACE('',(#6042),#6076,.F.);
#6042 = FACE_BOUND('',#6043,.F.);
#6043 = EDGE_LOOP('',(#6044,#6054,#6062,#6070));
#6044 = ORIENTED_EDGE('',*,*,#6045,.F.);
#6045 = EDGE_CURVE('',#6046,#6048,#6050,.T.);
#6046 = VERTEX_POINT('',#6047);
#6047 = CARTESIAN_POINT('',(162.62416523232,1.48020796446E+03,863.));
#6048 = VERTEX_POINT('',#6049);
#6049 = CARTESIAN_POINT('',(162.62416523232,1.48020796446E+03,1.197E+03)
  );
#6050 = LINE('',#6051,#6052);
#6051 = CARTESIAN_POINT('',(162.62416523232,1.48020796446E+03,863.));
#6052 = VECTOR('',#6053,1.);
#6053 = DIRECTION('',(0.,0.,1.));
#6054 = ORIENTED_EDGE('',*,*,#6055,.T.);
#6055 = EDGE_CURVE('',#6046,#6056,#6058,.T.);
#6056 = VERTEX_POINT('',#6057);
#6057 = CARTESIAN_POINT('',(54.173213598859,967.55370368558,863.));
#6058 = LINE('',#6059,#6060);
#6059 = CARTESIAN_POINT('',(162.62416523232,1.48020796446E+03,863.));
#6060 = VECTOR('',#6061,1.);
#6061 = DIRECTION('',(-0.206967464949,-0.978347825905,0.));
#6062 = ORIENTED_EDGE('',*,*,#6063,.T.);
#6063 = EDGE_CURVE('',#6056,#6064,#6066,.T.);
#6064 = VERTEX_POINT('',#6065);
#6065 = CARTESIAN_POINT('',(54.173213598859,967.55370368558,1.197E+03));
#6066 = LINE('',#6067,#6068);
#6067 = CARTESIAN_POINT('',(54.173213598859,967.55370368558,863.));
#6068 = VECTOR('',#6069,1.);
#6069 = DIRECTION('',(0.,0.,1.));
#6070 = ORIENTED_EDGE('',*,*,#6071,.F.);
#6071 = EDGE_CURVE('',#6048,#6064,#6072,.T.);
#6072 = LINE('',#6073,#6074);
#6073 = CARTESIAN_POINT('',(162.62416523232,1.48020796446E+03,1.197E+03)
  );
#6074 = VECTOR('',#6075,1.);
#6075 = DIRECTION('',(-0.206967464949,-0.978347825905,0.));
#6076 = PLANE('',#6077);
#6077 = AXIS2_PLACEMENT_3D('',#6078,#6079,#6080);
#6078 = CARTESIAN_POINT('',(162.62416523232,1.48020796446E+03,863.));
#6079 = DIRECTION('',(-0.978347825905,0.206967464949,0.));
#6080 = DIRECTION('',(0.,0.,1.));
#6081 = ADVANCED_FACE('',(#6082),#6116,.T.);
#6082 = FACE_BOUND('',#6083,.T.);
#6083 = EDGE_LOOP('',(#6084,#6094,#6102,#6110));
#6084 = ORIENTED_EDGE('',*,*,#6085,.F.);
#6085 = EDGE_CURVE('',#6086,#6088,#6090,.T.);
#6086 = VERTEX_POINT('',#6087);
#6087 = CARTESIAN_POINT('',(159.68912175461,1.480828866854E+03,863.));
#6088 = VERTEX_POINT('',#6089);
#6089 = CARTESIAN_POINT('',(159.68912175461,1.480828866854E+03,1.197E+03
    ));
#6090 = LINE('',#6091,#6092);
#6091 = CARTESIAN_POINT('',(159.68912175461,1.480828866854E+03,863.));
#6092 = VECTOR('',#6093,1.);
#6093 = DIRECTION('',(0.,0.,1.));
#6094 = ORIENTED_EDGE('',*,*,#6095,.T.);
#6095 = EDGE_CURVE('',#6086,#6096,#6098,.T.);
#6096 = VERTEX_POINT('',#6097);
#6097 = CARTESIAN_POINT('',(51.238170121145,968.17460608042,863.));
#6098 = LINE('',#6099,#6100);
#6099 = CARTESIAN_POINT('',(159.68912175461,1.480828866854E+03,863.));
#6100 = VECTOR('',#6101,1.);
#6101 = DIRECTION('',(-0.206967464949,-0.978347825905,0.));
#6102 = ORIENTED_EDGE('',*,*,#6103,.T.);
#6103 = EDGE_CURVE('',#6096,#6104,#6106,.T.);
#6104 = VERTEX_POINT('',#6105);
#6105 = CARTESIAN_POINT('',(51.238170121145,968.17460608042,1.197E+03));
#6106 = LINE('',#6107,#6108);
#6107 = CARTESIAN_POINT('',(51.238170121145,968.17460608042,863.));
#6108 = VECTOR('',#6109,1.);
#6109 = DIRECTION('',(0.,0.,1.));
#6110 = ORIENTED_EDGE('',*,*,#6111,.F.);
#6111 = EDGE_CURVE('',#6088,#6104,#6112,.T.);
#6112 = LINE('',#6113,#6114);
#6113 = CARTESIAN_POINT('',(159.68912175461,1.480828866854E+03,1.197E+03
    ));
#6114 = VECTOR('',#6115,1.);
#6115 = DIRECTION('',(-0.206967464949,-0.978347825905,0.));
#6116 = PLANE('',#6117);
#6117 = AXIS2_PLACEMENT_3D('',#6118,#6119,#6120);
#6118 = CARTESIAN_POINT('',(159.68912175461,1.480828866854E+03,863.));
#6119 = DIRECTION('',(-0.978347825905,0.206967464949,0.));
#6120 = DIRECTION('',(0.,0.,1.));
#6121 = ADVANCED_FACE('',(#6122),#6138,.F.);
#6122 = FACE_BOUND('',#6123,.F.);
#6123 = EDGE_LOOP('',(#6124,#6130,#6131,#6137));
#6124 = ORIENTED_EDGE('',*,*,#6125,.F.);
#6125 = EDGE_CURVE('',#6046,#6086,#6126,.T.);
#6126 = LINE('',#6127,#6128);
#6127 = CARTESIAN_POINT('',(162.62416523232,1.48020796446E+03,863.));
#6128 = VECTOR('',#6129,1.);
#6129 = DIRECTION('',(-0.978347825905,0.206967464949,0.));
#6130 = ORIENTED_EDGE('',*,*,#6045,.T.);
#6131 = ORIENTED_EDGE('',*,*,#6132,.T.);
#6132 = EDGE_CURVE('',#6048,#6088,#6133,.T.);
#6133 = LINE('',#6134,#6135);
#6134 = CARTESIAN_POINT('',(162.62416523232,1.48020796446E+03,1.197E+03)
  );
#6135 = VECTOR('',#6136,1.);
#6136 = DIRECTION('',(-0.978347825905,0.206967464949,0.));
#6137 = ORIENTED_EDGE('',*,*,#6085,.F.);
#6138 = PLANE('',#6139);
#6139 = AXIS2_PLACEMENT_3D('',#6140,#6141,#6142);
#6140 = CARTESIAN_POINT('',(162.62416523232,1.48020796446E+03,863.));
#6141 = DIRECTION('',(-0.206967464949,-0.978347825905,0.));
#6142 = DIRECTION('',(0.,0.,1.));
#6143 = ADVANCED_FACE('',(#6144),#6160,.T.);
#6144 = FACE_BOUND('',#6145,.T.);
#6145 = EDGE_LOOP('',(#6146,#6152,#6153,#6159));
#6146 = ORIENTED_EDGE('',*,*,#6147,.F.);
#6147 = EDGE_CURVE('',#6056,#6096,#6148,.T.);
#6148 = LINE('',#6149,#6150);
#6149 = CARTESIAN_POINT('',(54.173213598859,967.55370368558,863.));
#6150 = VECTOR('',#6151,1.);
#6151 = DIRECTION('',(-0.978347825905,0.206967464949,0.));
#6152 = ORIENTED_EDGE('',*,*,#6063,.T.);
#6153 = ORIENTED_EDGE('',*,*,#6154,.T.);
#6154 = EDGE_CURVE('',#6064,#6104,#6155,.T.);
#6155 = LINE('',#6156,#6157);
#6156 = CARTESIAN_POINT('',(54.173213598859,967.55370368558,1.197E+03));
#6157 = VECTOR('',#6158,1.);
#6158 = DIRECTION('',(-0.978347825905,0.206967464949,0.));
#6159 = ORIENTED_EDGE('',*,*,#6103,.F.);
#6160 = PLANE('',#6161);
#6161 = AXIS2_PLACEMENT_3D('',#6162,#6163,#6164);
#6162 = CARTESIAN_POINT('',(54.173213598859,967.55370368558,863.));
#6163 = DIRECTION('',(-0.206967464949,-0.978347825905,0.));
#6164 = DIRECTION('',(0.,0.,1.));
#6165 = ADVANCED_FACE('',(#6166),#6172,.F.);
#6166 = FACE_BOUND('',#6167,.F.);
#6167 = EDGE_LOOP('',(#6168,#6169,#6170,#6171));
#6168 = ORIENTED_EDGE('',*,*,#6055,.F.);
#6169 = ORIENTED_EDGE('',*,*,#6125,.T.);
#6170 = ORIENTED_EDGE('',*,*,#6095,.T.);
#6171 = ORIENTED_EDGE('',*,*,#6147,.F.);
#6172 = PLANE('',#6173);
#6173 = AXIS2_PLACEMENT_3D('',#6174,#6175,#6176);
#6174 = CARTESIAN_POINT('',(162.62416523232,1.48020796446E+03,863.));
#6175 = DIRECTION('',(0.,0.,1.));
#6176 = DIRECTION('',(-0.978347825905,0.206967464949,0.));
#6177 = ADVANCED_FACE('',(#6178),#6184,.T.);
#6178 = FACE_BOUND('',#6179,.T.);
#6179 = EDGE_LOOP('',(#6180,#6181,#6182,#6183));
#6180 = ORIENTED_EDGE('',*,*,#6071,.F.);
#6181 = ORIENTED_EDGE('',*,*,#6132,.T.);
#6182 = ORIENTED_EDGE('',*,*,#6111,.T.);
#6183 = ORIENTED_EDGE('',*,*,#6154,.F.);
#6184 = PLANE('',#6185);
#6185 = AXIS2_PLACEMENT_3D('',#6186,#6187,#6188);
#6186 = CARTESIAN_POINT('',(162.62416523232,1.48020796446E+03,1.197E+03)
  );
#6187 = DIRECTION('',(0.,0.,1.));
#6188 = DIRECTION('',(-0.978347825905,0.206967464949,0.));
#6189 = MANIFOLD_SOLID_BREP('',#6190);
#6190 = CLOSED_SHELL('',(#6191,#6247,#6278,#6302,#6326,#6351,#6376,#6401
    ,#6420,#6455,#6465));
#6191 = ADVANCED_FACE('',(#6192),#6242,.F.);
#6192 = FACE_BOUND('',#6193,.F.);
#6193 = EDGE_LOOP('',(#6194,#6204,#6212,#6220,#6228,#6236));
#6194 = ORIENTED_EDGE('',*,*,#6195,.F.);
#6195 = EDGE_CURVE('',#6196,#6198,#6200,.T.);
#6196 = VERTEX_POINT('',#6197);
#6197 = CARTESIAN_POINT('',(-619.4582562299,-422.9331729582,845.));
#6198 = VERTEX_POINT('',#6199);
#6199 = CARTESIAN_POINT('',(-619.4582562299,-422.9331729582,1.215E+03));
#6200 = LINE('',#6201,#6202);
#6201 = CARTESIAN_POINT('',(-619.4582562299,-422.9331729582,845.));
#6202 = VECTOR('',#6203,1.);
#6203 = DIRECTION('',(0.,0.,1.));
#6204 = ORIENTED_EDGE('',*,*,#6205,.T.);
#6205 = EDGE_CURVE('',#6196,#6206,#6208,.T.);
#6206 = VERTEX_POINT('',#6207);
#6207 = CARTESIAN_POINT('',(-373.3270434653,-565.0370949039,845.));
#6208 = LINE('',#6209,#6210);
#6209 = CARTESIAN_POINT('',(-619.4582562299,-422.9331729582,845.));
#6210 = VECTOR('',#6211,1.);
#6211 = DIRECTION('',(0.866025403784,-0.5,0.));
#6212 = ORIENTED_EDGE('',*,*,#6213,.T.);
#6213 = EDGE_CURVE('',#6206,#6214,#6216,.T.);
#6214 = VERTEX_POINT('',#6215);
#6215 = CARTESIAN_POINT('',(-302.6729565346,-605.8292510126,845.));
#6216 = LINE('',#6217,#6218);
#6217 = CARTESIAN_POINT('',(-619.4582562299,-422.9331729582,845.));
#6218 = VECTOR('',#6219,1.);
#6219 = DIRECTION('',(0.866025403784,-0.5,0.));
#6220 = ORIENTED_EDGE('',*,*,#6221,.T.);
#6221 = EDGE_CURVE('',#6214,#6222,#6224,.T.);
#6222 = VERTEX_POINT('',#6223);
#6223 = CARTESIAN_POINT('',(-56.54174377005,-747.9331729582,845.));
#6224 = LINE('',#6225,#6226);
#6225 = CARTESIAN_POINT('',(-619.4582562299,-422.9331729582,845.));
#6226 = VECTOR('',#6227,1.);
#6227 = DIRECTION('',(0.866025403784,-0.5,0.));
#6228 = ORIENTED_EDGE('',*,*,#6229,.T.);
#6229 = EDGE_CURVE('',#6222,#6230,#6232,.T.);
#6230 = VERTEX_POINT('',#6231);
#6231 = CARTESIAN_POINT('',(-56.54174377005,-747.9331729582,1.215E+03));
#6232 = LINE('',#6233,#6234);
#6233 = CARTESIAN_POINT('',(-56.54174377005,-747.9331729582,845.));
#6234 = VECTOR('',#6235,1.);
#6235 = DIRECTION('',(0.,0.,1.));
#6236 = ORIENTED_EDGE('',*,*,#6237,.F.);
#6237 = EDGE_CURVE('',#6198,#6230,#6238,.T.);
#6238 = LINE('',#6239,#6240);
#6239 = CARTESIAN_POINT('',(-619.4582562299,-422.9331729582,1.215E+03));
#6240 = VECTOR('',#6241,1.);
#6241 = DIRECTION('',(0.866025403784,-0.5,0.));
#6242 = PLANE('',#6243);
#6243 = AXIS2_PLACEMENT_3D('',#6244,#6245,#6246);
#6244 = CARTESIAN_POINT('',(-619.4582562299,-422.9331729582,845.));
#6245 = DIRECTION('',(-0.5,-0.866025403784,0.));
#6246 = DIRECTION('',(0.,0.,1.));
#6247 = ADVANCED_FACE('',(#6248),#6273,.F.);
#6248 = FACE_BOUND('',#6249,.F.);
#6249 = EDGE_LOOP('',(#6250,#6258,#6259,#6267));
#6250 = ORIENTED_EDGE('',*,*,#6251,.F.);
#6251 = EDGE_CURVE('',#6196,#6252,#6254,.T.);
#6252 = VERTEX_POINT('',#6253);
#6253 = CARTESIAN_POINT('',(-638.4582562299,-455.842138302,845.));
#6254 = LINE('',#6255,#6256);
#6255 = CARTESIAN_POINT('',(-619.4582562299,-422.9331729582,845.));
#6256 = VECTOR('',#6257,1.);
#6257 = DIRECTION('',(-0.5,-0.866025403784,0.));
#6258 = ORIENTED_EDGE('',*,*,#6195,.T.);
#6259 = ORIENTED_EDGE('',*,*,#6260,.T.);
#6260 = EDGE_CURVE('',#6198,#6261,#6263,.T.);
#6261 = VERTEX_POINT('',#6262);
#6262 = CARTESIAN_POINT('',(-638.4582562299,-455.842138302,1.215E+03));
#6263 = LINE('',#6264,#6265);
#6264 = CARTESIAN_POINT('',(-619.4582562299,-422.9331729582,1.215E+03));
#6265 = VECTOR('',#6266,1.);
#6266 = DIRECTION('',(-0.5,-0.866025403784,0.));
#6267 = ORIENTED_EDGE('',*,*,#6268,.F.);
#6268 = EDGE_CURVE('',#6252,#6261,#6269,.T.);
#6269 = LINE('',#6270,#6271);
#6270 = CARTESIAN_POINT('',(-638.4582562299,-455.842138302,845.));
#6271 = VECTOR('',#6272,1.);
#6272 = DIRECTION('',(0.,0.,1.));
#6273 = PLANE('',#6274);
#6274 = AXIS2_PLACEMENT_3D('',#6275,#6276,#6277);
#6275 = CARTESIAN_POINT('',(-619.4582562299,-422.9331729582,845.));
#6276 = DIRECTION('',(0.866025403784,-0.5,0.));
#6277 = DIRECTION('',(0.,0.,1.));
#6278 = ADVANCED_FACE('',(#6279),#6297,.T.);
#6279 = FACE_BOUND('',#6280,.T.);
#6280 = EDGE_LOOP('',(#6281,#6282,#6283,#6291));
#6281 = ORIENTED_EDGE('',*,*,#6237,.F.);
#6282 = ORIENTED_EDGE('',*,*,#6260,.T.);
#6283 = ORIENTED_EDGE('',*,*,#6284,.T.);
#6284 = EDGE_CURVE('',#6261,#6285,#6287,.T.);
#6285 = VERTEX_POINT('',#6286);
#6286 = CARTESIAN_POINT('',(-75.54174377005,-780.842138302,1.215E+03));
#6287 = LINE('',#6288,#6289);
#6288 = CARTESIAN_POINT('',(-638.4582562299,-455.842138302,1.215E+03));
#6289 = VECTOR('',#6290,1.);
#6290 = DIRECTION('',(0.866025403784,-0.5,0.));
#6291 = ORIENTED_EDGE('',*,*,#6292,.F.);
#6292 = EDGE_CURVE('',#6230,#6285,#6293,.T.);
#6293 = LINE('',#6294,#6295);
#6294 = CARTESIAN_POINT('',(-56.54174377005,-747.9331729582,1.215E+03));
#6295 = VECTOR('',#6296,1.);
#6296 = DIRECTION('',(-0.5,-0.866025403784,0.));
#6297 = PLANE('',#6298);
#6298 = AXIS2_PLACEMENT_3D('',#6299,#6300,#6301);
#6299 = CARTESIAN_POINT('',(-619.4582562299,-422.9331729582,1.215E+03));
#6300 = DIRECTION('',(0.,0.,1.));
#6301 = DIRECTION('',(-0.5,-0.866025403784,0.));
#6302 = ADVANCED_FACE('',(#6303),#6321,.T.);
#6303 = FACE_BOUND('',#6304,.T.);
#6304 = EDGE_LOOP('',(#6305,#6313,#6314,#6315));
#6305 = ORIENTED_EDGE('',*,*,#6306,.F.);
#6306 = EDGE_CURVE('',#6222,#6307,#6309,.T.);
#6307 = VERTEX_POINT('',#6308);
#6308 = CARTESIAN_POINT('',(-75.54174377005,-780.842138302,845.));
#6309 = LINE('',#6310,#6311);
#6310 = CARTESIAN_POINT('',(-56.54174377005,-747.9331729582,845.));
#6311 = VECTOR('',#6312,1.);
#6312 = DIRECTION('',(-0.5,-0.866025403784,0.));
#6313 = ORIENTED_EDGE('',*,*,#6229,.T.);
#6314 = ORIENTED_EDGE('',*,*,#6292,.T.);
#6315 = ORIENTED_EDGE('',*,*,#6316,.F.);
#6316 = EDGE_CURVE('',#6307,#6285,#6317,.T.);
#6317 = LINE('',#6318,#6319);
#6318 = CARTESIAN_POINT('',(-75.54174377005,-780.842138302,845.));
#6319 = VECTOR('',#6320,1.);
#6320 = DIRECTION('',(0.,0.,1.));
#6321 = PLANE('',#6322);
#6322 = AXIS2_PLACEMENT_3D('',#6323,#6324,#6325);
#6323 = CARTESIAN_POINT('',(-56.54174377005,-747.9331729582,845.));
#6324 = DIRECTION('',(0.866025403784,-0.5,0.));
#6325 = DIRECTION('',(0.,0.,1.));
#6326 = ADVANCED_FACE('',(#6327),#6346,.F.);
#6327 = FACE_BOUND('',#6328,.F.);
#6328 = EDGE_LOOP('',(#6329,#6330,#6331,#6339));
#6329 = ORIENTED_EDGE('',*,*,#6205,.F.);
#6330 = ORIENTED_EDGE('',*,*,#6251,.T.);
#6331 = ORIENTED_EDGE('',*,*,#6332,.T.);
#6332 = EDGE_CURVE('',#6252,#6333,#6335,.T.);
#6333 = VERTEX_POINT('',#6334);
#6334 = CARTESIAN_POINT('',(-392.3270434653,-597.9460602477,845.));
#6335 = LINE('',#6336,#6337);
#6336 = CARTESIAN_POINT('',(-638.4582562299,-455.842138302,845.));
#6337 = VECTOR('',#6338,1.);
#6338 = DIRECTION('',(0.866025403784,-0.5,0.));
#6339 = ORIENTED_EDGE('',*,*,#6340,.F.);
#6340 = EDGE_CURVE('',#6206,#6333,#6341,.T.);
#6341 = CIRCLE('',#6342,45.);
#6342 = AXIS2_PLACEMENT_3D('',#6343,#6344,#6345);
#6343 = CARTESIAN_POINT('',(-347.5,-601.8876556301,845.));
#6344 = DIRECTION('',(0.,0.,1.));
#6345 = DIRECTION('',(1.,0.,0.));
#6346 = PLANE('',#6347);
#6347 = AXIS2_PLACEMENT_3D('',#6348,#6349,#6350);
#6348 = CARTESIAN_POINT('',(-619.4582562299,-422.9331729582,845.));
#6349 = DIRECTION('',(0.,0.,1.));
#6350 = DIRECTION('',(-0.5,-0.866025403784,0.));
#6351 = ADVANCED_FACE('',(#6352),#6371,.T.);
#6352 = FACE_BOUND('',#6353,.T.);
#6353 = EDGE_LOOP('',(#6354,#6363,#6370));
#6354 = ORIENTED_EDGE('',*,*,#6355,.T.);
#6355 = EDGE_CURVE('',#6214,#6356,#6358,.T.);
#6356 = VERTEX_POINT('',#6357);
#6357 = CARTESIAN_POINT('',(-302.5,-601.8876556301,845.));
#6358 = CIRCLE('',#6359,45.);
#6359 = AXIS2_PLACEMENT_3D('',#6360,#6361,#6362);
#6360 = CARTESIAN_POINT('',(-347.5,-601.8876556301,845.));
#6361 = DIRECTION('',(0.,0.,1.));
#6362 = DIRECTION('',(1.,0.,0.));
#6363 = ORIENTED_EDGE('',*,*,#6364,.T.);
#6364 = EDGE_CURVE('',#6356,#6206,#6365,.T.);
#6365 = CIRCLE('',#6366,45.);
#6366 = AXIS2_PLACEMENT_3D('',#6367,#6368,#6369);
#6367 = CARTESIAN_POINT('',(-347.5,-601.8876556301,845.));
#6368 = DIRECTION('',(0.,0.,1.));
#6369 = DIRECTION('',(1.,0.,0.));
#6370 = ORIENTED_EDGE('',*,*,#6213,.T.);
#6371 = PLANE('',#6372);
#6372 = AXIS2_PLACEMENT_3D('',#6373,#6374,#6375);
#6373 = CARTESIAN_POINT('',(-347.5,-601.8876556301,845.));
#6374 = DIRECTION('',(0.,0.,1.));
#6375 = DIRECTION('',(1.,0.,0.));
#6376 = ADVANCED_FACE('',(#6377),#6396,.F.);
#6377 = FACE_BOUND('',#6378,.F.);
#6378 = EDGE_LOOP('',(#6379,#6380,#6389,#6395));
#6379 = ORIENTED_EDGE('',*,*,#6221,.F.);
#6380 = ORIENTED_EDGE('',*,*,#6381,.F.);
#6381 = EDGE_CURVE('',#6382,#6214,#6384,.T.);
#6382 = VERTEX_POINT('',#6383);
#6383 = CARTESIAN_POINT('',(-321.6729565346,-638.7382163564,845.));
#6384 = CIRCLE('',#6385,45.);
#6385 = AXIS2_PLACEMENT_3D('',#6386,#6387,#6388);
#6386 = CARTESIAN_POINT('',(-347.5,-601.8876556301,845.));
#6387 = DIRECTION('',(0.,0.,1.));
#6388 = DIRECTION('',(1.,0.,0.));
#6389 = ORIENTED_EDGE('',*,*,#6390,.T.);
#6390 = EDGE_CURVE('',#6382,#6307,#6391,.T.);
#6391 = LINE('',#6392,#6393);
#6392 = CARTESIAN_POINT('',(-638.4582562299,-455.842138302,845.));
#6393 = VECTOR('',#6394,1.);
#6394 = DIRECTION('',(0.866025403784,-0.5,0.));
#6395 = ORIENTED_EDGE('',*,*,#6306,.F.);
#6396 = PLANE('',#6397);
#6397 = AXIS2_PLACEMENT_3D('',#6398,#6399,#6400);
#6398 = CARTESIAN_POINT('',(-619.4582562299,-422.9331729582,845.));
#6399 = DIRECTION('',(0.,0.,1.));
#6400 = DIRECTION('',(-0.5,-0.866025403784,0.));
#6401 = ADVANCED_FACE('',(#6402),#6415,.T.);
#6402 = FACE_BOUND('',#6403,.T.);
#6403 = EDGE_LOOP('',(#6404,#6405,#6406,#6412,#6413,#6414));
#6404 = ORIENTED_EDGE('',*,*,#6268,.F.);
#6405 = ORIENTED_EDGE('',*,*,#6332,.T.);
#6406 = ORIENTED_EDGE('',*,*,#6407,.T.);
#6407 = EDGE_CURVE('',#6333,#6382,#6408,.T.);
#6408 = LINE('',#6409,#6410);
#6409 = CARTESIAN_POINT('',(-638.4582562299,-455.842138302,845.));
#6410 = VECTOR('',#6411,1.);
#6411 = DIRECTION('',(0.866025403784,-0.5,0.));
#6412 = ORIENTED_EDGE('',*,*,#6390,.T.);
#6413 = ORIENTED_EDGE('',*,*,#6316,.T.);
#6414 = ORIENTED_EDGE('',*,*,#6284,.F.);
#6415 = PLANE('',#6416);
#6416 = AXIS2_PLACEMENT_3D('',#6417,#6418,#6419);
#6417 = CARTESIAN_POINT('',(-638.4582562299,-455.842138302,845.));
#6418 = DIRECTION('',(-0.5,-0.866025403784,0.));
#6419 = DIRECTION('',(0.,0.,1.));
#6420 = ADVANCED_FACE('',(#6421),#6450,.T.);
#6421 = FACE_BOUND('',#6422,.T.);
#6422 = EDGE_LOOP('',(#6423,#6431,#6432,#6433,#6440,#6441,#6442,#6443));
#6423 = ORIENTED_EDGE('',*,*,#6424,.T.);
#6424 = EDGE_CURVE('',#6425,#6356,#6427,.T.);
#6425 = VERTEX_POINT('',#6426);
#6426 = CARTESIAN_POINT('',(-302.5,-601.8876556301,750.));
#6427 = LINE('',#6428,#6429);
#6428 = CARTESIAN_POINT('',(-302.5,-601.8876556301,750.));
#6429 = VECTOR('',#6430,1.);
#6430 = DIRECTION('',(0.,0.,1.));
#6431 = ORIENTED_EDGE('',*,*,#6355,.F.);
#6432 = ORIENTED_EDGE('',*,*,#6381,.F.);
#6433 = ORIENTED_EDGE('',*,*,#6434,.F.);
#6434 = EDGE_CURVE('',#6333,#6382,#6435,.T.);
#6435 = CIRCLE('',#6436,45.);
#6436 = AXIS2_PLACEMENT_3D('',#6437,#6438,#6439);
#6437 = CARTESIAN_POINT('',(-347.5,-601.8876556301,845.));
#6438 = DIRECTION('',(0.,0.,1.));
#6439 = DIRECTION('',(1.,0.,0.));
#6440 = ORIENTED_EDGE('',*,*,#6340,.F.);
#6441 = ORIENTED_EDGE('',*,*,#6364,.F.);
#6442 = ORIENTED_EDGE('',*,*,#6424,.F.);
#6443 = ORIENTED_EDGE('',*,*,#6444,.T.);
#6444 = EDGE_CURVE('',#6425,#6425,#6445,.T.);
#6445 = CIRCLE('',#6446,45.);
#6446 = AXIS2_PLACEMENT_3D('',#6447,#6448,#6449);
#6447 = CARTESIAN_POINT('',(-347.5,-601.8876556301,750.));
#6448 = DIRECTION('',(0.,0.,1.));
#6449 = DIRECTION('',(1.,0.,0.));
#6450 = CYLINDRICAL_SURFACE('',#6451,45.);
#6451 = AXIS2_PLACEMENT_3D('',#6452,#6453,#6454);
#6452 = CARTESIAN_POINT('',(-347.5,-601.8876556301,750.));
#6453 = DIRECTION('',(0.,0.,1.));
#6454 = DIRECTION('',(1.,0.,0.));
#6455 = ADVANCED_FACE('',(#6456),#6460,.T.);
#6456 = FACE_BOUND('',#6457,.T.);
#6457 = EDGE_LOOP('',(#6458,#6459));
#6458 = ORIENTED_EDGE('',*,*,#6407,.F.);
#6459 = ORIENTED_EDGE('',*,*,#6434,.T.);
#6460 = PLANE('',#6461);
#6461 = AXIS2_PLACEMENT_3D('',#6462,#6463,#6464);
#6462 = CARTESIAN_POINT('',(-347.5,-601.8876556301,845.));
#6463 = DIRECTION('',(0.,0.,1.));
#6464 = DIRECTION('',(1.,0.,0.));
#6465 = ADVANCED_FACE('',(#6466),#6469,.F.);
#6466 = FACE_BOUND('',#6467,.T.);
#6467 = EDGE_LOOP('',(#6468));
#6468 = ORIENTED_EDGE('',*,*,#6444,.F.);
#6469 = PLANE('',#6470);
#6470 = AXIS2_PLACEMENT_3D('',#6471,#6472,#6473);
#6471 = CARTESIAN_POINT('',(-347.5,-601.8876556301,750.));
#6472 = DIRECTION('',(0.,0.,1.));
#6473 = DIRECTION('',(1.,0.,0.));
#6474 = MANIFOLD_SOLID_BREP('',#6475);
#6475 = CLOSED_SHELL('',(#6476,#6516,#6556,#6578,#6600,#6612));
#6476 = ADVANCED_FACE('',(#6477),#6511,.F.);
#6477 = FACE_BOUND('',#6478,.F.);
#6478 = EDGE_LOOP('',(#6479,#6489,#6497,#6505));
#6479 = ORIENTED_EDGE('',*,*,#6480,.F.);
#6480 = EDGE_CURVE('',#6481,#6483,#6485,.T.);
#6481 = VERTEX_POINT('',#6482);
#6482 = CARTESIAN_POINT('',(-622.8697989618,-464.842138302,863.));
#6483 = VERTEX_POINT('',#6484);
#6484 = CARTESIAN_POINT('',(-622.8697989618,-464.842138302,1.197E+03));
#6485 = LINE('',#6486,#6487);
#6486 = CARTESIAN_POINT('',(-622.8697989618,-464.842138302,863.));
#6487 = VECTOR('',#6488,1.);
#6488 = DIRECTION('',(0.,0.,1.));
#6489 = ORIENTED_EDGE('',*,*,#6490,.T.);
#6490 = EDGE_CURVE('',#6481,#6491,#6493,.T.);
#6491 = VERTEX_POINT('',#6492);
#6492 = CARTESIAN_POINT('',(-91.13020103817,-771.842138302,863.));
#6493 = LINE('',#6494,#6495);
#6494 = CARTESIAN_POINT('',(-622.8697989618,-464.842138302,863.));
#6495 = VECTOR('',#6496,1.);
#6496 = DIRECTION('',(0.866025403784,-0.5,0.));
#6497 = ORIENTED_EDGE('',*,*,#6498,.T.);
#6498 = EDGE_CURVE('',#6491,#6499,#6501,.T.);
#6499 = VERTEX_POINT('',#6500);
#6500 = CARTESIAN_POINT('',(-91.13020103817,-771.842138302,1.197E+03));
#6501 = LINE('',#6502,#6503);
#6502 = CARTESIAN_POINT('',(-91.13020103817,-771.842138302,863.));
#6503 = VECTOR('',#6504,1.);
#6504 = DIRECTION('',(0.,0.,1.));
#6505 = ORIENTED_EDGE('',*,*,#6506,.F.);
#6506 = EDGE_CURVE('',#6483,#6499,#6507,.T.);
#6507 = LINE('',#6508,#6509);
#6508 = CARTESIAN_POINT('',(-622.8697989618,-464.842138302,1.197E+03));
#6509 = VECTOR('',#6510,1.);
#6510 = DIRECTION('',(0.866025403784,-0.5,0.));
#6511 = PLANE('',#6512);
#6512 = AXIS2_PLACEMENT_3D('',#6513,#6514,#6515);
#6513 = CARTESIAN_POINT('',(-622.8697989618,-464.842138302,863.));
#6514 = DIRECTION('',(-0.5,-0.866025403784,0.));
#6515 = DIRECTION('',(0.,0.,1.));
#6516 = ADVANCED_FACE('',(#6517),#6551,.T.);
#6517 = FACE_BOUND('',#6518,.T.);
#6518 = EDGE_LOOP('',(#6519,#6529,#6537,#6545));
#6519 = ORIENTED_EDGE('',*,*,#6520,.F.);
#6520 = EDGE_CURVE('',#6521,#6523,#6525,.T.);
#6521 = VERTEX_POINT('',#6522);
#6522 = CARTESIAN_POINT('',(-624.3697989618,-467.4402145134,863.));
#6523 = VERTEX_POINT('',#6524);
#6524 = CARTESIAN_POINT('',(-624.3697989618,-467.4402145134,1.197E+03));
#6525 = LINE('',#6526,#6527);
#6526 = CARTESIAN_POINT('',(-624.3697989618,-467.4402145134,863.));
#6527 = VECTOR('',#6528,1.);
#6528 = DIRECTION('',(0.,0.,1.));
#6529 = ORIENTED_EDGE('',*,*,#6530,.T.);
#6530 = EDGE_CURVE('',#6521,#6531,#6533,.T.);
#6531 = VERTEX_POINT('',#6532);
#6532 = CARTESIAN_POINT('',(-92.63020103817,-774.4402145134,863.));
#6533 = LINE('',#6534,#6535);
#6534 = CARTESIAN_POINT('',(-624.3697989618,-467.4402145134,863.));
#6535 = VECTOR('',#6536,1.);
#6536 = DIRECTION('',(0.866025403784,-0.5,0.));
#6537 = ORIENTED_EDGE('',*,*,#6538,.T.);
#6538 = EDGE_CURVE('',#6531,#6539,#6541,.T.);
#6539 = VERTEX_POINT('',#6540);
#6540 = CARTESIAN_POINT('',(-92.63020103817,-774.4402145134,1.197E+03));
#6541 = LINE('',#6542,#6543);
#6542 = CARTESIAN_POINT('',(-92.63020103817,-774.4402145134,863.));
#6543 = VECTOR('',#6544,1.);
#6544 = DIRECTION('',(0.,0.,1.));
#6545 = ORIENTED_EDGE('',*,*,#6546,.F.);
#6546 = EDGE_CURVE('',#6523,#6539,#6547,.T.);
#6547 = LINE('',#6548,#6549);
#6548 = CARTESIAN_POINT('',(-624.3697989618,-467.4402145134,1.197E+03));
#6549 = VECTOR('',#6550,1.);
#6550 = DIRECTION('',(0.866025403784,-0.5,0.));
#6551 = PLANE('',#6552);
#6552 = AXIS2_PLACEMENT_3D('',#6553,#6554,#6555);
#6553 = CARTESIAN_POINT('',(-624.3697989618,-467.4402145134,863.));
#6554 = DIRECTION('',(-0.5,-0.866025403784,0.));
#6555 = DIRECTION('',(0.,0.,1.));
#6556 = ADVANCED_FACE('',(#6557),#6573,.F.);
#6557 = FACE_BOUND('',#6558,.F.);
#6558 = EDGE_LOOP('',(#6559,#6565,#6566,#6572));
#6559 = ORIENTED_EDGE('',*,*,#6560,.F.);
#6560 = EDGE_CURVE('',#6481,#6521,#6561,.T.);
#6561 = LINE('',#6562,#6563);
#6562 = CARTESIAN_POINT('',(-622.8697989618,-464.842138302,863.));
#6563 = VECTOR('',#6564,1.);
#6564 = DIRECTION('',(-0.5,-0.866025403784,0.));
#6565 = ORIENTED_EDGE('',*,*,#6480,.T.);
#6566 = ORIENTED_EDGE('',*,*,#6567,.T.);
#6567 = EDGE_CURVE('',#6483,#6523,#6568,.T.);
#6568 = LINE('',#6569,#6570);
#6569 = CARTESIAN_POINT('',(-622.8697989618,-464.842138302,1.197E+03));
#6570 = VECTOR('',#6571,1.);
#6571 = DIRECTION('',(-0.5,-0.866025403784,0.));
#6572 = ORIENTED_EDGE('',*,*,#6520,.F.);
#6573 = PLANE('',#6574);
#6574 = AXIS2_PLACEMENT_3D('',#6575,#6576,#6577);
#6575 = CARTESIAN_POINT('',(-622.8697989618,-464.842138302,863.));
#6576 = DIRECTION('',(0.866025403784,-0.5,0.));
#6577 = DIRECTION('',(0.,0.,1.));
#6578 = ADVANCED_FACE('',(#6579),#6595,.T.);
#6579 = FACE_BOUND('',#6580,.T.);
#6580 = EDGE_LOOP('',(#6581,#6587,#6588,#6594));
#6581 = ORIENTED_EDGE('',*,*,#6582,.F.);
#6582 = EDGE_CURVE('',#6491,#6531,#6583,.T.);
#6583 = LINE('',#6584,#6585);
#6584 = CARTESIAN_POINT('',(-91.13020103817,-771.842138302,863.));
#6585 = VECTOR('',#6586,1.);
#6586 = DIRECTION('',(-0.5,-0.866025403784,0.));
#6587 = ORIENTED_EDGE('',*,*,#6498,.T.);
#6588 = ORIENTED_EDGE('',*,*,#6589,.T.);
#6589 = EDGE_CURVE('',#6499,#6539,#6590,.T.);
#6590 = LINE('',#6591,#6592);
#6591 = CARTESIAN_POINT('',(-91.13020103817,-771.842138302,1.197E+03));
#6592 = VECTOR('',#6593,1.);
#6593 = DIRECTION('',(-0.5,-0.866025403784,0.));
#6594 = ORIENTED_EDGE('',*,*,#6538,.F.);
#6595 = PLANE('',#6596);
#6596 = AXIS2_PLACEMENT_3D('',#6597,#6598,#6599);
#6597 = CARTESIAN_POINT('',(-91.13020103817,-771.842138302,863.));
#6598 = DIRECTION('',(0.866025403784,-0.5,0.));
#6599 = DIRECTION('',(0.,0.,1.));
#6600 = ADVANCED_FACE('',(#6601),#6607,.F.);
#6601 = FACE_BOUND('',#6602,.F.);
#6602 = EDGE_LOOP('',(#6603,#6604,#6605,#6606));
#6603 = ORIENTED_EDGE('',*,*,#6490,.F.);
#6604 = ORIENTED_EDGE('',*,*,#6560,.T.);
#6605 = ORIENTED_EDGE('',*,*,#6530,.T.);
#6606 = ORIENTED_EDGE('',*,*,#6582,.F.);
#6607 = PLANE('',#6608);
#6608 = AXIS2_PLACEMENT_3D('',#6609,#6610,#6611);
#6609 = CARTESIAN_POINT('',(-622.8697989618,-464.842138302,863.));
#6610 = DIRECTION('',(0.,0.,1.));
#6611 = DIRECTION('',(-0.5,-0.866025403784,0.));
#6612 = ADVANCED_FACE('',(#6613),#6619,.T.);
#6613 = FACE_BOUND('',#6614,.T.);
#6614 = EDGE_LOOP('',(#6615,#6616,#6617,#6618));
#6615 = ORIENTED_EDGE('',*,*,#6506,.F.);
#6616 = ORIENTED_EDGE('',*,*,#6567,.T.);
#6617 = ORIENTED_EDGE('',*,*,#6546,.T.);
#6618 = ORIENTED_EDGE('',*,*,#6589,.F.);
#6619 = PLANE('',#6620);
#6620 = AXIS2_PLACEMENT_3D('',#6621,#6622,#6623);
#6621 = CARTESIAN_POINT('',(-622.8697989618,-464.842138302,1.197E+03));
#6622 = DIRECTION('',(0.,0.,1.));
#6623 = DIRECTION('',(-0.5,-0.866025403784,0.));
#6624 = MANIFOLD_SOLID_BREP('',#6625);
#6625 = CLOSED_SHELL('',(#6626,#6682,#6713,#6737,#6761,#6786,#6811,#6836
    ,#6855,#6890,#6900));
#6626 = ADVANCED_FACE('',(#6627),#6677,.F.);
#6627 = FACE_BOUND('',#6628,.F.);
#6628 = EDGE_LOOP('',(#6629,#6639,#6647,#6655,#6663,#6671));
#6629 = ORIENTED_EDGE('',*,*,#6630,.F.);
#6630 = EDGE_CURVE('',#6631,#6633,#6635,.T.);
#6631 = VERTEX_POINT('',#6632);
#6632 = CARTESIAN_POINT('',(87.625016614149,-942.0786791512,845.));
#6633 = VERTEX_POINT('',#6634);
#6634 = CARTESIAN_POINT('',(87.625016614149,-942.0786791512,1.215E+03));
#6635 = LINE('',#6636,#6637);
#6636 = CARTESIAN_POINT('',(87.625016614149,-942.0786791512,845.));
#6637 = VECTOR('',#6638,1.);
#6638 = DIRECTION('',(0.,0.,1.));
#6639 = ORIENTED_EDGE('',*,*,#6640,.T.);
#6640 = EDGE_CURVE('',#6631,#6641,#6643,.T.);
#6641 = VERTEX_POINT('',#6642);
#6642 = CARTESIAN_POINT('',(137.13325766032,-1.176107153162E+03,845.));
#6643 = LINE('',#6644,#6645);
#6644 = CARTESIAN_POINT('',(87.625016614149,-942.0786791512,845.));
#6645 = VECTOR('',#6646,1.);
#6646 = DIRECTION('',(0.206967464949,-0.978347825905,0.));
#6647 = ORIENTED_EDGE('',*,*,#6648,.T.);
#6648 = EDGE_CURVE('',#6641,#6649,#6651,.T.);
#6649 = VERTEX_POINT('',#6650);
#6650 = CARTESIAN_POINT('',(154.01855593961,-1.255924987647E+03,845.));
#6651 = LINE('',#6652,#6653);
#6652 = CARTESIAN_POINT('',(87.625016614149,-942.0786791512,845.));
#6653 = VECTOR('',#6654,1.);
#6654 = DIRECTION('',(0.206967464949,-0.978347825905,0.));
#6655 = ORIENTED_EDGE('',*,*,#6656,.T.);
#6656 = EDGE_CURVE('',#6649,#6657,#6659,.T.);
#6657 = VERTEX_POINT('',#6658);
#6658 = CARTESIAN_POINT('',(203.52679698579,-1.489953461658E+03,845.));
#6659 = LINE('',#6660,#6661);
#6660 = CARTESIAN_POINT('',(87.625016614149,-942.0786791512,845.));
#6661 = VECTOR('',#6662,1.);
#6662 = DIRECTION('',(0.206967464949,-0.978347825905,0.));
#6663 = ORIENTED_EDGE('',*,*,#6664,.T.);
#6664 = EDGE_CURVE('',#6657,#6665,#6667,.T.);
#6665 = VERTEX_POINT('',#6666);
#6666 = CARTESIAN_POINT('',(203.52679698579,-1.489953461658E+03,
    1.215E+03));
#6667 = LINE('',#6668,#6669);
#6668 = CARTESIAN_POINT('',(203.52679698579,-1.489953461658E+03,845.));
#6669 = VECTOR('',#6670,1.);
#6670 = DIRECTION('',(0.,0.,1.));
#6671 = ORIENTED_EDGE('',*,*,#6672,.F.);
#6672 = EDGE_CURVE('',#6633,#6665,#6673,.T.);
#6673 = LINE('',#6674,#6675);
#6674 = CARTESIAN_POINT('',(87.625016614149,-942.0786791512,1.215E+03));
#6675 = VECTOR('',#6676,1.);
#6676 = DIRECTION('',(0.206967464949,-0.978347825905,0.));
#6677 = PLANE('',#6678);
#6678 = AXIS2_PLACEMENT_3D('',#6679,#6680,#6681);
#6679 = CARTESIAN_POINT('',(87.625016614149,-942.0786791512,845.));
#6680 = DIRECTION('',(-0.978347825905,-0.206967464949,0.));
#6681 = DIRECTION('',(0.,0.,1.));
#6682 = ADVANCED_FACE('',(#6683),#6708,.F.);
#6683 = FACE_BOUND('',#6684,.F.);
#6684 = EDGE_LOOP('',(#6685,#6693,#6694,#6702));
#6685 = ORIENTED_EDGE('',*,*,#6686,.F.);
#6686 = EDGE_CURVE('',#6631,#6687,#6689,.T.);
#6687 = VERTEX_POINT('',#6688);
#6688 = CARTESIAN_POINT('',(50.447799229771,-949.9434428192,845.));
#6689 = LINE('',#6690,#6691);
#6690 = CARTESIAN_POINT('',(87.625016614149,-942.0786791512,845.));
#6691 = VECTOR('',#6692,1.);
#6692 = DIRECTION('',(-0.978347825905,-0.206967464949,0.));
#6693 = ORIENTED_EDGE('',*,*,#6630,.T.);
#6694 = ORIENTED_EDGE('',*,*,#6695,.T.);
#6695 = EDGE_CURVE('',#6633,#6696,#6698,.T.);
#6696 = VERTEX_POINT('',#6697);
#6697 = CARTESIAN_POINT('',(50.447799229771,-949.9434428192,1.215E+03));
#6698 = LINE('',#6699,#6700);
#6699 = CARTESIAN_POINT('',(87.625016614149,-942.0786791512,1.215E+03));
#6700 = VECTOR('',#6701,1.);
#6701 = DIRECTION('',(-0.978347825905,-0.206967464949,0.));
#6702 = ORIENTED_EDGE('',*,*,#6703,.F.);
#6703 = EDGE_CURVE('',#6687,#6696,#6704,.T.);
#6704 = LINE('',#6705,#6706);
#6705 = CARTESIAN_POINT('',(50.447799229771,-949.9434428192,845.));
#6706 = VECTOR('',#6707,1.);
#6707 = DIRECTION('',(0.,0.,1.));
#6708 = PLANE('',#6709);
#6709 = AXIS2_PLACEMENT_3D('',#6710,#6711,#6712);
#6710 = CARTESIAN_POINT('',(87.625016614149,-942.0786791512,845.));
#6711 = DIRECTION('',(0.206967464949,-0.978347825905,0.));
#6712 = DIRECTION('',(0.,0.,1.));
#6713 = ADVANCED_FACE('',(#6714),#6732,.T.);
#6714 = FACE_BOUND('',#6715,.T.);
#6715 = EDGE_LOOP('',(#6716,#6717,#6718,#6726));
#6716 = ORIENTED_EDGE('',*,*,#6672,.F.);
#6717 = ORIENTED_EDGE('',*,*,#6695,.T.);
#6718 = ORIENTED_EDGE('',*,*,#6719,.T.);
#6719 = EDGE_CURVE('',#6696,#6720,#6722,.T.);
#6720 = VERTEX_POINT('',#6721);
#6721 = CARTESIAN_POINT('',(166.34957960141,-1.497818225326E+03,
    1.215E+03));
#6722 = LINE('',#6723,#6724);
#6723 = CARTESIAN_POINT('',(50.447799229771,-949.9434428192,1.215E+03));
#6724 = VECTOR('',#6725,1.);
#6725 = DIRECTION('',(0.206967464949,-0.978347825905,0.));
#6726 = ORIENTED_EDGE('',*,*,#6727,.F.);
#6727 = EDGE_CURVE('',#6665,#6720,#6728,.T.);
#6728 = LINE('',#6729,#6730);
#6729 = CARTESIAN_POINT('',(203.52679698579,-1.489953461658E+03,
    1.215E+03));
#6730 = VECTOR('',#6731,1.);
#6731 = DIRECTION('',(-0.978347825905,-0.206967464949,0.));
#6732 = PLANE('',#6733);
#6733 = AXIS2_PLACEMENT_3D('',#6734,#6735,#6736);
#6734 = CARTESIAN_POINT('',(87.625016614149,-942.0786791512,1.215E+03));
#6735 = DIRECTION('',(0.,0.,1.));
#6736 = DIRECTION('',(-0.978347825905,-0.206967464949,0.));
#6737 = ADVANCED_FACE('',(#6738),#6756,.T.);
#6738 = FACE_BOUND('',#6739,.T.);
#6739 = EDGE_LOOP('',(#6740,#6748,#6749,#6750));
#6740 = ORIENTED_EDGE('',*,*,#6741,.F.);
#6741 = EDGE_CURVE('',#6657,#6742,#6744,.T.);
#6742 = VERTEX_POINT('',#6743);
#6743 = CARTESIAN_POINT('',(166.34957960141,-1.497818225326E+03,845.));
#6744 = LINE('',#6745,#6746);
#6745 = CARTESIAN_POINT('',(203.52679698579,-1.489953461658E+03,845.));
#6746 = VECTOR('',#6747,1.);
#6747 = DIRECTION('',(-0.978347825905,-0.206967464949,0.));
#6748 = ORIENTED_EDGE('',*,*,#6664,.T.);
#6749 = ORIENTED_EDGE('',*,*,#6727,.T.);
#6750 = ORIENTED_EDGE('',*,*,#6751,.F.);
#6751 = EDGE_CURVE('',#6742,#6720,#6752,.T.);
#6752 = LINE('',#6753,#6754);
#6753 = CARTESIAN_POINT('',(166.34957960141,-1.497818225326E+03,845.));
#6754 = VECTOR('',#6755,1.);
#6755 = DIRECTION('',(0.,0.,1.));
#6756 = PLANE('',#6757);
#6757 = AXIS2_PLACEMENT_3D('',#6758,#6759,#6760);
#6758 = CARTESIAN_POINT('',(203.52679698579,-1.489953461658E+03,845.));
#6759 = DIRECTION('',(0.206967464949,-0.978347825905,0.));
#6760 = DIRECTION('',(0.,0.,1.));
#6761 = ADVANCED_FACE('',(#6762),#6781,.F.);
#6762 = FACE_BOUND('',#6763,.F.);
#6763 = EDGE_LOOP('',(#6764,#6765,#6766,#6774));
#6764 = ORIENTED_EDGE('',*,*,#6640,.F.);
#6765 = ORIENTED_EDGE('',*,*,#6686,.T.);
#6766 = ORIENTED_EDGE('',*,*,#6767,.T.);
#6767 = EDGE_CURVE('',#6687,#6768,#6770,.T.);
#6768 = VERTEX_POINT('',#6769);
#6769 = CARTESIAN_POINT('',(99.956040275946,-1.18397191683E+03,845.));
#6770 = LINE('',#6771,#6772);
#6771 = CARTESIAN_POINT('',(50.447799229771,-949.9434428192,845.));
#6772 = VECTOR('',#6773,1.);
#6773 = DIRECTION('',(0.206967464949,-0.978347825905,0.));
#6774 = ORIENTED_EDGE('',*,*,#6775,.F.);
#6775 = EDGE_CURVE('',#6641,#6768,#6776,.T.);
#6776 = CIRCLE('',#6777,45.);
#6777 = AXIS2_PLACEMENT_3D('',#6778,#6779,#6780);
#6778 = CARTESIAN_POINT('',(126.98729810778,-1.219948452239E+03,845.));
#6779 = DIRECTION('',(0.,0.,1.));
#6780 = DIRECTION('',(1.,0.,0.));
#6781 = PLANE('',#6782);
#6782 = AXIS2_PLACEMENT_3D('',#6783,#6784,#6785);
#6783 = CARTESIAN_POINT('',(87.625016614149,-942.0786791512,845.));
#6784 = DIRECTION('',(0.,0.,1.));
#6785 = DIRECTION('',(-0.978347825905,-0.206967464949,0.));
#6786 = ADVANCED_FACE('',(#6787),#6806,.T.);
#6787 = FACE_BOUND('',#6788,.T.);
#6788 = EDGE_LOOP('',(#6789,#6798,#6805));
#6789 = ORIENTED_EDGE('',*,*,#6790,.T.);
#6790 = EDGE_CURVE('',#6649,#6791,#6793,.T.);
#6791 = VERTEX_POINT('',#6792);
#6792 = CARTESIAN_POINT('',(171.98729810778,-1.219948452239E+03,845.));
#6793 = CIRCLE('',#6794,45.);
#6794 = AXIS2_PLACEMENT_3D('',#6795,#6796,#6797);
#6795 = CARTESIAN_POINT('',(126.98729810778,-1.219948452239E+03,845.));
#6796 = DIRECTION('',(0.,0.,1.));
#6797 = DIRECTION('',(1.,0.,0.));
#6798 = ORIENTED_EDGE('',*,*,#6799,.T.);
#6799 = EDGE_CURVE('',#6791,#6641,#6800,.T.);
#6800 = CIRCLE('',#6801,45.);
#6801 = AXIS2_PLACEMENT_3D('',#6802,#6803,#6804);
#6802 = CARTESIAN_POINT('',(126.98729810778,-1.219948452239E+03,845.));
#6803 = DIRECTION('',(0.,0.,1.));
#6804 = DIRECTION('',(1.,0.,0.));
#6805 = ORIENTED_EDGE('',*,*,#6648,.T.);
#6806 = PLANE('',#6807);
#6807 = AXIS2_PLACEMENT_3D('',#6808,#6809,#6810);
#6808 = CARTESIAN_POINT('',(126.98729810778,-1.219948452239E+03,845.));
#6809 = DIRECTION('',(0.,0.,1.));
#6810 = DIRECTION('',(1.,0.,0.));
#6811 = ADVANCED_FACE('',(#6812),#6831,.F.);
#6812 = FACE_BOUND('',#6813,.F.);
#6813 = EDGE_LOOP('',(#6814,#6815,#6824,#6830));
#6814 = ORIENTED_EDGE('',*,*,#6656,.F.);
#6815 = ORIENTED_EDGE('',*,*,#6816,.F.);
#6816 = EDGE_CURVE('',#6817,#6649,#6819,.T.);
#6817 = VERTEX_POINT('',#6818);
#6818 = CARTESIAN_POINT('',(116.84133855523,-1.263789751316E+03,845.));
#6819 = CIRCLE('',#6820,45.);
#6820 = AXIS2_PLACEMENT_3D('',#6821,#6822,#6823);
#6821 = CARTESIAN_POINT('',(126.98729810778,-1.219948452239E+03,845.));
#6822 = DIRECTION('',(0.,0.,1.));
#6823 = DIRECTION('',(1.,0.,0.));
#6824 = ORIENTED_EDGE('',*,*,#6825,.T.);
#6825 = EDGE_CURVE('',#6817,#6742,#6826,.T.);
#6826 = LINE('',#6827,#6828);
#6827 = CARTESIAN_POINT('',(50.447799229771,-949.9434428192,845.));
#6828 = VECTOR('',#6829,1.);
#6829 = DIRECTION('',(0.206967464949,-0.978347825905,0.));
#6830 = ORIENTED_EDGE('',*,*,#6741,.F.);
#6831 = PLANE('',#6832);
#6832 = AXIS2_PLACEMENT_3D('',#6833,#6834,#6835);
#6833 = CARTESIAN_POINT('',(87.625016614149,-942.0786791512,845.));
#6834 = DIRECTION('',(0.,0.,1.));
#6835 = DIRECTION('',(-0.978347825905,-0.206967464949,0.));
#6836 = ADVANCED_FACE('',(#6837),#6850,.T.);
#6837 = FACE_BOUND('',#6838,.T.);
#6838 = EDGE_LOOP('',(#6839,#6840,#6841,#6847,#6848,#6849));
#6839 = ORIENTED_EDGE('',*,*,#6703,.F.);
#6840 = ORIENTED_EDGE('',*,*,#6767,.T.);
#6841 = ORIENTED_EDGE('',*,*,#6842,.T.);
#6842 = EDGE_CURVE('',#6768,#6817,#6843,.T.);
#6843 = LINE('',#6844,#6845);
#6844 = CARTESIAN_POINT('',(50.447799229771,-949.9434428192,845.));
#6845 = VECTOR('',#6846,1.);
#6846 = DIRECTION('',(0.206967464949,-0.978347825905,0.));
#6847 = ORIENTED_EDGE('',*,*,#6825,.T.);
#6848 = ORIENTED_EDGE('',*,*,#6751,.T.);
#6849 = ORIENTED_EDGE('',*,*,#6719,.F.);
#6850 = PLANE('',#6851);
#6851 = AXIS2_PLACEMENT_3D('',#6852,#6853,#6854);
#6852 = CARTESIAN_POINT('',(50.447799229771,-949.9434428192,845.));
#6853 = DIRECTION('',(-0.978347825905,-0.206967464949,0.));
#6854 = DIRECTION('',(0.,0.,1.));
#6855 = ADVANCED_FACE('',(#6856),#6885,.T.);
#6856 = FACE_BOUND('',#6857,.T.);
#6857 = EDGE_LOOP('',(#6858,#6866,#6867,#6868,#6875,#6876,#6877,#6878));
#6858 = ORIENTED_EDGE('',*,*,#6859,.T.);
#6859 = EDGE_CURVE('',#6860,#6791,#6862,.T.);
#6860 = VERTEX_POINT('',#6861);
#6861 = CARTESIAN_POINT('',(171.98729810778,-1.219948452239E+03,750.));
#6862 = LINE('',#6863,#6864);
#6863 = CARTESIAN_POINT('',(171.98729810778,-1.219948452239E+03,750.));
#6864 = VECTOR('',#6865,1.);
#6865 = DIRECTION('',(0.,0.,1.));
#6866 = ORIENTED_EDGE('',*,*,#6790,.F.);
#6867 = ORIENTED_EDGE('',*,*,#6816,.F.);
#6868 = ORIENTED_EDGE('',*,*,#6869,.F.);
#6869 = EDGE_CURVE('',#6768,#6817,#6870,.T.);
#6870 = CIRCLE('',#6871,45.);
#6871 = AXIS2_PLACEMENT_3D('',#6872,#6873,#6874);
#6872 = CARTESIAN_POINT('',(126.98729810778,-1.219948452239E+03,845.));
#6873 = DIRECTION('',(0.,0.,1.));
#6874 = DIRECTION('',(1.,0.,0.));
#6875 = ORIENTED_EDGE('',*,*,#6775,.F.);
#6876 = ORIENTED_EDGE('',*,*,#6799,.F.);
#6877 = ORIENTED_EDGE('',*,*,#6859,.F.);
#6878 = ORIENTED_EDGE('',*,*,#6879,.T.);
#6879 = EDGE_CURVE('',#6860,#6860,#6880,.T.);
#6880 = CIRCLE('',#6881,45.);
#6881 = AXIS2_PLACEMENT_3D('',#6882,#6883,#6884);
#6882 = CARTESIAN_POINT('',(126.98729810778,-1.219948452239E+03,750.));
#6883 = DIRECTION('',(0.,0.,1.));
#6884 = DIRECTION('',(1.,0.,0.));
#6885 = CYLINDRICAL_SURFACE('',#6886,45.);
#6886 = AXIS2_PLACEMENT_3D('',#6887,#6888,#6889);
#6887 = CARTESIAN_POINT('',(126.98729810778,-1.219948452239E+03,750.));
#6888 = DIRECTION('',(0.,0.,1.));
#6889 = DIRECTION('',(1.,0.,0.));
#6890 = ADVANCED_FACE('',(#6891),#6895,.T.);
#6891 = FACE_BOUND('',#6892,.T.);
#6892 = EDGE_LOOP('',(#6893,#6894));
#6893 = ORIENTED_EDGE('',*,*,#6842,.F.);
#6894 = ORIENTED_EDGE('',*,*,#6869,.T.);
#6895 = PLANE('',#6896);
#6896 = AXIS2_PLACEMENT_3D('',#6897,#6898,#6899);
#6897 = CARTESIAN_POINT('',(126.98729810778,-1.219948452239E+03,845.));
#6898 = DIRECTION('',(0.,0.,1.));
#6899 = DIRECTION('',(1.,0.,0.));
#6900 = ADVANCED_FACE('',(#6901),#6904,.F.);
#6901 = FACE_BOUND('',#6902,.T.);
#6902 = EDGE_LOOP('',(#6903));
#6903 = ORIENTED_EDGE('',*,*,#6879,.F.);
#6904 = PLANE('',#6905);
#6905 = AXIS2_PLACEMENT_3D('',#6906,#6907,#6908);
#6906 = CARTESIAN_POINT('',(126.98729810778,-1.219948452239E+03,750.));
#6907 = DIRECTION('',(0.,0.,1.));
#6908 = DIRECTION('',(1.,0.,0.));
#6909 = MANIFOLD_SOLID_BREP('',#6910);
#6910 = CLOSED_SHELL('',(#6911,#6951,#6991,#7013,#7035,#7047));
#6911 = ADVANCED_FACE('',(#6912),#6946,.F.);
#6912 = FACE_BOUND('',#6913,.F.);
#6913 = EDGE_LOOP('',(#6914,#6924,#6932,#6940));
#6914 = ORIENTED_EDGE('',*,*,#6915,.F.);
#6915 = EDGE_CURVE('',#6916,#6918,#6920,.T.);
#6916 = VERTEX_POINT('',#6917);
#6917 = CARTESIAN_POINT('',(54.17321359886,-967.5537036855,863.));
#6918 = VERTEX_POINT('',#6919);
#6919 = CARTESIAN_POINT('',(54.17321359886,-967.5537036855,1.197E+03));
#6920 = LINE('',#6921,#6922);
#6921 = CARTESIAN_POINT('',(54.17321359886,-967.5537036855,863.));
#6922 = VECTOR('',#6923,1.);
#6923 = DIRECTION('',(0.,0.,1.));
#6924 = ORIENTED_EDGE('',*,*,#6925,.T.);
#6925 = EDGE_CURVE('',#6916,#6926,#6928,.T.);
#6926 = VERTEX_POINT('',#6927);
#6927 = CARTESIAN_POINT('',(162.62416523232,-1.48020796446E+03,863.));
#6928 = LINE('',#6929,#6930);
#6929 = CARTESIAN_POINT('',(54.17321359886,-967.5537036855,863.));
#6930 = VECTOR('',#6931,1.);
#6931 = DIRECTION('',(0.206967464949,-0.978347825905,0.));
#6932 = ORIENTED_EDGE('',*,*,#6933,.T.);
#6933 = EDGE_CURVE('',#6926,#6934,#6936,.T.);
#6934 = VERTEX_POINT('',#6935);
#6935 = CARTESIAN_POINT('',(162.62416523232,-1.48020796446E+03,1.197E+03
    ));
#6936 = LINE('',#6937,#6938);
#6937 = CARTESIAN_POINT('',(162.62416523232,-1.48020796446E+03,863.));
#6938 = VECTOR('',#6939,1.);
#6939 = DIRECTION('',(0.,0.,1.));
#6940 = ORIENTED_EDGE('',*,*,#6941,.F.);
#6941 = EDGE_CURVE('',#6918,#6934,#6942,.T.);
#6942 = LINE('',#6943,#6944);
#6943 = CARTESIAN_POINT('',(54.17321359886,-967.5537036855,1.197E+03));
#6944 = VECTOR('',#6945,1.);
#6945 = DIRECTION('',(0.206967464949,-0.978347825905,0.));
#6946 = PLANE('',#6947);
#6947 = AXIS2_PLACEMENT_3D('',#6948,#6949,#6950);
#6948 = CARTESIAN_POINT('',(54.17321359886,-967.5537036855,863.));
#6949 = DIRECTION('',(-0.978347825905,-0.206967464949,0.));
#6950 = DIRECTION('',(0.,0.,1.));
#6951 = ADVANCED_FACE('',(#6952),#6986,.T.);
#6952 = FACE_BOUND('',#6953,.T.);
#6953 = EDGE_LOOP('',(#6954,#6964,#6972,#6980));
#6954 = ORIENTED_EDGE('',*,*,#6955,.F.);
#6955 = EDGE_CURVE('',#6956,#6958,#6960,.T.);
#6956 = VERTEX_POINT('',#6957);
#6957 = CARTESIAN_POINT('',(51.238170121146,-968.1746060804,863.));
#6958 = VERTEX_POINT('',#6959);
#6959 = CARTESIAN_POINT('',(51.238170121146,-968.1746060804,1.197E+03));
#6960 = LINE('',#6961,#6962);
#6961 = CARTESIAN_POINT('',(51.238170121146,-968.1746060804,863.));
#6962 = VECTOR('',#6963,1.);
#6963 = DIRECTION('',(0.,0.,1.));
#6964 = ORIENTED_EDGE('',*,*,#6965,.T.);
#6965 = EDGE_CURVE('',#6956,#6966,#6968,.T.);
#6966 = VERTEX_POINT('',#6967);
#6967 = CARTESIAN_POINT('',(159.68912175461,-1.480828866854E+03,863.));
#6968 = LINE('',#6969,#6970);
#6969 = CARTESIAN_POINT('',(51.238170121146,-968.1746060804,863.));
#6970 = VECTOR('',#6971,1.);
#6971 = DIRECTION('',(0.206967464949,-0.978347825905,0.));
#6972 = ORIENTED_EDGE('',*,*,#6973,.T.);
#6973 = EDGE_CURVE('',#6966,#6974,#6976,.T.);
#6974 = VERTEX_POINT('',#6975);
#6975 = CARTESIAN_POINT('',(159.68912175461,-1.480828866854E+03,
    1.197E+03));
#6976 = LINE('',#6977,#6978);
#6977 = CARTESIAN_POINT('',(159.68912175461,-1.480828866854E+03,863.));
#6978 = VECTOR('',#6979,1.);
#6979 = DIRECTION('',(0.,0.,1.));
#6980 = ORIENTED_EDGE('',*,*,#6981,.F.);
#6981 = EDGE_CURVE('',#6958,#6974,#6982,.T.);
#6982 = LINE('',#6983,#6984);
#6983 = CARTESIAN_POINT('',(51.238170121146,-968.1746060804,1.197E+03));
#6984 = VECTOR('',#6985,1.);
#6985 = DIRECTION('',(0.206967464949,-0.978347825905,0.));
#6986 = PLANE('',#6987);
#6987 = AXIS2_PLACEMENT_3D('',#6988,#6989,#6990);
#6988 = CARTESIAN_POINT('',(51.238170121146,-968.1746060804,863.));
#6989 = DIRECTION('',(-0.978347825905,-0.206967464949,0.));
#6990 = DIRECTION('',(0.,0.,1.));
#6991 = ADVANCED_FACE('',(#6992),#7008,.F.);
#6992 = FACE_BOUND('',#6993,.F.);
#6993 = EDGE_LOOP('',(#6994,#7000,#7001,#7007));
#6994 = ORIENTED_EDGE('',*,*,#6995,.F.);
#6995 = EDGE_CURVE('',#6916,#6956,#6996,.T.);
#6996 = LINE('',#6997,#6998);
#6997 = CARTESIAN_POINT('',(54.17321359886,-967.5537036855,863.));
#6998 = VECTOR('',#6999,1.);
#6999 = DIRECTION('',(-0.978347825905,-0.206967464949,0.));
#7000 = ORIENTED_EDGE('',*,*,#6915,.T.);
#7001 = ORIENTED_EDGE('',*,*,#7002,.T.);
#7002 = EDGE_CURVE('',#6918,#6958,#7003,.T.);
#7003 = LINE('',#7004,#7005);
#7004 = CARTESIAN_POINT('',(54.17321359886,-967.5537036855,1.197E+03));
#7005 = VECTOR('',#7006,1.);
#7006 = DIRECTION('',(-0.978347825905,-0.206967464949,0.));
#7007 = ORIENTED_EDGE('',*,*,#6955,.F.);
#7008 = PLANE('',#7009);
#7009 = AXIS2_PLACEMENT_3D('',#7010,#7011,#7012);
#7010 = CARTESIAN_POINT('',(54.17321359886,-967.5537036855,863.));
#7011 = DIRECTION('',(0.206967464949,-0.978347825905,0.));
#7012 = DIRECTION('',(0.,0.,1.));
#7013 = ADVANCED_FACE('',(#7014),#7030,.T.);
#7014 = FACE_BOUND('',#7015,.T.);
#7015 = EDGE_LOOP('',(#7016,#7022,#7023,#7029));
#7016 = ORIENTED_EDGE('',*,*,#7017,.F.);
#7017 = EDGE_CURVE('',#6926,#6966,#7018,.T.);
#7018 = LINE('',#7019,#7020);
#7019 = CARTESIAN_POINT('',(162.62416523232,-1.48020796446E+03,863.));
#7020 = VECTOR('',#7021,1.);
#7021 = DIRECTION('',(-0.978347825905,-0.206967464949,0.));
#7022 = ORIENTED_EDGE('',*,*,#6933,.T.);
#7023 = ORIENTED_EDGE('',*,*,#7024,.T.);
#7024 = EDGE_CURVE('',#6934,#6974,#7025,.T.);
#7025 = LINE('',#7026,#7027);
#7026 = CARTESIAN_POINT('',(162.62416523232,-1.48020796446E+03,1.197E+03
    ));
#7027 = VECTOR('',#7028,1.);
#7028 = DIRECTION('',(-0.978347825905,-0.206967464949,0.));
#7029 = ORIENTED_EDGE('',*,*,#6973,.F.);
#7030 = PLANE('',#7031);
#7031 = AXIS2_PLACEMENT_3D('',#7032,#7033,#7034);
#7032 = CARTESIAN_POINT('',(162.62416523232,-1.48020796446E+03,863.));
#7033 = DIRECTION('',(0.206967464949,-0.978347825905,0.));
#7034 = DIRECTION('',(0.,0.,1.));
#7035 = ADVANCED_FACE('',(#7036),#7042,.F.);
#7036 = FACE_BOUND('',#7037,.F.);
#7037 = EDGE_LOOP('',(#7038,#7039,#7040,#7041));
#7038 = ORIENTED_EDGE('',*,*,#6925,.F.);
#7039 = ORIENTED_EDGE('',*,*,#6995,.T.);
#7040 = ORIENTED_EDGE('',*,*,#6965,.T.);
#7041 = ORIENTED_EDGE('',*,*,#7017,.F.);
#7042 = PLANE('',#7043);
#7043 = AXIS2_PLACEMENT_3D('',#7044,#7045,#7046);
#7044 = CARTESIAN_POINT('',(54.17321359886,-967.5537036855,863.));
#7045 = DIRECTION('',(0.,0.,1.));
#7046 = DIRECTION('',(-0.978347825905,-0.206967464949,0.));
#7047 = ADVANCED_FACE('',(#7048),#7054,.T.);
#7048 = FACE_BOUND('',#7049,.T.);
#7049 = EDGE_LOOP('',(#7050,#7051,#7052,#7053));
#7050 = ORIENTED_EDGE('',*,*,#6941,.F.);
#7051 = ORIENTED_EDGE('',*,*,#7002,.T.);
#7052 = ORIENTED_EDGE('',*,*,#6981,.T.);
#7053 = ORIENTED_EDGE('',*,*,#7024,.F.);
#7054 = PLANE('',#7055);
#7055 = AXIS2_PLACEMENT_3D('',#7056,#7057,#7058);
#7056 = CARTESIAN_POINT('',(54.17321359886,-967.5537036855,1.197E+03));
#7057 = DIRECTION('',(0.,0.,1.));
#7058 = DIRECTION('',(-0.978347825905,-0.206967464949,0.));
#7059 = MANIFOLD_SOLID_BREP('',#7060);
#7060 = CLOSED_SHELL('',(#7061,#7117,#7148,#7172,#7196,#7221,#7237,#7271
    ,#7290,#7325,#7335));
#7061 = ADVANCED_FACE('',(#7062),#7112,.F.);
#7062 = FACE_BOUND('',#7063,.F.);
#7063 = EDGE_LOOP('',(#7064,#7074,#7082,#7090,#7098,#7106));
#7064 = ORIENTED_EDGE('',*,*,#7065,.F.);
#7065 = EDGE_CURVE('',#7066,#7068,#7070,.T.);
#7066 = VERTEX_POINT('',#7067);
#7067 = CARTESIAN_POINT('',(-1.392100946745E+03,-568.7173542883,845.));
#7068 = VERTEX_POINT('',#7069);
#7069 = CARTESIAN_POINT('',(-1.392100946745E+03,-568.7173542883,
    1.215E+03));
#7070 = LINE('',#7071,#7072);
#7071 = CARTESIAN_POINT('',(-1.392100946745E+03,-568.7173542883,845.));
#7072 = VECTOR('',#7073,1.);
#7073 = DIRECTION('',(0.,0.,1.));
#7074 = ORIENTED_EDGE('',*,*,#7075,.T.);
#7075 = EDGE_CURVE('',#7066,#7076,#7078,.T.);
#7076 = VERTEX_POINT('',#7077);
#7077 = CARTESIAN_POINT('',(-1.16467222252E+03,-494.5785117258,845.));
#7078 = LINE('',#7079,#7080);
#7079 = CARTESIAN_POINT('',(-1.392100946745E+03,-568.7173542883,845.));
#7080 = VECTOR('',#7081,1.);
#7081 = DIRECTION('',(0.950757803445,0.309934830549,0.));
#7082 = ORIENTED_EDGE('',*,*,#7083,.T.);
#7083 = EDGE_CURVE('',#7076,#7084,#7086,.T.);
#7084 = VERTEX_POINT('',#7085);
#7085 = CARTESIAN_POINT('',(-1.087105301041E+03,-469.2926917432,845.));
#7086 = LINE('',#7087,#7088);
#7087 = CARTESIAN_POINT('',(-1.392100946745E+03,-568.7173542883,845.));
#7088 = VECTOR('',#7089,1.);
#7089 = DIRECTION('',(0.950757803445,0.309934830549,0.));
#7090 = ORIENTED_EDGE('',*,*,#7091,.T.);
#7091 = EDGE_CURVE('',#7084,#7092,#7094,.T.);
#7092 = VERTEX_POINT('',#7093);
#7093 = CARTESIAN_POINT('',(-859.6765768157,-395.1538491807,845.));
#7094 = LINE('',#7095,#7096);
#7095 = CARTESIAN_POINT('',(-1.392100946745E+03,-568.7173542883,845.));
#7096 = VECTOR('',#7097,1.);
#7097 = DIRECTION('',(0.950757803445,0.309934830549,0.));
#7098 = ORIENTED_EDGE('',*,*,#7099,.T.);
#7099 = EDGE_CURVE('',#7092,#7100,#7102,.T.);
#7100 = VERTEX_POINT('',#7101);
#7101 = CARTESIAN_POINT('',(-859.6765768157,-395.1538491807,1.215E+03));
#7102 = LINE('',#7103,#7104);
#7103 = CARTESIAN_POINT('',(-859.6765768157,-395.1538491807,845.));
#7104 = VECTOR('',#7105,1.);
#7105 = DIRECTION('',(0.,0.,1.));
#7106 = ORIENTED_EDGE('',*,*,#7107,.F.);
#7107 = EDGE_CURVE('',#7068,#7100,#7108,.T.);
#7108 = LINE('',#7109,#7110);
#7109 = CARTESIAN_POINT('',(-1.392100946745E+03,-568.7173542883,
    1.215E+03));
#7110 = VECTOR('',#7111,1.);
#7111 = DIRECTION('',(0.950757803445,0.309934830549,0.));
#7112 = PLANE('',#7113);
#7113 = AXIS2_PLACEMENT_3D('',#7114,#7115,#7116);
#7114 = CARTESIAN_POINT('',(-1.392100946745E+03,-568.7173542883,845.));
#7115 = DIRECTION('',(0.309934830549,-0.950757803445,0.));
#7116 = DIRECTION('',(0.,0.,1.));
#7117 = ADVANCED_FACE('',(#7118),#7143,.F.);
#7118 = FACE_BOUND('',#7119,.F.);
#7119 = EDGE_LOOP('',(#7120,#7128,#7129,#7137));
#7120 = ORIENTED_EDGE('',*,*,#7121,.F.);
#7121 = EDGE_CURVE('',#7066,#7122,#7124,.T.);
#7122 = VERTEX_POINT('',#7123);
#7123 = CARTESIAN_POINT('',(-1.380323423184E+03,-604.8461508192,845.));
#7124 = LINE('',#7125,#7126);
#7125 = CARTESIAN_POINT('',(-1.392100946745E+03,-568.7173542883,845.));
#7126 = VECTOR('',#7127,1.);
#7127 = DIRECTION('',(0.309934830549,-0.950757803445,0.));
#7128 = ORIENTED_EDGE('',*,*,#7065,.T.);
#7129 = ORIENTED_EDGE('',*,*,#7130,.T.);
#7130 = EDGE_CURVE('',#7068,#7131,#7133,.T.);
#7131 = VERTEX_POINT('',#7132);
#7132 = CARTESIAN_POINT('',(-1.380323423184E+03,-604.8461508192,
    1.215E+03));
#7133 = LINE('',#7134,#7135);
#7134 = CARTESIAN_POINT('',(-1.392100946745E+03,-568.7173542883,
    1.215E+03));
#7135 = VECTOR('',#7136,1.);
#7136 = DIRECTION('',(0.309934830549,-0.950757803445,0.));
#7137 = ORIENTED_EDGE('',*,*,#7138,.F.);
#7138 = EDGE_CURVE('',#7122,#7131,#7139,.T.);
#7139 = LINE('',#7140,#7141);
#7140 = CARTESIAN_POINT('',(-1.380323423184E+03,-604.8461508192,845.));
#7141 = VECTOR('',#7142,1.);
#7142 = DIRECTION('',(0.,0.,1.));
#7143 = PLANE('',#7144);
#7144 = AXIS2_PLACEMENT_3D('',#7145,#7146,#7147);
#7145 = CARTESIAN_POINT('',(-1.392100946745E+03,-568.7173542883,845.));
#7146 = DIRECTION('',(0.950757803445,0.309934830549,0.));
#7147 = DIRECTION('',(0.,0.,1.));
#7148 = ADVANCED_FACE('',(#7149),#7167,.T.);
#7149 = FACE_BOUND('',#7150,.T.);
#7150 = EDGE_LOOP('',(#7151,#7152,#7153,#7161));
#7151 = ORIENTED_EDGE('',*,*,#7107,.F.);
#7152 = ORIENTED_EDGE('',*,*,#7130,.T.);
#7153 = ORIENTED_EDGE('',*,*,#7154,.T.);
#7154 = EDGE_CURVE('',#7131,#7155,#7157,.T.);
#7155 = VERTEX_POINT('',#7156);
#7156 = CARTESIAN_POINT('',(-847.8990532548,-431.2826457116,1.215E+03));
#7157 = LINE('',#7158,#7159);
#7158 = CARTESIAN_POINT('',(-1.380323423184E+03,-604.8461508192,
    1.215E+03));
#7159 = VECTOR('',#7160,1.);
#7160 = DIRECTION('',(0.950757803445,0.309934830549,0.));
#7161 = ORIENTED_EDGE('',*,*,#7162,.F.);
#7162 = EDGE_CURVE('',#7100,#7155,#7163,.T.);
#7163 = LINE('',#7164,#7165);
#7164 = CARTESIAN_POINT('',(-859.6765768157,-395.1538491807,1.215E+03));
#7165 = VECTOR('',#7166,1.);
#7166 = DIRECTION('',(0.309934830549,-0.950757803445,0.));
#7167 = PLANE('',#7168);
#7168 = AXIS2_PLACEMENT_3D('',#7169,#7170,#7171);
#7169 = CARTESIAN_POINT('',(-1.392100946745E+03,-568.7173542883,
    1.215E+03));
#7170 = DIRECTION('',(0.,0.,1.));
#7171 = DIRECTION('',(0.309934830549,-0.950757803445,0.));
#7172 = ADVANCED_FACE('',(#7173),#7191,.T.);
#7173 = FACE_BOUND('',#7174,.T.);
#7174 = EDGE_LOOP('',(#7175,#7183,#7184,#7185));
#7175 = ORIENTED_EDGE('',*,*,#7176,.F.);
#7176 = EDGE_CURVE('',#7092,#7177,#7179,.T.);
#7177 = VERTEX_POINT('',#7178);
#7178 = CARTESIAN_POINT('',(-847.8990532548,-431.2826457116,845.));
#7179 = LINE('',#7180,#7181);
#7180 = CARTESIAN_POINT('',(-859.6765768157,-395.1538491807,845.));
#7181 = VECTOR('',#7182,1.);
#7182 = DIRECTION('',(0.309934830549,-0.950757803445,0.));
#7183 = ORIENTED_EDGE('',*,*,#7099,.T.);
#7184 = ORIENTED_EDGE('',*,*,#7162,.T.);
#7185 = ORIENTED_EDGE('',*,*,#7186,.F.);
#7186 = EDGE_CURVE('',#7177,#7155,#7187,.T.);
#7187 = LINE('',#7188,#7189);
#7188 = CARTESIAN_POINT('',(-847.8990532548,-431.2826457116,845.));
#7189 = VECTOR('',#7190,1.);
#7190 = DIRECTION('',(0.,0.,1.));
#7191 = PLANE('',#7192);
#7192 = AXIS2_PLACEMENT_3D('',#7193,#7194,#7195);
#7193 = CARTESIAN_POINT('',(-859.6765768157,-395.1538491807,845.));
#7194 = DIRECTION('',(0.950757803445,0.309934830549,0.));
#7195 = DIRECTION('',(0.,0.,1.));
#7196 = ADVANCED_FACE('',(#7197),#7216,.F.);
#7197 = FACE_BOUND('',#7198,.F.);
#7198 = EDGE_LOOP('',(#7199,#7200,#7201,#7209));
#7199 = ORIENTED_EDGE('',*,*,#7075,.F.);
#7200 = ORIENTED_EDGE('',*,*,#7121,.T.);
#7201 = ORIENTED_EDGE('',*,*,#7202,.T.);
#7202 = EDGE_CURVE('',#7122,#7203,#7205,.T.);
#7203 = VERTEX_POINT('',#7204);
#7204 = CARTESIAN_POINT('',(-1.152894698959E+03,-530.7073082567,845.));
#7205 = LINE('',#7206,#7207);
#7206 = CARTESIAN_POINT('',(-1.380323423184E+03,-604.8461508192,845.));
#7207 = VECTOR('',#7208,1.);
#7208 = DIRECTION('',(0.950757803445,0.309934830549,0.));
#7209 = ORIENTED_EDGE('',*,*,#7210,.F.);
#7210 = EDGE_CURVE('',#7076,#7203,#7211,.T.);
#7211 = CIRCLE('',#7212,45.);
#7212 = AXIS2_PLACEMENT_3D('',#7213,#7214,#7215);
#7213 = CARTESIAN_POINT('',(-1.12E+03,-500.,845.));
#7214 = DIRECTION('',(0.,0.,1.));
#7215 = DIRECTION('',(1.,0.,0.));
#7216 = PLANE('',#7217);
#7217 = AXIS2_PLACEMENT_3D('',#7218,#7219,#7220);
#7218 = CARTESIAN_POINT('',(-1.392100946745E+03,-568.7173542883,845.));
#7219 = DIRECTION('',(0.,0.,1.));
#7220 = DIRECTION('',(0.309934830549,-0.950757803445,0.));
#7221 = ADVANCED_FACE('',(#7222),#7232,.T.);
#7222 = FACE_BOUND('',#7223,.T.);
#7223 = EDGE_LOOP('',(#7224,#7225));
#7224 = ORIENTED_EDGE('',*,*,#7083,.T.);
#7225 = ORIENTED_EDGE('',*,*,#7226,.T.);
#7226 = EDGE_CURVE('',#7084,#7076,#7227,.T.);
#7227 = CIRCLE('',#7228,45.);
#7228 = AXIS2_PLACEMENT_3D('',#7229,#7230,#7231);
#7229 = CARTESIAN_POINT('',(-1.12E+03,-500.,845.));
#7230 = DIRECTION('',(0.,0.,1.));
#7231 = DIRECTION('',(1.,0.,0.));
#7232 = PLANE('',#7233);
#7233 = AXIS2_PLACEMENT_3D('',#7234,#7235,#7236);
#7234 = CARTESIAN_POINT('',(-1.12E+03,-500.,845.));
#7235 = DIRECTION('',(0.,0.,1.));
#7236 = DIRECTION('',(1.,0.,0.));
#7237 = ADVANCED_FACE('',(#7238),#7266,.F.);
#7238 = FACE_BOUND('',#7239,.F.);
#7239 = EDGE_LOOP('',(#7240,#7241,#7250,#7259,#7265));
#7240 = ORIENTED_EDGE('',*,*,#7091,.F.);
#7241 = ORIENTED_EDGE('',*,*,#7242,.F.);
#7242 = EDGE_CURVE('',#7243,#7084,#7245,.T.);
#7243 = VERTEX_POINT('',#7244);
#7244 = CARTESIAN_POINT('',(-1.075E+03,-500.,845.));
#7245 = CIRCLE('',#7246,45.);
#7246 = AXIS2_PLACEMENT_3D('',#7247,#7248,#7249);
#7247 = CARTESIAN_POINT('',(-1.12E+03,-500.,845.));
#7248 = DIRECTION('',(0.,0.,1.));
#7249 = DIRECTION('',(1.,0.,0.));
#7250 = ORIENTED_EDGE('',*,*,#7251,.F.);
#7251 = EDGE_CURVE('',#7252,#7243,#7254,.T.);
#7252 = VERTEX_POINT('',#7253);
#7253 = CARTESIAN_POINT('',(-1.07532777748E+03,-505.4214882741,845.));
#7254 = CIRCLE('',#7255,45.);
#7255 = AXIS2_PLACEMENT_3D('',#7256,#7257,#7258);
#7256 = CARTESIAN_POINT('',(-1.12E+03,-500.,845.));
#7257 = DIRECTION('',(0.,0.,1.));
#7258 = DIRECTION('',(1.,0.,0.));
#7259 = ORIENTED_EDGE('',*,*,#7260,.T.);
#7260 = EDGE_CURVE('',#7252,#7177,#7261,.T.);
#7261 = LINE('',#7262,#7263);
#7262 = CARTESIAN_POINT('',(-1.380323423184E+03,-604.8461508192,845.));
#7263 = VECTOR('',#7264,1.);
#7264 = DIRECTION('',(0.950757803445,0.309934830549,0.));
#7265 = ORIENTED_EDGE('',*,*,#7176,.F.);
#7266 = PLANE('',#7267);
#7267 = AXIS2_PLACEMENT_3D('',#7268,#7269,#7270);
#7268 = CARTESIAN_POINT('',(-1.392100946745E+03,-568.7173542883,845.));
#7269 = DIRECTION('',(0.,0.,1.));
#7270 = DIRECTION('',(0.309934830549,-0.950757803445,0.));
#7271 = ADVANCED_FACE('',(#7272),#7285,.T.);
#7272 = FACE_BOUND('',#7273,.T.);
#7273 = EDGE_LOOP('',(#7274,#7275,#7276,#7282,#7283,#7284));
#7274 = ORIENTED_EDGE('',*,*,#7138,.F.);
#7275 = ORIENTED_EDGE('',*,*,#7202,.T.);
#7276 = ORIENTED_EDGE('',*,*,#7277,.T.);
#7277 = EDGE_CURVE('',#7203,#7252,#7278,.T.);
#7278 = LINE('',#7279,#7280);
#7279 = CARTESIAN_POINT('',(-1.380323423184E+03,-604.8461508192,845.));
#7280 = VECTOR('',#7281,1.);
#7281 = DIRECTION('',(0.950757803445,0.309934830549,0.));
#7282 = ORIENTED_EDGE('',*,*,#7260,.T.);
#7283 = ORIENTED_EDGE('',*,*,#7186,.T.);
#7284 = ORIENTED_EDGE('',*,*,#7154,.F.);
#7285 = PLANE('',#7286);
#7286 = AXIS2_PLACEMENT_3D('',#7287,#7288,#7289);
#7287 = CARTESIAN_POINT('',(-1.380323423184E+03,-604.8461508192,845.));
#7288 = DIRECTION('',(0.309934830549,-0.950757803445,0.));
#7289 = DIRECTION('',(0.,0.,1.));
#7290 = ADVANCED_FACE('',(#7291),#7320,.T.);
#7291 = FACE_BOUND('',#7292,.T.);
#7292 = EDGE_LOOP('',(#7293,#7301,#7302,#7309,#7310,#7311,#7312,#7313));
#7293 = ORIENTED_EDGE('',*,*,#7294,.T.);
#7294 = EDGE_CURVE('',#7295,#7243,#7297,.T.);
#7295 = VERTEX_POINT('',#7296);
#7296 = CARTESIAN_POINT('',(-1.075E+03,-500.,750.));
#7297 = LINE('',#7298,#7299);
#7298 = CARTESIAN_POINT('',(-1.075E+03,-500.,750.));
#7299 = VECTOR('',#7300,1.);
#7300 = DIRECTION('',(0.,0.,1.));
#7301 = ORIENTED_EDGE('',*,*,#7251,.F.);
#7302 = ORIENTED_EDGE('',*,*,#7303,.F.);
#7303 = EDGE_CURVE('',#7203,#7252,#7304,.T.);
#7304 = CIRCLE('',#7305,45.);
#7305 = AXIS2_PLACEMENT_3D('',#7306,#7307,#7308);
#7306 = CARTESIAN_POINT('',(-1.12E+03,-500.,845.));
#7307 = DIRECTION('',(0.,0.,1.));
#7308 = DIRECTION('',(1.,0.,0.));
#7309 = ORIENTED_EDGE('',*,*,#7210,.F.);
#7310 = ORIENTED_EDGE('',*,*,#7226,.F.);
#7311 = ORIENTED_EDGE('',*,*,#7242,.F.);
#7312 = ORIENTED_EDGE('',*,*,#7294,.F.);
#7313 = ORIENTED_EDGE('',*,*,#7314,.T.);
#7314 = EDGE_CURVE('',#7295,#7295,#7315,.T.);
#7315 = CIRCLE('',#7316,45.);
#7316 = AXIS2_PLACEMENT_3D('',#7317,#7318,#7319);
#7317 = CARTESIAN_POINT('',(-1.12E+03,-500.,750.));
#7318 = DIRECTION('',(0.,0.,1.));
#7319 = DIRECTION('',(1.,0.,0.));
#7320 = CYLINDRICAL_SURFACE('',#7321,45.);
#7321 = AXIS2_PLACEMENT_3D('',#7322,#7323,#7324);
#7322 = CARTESIAN_POINT('',(-1.12E+03,-500.,750.));
#7323 = DIRECTION('',(0.,0.,1.));
#7324 = DIRECTION('',(1.,0.,0.));
#7325 = ADVANCED_FACE('',(#7326),#7330,.T.);
#7326 = FACE_BOUND('',#7327,.T.);
#7327 = EDGE_LOOP('',(#7328,#7329));
#7328 = ORIENTED_EDGE('',*,*,#7303,.T.);
#7329 = ORIENTED_EDGE('',*,*,#7277,.F.);
#7330 = PLANE('',#7331);
#7331 = AXIS2_PLACEMENT_3D('',#7332,#7333,#7334);
#7332 = CARTESIAN_POINT('',(-1.12E+03,-500.,845.));
#7333 = DIRECTION('',(0.,0.,1.));
#7334 = DIRECTION('',(1.,0.,0.));
#7335 = ADVANCED_FACE('',(#7336),#7339,.F.);
#7336 = FACE_BOUND('',#7337,.T.);
#7337 = EDGE_LOOP('',(#7338));
#7338 = ORIENTED_EDGE('',*,*,#7314,.F.);
#7339 = PLANE('',#7340);
#7340 = AXIS2_PLACEMENT_3D('',#7341,#7342,#7343);
#7341 = CARTESIAN_POINT('',(-1.12E+03,-500.,750.));
#7342 = DIRECTION('',(0.,0.,1.));
#7343 = DIRECTION('',(1.,0.,0.));
#7344 = MANIFOLD_SOLID_BREP('',#7345);
#7345 = CLOSED_SHELL('',(#7346,#7386,#7426,#7448,#7470,#7482));
#7346 = ADVANCED_FACE('',(#7347),#7381,.F.);
#7347 = FACE_BOUND('',#7348,.F.);
#7348 = EDGE_LOOP('',(#7349,#7359,#7367,#7375));
#7349 = ORIENTED_EDGE('',*,*,#7350,.F.);
#7350 = EDGE_CURVE('',#7351,#7353,#7355,.T.);
#7351 = VERTEX_POINT('',#7352);
#7352 = CARTESIAN_POINT('',(-1.363209782722E+03,-599.2673238693,863.));
#7353 = VERTEX_POINT('',#7354);
#7354 = CARTESIAN_POINT('',(-1.363209782722E+03,-599.2673238693,
    1.197E+03));
#7355 = LINE('',#7356,#7357);
#7356 = CARTESIAN_POINT('',(-1.363209782722E+03,-599.2673238693,863.));
#7357 = VECTOR('',#7358,1.);
#7358 = DIRECTION('',(0.,0.,1.));
#7359 = ORIENTED_EDGE('',*,*,#7360,.T.);
#7360 = EDGE_CURVE('',#7351,#7361,#7363,.T.);
#7361 = VERTEX_POINT('',#7362);
#7362 = CARTESIAN_POINT('',(-865.0126937168,-436.8614726615,863.));
#7363 = LINE('',#7364,#7365);
#7364 = CARTESIAN_POINT('',(-1.363209782722E+03,-599.2673238693,863.));
#7365 = VECTOR('',#7366,1.);
#7366 = DIRECTION('',(0.950757803445,0.309934830549,0.));
#7367 = ORIENTED_EDGE('',*,*,#7368,.T.);
#7368 = EDGE_CURVE('',#7361,#7369,#7371,.T.);
#7369 = VERTEX_POINT('',#7370);
#7370 = CARTESIAN_POINT('',(-865.0126937168,-436.8614726615,1.197E+03));
#7371 = LINE('',#7372,#7373);
#7372 = CARTESIAN_POINT('',(-865.0126937168,-436.8614726615,863.));
#7373 = VECTOR('',#7374,1.);
#7374 = DIRECTION('',(0.,0.,1.));
#7375 = ORIENTED_EDGE('',*,*,#7376,.F.);
#7376 = EDGE_CURVE('',#7353,#7369,#7377,.T.);
#7377 = LINE('',#7378,#7379);
#7378 = CARTESIAN_POINT('',(-1.363209782722E+03,-599.2673238693,
    1.197E+03));
#7379 = VECTOR('',#7380,1.);
#7380 = DIRECTION('',(0.950757803445,0.309934830549,0.));
#7381 = PLANE('',#7382);
#7382 = AXIS2_PLACEMENT_3D('',#7383,#7384,#7385);
#7383 = CARTESIAN_POINT('',(-1.363209782722E+03,-599.2673238693,863.));
#7384 = DIRECTION('',(0.309934830549,-0.950757803445,0.));
#7385 = DIRECTION('',(0.,0.,1.));
#7386 = ADVANCED_FACE('',(#7387),#7421,.T.);
#7387 = FACE_BOUND('',#7388,.T.);
#7388 = EDGE_LOOP('',(#7389,#7399,#7407,#7415));
#7389 = ORIENTED_EDGE('',*,*,#7390,.F.);
#7390 = EDGE_CURVE('',#7391,#7393,#7395,.T.);
#7391 = VERTEX_POINT('',#7392);
#7392 = CARTESIAN_POINT('',(-1.362279978231E+03,-602.1195972797,863.));
#7393 = VERTEX_POINT('',#7394);
#7394 = CARTESIAN_POINT('',(-1.362279978231E+03,-602.1195972797,
    1.197E+03));
#7395 = LINE('',#7396,#7397);
#7396 = CARTESIAN_POINT('',(-1.362279978231E+03,-602.1195972797,863.));
#7397 = VECTOR('',#7398,1.);
#7398 = DIRECTION('',(0.,0.,1.));
#7399 = ORIENTED_EDGE('',*,*,#7400,.T.);
#7400 = EDGE_CURVE('',#7391,#7401,#7403,.T.);
#7401 = VERTEX_POINT('',#7402);
#7402 = CARTESIAN_POINT('',(-864.0828892252,-439.7137460718,863.));
#7403 = LINE('',#7404,#7405);
#7404 = CARTESIAN_POINT('',(-1.362279978231E+03,-602.1195972797,863.));
#7405 = VECTOR('',#7406,1.);
#7406 = DIRECTION('',(0.950757803445,0.309934830549,0.));
#7407 = ORIENTED_EDGE('',*,*,#7408,.T.);
#7408 = EDGE_CURVE('',#7401,#7409,#7411,.T.);
#7409 = VERTEX_POINT('',#7410);
#7410 = CARTESIAN_POINT('',(-864.0828892252,-439.7137460718,1.197E+03));
#7411 = LINE('',#7412,#7413);
#7412 = CARTESIAN_POINT('',(-864.0828892252,-439.7137460718,863.));
#7413 = VECTOR('',#7414,1.);
#7414 = DIRECTION('',(0.,0.,1.));
#7415 = ORIENTED_EDGE('',*,*,#7416,.F.);
#7416 = EDGE_CURVE('',#7393,#7409,#7417,.T.);
#7417 = LINE('',#7418,#7419);
#7418 = CARTESIAN_POINT('',(-1.362279978231E+03,-602.1195972797,
    1.197E+03));
#7419 = VECTOR('',#7420,1.);
#7420 = DIRECTION('',(0.950757803445,0.309934830549,0.));
#7421 = PLANE('',#7422);
#7422 = AXIS2_PLACEMENT_3D('',#7423,#7424,#7425);
#7423 = CARTESIAN_POINT('',(-1.362279978231E+03,-602.1195972797,863.));
#7424 = DIRECTION('',(0.309934830549,-0.950757803445,0.));
#7425 = DIRECTION('',(0.,0.,1.));
#7426 = ADVANCED_FACE('',(#7427),#7443,.F.);
#7427 = FACE_BOUND('',#7428,.F.);
#7428 = EDGE_LOOP('',(#7429,#7435,#7436,#7442));
#7429 = ORIENTED_EDGE('',*,*,#7430,.F.);
#7430 = EDGE_CURVE('',#7351,#7391,#7431,.T.);
#7431 = LINE('',#7432,#7433);
#7432 = CARTESIAN_POINT('',(-1.363209782722E+03,-599.2673238693,863.));
#7433 = VECTOR('',#7434,1.);
#7434 = DIRECTION('',(0.309934830549,-0.950757803445,0.));
#7435 = ORIENTED_EDGE('',*,*,#7350,.T.);
#7436 = ORIENTED_EDGE('',*,*,#7437,.T.);
#7437 = EDGE_CURVE('',#7353,#7393,#7438,.T.);
#7438 = LINE('',#7439,#7440);
#7439 = CARTESIAN_POINT('',(-1.363209782722E+03,-599.2673238693,
    1.197E+03));
#7440 = VECTOR('',#7441,1.);
#7441 = DIRECTION('',(0.309934830549,-0.950757803445,0.));
#7442 = ORIENTED_EDGE('',*,*,#7390,.F.);
#7443 = PLANE('',#7444);
#7444 = AXIS2_PLACEMENT_3D('',#7445,#7446,#7447);
#7445 = CARTESIAN_POINT('',(-1.363209782722E+03,-599.2673238693,863.));
#7446 = DIRECTION('',(0.950757803445,0.309934830549,0.));
#7447 = DIRECTION('',(0.,0.,1.));
#7448 = ADVANCED_FACE('',(#7449),#7465,.T.);
#7449 = FACE_BOUND('',#7450,.T.);
#7450 = EDGE_LOOP('',(#7451,#7457,#7458,#7464));
#7451 = ORIENTED_EDGE('',*,*,#7452,.F.);
#7452 = EDGE_CURVE('',#7361,#7401,#7453,.T.);
#7453 = LINE('',#7454,#7455);
#7454 = CARTESIAN_POINT('',(-865.0126937168,-436.8614726615,863.));
#7455 = VECTOR('',#7456,1.);
#7456 = DIRECTION('',(0.309934830549,-0.950757803445,0.));
#7457 = ORIENTED_EDGE('',*,*,#7368,.T.);
#7458 = ORIENTED_EDGE('',*,*,#7459,.T.);
#7459 = EDGE_CURVE('',#7369,#7409,#7460,.T.);
#7460 = LINE('',#7461,#7462);
#7461 = CARTESIAN_POINT('',(-865.0126937168,-436.8614726615,1.197E+03));
#7462 = VECTOR('',#7463,1.);
#7463 = DIRECTION('',(0.309934830549,-0.950757803445,0.));
#7464 = ORIENTED_EDGE('',*,*,#7408,.F.);
#7465 = PLANE('',#7466);
#7466 = AXIS2_PLACEMENT_3D('',#7467,#7468,#7469);
#7467 = CARTESIAN_POINT('',(-865.0126937168,-436.8614726615,863.));
#7468 = DIRECTION('',(0.950757803445,0.309934830549,0.));
#7469 = DIRECTION('',(0.,0.,1.));
#7470 = ADVANCED_FACE('',(#7471),#7477,.F.);
#7471 = FACE_BOUND('',#7472,.F.);
#7472 = EDGE_LOOP('',(#7473,#7474,#7475,#7476));
#7473 = ORIENTED_EDGE('',*,*,#7360,.F.);
#7474 = ORIENTED_EDGE('',*,*,#7430,.T.);
#7475 = ORIENTED_EDGE('',*,*,#7400,.T.);
#7476 = ORIENTED_EDGE('',*,*,#7452,.F.);
#7477 = PLANE('',#7478);
#7478 = AXIS2_PLACEMENT_3D('',#7479,#7480,#7481);
#7479 = CARTESIAN_POINT('',(-1.363209782722E+03,-599.2673238693,863.));
#7480 = DIRECTION('',(0.,0.,1.));
#7481 = DIRECTION('',(0.309934830549,-0.950757803445,0.));
#7482 = ADVANCED_FACE('',(#7483),#7489,.T.);
#7483 = FACE_BOUND('',#7484,.T.);
#7484 = EDGE_LOOP('',(#7485,#7486,#7487,#7488));
#7485 = ORIENTED_EDGE('',*,*,#7376,.F.);
#7486 = ORIENTED_EDGE('',*,*,#7437,.T.);
#7487 = ORIENTED_EDGE('',*,*,#7416,.T.);
#7488 = ORIENTED_EDGE('',*,*,#7459,.F.);
#7489 = PLANE('',#7490);
#7490 = AXIS2_PLACEMENT_3D('',#7491,#7492,#7493);
#7491 = CARTESIAN_POINT('',(-1.363209782722E+03,-599.2673238693,
    1.197E+03));
#7492 = DIRECTION('',(0.,0.,1.));
#7493 = DIRECTION('',(0.309934830549,-0.950757803445,0.));
#7494 = MANIFOLD_SOLID_BREP('',#7495);
#7495 = CLOSED_SHELL('',(#7496,#7536,#7576,#7598,#7620,#7632));
#7496 = ADVANCED_FACE('',(#7497),#7531,.F.);
#7497 = FACE_BOUND('',#7498,.F.);
#7498 = EDGE_LOOP('',(#7499,#7509,#7517,#7525));
#7499 = ORIENTED_EDGE('',*,*,#7500,.F.);
#7500 = EDGE_CURVE('',#7501,#7503,#7505,.T.);
#7501 = VERTEX_POINT('',#7502);
#7502 = CARTESIAN_POINT('',(302.32050807568,483.63448015713,700.));
#7503 = VERTEX_POINT('',#7504);
#7504 = CARTESIAN_POINT('',(302.32050807568,483.63448015713,1.42E+03));
#7505 = LINE('',#7506,#7507);
#7506 = CARTESIAN_POINT('',(302.32050807568,483.63448015713,700.));
#7507 = VECTOR('',#7508,1.);
#7508 = DIRECTION('',(0.,0.,1.));
#7509 = ORIENTED_EDGE('',*,*,#7510,.T.);
#7510 = EDGE_CURVE('',#7501,#7511,#7513,.T.);
#7511 = VERTEX_POINT('',#7512);
#7512 = CARTESIAN_POINT('',(267.67949192431,503.63448015713,700.));
#7513 = LINE('',#7514,#7515);
#7514 = CARTESIAN_POINT('',(302.32050807568,483.63448015713,700.));
#7515 = VECTOR('',#7516,1.);
#7516 = DIRECTION('',(-0.866025403784,0.5,0.));
#7517 = ORIENTED_EDGE('',*,*,#7518,.T.);
#7518 = EDGE_CURVE('',#7511,#7519,#7521,.T.);
#7519 = VERTEX_POINT('',#7520);
#7520 = CARTESIAN_POINT('',(267.67949192431,503.63448015713,1.42E+03));
#7521 = LINE('',#7522,#7523);
#7522 = CARTESIAN_POINT('',(267.67949192431,503.63448015713,700.));
#7523 = VECTOR('',#7524,1.);
#7524 = DIRECTION('',(0.,0.,1.));
#7525 = ORIENTED_EDGE('',*,*,#7526,.F.);
#7526 = EDGE_CURVE('',#7503,#7519,#7527,.T.);
#7527 = LINE('',#7528,#7529);
#7528 = CARTESIAN_POINT('',(302.32050807568,483.63448015713,1.42E+03));
#7529 = VECTOR('',#7530,1.);
#7530 = DIRECTION('',(-0.866025403784,0.5,0.));
#7531 = PLANE('',#7532);
#7532 = AXIS2_PLACEMENT_3D('',#7533,#7534,#7535);
#7533 = CARTESIAN_POINT('',(302.32050807568,483.63448015713,700.));
#7534 = DIRECTION('',(0.5,0.866025403784,0.));
#7535 = DIRECTION('',(0.,0.,1.));
#7536 = ADVANCED_FACE('',(#7537),#7571,.T.);
#7537 = FACE_BOUND('',#7538,.T.);
#7538 = EDGE_LOOP('',(#7539,#7549,#7557,#7565));
#7539 = ORIENTED_EDGE('',*,*,#7540,.F.);
#7540 = EDGE_CURVE('',#7541,#7543,#7545,.T.);
#7541 = VERTEX_POINT('',#7542);
#7542 = CARTESIAN_POINT('',(912.32050807568,1.540185472774E+03,700.));
#7543 = VERTEX_POINT('',#7544);
#7544 = CARTESIAN_POINT('',(912.32050807568,1.540185472774E+03,1.42E+03)
  );
#7545 = LINE('',#7546,#7547);
#7546 = CARTESIAN_POINT('',(912.32050807568,1.540185472774E+03,700.));
#7547 = VECTOR('',#7548,1.);
#7548 = DIRECTION('',(0.,0.,1.));
#7549 = ORIENTED_EDGE('',*,*,#7550,.T.);
#7550 = EDGE_CURVE('',#7541,#7551,#7553,.T.);
#7551 = VERTEX_POINT('',#7552);
#7552 = CARTESIAN_POINT('',(877.67949192431,1.560185472774E+03,700.));
#7553 = LINE('',#7554,#7555);
#7554 = CARTESIAN_POINT('',(912.32050807568,1.540185472774E+03,700.));
#7555 = VECTOR('',#7556,1.);
#7556 = DIRECTION('',(-0.866025403784,0.5,0.));
#7557 = ORIENTED_EDGE('',*,*,#7558,.T.);
#7558 = EDGE_CURVE('',#7551,#7559,#7561,.T.);
#7559 = VERTEX_POINT('',#7560);
#7560 = CARTESIAN_POINT('',(877.67949192431,1.560185472774E+03,1.42E+03)
  );
#7561 = LINE('',#7562,#7563);
#7562 = CARTESIAN_POINT('',(877.67949192431,1.560185472774E+03,700.));
#7563 = VECTOR('',#7564,1.);
#7564 = DIRECTION('',(0.,0.,1.));
#7565 = ORIENTED_EDGE('',*,*,#7566,.F.);
#7566 = EDGE_CURVE('',#7543,#7559,#7567,.T.);
#7567 = LINE('',#7568,#7569);
#7568 = CARTESIAN_POINT('',(912.32050807568,1.540185472774E+03,1.42E+03)
  );
#7569 = VECTOR('',#7570,1.);
#7570 = DIRECTION('',(-0.866025403784,0.5,0.));
#7571 = PLANE('',#7572);
#7572 = AXIS2_PLACEMENT_3D('',#7573,#7574,#7575);
#7573 = CARTESIAN_POINT('',(912.32050807568,1.540185472774E+03,700.));
#7574 = DIRECTION('',(0.5,0.866025403784,0.));
#7575 = DIRECTION('',(0.,0.,1.));
#7576 = ADVANCED_FACE('',(#7577),#7593,.F.);
#7577 = FACE_BOUND('',#7578,.F.);
#7578 = EDGE_LOOP('',(#7579,#7585,#7586,#7592));
#7579 = ORIENTED_EDGE('',*,*,#7580,.F.);
#7580 = EDGE_CURVE('',#7501,#7541,#7581,.T.);
#7581 = LINE('',#7582,#7583);
#7582 = CARTESIAN_POINT('',(302.32050807568,483.63448015713,700.));
#7583 = VECTOR('',#7584,1.);
#7584 = DIRECTION('',(0.5,0.866025403784,0.));
#7585 = ORIENTED_EDGE('',*,*,#7500,.T.);
#7586 = ORIENTED_EDGE('',*,*,#7587,.T.);
#7587 = EDGE_CURVE('',#7503,#7543,#7588,.T.);
#7588 = LINE('',#7589,#7590);
#7589 = CARTESIAN_POINT('',(302.32050807568,483.63448015713,1.42E+03));
#7590 = VECTOR('',#7591,1.);
#7591 = DIRECTION('',(0.5,0.866025403784,0.));
#7592 = ORIENTED_EDGE('',*,*,#7540,.F.);
#7593 = PLANE('',#7594);
#7594 = AXIS2_PLACEMENT_3D('',#7595,#7596,#7597);
#7595 = CARTESIAN_POINT('',(302.32050807568,483.63448015713,700.));
#7596 = DIRECTION('',(-0.866025403784,0.5,0.));
#7597 = DIRECTION('',(0.,0.,1.));
#7598 = ADVANCED_FACE('',(#7599),#7615,.T.);
#7599 = FACE_BOUND('',#7600,.T.);
#7600 = EDGE_LOOP('',(#7601,#7607,#7608,#7614));
#7601 = ORIENTED_EDGE('',*,*,#7602,.F.);
#7602 = EDGE_CURVE('',#7511,#7551,#7603,.T.);
#7603 = LINE('',#7604,#7605);
#7604 = CARTESIAN_POINT('',(267.67949192431,503.63448015713,700.));
#7605 = VECTOR('',#7606,1.);
#7606 = DIRECTION('',(0.5,0.866025403784,0.));
#7607 = ORIENTED_EDGE('',*,*,#7518,.T.);
#7608 = ORIENTED_EDGE('',*,*,#7609,.T.);
#7609 = EDGE_CURVE('',#7519,#7559,#7610,.T.);
#7610 = LINE('',#7611,#7612);
#7611 = CARTESIAN_POINT('',(267.67949192431,503.63448015713,1.42E+03));
#7612 = VECTOR('',#7613,1.);
#7613 = DIRECTION('',(0.5,0.866025403784,0.));
#7614 = ORIENTED_EDGE('',*,*,#7558,.F.);
#7615 = PLANE('',#7616);
#7616 = AXIS2_PLACEMENT_3D('',#7617,#7618,#7619);
#7617 = CARTESIAN_POINT('',(267.67949192431,503.63448015713,700.));
#7618 = DIRECTION('',(-0.866025403784,0.5,0.));
#7619 = DIRECTION('',(0.,0.,1.));
#7620 = ADVANCED_FACE('',(#7621),#7627,.F.);
#7621 = FACE_BOUND('',#7622,.F.);
#7622 = EDGE_LOOP('',(#7623,#7624,#7625,#7626));
#7623 = ORIENTED_EDGE('',*,*,#7510,.F.);
#7624 = ORIENTED_EDGE('',*,*,#7580,.T.);
#7625 = ORIENTED_EDGE('',*,*,#7550,.T.);
#7626 = ORIENTED_EDGE('',*,*,#7602,.F.);
#7627 = PLANE('',#7628);
#7628 = AXIS2_PLACEMENT_3D('',#7629,#7630,#7631);
#7629 = CARTESIAN_POINT('',(302.32050807568,483.63448015713,700.));
#7630 = DIRECTION('',(0.,0.,1.));
#7631 = DIRECTION('',(0.5,0.866025403784,0.));
#7632 = ADVANCED_FACE('',(#7633),#7639,.T.);
#7633 = FACE_BOUND('',#7634,.T.);
#7634 = EDGE_LOOP('',(#7635,#7636,#7637,#7638));
#7635 = ORIENTED_EDGE('',*,*,#7526,.F.);
#7636 = ORIENTED_EDGE('',*,*,#7587,.T.);
#7637 = ORIENTED_EDGE('',*,*,#7566,.T.);
#7638 = ORIENTED_EDGE('',*,*,#7609,.F.);
#7639 = PLANE('',#7640);
#7640 = AXIS2_PLACEMENT_3D('',#7641,#7642,#7643);
#7641 = CARTESIAN_POINT('',(302.32050807568,483.63448015713,1.42E+03));
#7642 = DIRECTION('',(0.,0.,1.));
#7643 = DIRECTION('',(0.5,0.866025403784,0.));
#7644 = MANIFOLD_SOLID_BREP('',#7645);
#7645 = CLOSED_SHELL('',(#7646,#7686,#7726,#7748,#7770,#7782));
#7646 = ADVANCED_FACE('',(#7647),#7681,.F.);
#7647 = FACE_BOUND('',#7648,.F.);
#7648 = EDGE_LOOP('',(#7649,#7659,#7667,#7675));
#7649 = ORIENTED_EDGE('',*,*,#7650,.F.);
#7650 = EDGE_CURVE('',#7651,#7653,#7655,.T.);
#7651 = VERTEX_POINT('',#7652);
#7652 = CARTESIAN_POINT('',(-570.,20.,700.));
#7653 = VERTEX_POINT('',#7654);
#7654 = CARTESIAN_POINT('',(-570.,20.,1.42E+03));
#7655 = LINE('',#7656,#7657);
#7656 = CARTESIAN_POINT('',(-570.,20.,700.));
#7657 = VECTOR('',#7658,1.);
#7658 = DIRECTION('',(0.,0.,1.));
#7659 = ORIENTED_EDGE('',*,*,#7660,.T.);
#7660 = EDGE_CURVE('',#7651,#7661,#7663,.T.);
#7661 = VERTEX_POINT('',#7662);
#7662 = CARTESIAN_POINT('',(-570.,-20.,700.));
#7663 = LINE('',#7664,#7665);
#7664 = CARTESIAN_POINT('',(-570.,20.,700.));
#7665 = VECTOR('',#7666,1.);
#7666 = DIRECTION('',(0.,-1.,0.));
#7667 = ORIENTED_EDGE('',*,*,#7668,.T.);
#7668 = EDGE_CURVE('',#7661,#7669,#7671,.T.);
#7669 = VERTEX_POINT('',#7670);
#7670 = CARTESIAN_POINT('',(-570.,-20.,1.42E+03));
#7671 = LINE('',#7672,#7673);
#7672 = CARTESIAN_POINT('',(-570.,-20.,700.));
#7673 = VECTOR('',#7674,1.);
#7674 = DIRECTION('',(0.,0.,1.));
#7675 = ORIENTED_EDGE('',*,*,#7676,.F.);
#7676 = EDGE_CURVE('',#7653,#7669,#7677,.T.);
#7677 = LINE('',#7678,#7679);
#7678 = CARTESIAN_POINT('',(-570.,20.,1.42E+03));
#7679 = VECTOR('',#7680,1.);
#7680 = DIRECTION('',(0.,-1.,0.));
#7681 = PLANE('',#7682);
#7682 = AXIS2_PLACEMENT_3D('',#7683,#7684,#7685);
#7683 = CARTESIAN_POINT('',(-570.,20.,700.));
#7684 = DIRECTION('',(-1.,0.,0.));
#7685 = DIRECTION('',(0.,0.,1.));
#7686 = ADVANCED_FACE('',(#7687),#7721,.T.);
#7687 = FACE_BOUND('',#7688,.T.);
#7688 = EDGE_LOOP('',(#7689,#7699,#7707,#7715));
#7689 = ORIENTED_EDGE('',*,*,#7690,.F.);
#7690 = EDGE_CURVE('',#7691,#7693,#7695,.T.);
#7691 = VERTEX_POINT('',#7692);
#7692 = CARTESIAN_POINT('',(-1.79E+03,20.,700.));
#7693 = VERTEX_POINT('',#7694);
#7694 = CARTESIAN_POINT('',(-1.79E+03,20.,1.42E+03));
#7695 = LINE('',#7696,#7697);
#7696 = CARTESIAN_POINT('',(-1.79E+03,20.,700.));
#7697 = VECTOR('',#7698,1.);
#7698 = DIRECTION('',(0.,0.,1.));
#7699 = ORIENTED_EDGE('',*,*,#7700,.T.);
#7700 = EDGE_CURVE('',#7691,#7701,#7703,.T.);
#7701 = VERTEX_POINT('',#7702);
#7702 = CARTESIAN_POINT('',(-1.79E+03,-20.,700.));
#7703 = LINE('',#7704,#7705);
#7704 = CARTESIAN_POINT('',(-1.79E+03,20.,700.));
#7705 = VECTOR('',#7706,1.);
#7706 = DIRECTION('',(0.,-1.,0.));
#7707 = ORIENTED_EDGE('',*,*,#7708,.T.);
#7708 = EDGE_CURVE('',#7701,#7709,#7711,.T.);
#7709 = VERTEX_POINT('',#7710);
#7710 = CARTESIAN_POINT('',(-1.79E+03,-20.,1.42E+03));
#7711 = LINE('',#7712,#7713);
#7712 = CARTESIAN_POINT('',(-1.79E+03,-20.,700.));
#7713 = VECTOR('',#7714,1.);
#7714 = DIRECTION('',(0.,0.,1.));
#7715 = ORIENTED_EDGE('',*,*,#7716,.F.);
#7716 = EDGE_CURVE('',#7693,#7709,#7717,.T.);
#7717 = LINE('',#7718,#7719);
#7718 = CARTESIAN_POINT('',(-1.79E+03,20.,1.42E+03));
#7719 = VECTOR('',#7720,1.);
#7720 = DIRECTION('',(0.,-1.,0.));
#7721 = PLANE('',#7722);
#7722 = AXIS2_PLACEMENT_3D('',#7723,#7724,#7725);
#7723 = CARTESIAN_POINT('',(-1.79E+03,20.,700.));
#7724 = DIRECTION('',(-1.,0.,0.));
#7725 = DIRECTION('',(0.,0.,1.));
#7726 = ADVANCED_FACE('',(#7727),#7743,.F.);
#7727 = FACE_BOUND('',#7728,.F.);
#7728 = EDGE_LOOP('',(#7729,#7735,#7736,#7742));
#7729 = ORIENTED_EDGE('',*,*,#7730,.F.);
#7730 = EDGE_CURVE('',#7651,#7691,#7731,.T.);
#7731 = LINE('',#7732,#7733);
#7732 = CARTESIAN_POINT('',(-570.,20.,700.));
#7733 = VECTOR('',#7734,1.);
#7734 = DIRECTION('',(-1.,0.,0.));
#7735 = ORIENTED_EDGE('',*,*,#7650,.T.);
#7736 = ORIENTED_EDGE('',*,*,#7737,.T.);
#7737 = EDGE_CURVE('',#7653,#7693,#7738,.T.);
#7738 = LINE('',#7739,#7740);
#7739 = CARTESIAN_POINT('',(-570.,20.,1.42E+03));
#7740 = VECTOR('',#7741,1.);
#7741 = DIRECTION('',(-1.,0.,0.));
#7742 = ORIENTED_EDGE('',*,*,#7690,.F.);
#7743 = PLANE('',#7744);
#7744 = AXIS2_PLACEMENT_3D('',#7745,#7746,#7747);
#7745 = CARTESIAN_POINT('',(-570.,20.,700.));
#7746 = DIRECTION('',(0.,-1.,0.));
#7747 = DIRECTION('',(0.,0.,1.));
#7748 = ADVANCED_FACE('',(#7749),#7765,.T.);
#7749 = FACE_BOUND('',#7750,.T.);
#7750 = EDGE_LOOP('',(#7751,#7757,#7758,#7764));
#7751 = ORIENTED_EDGE('',*,*,#7752,.F.);
#7752 = EDGE_CURVE('',#7661,#7701,#7753,.T.);
#7753 = LINE('',#7754,#7755);
#7754 = CARTESIAN_POINT('',(-570.,-20.,700.));
#7755 = VECTOR('',#7756,1.);
#7756 = DIRECTION('',(-1.,0.,0.));
#7757 = ORIENTED_EDGE('',*,*,#7668,.T.);
#7758 = ORIENTED_EDGE('',*,*,#7759,.T.);
#7759 = EDGE_CURVE('',#7669,#7709,#7760,.T.);
#7760 = LINE('',#7761,#7762);
#7761 = CARTESIAN_POINT('',(-570.,-20.,1.42E+03));
#7762 = VECTOR('',#7763,1.);
#7763 = DIRECTION('',(-1.,0.,0.));
#7764 = ORIENTED_EDGE('',*,*,#7708,.F.);
#7765 = PLANE('',#7766);
#7766 = AXIS2_PLACEMENT_3D('',#7767,#7768,#7769);
#7767 = CARTESIAN_POINT('',(-570.,-20.,700.));
#7768 = DIRECTION('',(0.,-1.,0.));
#7769 = DIRECTION('',(0.,0.,1.));
#7770 = ADVANCED_FACE('',(#7771),#7777,.F.);
#7771 = FACE_BOUND('',#7772,.F.);
#7772 = EDGE_LOOP('',(#7773,#7774,#7775,#7776));
#7773 = ORIENTED_EDGE('',*,*,#7660,.F.);
#7774 = ORIENTED_EDGE('',*,*,#7730,.T.);
#7775 = ORIENTED_EDGE('',*,*,#7700,.T.);
#7776 = ORIENTED_EDGE('',*,*,#7752,.F.);
#7777 = PLANE('',#7778);
#7778 = AXIS2_PLACEMENT_3D('',#7779,#7780,#7781);
#7779 = CARTESIAN_POINT('',(-570.,20.,700.));
#7780 = DIRECTION('',(0.,0.,1.));
#7781 = DIRECTION('',(-1.,0.,0.));
#7782 = ADVANCED_FACE('',(#7783),#7789,.T.);
#7783 = FACE_BOUND('',#7784,.T.);
#7784 = EDGE_LOOP('',(#7785,#7786,#7787,#7788));
#7785 = ORIENTED_EDGE('',*,*,#7676,.F.);
#7786 = ORIENTED_EDGE('',*,*,#7737,.T.);
#7787 = ORIENTED_EDGE('',*,*,#7716,.T.);
#7788 = ORIENTED_EDGE('',*,*,#7759,.F.);
#7789 = PLANE('',#7790);
#7790 = AXIS2_PLACEMENT_3D('',#7791,#7792,#7793);
#7791 = CARTESIAN_POINT('',(-570.,20.,1.42E+03));
#7792 = DIRECTION('',(0.,0.,1.));
#7793 = DIRECTION('',(-1.,0.,0.));
#7794 = MANIFOLD_SOLID_BREP('',#7795);
#7795 = CLOSED_SHELL('',(#7796,#7836,#7876,#7898,#7920,#7932));
#7796 = ADVANCED_FACE('',(#7797),#7831,.F.);
#7797 = FACE_BOUND('',#7798,.F.);
#7798 = EDGE_LOOP('',(#7799,#7809,#7817,#7825));
#7799 = ORIENTED_EDGE('',*,*,#7800,.F.);
#7800 = EDGE_CURVE('',#7801,#7803,#7805,.T.);
#7801 = VERTEX_POINT('',#7802);
#7802 = CARTESIAN_POINT('',(267.67949192431,-503.6344801571,700.));
#7803 = VERTEX_POINT('',#7804);
#7804 = CARTESIAN_POINT('',(267.67949192431,-503.6344801571,1.42E+03));
#7805 = LINE('',#7806,#7807);
#7806 = CARTESIAN_POINT('',(267.67949192431,-503.6344801571,700.));
#7807 = VECTOR('',#7808,1.);
#7808 = DIRECTION('',(0.,0.,1.));
#7809 = ORIENTED_EDGE('',*,*,#7810,.T.);
#7810 = EDGE_CURVE('',#7801,#7811,#7813,.T.);
#7811 = VERTEX_POINT('',#7812);
#7812 = CARTESIAN_POINT('',(302.32050807568,-483.6344801571,700.));
#7813 = LINE('',#7814,#7815);
#7814 = CARTESIAN_POINT('',(267.67949192431,-503.6344801571,700.));
#7815 = VECTOR('',#7816,1.);
#7816 = DIRECTION('',(0.866025403784,0.5,0.));
#7817 = ORIENTED_EDGE('',*,*,#7818,.T.);
#7818 = EDGE_CURVE('',#7811,#7819,#7821,.T.);
#7819 = VERTEX_POINT('',#7820);
#7820 = CARTESIAN_POINT('',(302.32050807568,-483.6344801571,1.42E+03));
#7821 = LINE('',#7822,#7823);
#7822 = CARTESIAN_POINT('',(302.32050807568,-483.6344801571,700.));
#7823 = VECTOR('',#7824,1.);
#7824 = DIRECTION('',(0.,0.,1.));
#7825 = ORIENTED_EDGE('',*,*,#7826,.F.);
#7826 = EDGE_CURVE('',#7803,#7819,#7827,.T.);
#7827 = LINE('',#7828,#7829);
#7828 = CARTESIAN_POINT('',(267.67949192431,-503.6344801571,1.42E+03));
#7829 = VECTOR('',#7830,1.);
#7830 = DIRECTION('',(0.866025403784,0.5,0.));
#7831 = PLANE('',#7832);
#7832 = AXIS2_PLACEMENT_3D('',#7833,#7834,#7835);
#7833 = CARTESIAN_POINT('',(267.67949192431,-503.6344801571,700.));
#7834 = DIRECTION('',(0.5,-0.866025403784,0.));
#7835 = DIRECTION('',(0.,0.,1.));
#7836 = ADVANCED_FACE('',(#7837),#7871,.T.);
#7837 = FACE_BOUND('',#7838,.T.);
#7838 = EDGE_LOOP('',(#7839,#7849,#7857,#7865));
#7839 = ORIENTED_EDGE('',*,*,#7840,.F.);
#7840 = EDGE_CURVE('',#7841,#7843,#7845,.T.);
#7841 = VERTEX_POINT('',#7842);
#7842 = CARTESIAN_POINT('',(877.67949192431,-1.560185472774E+03,700.));
#7843 = VERTEX_POINT('',#7844);
#7844 = CARTESIAN_POINT('',(877.67949192431,-1.560185472774E+03,1.42E+03
    ));
#7845 = LINE('',#7846,#7847);
#7846 = CARTESIAN_POINT('',(877.67949192431,-1.560185472774E+03,700.));
#7847 = VECTOR('',#7848,1.);
#7848 = DIRECTION('',(0.,0.,1.));
#7849 = ORIENTED_EDGE('',*,*,#7850,.T.);
#7850 = EDGE_CURVE('',#7841,#7851,#7853,.T.);
#7851 = VERTEX_POINT('',#7852);
#7852 = CARTESIAN_POINT('',(912.32050807568,-1.540185472774E+03,700.));
#7853 = LINE('',#7854,#7855);
#7854 = CARTESIAN_POINT('',(877.67949192431,-1.560185472774E+03,700.));
#7855 = VECTOR('',#7856,1.);
#7856 = DIRECTION('',(0.866025403784,0.5,0.));
#7857 = ORIENTED_EDGE('',*,*,#7858,.T.);
#7858 = EDGE_CURVE('',#7851,#7859,#7861,.T.);
#7859 = VERTEX_POINT('',#7860);
#7860 = CARTESIAN_POINT('',(912.32050807568,-1.540185472774E+03,1.42E+03
    ));
#7861 = LINE('',#7862,#7863);
#7862 = CARTESIAN_POINT('',(912.32050807568,-1.540185472774E+03,700.));
#7863 = VECTOR('',#7864,1.);
#7864 = DIRECTION('',(0.,0.,1.));
#7865 = ORIENTED_EDGE('',*,*,#7866,.F.);
#7866 = EDGE_CURVE('',#7843,#7859,#7867,.T.);
#7867 = LINE('',#7868,#7869);
#7868 = CARTESIAN_POINT('',(877.67949192431,-1.560185472774E+03,1.42E+03
    ));
#7869 = VECTOR('',#7870,1.);
#7870 = DIRECTION('',(0.866025403784,0.5,0.));
#7871 = PLANE('',#7872);
#7872 = AXIS2_PLACEMENT_3D('',#7873,#7874,#7875);
#7873 = CARTESIAN_POINT('',(877.67949192431,-1.560185472774E+03,700.));
#7874 = DIRECTION('',(0.5,-0.866025403784,0.));
#7875 = DIRECTION('',(0.,0.,1.));
#7876 = ADVANCED_FACE('',(#7877),#7893,.F.);
#7877 = FACE_BOUND('',#7878,.F.);
#7878 = EDGE_LOOP('',(#7879,#7885,#7886,#7892));
#7879 = ORIENTED_EDGE('',*,*,#7880,.F.);
#7880 = EDGE_CURVE('',#7801,#7841,#7881,.T.);
#7881 = LINE('',#7882,#7883);
#7882 = CARTESIAN_POINT('',(267.67949192431,-503.6344801571,700.));
#7883 = VECTOR('',#7884,1.);
#7884 = DIRECTION('',(0.5,-0.866025403784,0.));
#7885 = ORIENTED_EDGE('',*,*,#7800,.T.);
#7886 = ORIENTED_EDGE('',*,*,#7887,.T.);
#7887 = EDGE_CURVE('',#7803,#7843,#7888,.T.);
#7888 = LINE('',#7889,#7890);
#7889 = CARTESIAN_POINT('',(267.67949192431,-503.6344801571,1.42E+03));
#7890 = VECTOR('',#7891,1.);
#7891 = DIRECTION('',(0.5,-0.866025403784,0.));
#7892 = ORIENTED_EDGE('',*,*,#7840,.F.);
#7893 = PLANE('',#7894);
#7894 = AXIS2_PLACEMENT_3D('',#7895,#7896,#7897);
#7895 = CARTESIAN_POINT('',(267.67949192431,-503.6344801571,700.));
#7896 = DIRECTION('',(0.866025403784,0.5,0.));
#7897 = DIRECTION('',(0.,0.,1.));
#7898 = ADVANCED_FACE('',(#7899),#7915,.T.);
#7899 = FACE_BOUND('',#7900,.T.);
#7900 = EDGE_LOOP('',(#7901,#7907,#7908,#7914));
#7901 = ORIENTED_EDGE('',*,*,#7902,.F.);
#7902 = EDGE_CURVE('',#7811,#7851,#7903,.T.);
#7903 = LINE('',#7904,#7905);
#7904 = CARTESIAN_POINT('',(302.32050807568,-483.6344801571,700.));
#7905 = VECTOR('',#7906,1.);
#7906 = DIRECTION('',(0.5,-0.866025403784,0.));
#7907 = ORIENTED_EDGE('',*,*,#7818,.T.);
#7908 = ORIENTED_EDGE('',*,*,#7909,.T.);
#7909 = EDGE_CURVE('',#7819,#7859,#7910,.T.);
#7910 = LINE('',#7911,#7912);
#7911 = CARTESIAN_POINT('',(302.32050807568,-483.6344801571,1.42E+03));
#7912 = VECTOR('',#7913,1.);
#7913 = DIRECTION('',(0.5,-0.866025403784,0.));
#7914 = ORIENTED_EDGE('',*,*,#7858,.F.);
#7915 = PLANE('',#7916);
#7916 = AXIS2_PLACEMENT_3D('',#7917,#7918,#7919);
#7917 = CARTESIAN_POINT('',(302.32050807568,-483.6344801571,700.));
#7918 = DIRECTION('',(0.866025403784,0.5,0.));
#7919 = DIRECTION('',(0.,0.,1.));
#7920 = ADVANCED_FACE('',(#7921),#7927,.F.);
#7921 = FACE_BOUND('',#7922,.F.);
#7922 = EDGE_LOOP('',(#7923,#7924,#7925,#7926));
#7923 = ORIENTED_EDGE('',*,*,#7810,.F.);
#7924 = ORIENTED_EDGE('',*,*,#7880,.T.);
#7925 = ORIENTED_EDGE('',*,*,#7850,.T.);
#7926 = ORIENTED_EDGE('',*,*,#7902,.F.);
#7927 = PLANE('',#7928);
#7928 = AXIS2_PLACEMENT_3D('',#7929,#7930,#7931);
#7929 = CARTESIAN_POINT('',(267.67949192431,-503.6344801571,700.));
#7930 = DIRECTION('',(0.,0.,1.));
#7931 = DIRECTION('',(0.5,-0.866025403784,0.));
#7932 = ADVANCED_FACE('',(#7933),#7939,.T.);
#7933 = FACE_BOUND('',#7934,.T.);
#7934 = EDGE_LOOP('',(#7935,#7936,#7937,#7938));
#7935 = ORIENTED_EDGE('',*,*,#7826,.F.);
#7936 = ORIENTED_EDGE('',*,*,#7887,.T.);
#7937 = ORIENTED_EDGE('',*,*,#7866,.T.);
#7938 = ORIENTED_EDGE('',*,*,#7909,.F.);
#7939 = PLANE('',#7940);
#7940 = AXIS2_PLACEMENT_3D('',#7941,#7942,#7943);
#7941 = CARTESIAN_POINT('',(267.67949192431,-503.6344801571,1.42E+03));
#7942 = DIRECTION('',(0.,0.,1.));
#7943 = DIRECTION('',(0.5,-0.866025403784,0.));
#7944 = ( GEOMETRIC_REPRESENTATION_CONTEXT(3) 
GLOBAL_UNCERTAINTY_ASSIGNED_CONTEXT((#7948)) 
GLOBAL_UNIT_ASSIGNED_CONTEXT((#7945,#7946,#7947)) REPRESENTATION_CONTEXT
('Context #1','3D Context with UNIT and UNCERTAINTY') );
#7945 = ( LENGTH_UNIT() NAMED_UNIT(*) SI_UNIT(.MILLI.,.METRE.) );
#7946 = ( NAMED_UNIT(*) PLANE_ANGLE_UNIT() SI_UNIT($,.RADIAN.) );
#7947 = ( NAMED_UNIT(*) SI_UNIT($,.STERADIAN.) SOLID_ANGLE_UNIT() );
#7948 = UNCERTAINTY_MEASURE_WITH_UNIT(LENGTH_MEASURE(1.E-07),#7945,
  'distance_accuracy_value','confusion accuracy');
#7949 = PRODUCT_RELATED_PRODUCT_CATEGORY('part',$,(#7));
ENDSEC;
END-ISO-10303-21;
