ISO-10303-21;
HEADER;
FILE_DESCRIPTION(('FreeCAD Model'),'2;1');
FILE_NAME('Open CASCADE Shape Model','2026-09-16T17:50:10',('FreeCAD'),(
    'FreeCAD'),'Open CASCADE STEP processor 7.8','FreeCAD','Unknown');
FILE_SCHEMA(('AUTOMOTIVE_DESIGN { 1 0 10303 214 1 1 1 1 }'));
ENDSEC;
DATA;
#1 = APPLICATION_PROTOCOL_DEFINITION('international standard',
  'automotive_design',2000,#2);
#2 = APPLICATION_CONTEXT(
  'core data for automotive mechanical design processes');
#3 = SHAPE_DEFINITION_REPRESENTATION(#4,#10);
#4 = PRODUCT_DEFINITION_SHAPE('','',#5);
#5 = PRODUCT_DEFINITION('design','',#6,#9);
#6 = PRODUCT_DEFINITION_FORMATION('','',#7);
#7 = PRODUCT('Open CASCADE STEP translator 7.8 1',
  'Open CASCADE STEP translator 7.8 1','',(#8));
#8 = PRODUCT_CONTEXT('',#2,'mechanical');
#9 = PRODUCT_DEFINITION_CONTEXT('part definition',#2,'design');
#10 = SHAPE_REPRESENTATION('',(#11,#15,#231,#348,#498,#648,#798,#851,
    #904,#957,#1010,#1063,#1116,#1169,#1222,#1275,#1328,#1381,#1434,
    #1487,#1540,#1593,#1646,#1699,#1752,#2042,#2095,#2385,#2438,#2728,
    #2781,#3071,#3124,#3414,#3467,#3757,#3810,#4100,#4153,#4443,#4496,
    #4786,#4839,#5124,#5274,#5559,#5709,#5994,#6144,#6429,#6579,#6864,
    #7014,#7299,#7449,#7734,#7884,#8169,#8319,#8604,#8754,#8904,#9054),
  #9204);
#11 = AXIS2_PLACEMENT_3D('',#12,#13,#14);
#12 = CARTESIAN_POINT('',(0.,0.,0.));
#13 = DIRECTION('',(0.,0.,1.));
#14 = DIRECTION('',(1.,0.,-0.));
#15 = MANIFOLD_SOLID_BREP('',#16);
#16 = CLOSED_SHELL('',(#17,#57,#88,#119,#150,#181,#203,#217));
#17 = ADVANCED_FACE('',(#18),#52,.F.);
#18 = FACE_BOUND('',#19,.F.);
#19 = EDGE_LOOP('',(#20,#30,#38,#46));
#20 = ORIENTED_EDGE('',*,*,#21,.T.);
#21 = EDGE_CURVE('',#22,#24,#26,.T.);
#22 = VERTEX_POINT('',#23);
#23 = CARTESIAN_POINT('',(372.3909236273,215.,0.));
#24 = VERTEX_POINT('',#25);
#25 = CARTESIAN_POINT('',(372.3909236273,215.,100.));
#26 = LINE('',#27,#28);
#27 = CARTESIAN_POINT('',(372.3909236273,215.,0.));
#28 = VECTOR('',#29,1.);
#29 = DIRECTION('',(0.,0.,1.));
#30 = ORIENTED_EDGE('',*,*,#31,.T.);
#31 = EDGE_CURVE('',#24,#32,#34,.T.);
#32 = VERTEX_POINT('',#33);
#33 = CARTESIAN_POINT('',(2.632990618167E-14,430.,100.));
#34 = LINE('',#35,#36);
#35 = CARTESIAN_POINT('',(372.3909236273,215.,100.));
#36 = VECTOR('',#37,1.);
#37 = DIRECTION('',(-0.866025403784,0.5,0.));
#38 = ORIENTED_EDGE('',*,*,#39,.F.);
#39 = EDGE_CURVE('',#40,#32,#42,.T.);
#40 = VERTEX_POINT('',#41);
#41 = CARTESIAN_POINT('',(2.632990618167E-14,430.,0.));
#42 = LINE('',#43,#44);
#43 = CARTESIAN_POINT('',(2.632990618167E-14,430.,0.));
#44 = VECTOR('',#45,1.);
#45 = DIRECTION('',(0.,0.,1.));
#46 = ORIENTED_EDGE('',*,*,#47,.F.);
#47 = EDGE_CURVE('',#22,#40,#48,.T.);
#48 = LINE('',#49,#50);
#49 = CARTESIAN_POINT('',(372.3909236273,215.,0.));
#50 = VECTOR('',#51,1.);
#51 = DIRECTION('',(-0.866025403784,0.5,0.));
#52 = PLANE('',#53);
#53 = AXIS2_PLACEMENT_3D('',#54,#55,#56);
#54 = CARTESIAN_POINT('',(372.3909236273,215.,0.));
#55 = DIRECTION('',(-0.5,-0.866025403784,0.));
#56 = DIRECTION('',(-0.866025403784,0.5,0.));
#57 = ADVANCED_FACE('',(#58),#83,.F.);
#58 = FACE_BOUND('',#59,.F.);
#59 = EDGE_LOOP('',(#60,#61,#69,#77));
#60 = ORIENTED_EDGE('',*,*,#39,.T.);
#61 = ORIENTED_EDGE('',*,*,#62,.T.);
#62 = EDGE_CURVE('',#32,#63,#65,.T.);
#63 = VERTEX_POINT('',#64);
#64 = CARTESIAN_POINT('',(-372.3909236273,215.,100.));
#65 = LINE('',#66,#67);
#66 = CARTESIAN_POINT('',(2.632990618167E-14,430.,100.));
#67 = VECTOR('',#68,1.);
#68 = DIRECTION('',(-0.866025403784,-0.5,0.));
#69 = ORIENTED_EDGE('',*,*,#70,.F.);
#70 = EDGE_CURVE('',#71,#63,#73,.T.);
#71 = VERTEX_POINT('',#72);
#72 = CARTESIAN_POINT('',(-372.3909236273,215.,0.));
#73 = LINE('',#74,#75);
#74 = CARTESIAN_POINT('',(-372.3909236273,215.,0.));
#75 = VECTOR('',#76,1.);
#76 = DIRECTION('',(0.,0.,1.));
#77 = ORIENTED_EDGE('',*,*,#78,.F.);
#78 = EDGE_CURVE('',#40,#71,#79,.T.);
#79 = LINE('',#80,#81);
#80 = CARTESIAN_POINT('',(2.632990618167E-14,430.,0.));
#81 = VECTOR('',#82,1.);
#82 = DIRECTION('',(-0.866025403784,-0.5,0.));
#83 = PLANE('',#84);
#84 = AXIS2_PLACEMENT_3D('',#85,#86,#87);
#85 = CARTESIAN_POINT('',(2.632990618167E-14,430.,0.));
#86 = DIRECTION('',(0.5,-0.866025403784,0.));
#87 = DIRECTION('',(-0.866025403784,-0.5,0.));
#88 = ADVANCED_FACE('',(#89),#114,.F.);
#89 = FACE_BOUND('',#90,.F.);
#90 = EDGE_LOOP('',(#91,#92,#100,#108));
#91 = ORIENTED_EDGE('',*,*,#70,.T.);
#92 = ORIENTED_EDGE('',*,*,#93,.T.);
#93 = EDGE_CURVE('',#63,#94,#96,.T.);
#94 = VERTEX_POINT('',#95);
#95 = CARTESIAN_POINT('',(-372.3909236273,-215.,100.));
#96 = LINE('',#97,#98);
#97 = CARTESIAN_POINT('',(-372.3909236273,215.,100.));
#98 = VECTOR('',#99,1.);
#99 = DIRECTION('',(1.321939973507E-16,-1.,0.));
#100 = ORIENTED_EDGE('',*,*,#101,.F.);
#101 = EDGE_CURVE('',#102,#94,#104,.T.);
#102 = VERTEX_POINT('',#103);
#103 = CARTESIAN_POINT('',(-372.3909236273,-215.,0.));
#104 = LINE('',#105,#106);
#105 = CARTESIAN_POINT('',(-372.3909236273,-215.,0.));
#106 = VECTOR('',#107,1.);
#107 = DIRECTION('',(0.,0.,1.));
#108 = ORIENTED_EDGE('',*,*,#109,.F.);
#109 = EDGE_CURVE('',#71,#102,#110,.T.);
#110 = LINE('',#111,#112);
#111 = CARTESIAN_POINT('',(-372.3909236273,215.,0.));
#112 = VECTOR('',#113,1.);
#113 = DIRECTION('',(1.321939973507E-16,-1.,0.));
#114 = PLANE('',#115);
#115 = AXIS2_PLACEMENT_3D('',#116,#117,#118);
#116 = CARTESIAN_POINT('',(-372.3909236273,215.,0.));
#117 = DIRECTION('',(1.,1.321939973507E-16,0.));
#118 = DIRECTION('',(1.321939973507E-16,-1.,0.));
#119 = ADVANCED_FACE('',(#120),#145,.F.);
#120 = FACE_BOUND('',#121,.F.);
#121 = EDGE_LOOP('',(#122,#123,#131,#139));
#122 = ORIENTED_EDGE('',*,*,#101,.T.);
#123 = ORIENTED_EDGE('',*,*,#124,.T.);
#124 = EDGE_CURVE('',#94,#125,#127,.T.);
#125 = VERTEX_POINT('',#126);
#126 = CARTESIAN_POINT('',(-7.8989718545E-14,-430.,100.));
#127 = LINE('',#128,#129);
#128 = CARTESIAN_POINT('',(-372.3909236273,-215.,100.));
#129 = VECTOR('',#130,1.);
#130 = DIRECTION('',(0.866025403784,-0.5,0.));
#131 = ORIENTED_EDGE('',*,*,#132,.F.);
#132 = EDGE_CURVE('',#133,#125,#135,.T.);
#133 = VERTEX_POINT('',#134);
#134 = CARTESIAN_POINT('',(-7.8989718545E-14,-430.,0.));
#135 = LINE('',#136,#137);
#136 = CARTESIAN_POINT('',(-7.8989718545E-14,-430.,0.));
#137 = VECTOR('',#138,1.);
#138 = DIRECTION('',(0.,0.,1.));
#139 = ORIENTED_EDGE('',*,*,#140,.F.);
#140 = EDGE_CURVE('',#102,#133,#141,.T.);
#141 = LINE('',#142,#143);
#142 = CARTESIAN_POINT('',(-372.3909236273,-215.,0.));
#143 = VECTOR('',#144,1.);
#144 = DIRECTION('',(0.866025403784,-0.5,0.));
#145 = PLANE('',#146);
#146 = AXIS2_PLACEMENT_3D('',#147,#148,#149);
#147 = CARTESIAN_POINT('',(-372.3909236273,-215.,0.));
#148 = DIRECTION('',(0.5,0.866025403784,0.));
#149 = DIRECTION('',(0.866025403784,-0.5,0.));
#150 = ADVANCED_FACE('',(#151),#176,.F.);
#151 = FACE_BOUND('',#152,.F.);
#152 = EDGE_LOOP('',(#153,#154,#162,#170));
#153 = ORIENTED_EDGE('',*,*,#132,.T.);
#154 = ORIENTED_EDGE('',*,*,#155,.T.);
#155 = EDGE_CURVE('',#125,#156,#158,.T.);
#156 = VERTEX_POINT('',#157);
#157 = CARTESIAN_POINT('',(372.3909236273,-215.,100.));
#158 = LINE('',#159,#160);
#159 = CARTESIAN_POINT('',(-7.8989718545E-14,-430.,100.));
#160 = VECTOR('',#161,1.);
#161 = DIRECTION('',(0.866025403784,0.5,0.));
#162 = ORIENTED_EDGE('',*,*,#163,.F.);
#163 = EDGE_CURVE('',#164,#156,#166,.T.);
#164 = VERTEX_POINT('',#165);
#165 = CARTESIAN_POINT('',(372.3909236273,-215.,0.));
#166 = LINE('',#167,#168);
#167 = CARTESIAN_POINT('',(372.3909236273,-215.,0.));
#168 = VECTOR('',#169,1.);
#169 = DIRECTION('',(0.,0.,1.));
#170 = ORIENTED_EDGE('',*,*,#171,.F.);
#171 = EDGE_CURVE('',#133,#164,#172,.T.);
#172 = LINE('',#173,#174);
#173 = CARTESIAN_POINT('',(-7.8989718545E-14,-430.,0.));
#174 = VECTOR('',#175,1.);
#175 = DIRECTION('',(0.866025403784,0.5,0.));
#176 = PLANE('',#177);
#177 = AXIS2_PLACEMENT_3D('',#178,#179,#180);
#178 = CARTESIAN_POINT('',(-7.8989718545E-14,-430.,0.));
#179 = DIRECTION('',(-0.5,0.866025403784,0.));
#180 = DIRECTION('',(0.866025403784,0.5,0.));
#181 = ADVANCED_FACE('',(#182),#198,.F.);
#182 = FACE_BOUND('',#183,.F.);
#183 = EDGE_LOOP('',(#184,#185,#191,#192));
#184 = ORIENTED_EDGE('',*,*,#163,.T.);
#185 = ORIENTED_EDGE('',*,*,#186,.T.);
#186 = EDGE_CURVE('',#156,#24,#187,.T.);
#187 = LINE('',#188,#189);
#188 = CARTESIAN_POINT('',(372.3909236273,-215.,100.));
#189 = VECTOR('',#190,1.);
#190 = DIRECTION('',(3.965819920521E-16,1.,0.));
#191 = ORIENTED_EDGE('',*,*,#21,.F.);
#192 = ORIENTED_EDGE('',*,*,#193,.F.);
#193 = EDGE_CURVE('',#164,#22,#194,.T.);
#194 = LINE('',#195,#196);
#195 = CARTESIAN_POINT('',(372.3909236273,-215.,0.));
#196 = VECTOR('',#197,1.);
#197 = DIRECTION('',(3.965819920521E-16,1.,0.));
#198 = PLANE('',#199);
#199 = AXIS2_PLACEMENT_3D('',#200,#201,#202);
#200 = CARTESIAN_POINT('',(372.3909236273,-215.,0.));
#201 = DIRECTION('',(-1.,3.965819920521E-16,0.));
#202 = DIRECTION('',(3.965819920521E-16,1.,0.));
#203 = ADVANCED_FACE('',(#204),#212,.F.);
#204 = FACE_BOUND('',#205,.F.);
#205 = EDGE_LOOP('',(#206,#207,#208,#209,#210,#211));
#206 = ORIENTED_EDGE('',*,*,#47,.T.);
#207 = ORIENTED_EDGE('',*,*,#78,.T.);
#208 = ORIENTED_EDGE('',*,*,#109,.T.);
#209 = ORIENTED_EDGE('',*,*,#140,.T.);
#210 = ORIENTED_EDGE('',*,*,#171,.T.);
#211 = ORIENTED_EDGE('',*,*,#193,.T.);
#212 = PLANE('',#213);
#213 = AXIS2_PLACEMENT_3D('',#214,#215,#216);
#214 = CARTESIAN_POINT('',(-2.16228314605E-14,4.736951571734E-15,0.));
#215 = DIRECTION('',(0.,0.,1.));
#216 = DIRECTION('',(1.,0.,0.));
#217 = ADVANCED_FACE('',(#218),#226,.T.);
#218 = FACE_BOUND('',#219,.T.);
#219 = EDGE_LOOP('',(#220,#221,#222,#223,#224,#225));
#220 = ORIENTED_EDGE('',*,*,#31,.T.);
#221 = ORIENTED_EDGE('',*,*,#62,.T.);
#222 = ORIENTED_EDGE('',*,*,#93,.T.);
#223 = ORIENTED_EDGE('',*,*,#124,.T.);
#224 = ORIENTED_EDGE('',*,*,#155,.T.);
#225 = ORIENTED_EDGE('',*,*,#186,.T.);
#226 = PLANE('',#227);
#227 = AXIS2_PLACEMENT_3D('',#228,#229,#230);
#228 = CARTESIAN_POINT('',(-2.16228314605E-14,4.736951571734E-15,100.));
#229 = DIRECTION('',(0.,0.,1.));
#230 = DIRECTION('',(1.,0.,0.));
#231 = MANIFOLD_SOLID_BREP('',#232);
#232 = CLOSED_SHELL('',(#233,#273,#304,#326,#337));
#233 = ADVANCED_FACE('',(#234),#268,.F.);
#234 = FACE_BOUND('',#235,.F.);
#235 = EDGE_LOOP('',(#236,#246,#254,#262));
#236 = ORIENTED_EDGE('',*,*,#237,.T.);
#237 = EDGE_CURVE('',#238,#240,#242,.T.);
#238 = VERTEX_POINT('',#239);
#239 = CARTESIAN_POINT('',(2.020667218593E-14,330.,100.));
#240 = VERTEX_POINT('',#241);
#241 = CARTESIAN_POINT('',(2.020667218593E-14,330.,780.));
#242 = LINE('',#243,#244);
#243 = CARTESIAN_POINT('',(2.020667218593E-14,330.,100.));
#244 = VECTOR('',#245,1.);
#245 = DIRECTION('',(0.,0.,1.));
#246 = ORIENTED_EDGE('',*,*,#247,.T.);
#247 = EDGE_CURVE('',#240,#248,#250,.T.);
#248 = VERTEX_POINT('',#249);
#249 = CARTESIAN_POINT('',(-285.7883832488,-165.,780.));
#250 = LINE('',#251,#252);
#251 = CARTESIAN_POINT('',(2.020667218593E-14,330.,780.));
#252 = VECTOR('',#253,1.);
#253 = DIRECTION('',(-0.5,-0.866025403784,0.));
#254 = ORIENTED_EDGE('',*,*,#255,.F.);
#255 = EDGE_CURVE('',#256,#248,#258,.T.);
#256 = VERTEX_POINT('',#257);
#257 = CARTESIAN_POINT('',(-285.7883832488,-165.,100.));
#258 = LINE('',#259,#260);
#259 = CARTESIAN_POINT('',(-285.7883832488,-165.,100.));
#260 = VECTOR('',#261,1.);
#261 = DIRECTION('',(0.,0.,1.));
#262 = ORIENTED_EDGE('',*,*,#263,.F.);
#263 = EDGE_CURVE('',#238,#256,#264,.T.);
#264 = LINE('',#265,#266);
#265 = CARTESIAN_POINT('',(2.020667218593E-14,330.,100.));
#266 = VECTOR('',#267,1.);
#267 = DIRECTION('',(-0.5,-0.866025403784,0.));
#268 = PLANE('',#269);
#269 = AXIS2_PLACEMENT_3D('',#270,#271,#272);
#270 = CARTESIAN_POINT('',(2.020667218593E-14,330.,100.));
#271 = DIRECTION('',(0.866025403784,-0.5,0.));
#272 = DIRECTION('',(-0.5,-0.866025403784,0.));
#273 = ADVANCED_FACE('',(#274),#299,.F.);
#274 = FACE_BOUND('',#275,.F.);
#275 = EDGE_LOOP('',(#276,#277,#285,#293));
#276 = ORIENTED_EDGE('',*,*,#255,.T.);
#277 = ORIENTED_EDGE('',*,*,#278,.T.);
#278 = EDGE_CURVE('',#248,#279,#281,.T.);
#279 = VERTEX_POINT('',#280);
#280 = CARTESIAN_POINT('',(285.78838324886,-165.,780.));
#281 = LINE('',#282,#283);
#282 = CARTESIAN_POINT('',(-285.7883832488,-165.,780.));
#283 = VECTOR('',#284,1.);
#284 = DIRECTION('',(1.,-1.989003829148E-16,0.));
#285 = ORIENTED_EDGE('',*,*,#286,.F.);
#286 = EDGE_CURVE('',#287,#279,#289,.T.);
#287 = VERTEX_POINT('',#288);
#288 = CARTESIAN_POINT('',(285.78838324886,-165.,100.));
#289 = LINE('',#290,#291);
#290 = CARTESIAN_POINT('',(285.78838324886,-165.,100.));
#291 = VECTOR('',#292,1.);
#292 = DIRECTION('',(0.,0.,1.));
#293 = ORIENTED_EDGE('',*,*,#294,.F.);
#294 = EDGE_CURVE('',#256,#287,#295,.T.);
#295 = LINE('',#296,#297);
#296 = CARTESIAN_POINT('',(-285.7883832488,-165.,100.));
#297 = VECTOR('',#298,1.);
#298 = DIRECTION('',(1.,-1.989003829148E-16,0.));
#299 = PLANE('',#300);
#300 = AXIS2_PLACEMENT_3D('',#301,#302,#303);
#301 = CARTESIAN_POINT('',(-285.7883832488,-165.,100.));
#302 = DIRECTION('',(1.989003829148E-16,1.,0.));
#303 = DIRECTION('',(1.,-1.989003829148E-16,0.));
#304 = ADVANCED_FACE('',(#305),#321,.F.);
#305 = FACE_BOUND('',#306,.F.);
#306 = EDGE_LOOP('',(#307,#308,#314,#315));
#307 = ORIENTED_EDGE('',*,*,#286,.T.);
#308 = ORIENTED_EDGE('',*,*,#309,.T.);
#309 = EDGE_CURVE('',#279,#240,#310,.T.);
#310 = LINE('',#311,#312);
#311 = CARTESIAN_POINT('',(285.78838324886,-165.,780.));
#312 = VECTOR('',#313,1.);
#313 = DIRECTION('',(-0.5,0.866025403784,0.));
#314 = ORIENTED_EDGE('',*,*,#237,.F.);
#315 = ORIENTED_EDGE('',*,*,#316,.F.);
#316 = EDGE_CURVE('',#287,#238,#317,.T.);
#317 = LINE('',#318,#319);
#318 = CARTESIAN_POINT('',(285.78838324886,-165.,100.));
#319 = VECTOR('',#320,1.);
#320 = DIRECTION('',(-0.5,0.866025403784,0.));
#321 = PLANE('',#322);
#322 = AXIS2_PLACEMENT_3D('',#323,#324,#325);
#323 = CARTESIAN_POINT('',(285.78838324886,-165.,100.));
#324 = DIRECTION('',(-0.866025403784,-0.5,0.));
#325 = DIRECTION('',(-0.5,0.866025403784,0.));
#326 = ADVANCED_FACE('',(#327),#332,.F.);
#327 = FACE_BOUND('',#328,.F.);
#328 = EDGE_LOOP('',(#329,#330,#331));
#329 = ORIENTED_EDGE('',*,*,#263,.T.);
#330 = ORIENTED_EDGE('',*,*,#294,.T.);
#331 = ORIENTED_EDGE('',*,*,#316,.T.);
#332 = PLANE('',#333);
#333 = AXIS2_PLACEMENT_3D('',#334,#335,#336);
#334 = CARTESIAN_POINT('',(-3.957993284483E-14,-4.646937436563E-14,100.)
  );
#335 = DIRECTION('',(0.,0.,1.));
#336 = DIRECTION('',(1.,0.,0.));
#337 = ADVANCED_FACE('',(#338),#343,.T.);
#338 = FACE_BOUND('',#339,.T.);
#339 = EDGE_LOOP('',(#340,#341,#342));
#340 = ORIENTED_EDGE('',*,*,#247,.T.);
#341 = ORIENTED_EDGE('',*,*,#278,.T.);
#342 = ORIENTED_EDGE('',*,*,#309,.T.);
#343 = PLANE('',#344);
#344 = AXIS2_PLACEMENT_3D('',#345,#346,#347);
#345 = CARTESIAN_POINT('',(-3.957993284483E-14,-4.646937436563E-14,780.)
  );
#346 = DIRECTION('',(0.,0.,1.));
#347 = DIRECTION('',(1.,0.,0.));
#348 = MANIFOLD_SOLID_BREP('',#349);
#349 = CLOSED_SHELL('',(#350,#390,#430,#452,#474,#486));
#350 = ADVANCED_FACE('',(#351),#385,.F.);
#351 = FACE_BOUND('',#352,.F.);
#352 = EDGE_LOOP('',(#353,#363,#371,#379));
#353 = ORIENTED_EDGE('',*,*,#354,.F.);
#354 = EDGE_CURVE('',#355,#357,#359,.T.);
#355 = VERTEX_POINT('',#356);
#356 = CARTESIAN_POINT('',(162.7211431703,191.84128743664,28.));
#357 = VERTEX_POINT('',#358);
#358 = CARTESIAN_POINT('',(162.7211431703,191.84128743664,83.));
#359 = LINE('',#360,#361);
#360 = CARTESIAN_POINT('',(162.7211431703,191.84128743664,28.));
#361 = VECTOR('',#362,1.);
#362 = DIRECTION('',(0.,0.,1.));
#363 = ORIENTED_EDGE('',*,*,#364,.T.);
#364 = EDGE_CURVE('',#355,#365,#367,.T.);
#365 = VERTEX_POINT('',#366);
#366 = CARTESIAN_POINT('',(84.7788568297,236.84128743664,28.));
#367 = LINE('',#368,#369);
#368 = CARTESIAN_POINT('',(162.7211431703,191.84128743664,28.));
#369 = VECTOR('',#370,1.);
#370 = DIRECTION('',(-0.866025403784,0.5,0.));
#371 = ORIENTED_EDGE('',*,*,#372,.T.);
#372 = EDGE_CURVE('',#365,#373,#375,.T.);
#373 = VERTEX_POINT('',#374);
#374 = CARTESIAN_POINT('',(84.7788568297,236.84128743664,83.));
#375 = LINE('',#376,#377);
#376 = CARTESIAN_POINT('',(84.7788568297,236.84128743664,28.));
#377 = VECTOR('',#378,1.);
#378 = DIRECTION('',(0.,0.,1.));
#379 = ORIENTED_EDGE('',*,*,#380,.F.);
#380 = EDGE_CURVE('',#357,#373,#381,.T.);
#381 = LINE('',#382,#383);
#382 = CARTESIAN_POINT('',(162.7211431703,191.84128743664,83.));
#383 = VECTOR('',#384,1.);
#384 = DIRECTION('',(-0.866025403784,0.5,0.));
#385 = PLANE('',#386);
#386 = AXIS2_PLACEMENT_3D('',#387,#388,#389);
#387 = CARTESIAN_POINT('',(162.7211431703,191.84128743664,28.));
#388 = DIRECTION('',(0.5,0.866025403784,0.));
#389 = DIRECTION('',(0.,0.,1.));
#390 = ADVANCED_FACE('',(#391),#425,.T.);
#391 = FACE_BOUND('',#392,.T.);
#392 = EDGE_LOOP('',(#393,#403,#411,#419));
#393 = ORIENTED_EDGE('',*,*,#394,.F.);
#394 = EDGE_CURVE('',#395,#397,#399,.T.);
#395 = VERTEX_POINT('',#396);
#396 = CARTESIAN_POINT('',(687.7211431703,1.10116796141E+03,28.));
#397 = VERTEX_POINT('',#398);
#398 = CARTESIAN_POINT('',(687.7211431703,1.10116796141E+03,83.));
#399 = LINE('',#400,#401);
#400 = CARTESIAN_POINT('',(687.7211431703,1.10116796141E+03,28.));
#401 = VECTOR('',#402,1.);
#402 = DIRECTION('',(0.,0.,1.));
#403 = ORIENTED_EDGE('',*,*,#404,.T.);
#404 = EDGE_CURVE('',#395,#405,#407,.T.);
#405 = VERTEX_POINT('',#406);
#406 = CARTESIAN_POINT('',(609.7788568297,1.14616796141E+03,28.));
#407 = LINE('',#408,#409);
#408 = CARTESIAN_POINT('',(687.7211431703,1.10116796141E+03,28.));
#409 = VECTOR('',#410,1.);
#410 = DIRECTION('',(-0.866025403784,0.5,0.));
#411 = ORIENTED_EDGE('',*,*,#412,.T.);
#412 = EDGE_CURVE('',#405,#413,#415,.T.);
#413 = VERTEX_POINT('',#414);
#414 = CARTESIAN_POINT('',(609.7788568297,1.14616796141E+03,83.));
#415 = LINE('',#416,#417);
#416 = CARTESIAN_POINT('',(609.7788568297,1.14616796141E+03,28.));
#417 = VECTOR('',#418,1.);
#418 = DIRECTION('',(0.,0.,1.));
#419 = ORIENTED_EDGE('',*,*,#420,.F.);
#420 = EDGE_CURVE('',#397,#413,#421,.T.);
#421 = LINE('',#422,#423);
#422 = CARTESIAN_POINT('',(687.7211431703,1.10116796141E+03,83.));
#423 = VECTOR('',#424,1.);
#424 = DIRECTION('',(-0.866025403784,0.5,0.));
#425 = PLANE('',#426);
#426 = AXIS2_PLACEMENT_3D('',#427,#428,#429);
#427 = CARTESIAN_POINT('',(687.7211431703,1.10116796141E+03,28.));
#428 = DIRECTION('',(0.5,0.866025403784,0.));
#429 = DIRECTION('',(0.,0.,1.));
#430 = ADVANCED_FACE('',(#431),#447,.F.);
#431 = FACE_BOUND('',#432,.F.);
#432 = EDGE_LOOP('',(#433,#439,#440,#446));
#433 = ORIENTED_EDGE('',*,*,#434,.F.);
#434 = EDGE_CURVE('',#355,#395,#435,.T.);
#435 = LINE('',#436,#437);
#436 = CARTESIAN_POINT('',(162.7211431703,191.84128743664,28.));
#437 = VECTOR('',#438,1.);
#438 = DIRECTION('',(0.5,0.866025403784,0.));
#439 = ORIENTED_EDGE('',*,*,#354,.T.);
#440 = ORIENTED_EDGE('',*,*,#441,.T.);
#441 = EDGE_CURVE('',#357,#397,#442,.T.);
#442 = LINE('',#443,#444);
#443 = CARTESIAN_POINT('',(162.7211431703,191.84128743664,83.));
#444 = VECTOR('',#445,1.);
#445 = DIRECTION('',(0.5,0.866025403784,0.));
#446 = ORIENTED_EDGE('',*,*,#394,.F.);
#447 = PLANE('',#448);
#448 = AXIS2_PLACEMENT_3D('',#449,#450,#451);
#449 = CARTESIAN_POINT('',(162.7211431703,191.84128743664,28.));
#450 = DIRECTION('',(-0.866025403784,0.5,0.));
#451 = DIRECTION('',(0.,0.,1.));
#452 = ADVANCED_FACE('',(#453),#469,.T.);
#453 = FACE_BOUND('',#454,.T.);
#454 = EDGE_LOOP('',(#455,#461,#462,#468));
#455 = ORIENTED_EDGE('',*,*,#456,.F.);
#456 = EDGE_CURVE('',#365,#405,#457,.T.);
#457 = LINE('',#458,#459);
#458 = CARTESIAN_POINT('',(84.7788568297,236.84128743664,28.));
#459 = VECTOR('',#460,1.);
#460 = DIRECTION('',(0.5,0.866025403784,0.));
#461 = ORIENTED_EDGE('',*,*,#372,.T.);
#462 = ORIENTED_EDGE('',*,*,#463,.T.);
#463 = EDGE_CURVE('',#373,#413,#464,.T.);
#464 = LINE('',#465,#466);
#465 = CARTESIAN_POINT('',(84.7788568297,236.84128743664,83.));
#466 = VECTOR('',#467,1.);
#467 = DIRECTION('',(0.5,0.866025403784,0.));
#468 = ORIENTED_EDGE('',*,*,#412,.F.);
#469 = PLANE('',#470);
#470 = AXIS2_PLACEMENT_3D('',#471,#472,#473);
#471 = CARTESIAN_POINT('',(84.7788568297,236.84128743664,28.));
#472 = DIRECTION('',(-0.866025403784,0.5,0.));
#473 = DIRECTION('',(0.,0.,1.));
#474 = ADVANCED_FACE('',(#475),#481,.F.);
#475 = FACE_BOUND('',#476,.F.);
#476 = EDGE_LOOP('',(#477,#478,#479,#480));
#477 = ORIENTED_EDGE('',*,*,#364,.F.);
#478 = ORIENTED_EDGE('',*,*,#434,.T.);
#479 = ORIENTED_EDGE('',*,*,#404,.T.);
#480 = ORIENTED_EDGE('',*,*,#456,.F.);
#481 = PLANE('',#482);
#482 = AXIS2_PLACEMENT_3D('',#483,#484,#485);
#483 = CARTESIAN_POINT('',(162.7211431703,191.84128743664,28.));
#484 = DIRECTION('',(0.,0.,1.));
#485 = DIRECTION('',(0.5,0.866025403784,0.));
#486 = ADVANCED_FACE('',(#487),#493,.T.);
#487 = FACE_BOUND('',#488,.T.);
#488 = EDGE_LOOP('',(#489,#490,#491,#492));
#489 = ORIENTED_EDGE('',*,*,#380,.F.);
#490 = ORIENTED_EDGE('',*,*,#441,.T.);
#491 = ORIENTED_EDGE('',*,*,#420,.T.);
#492 = ORIENTED_EDGE('',*,*,#463,.F.);
#493 = PLANE('',#494);
#494 = AXIS2_PLACEMENT_3D('',#495,#496,#497);
#495 = CARTESIAN_POINT('',(162.7211431703,191.84128743664,83.));
#496 = DIRECTION('',(0.,0.,1.));
#497 = DIRECTION('',(0.5,0.866025403784,0.));
#498 = MANIFOLD_SOLID_BREP('',#499);
#499 = CLOSED_SHELL('',(#500,#540,#580,#602,#624,#636));
#500 = ADVANCED_FACE('',(#501),#535,.F.);
#501 = FACE_BOUND('',#502,.F.);
#502 = EDGE_LOOP('',(#503,#513,#521,#529));
#503 = ORIENTED_EDGE('',*,*,#504,.F.);
#504 = EDGE_CURVE('',#505,#507,#509,.T.);
#505 = VERTEX_POINT('',#506);
#506 = CARTESIAN_POINT('',(-247.5,45.,28.));
#507 = VERTEX_POINT('',#508);
#508 = CARTESIAN_POINT('',(-247.5,45.,83.));
#509 = LINE('',#510,#511);
#510 = CARTESIAN_POINT('',(-247.5,45.,28.));
#511 = VECTOR('',#512,1.);
#512 = DIRECTION('',(0.,0.,1.));
#513 = ORIENTED_EDGE('',*,*,#514,.T.);
#514 = EDGE_CURVE('',#505,#515,#517,.T.);
#515 = VERTEX_POINT('',#516);
#516 = CARTESIAN_POINT('',(-247.5,-45.,28.));
#517 = LINE('',#518,#519);
#518 = CARTESIAN_POINT('',(-247.5,45.,28.));
#519 = VECTOR('',#520,1.);
#520 = DIRECTION('',(0.,-1.,0.));
#521 = ORIENTED_EDGE('',*,*,#522,.T.);
#522 = EDGE_CURVE('',#515,#523,#525,.T.);
#523 = VERTEX_POINT('',#524);
#524 = CARTESIAN_POINT('',(-247.5,-45.,83.));
#525 = LINE('',#526,#527);
#526 = CARTESIAN_POINT('',(-247.5,-45.,28.));
#527 = VECTOR('',#528,1.);
#528 = DIRECTION('',(0.,0.,1.));
#529 = ORIENTED_EDGE('',*,*,#530,.F.);
#530 = EDGE_CURVE('',#507,#523,#531,.T.);
#531 = LINE('',#532,#533);
#532 = CARTESIAN_POINT('',(-247.5,45.,83.));
#533 = VECTOR('',#534,1.);
#534 = DIRECTION('',(0.,-1.,0.));
#535 = PLANE('',#536);
#536 = AXIS2_PLACEMENT_3D('',#537,#538,#539);
#537 = CARTESIAN_POINT('',(-247.5,45.,28.));
#538 = DIRECTION('',(-1.,0.,0.));
#539 = DIRECTION('',(0.,0.,1.));
#540 = ADVANCED_FACE('',(#541),#575,.T.);
#541 = FACE_BOUND('',#542,.T.);
#542 = EDGE_LOOP('',(#543,#553,#561,#569));
#543 = ORIENTED_EDGE('',*,*,#544,.F.);
#544 = EDGE_CURVE('',#545,#547,#549,.T.);
#545 = VERTEX_POINT('',#546);
#546 = CARTESIAN_POINT('',(-1.2975E+03,45.,28.));
#547 = VERTEX_POINT('',#548);
#548 = CARTESIAN_POINT('',(-1.2975E+03,45.,83.));
#549 = LINE('',#550,#551);
#550 = CARTESIAN_POINT('',(-1.2975E+03,45.,28.));
#551 = VECTOR('',#552,1.);
#552 = DIRECTION('',(0.,0.,1.));
#553 = ORIENTED_EDGE('',*,*,#554,.T.);
#554 = EDGE_CURVE('',#545,#555,#557,.T.);
#555 = VERTEX_POINT('',#556);
#556 = CARTESIAN_POINT('',(-1.2975E+03,-45.,28.));
#557 = LINE('',#558,#559);
#558 = CARTESIAN_POINT('',(-1.2975E+03,45.,28.));
#559 = VECTOR('',#560,1.);
#560 = DIRECTION('',(0.,-1.,0.));
#561 = ORIENTED_EDGE('',*,*,#562,.T.);
#562 = EDGE_CURVE('',#555,#563,#565,.T.);
#563 = VERTEX_POINT('',#564);
#564 = CARTESIAN_POINT('',(-1.2975E+03,-45.,83.));
#565 = LINE('',#566,#567);
#566 = CARTESIAN_POINT('',(-1.2975E+03,-45.,28.));
#567 = VECTOR('',#568,1.);
#568 = DIRECTION('',(0.,0.,1.));
#569 = ORIENTED_EDGE('',*,*,#570,.F.);
#570 = EDGE_CURVE('',#547,#563,#571,.T.);
#571 = LINE('',#572,#573);
#572 = CARTESIAN_POINT('',(-1.2975E+03,45.,83.));
#573 = VECTOR('',#574,1.);
#574 = DIRECTION('',(0.,-1.,0.));
#575 = PLANE('',#576);
#576 = AXIS2_PLACEMENT_3D('',#577,#578,#579);
#577 = CARTESIAN_POINT('',(-1.2975E+03,45.,28.));
#578 = DIRECTION('',(-1.,0.,0.));
#579 = DIRECTION('',(0.,0.,1.));
#580 = ADVANCED_FACE('',(#581),#597,.F.);
#581 = FACE_BOUND('',#582,.F.);
#582 = EDGE_LOOP('',(#583,#589,#590,#596));
#583 = ORIENTED_EDGE('',*,*,#584,.F.);
#584 = EDGE_CURVE('',#505,#545,#585,.T.);
#585 = LINE('',#586,#587);
#586 = CARTESIAN_POINT('',(-247.5,45.,28.));
#587 = VECTOR('',#588,1.);
#588 = DIRECTION('',(-1.,0.,0.));
#589 = ORIENTED_EDGE('',*,*,#504,.T.);
#590 = ORIENTED_EDGE('',*,*,#591,.T.);
#591 = EDGE_CURVE('',#507,#547,#592,.T.);
#592 = LINE('',#593,#594);
#593 = CARTESIAN_POINT('',(-247.5,45.,83.));
#594 = VECTOR('',#595,1.);
#595 = DIRECTION('',(-1.,0.,0.));
#596 = ORIENTED_EDGE('',*,*,#544,.F.);
#597 = PLANE('',#598);
#598 = AXIS2_PLACEMENT_3D('',#599,#600,#601);
#599 = CARTESIAN_POINT('',(-247.5,45.,28.));
#600 = DIRECTION('',(0.,-1.,0.));
#601 = DIRECTION('',(0.,0.,1.));
#602 = ADVANCED_FACE('',(#603),#619,.T.);
#603 = FACE_BOUND('',#604,.T.);
#604 = EDGE_LOOP('',(#605,#611,#612,#618));
#605 = ORIENTED_EDGE('',*,*,#606,.F.);
#606 = EDGE_CURVE('',#515,#555,#607,.T.);
#607 = LINE('',#608,#609);
#608 = CARTESIAN_POINT('',(-247.5,-45.,28.));
#609 = VECTOR('',#610,1.);
#610 = DIRECTION('',(-1.,0.,0.));
#611 = ORIENTED_EDGE('',*,*,#522,.T.);
#612 = ORIENTED_EDGE('',*,*,#613,.T.);
#613 = EDGE_CURVE('',#523,#563,#614,.T.);
#614 = LINE('',#615,#616);
#615 = CARTESIAN_POINT('',(-247.5,-45.,83.));
#616 = VECTOR('',#617,1.);
#617 = DIRECTION('',(-1.,0.,0.));
#618 = ORIENTED_EDGE('',*,*,#562,.F.);
#619 = PLANE('',#620);
#620 = AXIS2_PLACEMENT_3D('',#621,#622,#623);
#621 = CARTESIAN_POINT('',(-247.5,-45.,28.));
#622 = DIRECTION('',(0.,-1.,0.));
#623 = DIRECTION('',(0.,0.,1.));
#624 = ADVANCED_FACE('',(#625),#631,.F.);
#625 = FACE_BOUND('',#626,.F.);
#626 = EDGE_LOOP('',(#627,#628,#629,#630));
#627 = ORIENTED_EDGE('',*,*,#514,.F.);
#628 = ORIENTED_EDGE('',*,*,#584,.T.);
#629 = ORIENTED_EDGE('',*,*,#554,.T.);
#630 = ORIENTED_EDGE('',*,*,#606,.F.);
#631 = PLANE('',#632);
#632 = AXIS2_PLACEMENT_3D('',#633,#634,#635);
#633 = CARTESIAN_POINT('',(-247.5,45.,28.));
#634 = DIRECTION('',(0.,0.,1.));
#635 = DIRECTION('',(-1.,0.,0.));
#636 = ADVANCED_FACE('',(#637),#643,.T.);
#637 = FACE_BOUND('',#638,.T.);
#638 = EDGE_LOOP('',(#639,#640,#641,#642));
#639 = ORIENTED_EDGE('',*,*,#530,.F.);
#640 = ORIENTED_EDGE('',*,*,#591,.T.);
#641 = ORIENTED_EDGE('',*,*,#570,.T.);
#642 = ORIENTED_EDGE('',*,*,#613,.F.);
#643 = PLANE('',#644);
#644 = AXIS2_PLACEMENT_3D('',#645,#646,#647);
#645 = CARTESIAN_POINT('',(-247.5,45.,83.));
#646 = DIRECTION('',(0.,0.,1.));
#647 = DIRECTION('',(-1.,0.,0.));
#648 = MANIFOLD_SOLID_BREP('',#649);
#649 = CLOSED_SHELL('',(#650,#690,#730,#752,#774,#786));
#650 = ADVANCED_FACE('',(#651),#685,.F.);
#651 = FACE_BOUND('',#652,.F.);
#652 = EDGE_LOOP('',(#653,#663,#671,#679));
#653 = ORIENTED_EDGE('',*,*,#654,.F.);
#654 = EDGE_CURVE('',#655,#657,#659,.T.);
#655 = VERTEX_POINT('',#656);
#656 = CARTESIAN_POINT('',(84.7788568297,-236.8412874366,28.));
#657 = VERTEX_POINT('',#658);
#658 = CARTESIAN_POINT('',(84.7788568297,-236.8412874366,83.));
#659 = LINE('',#660,#661);
#660 = CARTESIAN_POINT('',(84.7788568297,-236.8412874366,28.));
#661 = VECTOR('',#662,1.);
#662 = DIRECTION('',(0.,0.,1.));
#663 = ORIENTED_EDGE('',*,*,#664,.T.);
#664 = EDGE_CURVE('',#655,#665,#667,.T.);
#665 = VERTEX_POINT('',#666);
#666 = CARTESIAN_POINT('',(162.7211431703,-191.8412874366,28.));
#667 = LINE('',#668,#669);
#668 = CARTESIAN_POINT('',(84.7788568297,-236.8412874366,28.));
#669 = VECTOR('',#670,1.);
#670 = DIRECTION('',(0.866025403784,0.5,0.));
#671 = ORIENTED_EDGE('',*,*,#672,.T.);
#672 = EDGE_CURVE('',#665,#673,#675,.T.);
#673 = VERTEX_POINT('',#674);
#674 = CARTESIAN_POINT('',(162.7211431703,-191.8412874366,83.));
#675 = LINE('',#676,#677);
#676 = CARTESIAN_POINT('',(162.7211431703,-191.8412874366,28.));
#677 = VECTOR('',#678,1.);
#678 = DIRECTION('',(0.,0.,1.));
#679 = ORIENTED_EDGE('',*,*,#680,.F.);
#680 = EDGE_CURVE('',#657,#673,#681,.T.);
#681 = LINE('',#682,#683);
#682 = CARTESIAN_POINT('',(84.7788568297,-236.8412874366,83.));
#683 = VECTOR('',#684,1.);
#684 = DIRECTION('',(0.866025403784,0.5,0.));
#685 = PLANE('',#686);
#686 = AXIS2_PLACEMENT_3D('',#687,#688,#689);
#687 = CARTESIAN_POINT('',(84.7788568297,-236.8412874366,28.));
#688 = DIRECTION('',(0.5,-0.866025403784,0.));
#689 = DIRECTION('',(0.,0.,1.));
#690 = ADVANCED_FACE('',(#691),#725,.T.);
#691 = FACE_BOUND('',#692,.T.);
#692 = EDGE_LOOP('',(#693,#703,#711,#719));
#693 = ORIENTED_EDGE('',*,*,#694,.F.);
#694 = EDGE_CURVE('',#695,#697,#699,.T.);
#695 = VERTEX_POINT('',#696);
#696 = CARTESIAN_POINT('',(609.7788568297,-1.14616796141E+03,28.));
#697 = VERTEX_POINT('',#698);
#698 = CARTESIAN_POINT('',(609.7788568297,-1.14616796141E+03,83.));
#699 = LINE('',#700,#701);
#700 = CARTESIAN_POINT('',(609.7788568297,-1.14616796141E+03,28.));
#701 = VECTOR('',#702,1.);
#702 = DIRECTION('',(0.,0.,1.));
#703 = ORIENTED_EDGE('',*,*,#704,.T.);
#704 = EDGE_CURVE('',#695,#705,#707,.T.);
#705 = VERTEX_POINT('',#706);
#706 = CARTESIAN_POINT('',(687.7211431703,-1.10116796141E+03,28.));
#707 = LINE('',#708,#709);
#708 = CARTESIAN_POINT('',(609.7788568297,-1.14616796141E+03,28.));
#709 = VECTOR('',#710,1.);
#710 = DIRECTION('',(0.866025403784,0.5,0.));
#711 = ORIENTED_EDGE('',*,*,#712,.T.);
#712 = EDGE_CURVE('',#705,#713,#715,.T.);
#713 = VERTEX_POINT('',#714);
#714 = CARTESIAN_POINT('',(687.7211431703,-1.10116796141E+03,83.));
#715 = LINE('',#716,#717);
#716 = CARTESIAN_POINT('',(687.7211431703,-1.10116796141E+03,28.));
#717 = VECTOR('',#718,1.);
#718 = DIRECTION('',(0.,0.,1.));
#719 = ORIENTED_EDGE('',*,*,#720,.F.);
#720 = EDGE_CURVE('',#697,#713,#721,.T.);
#721 = LINE('',#722,#723);
#722 = CARTESIAN_POINT('',(609.7788568297,-1.14616796141E+03,83.));
#723 = VECTOR('',#724,1.);
#724 = DIRECTION('',(0.866025403784,0.5,0.));
#725 = PLANE('',#726);
#726 = AXIS2_PLACEMENT_3D('',#727,#728,#729);
#727 = CARTESIAN_POINT('',(609.7788568297,-1.14616796141E+03,28.));
#728 = DIRECTION('',(0.5,-0.866025403784,0.));
#729 = DIRECTION('',(0.,0.,1.));
#730 = ADVANCED_FACE('',(#731),#747,.F.);
#731 = FACE_BOUND('',#732,.F.);
#732 = EDGE_LOOP('',(#733,#739,#740,#746));
#733 = ORIENTED_EDGE('',*,*,#734,.F.);
#734 = EDGE_CURVE('',#655,#695,#735,.T.);
#735 = LINE('',#736,#737);
#736 = CARTESIAN_POINT('',(84.7788568297,-236.8412874366,28.));
#737 = VECTOR('',#738,1.);
#738 = DIRECTION('',(0.5,-0.866025403784,0.));
#739 = ORIENTED_EDGE('',*,*,#654,.T.);
#740 = ORIENTED_EDGE('',*,*,#741,.T.);
#741 = EDGE_CURVE('',#657,#697,#742,.T.);
#742 = LINE('',#743,#744);
#743 = CARTESIAN_POINT('',(84.7788568297,-236.8412874366,83.));
#744 = VECTOR('',#745,1.);
#745 = DIRECTION('',(0.5,-0.866025403784,0.));
#746 = ORIENTED_EDGE('',*,*,#694,.F.);
#747 = PLANE('',#748);
#748 = AXIS2_PLACEMENT_3D('',#749,#750,#751);
#749 = CARTESIAN_POINT('',(84.7788568297,-236.8412874366,28.));
#750 = DIRECTION('',(0.866025403784,0.5,0.));
#751 = DIRECTION('',(0.,0.,1.));
#752 = ADVANCED_FACE('',(#753),#769,.T.);
#753 = FACE_BOUND('',#754,.T.);
#754 = EDGE_LOOP('',(#755,#761,#762,#768));
#755 = ORIENTED_EDGE('',*,*,#756,.F.);
#756 = EDGE_CURVE('',#665,#705,#757,.T.);
#757 = LINE('',#758,#759);
#758 = CARTESIAN_POINT('',(162.7211431703,-191.8412874366,28.));
#759 = VECTOR('',#760,1.);
#760 = DIRECTION('',(0.5,-0.866025403784,0.));
#761 = ORIENTED_EDGE('',*,*,#672,.T.);
#762 = ORIENTED_EDGE('',*,*,#763,.T.);
#763 = EDGE_CURVE('',#673,#713,#764,.T.);
#764 = LINE('',#765,#766);
#765 = CARTESIAN_POINT('',(162.7211431703,-191.8412874366,83.));
#766 = VECTOR('',#767,1.);
#767 = DIRECTION('',(0.5,-0.866025403784,0.));
#768 = ORIENTED_EDGE('',*,*,#712,.F.);
#769 = PLANE('',#770);
#770 = AXIS2_PLACEMENT_3D('',#771,#772,#773);
#771 = CARTESIAN_POINT('',(162.7211431703,-191.8412874366,28.));
#772 = DIRECTION('',(0.866025403784,0.5,0.));
#773 = DIRECTION('',(0.,0.,1.));
#774 = ADVANCED_FACE('',(#775),#781,.F.);
#775 = FACE_BOUND('',#776,.F.);
#776 = EDGE_LOOP('',(#777,#778,#779,#780));
#777 = ORIENTED_EDGE('',*,*,#664,.F.);
#778 = ORIENTED_EDGE('',*,*,#734,.T.);
#779 = ORIENTED_EDGE('',*,*,#704,.T.);
#780 = ORIENTED_EDGE('',*,*,#756,.F.);
#781 = PLANE('',#782);
#782 = AXIS2_PLACEMENT_3D('',#783,#784,#785);
#783 = CARTESIAN_POINT('',(84.7788568297,-236.8412874366,28.));
#784 = DIRECTION('',(0.,0.,1.));
#785 = DIRECTION('',(0.5,-0.866025403784,0.));
#786 = ADVANCED_FACE('',(#787),#793,.T.);
#787 = FACE_BOUND('',#788,.T.);
#788 = EDGE_LOOP('',(#789,#790,#791,#792));
#789 = ORIENTED_EDGE('',*,*,#680,.F.);
#790 = ORIENTED_EDGE('',*,*,#741,.T.);
#791 = ORIENTED_EDGE('',*,*,#720,.T.);
#792 = ORIENTED_EDGE('',*,*,#763,.F.);
#793 = PLANE('',#794);
#794 = AXIS2_PLACEMENT_3D('',#795,#796,#797);
#795 = CARTESIAN_POINT('',(84.7788568297,-236.8412874366,83.));
#796 = DIRECTION('',(0.,0.,1.));
#797 = DIRECTION('',(0.5,-0.866025403784,0.));
#798 = MANIFOLD_SOLID_BREP('',#799);
#799 = CLOSED_SHELL('',(#800,#833,#842));
#800 = ADVANCED_FACE('',(#801),#828,.T.);
#801 = FACE_BOUND('',#802,.T.);
#802 = EDGE_LOOP('',(#803,#812,#820,#827));
#803 = ORIENTED_EDGE('',*,*,#804,.F.);
#804 = EDGE_CURVE('',#805,#805,#807,.T.);
#805 = VERTEX_POINT('',#806);
#806 = CARTESIAN_POINT('',(1.163E+03,-3.673940397442E-14,28.));
#807 = CIRCLE('',#808,150.);
#808 = AXIS2_PLACEMENT_3D('',#809,#810,#811);
#809 = CARTESIAN_POINT('',(1.013E+03,0.,28.));
#810 = DIRECTION('',(0.,0.,1.));
#811 = DIRECTION('',(1.,0.,0.));
#812 = ORIENTED_EDGE('',*,*,#813,.F.);
#813 = EDGE_CURVE('',#814,#805,#816,.T.);
#814 = VERTEX_POINT('',#815);
#815 = CARTESIAN_POINT('',(1.163E+03,-3.673940397442E-14,0.));
#816 = LINE('',#817,#818);
#817 = CARTESIAN_POINT('',(1.163E+03,-3.673940397442E-14,0.));
#818 = VECTOR('',#819,1.);
#819 = DIRECTION('',(0.,0.,1.));
#820 = ORIENTED_EDGE('',*,*,#821,.T.);
#821 = EDGE_CURVE('',#814,#814,#822,.T.);
#822 = CIRCLE('',#823,150.);
#823 = AXIS2_PLACEMENT_3D('',#824,#825,#826);
#824 = CARTESIAN_POINT('',(1.013E+03,0.,0.));
#825 = DIRECTION('',(0.,0.,1.));
#826 = DIRECTION('',(1.,0.,0.));
#827 = ORIENTED_EDGE('',*,*,#813,.T.);
#828 = CYLINDRICAL_SURFACE('',#829,150.);
#829 = AXIS2_PLACEMENT_3D('',#830,#831,#832);
#830 = CARTESIAN_POINT('',(1.013E+03,0.,0.));
#831 = DIRECTION('',(0.,0.,1.));
#832 = DIRECTION('',(1.,0.,0.));
#833 = ADVANCED_FACE('',(#834),#837,.T.);
#834 = FACE_BOUND('',#835,.T.);
#835 = EDGE_LOOP('',(#836));
#836 = ORIENTED_EDGE('',*,*,#804,.T.);
#837 = PLANE('',#838);
#838 = AXIS2_PLACEMENT_3D('',#839,#840,#841);
#839 = CARTESIAN_POINT('',(1.013E+03,0.,28.));
#840 = DIRECTION('',(0.,0.,1.));
#841 = DIRECTION('',(1.,0.,0.));
#842 = ADVANCED_FACE('',(#843),#846,.F.);
#843 = FACE_BOUND('',#844,.T.);
#844 = EDGE_LOOP('',(#845));
#845 = ORIENTED_EDGE('',*,*,#821,.F.);
#846 = PLANE('',#847);
#847 = AXIS2_PLACEMENT_3D('',#848,#849,#850);
#848 = CARTESIAN_POINT('',(1.013E+03,0.,0.));
#849 = DIRECTION('',(0.,0.,1.));
#850 = DIRECTION('',(1.,0.,0.));
#851 = MANIFOLD_SOLID_BREP('',#852);
#852 = CLOSED_SHELL('',(#853,#886,#895));
#853 = ADVANCED_FACE('',(#854),#881,.T.);
#854 = FACE_BOUND('',#855,.T.);
#855 = EDGE_LOOP('',(#856,#865,#873,#880));
#856 = ORIENTED_EDGE('',*,*,#857,.F.);
#857 = EDGE_CURVE('',#858,#858,#860,.T.);
#858 = VERTEX_POINT('',#859);
#859 = CARTESIAN_POINT('',(1.0705E+03,-1.408343819019E-14,458.));
#860 = CIRCLE('',#861,57.5);
#861 = AXIS2_PLACEMENT_3D('',#862,#863,#864);
#862 = CARTESIAN_POINT('',(1.013E+03,0.,458.));
#863 = DIRECTION('',(0.,0.,1.));
#864 = DIRECTION('',(1.,0.,0.));
#865 = ORIENTED_EDGE('',*,*,#866,.F.);
#866 = EDGE_CURVE('',#867,#858,#869,.T.);
#867 = VERTEX_POINT('',#868);
#868 = CARTESIAN_POINT('',(1.0705E+03,-1.408343819019E-14,28.));
#869 = LINE('',#870,#871);
#870 = CARTESIAN_POINT('',(1.0705E+03,-1.408343819019E-14,28.));
#871 = VECTOR('',#872,1.);
#872 = DIRECTION('',(0.,0.,1.));
#873 = ORIENTED_EDGE('',*,*,#874,.T.);
#874 = EDGE_CURVE('',#867,#867,#875,.T.);
#875 = CIRCLE('',#876,57.5);
#876 = AXIS2_PLACEMENT_3D('',#877,#878,#879);
#877 = CARTESIAN_POINT('',(1.013E+03,0.,28.));
#878 = DIRECTION('',(0.,0.,1.));
#879 = DIRECTION('',(1.,0.,0.));
#880 = ORIENTED_EDGE('',*,*,#866,.T.);
#881 = CYLINDRICAL_SURFACE('',#882,57.5);
#882 = AXIS2_PLACEMENT_3D('',#883,#884,#885);
#883 = CARTESIAN_POINT('',(1.013E+03,0.,28.));
#884 = DIRECTION('',(0.,0.,1.));
#885 = DIRECTION('',(1.,0.,0.));
#886 = ADVANCED_FACE('',(#887),#890,.T.);
#887 = FACE_BOUND('',#888,.T.);
#888 = EDGE_LOOP('',(#889));
#889 = ORIENTED_EDGE('',*,*,#857,.T.);
#890 = PLANE('',#891);
#891 = AXIS2_PLACEMENT_3D('',#892,#893,#894);
#892 = CARTESIAN_POINT('',(1.013E+03,0.,458.));
#893 = DIRECTION('',(0.,0.,1.));
#894 = DIRECTION('',(1.,0.,0.));
#895 = ADVANCED_FACE('',(#896),#899,.F.);
#896 = FACE_BOUND('',#897,.T.);
#897 = EDGE_LOOP('',(#898));
#898 = ORIENTED_EDGE('',*,*,#874,.F.);
#899 = PLANE('',#900);
#900 = AXIS2_PLACEMENT_3D('',#901,#902,#903);
#901 = CARTESIAN_POINT('',(1.013E+03,0.,28.));
#902 = DIRECTION('',(0.,0.,1.));
#903 = DIRECTION('',(1.,0.,0.));
#904 = MANIFOLD_SOLID_BREP('',#905);
#905 = CLOSED_SHELL('',(#906,#939,#948));
#906 = ADVANCED_FACE('',(#907),#934,.T.);
#907 = FACE_BOUND('',#908,.T.);
#908 = EDGE_LOOP('',(#909,#918,#926,#933));
#909 = ORIENTED_EDGE('',*,*,#910,.F.);
#910 = EDGE_CURVE('',#911,#911,#913,.T.);
#911 = VERTEX_POINT('',#912);
#912 = CARTESIAN_POINT('',(1.243012701892E+03,893.15353299545,28.));
#913 = CIRCLE('',#914,150.);
#914 = AXIS2_PLACEMENT_3D('',#915,#916,#917);
#915 = CARTESIAN_POINT('',(1.093012701892E+03,893.15353299545,28.));
#916 = DIRECTION('',(0.,0.,1.));
#917 = DIRECTION('',(1.,0.,0.));
#918 = ORIENTED_EDGE('',*,*,#919,.F.);
#919 = EDGE_CURVE('',#920,#911,#922,.T.);
#920 = VERTEX_POINT('',#921);
#921 = CARTESIAN_POINT('',(1.243012701892E+03,893.15353299545,0.));
#922 = LINE('',#923,#924);
#923 = CARTESIAN_POINT('',(1.243012701892E+03,893.15353299545,0.));
#924 = VECTOR('',#925,1.);
#925 = DIRECTION('',(0.,0.,1.));
#926 = ORIENTED_EDGE('',*,*,#927,.T.);
#927 = EDGE_CURVE('',#920,#920,#928,.T.);
#928 = CIRCLE('',#929,150.);
#929 = AXIS2_PLACEMENT_3D('',#930,#931,#932);
#930 = CARTESIAN_POINT('',(1.093012701892E+03,893.15353299545,0.));
#931 = DIRECTION('',(0.,0.,1.));
#932 = DIRECTION('',(1.,0.,0.));
#933 = ORIENTED_EDGE('',*,*,#919,.T.);
#934 = CYLINDRICAL_SURFACE('',#935,150.);
#935 = AXIS2_PLACEMENT_3D('',#936,#937,#938);
#936 = CARTESIAN_POINT('',(1.093012701892E+03,893.15353299545,0.));
#937 = DIRECTION('',(0.,0.,1.));
#938 = DIRECTION('',(1.,0.,0.));
#939 = ADVANCED_FACE('',(#940),#943,.T.);
#940 = FACE_BOUND('',#941,.T.);
#941 = EDGE_LOOP('',(#942));
#942 = ORIENTED_EDGE('',*,*,#910,.T.);
#943 = PLANE('',#944);
#944 = AXIS2_PLACEMENT_3D('',#945,#946,#947);
#945 = CARTESIAN_POINT('',(1.093012701892E+03,893.15353299545,28.));
#946 = DIRECTION('',(0.,0.,1.));
#947 = DIRECTION('',(1.,0.,0.));
#948 = ADVANCED_FACE('',(#949),#952,.F.);
#949 = FACE_BOUND('',#950,.T.);
#950 = EDGE_LOOP('',(#951));
#951 = ORIENTED_EDGE('',*,*,#927,.F.);
#952 = PLANE('',#953);
#953 = AXIS2_PLACEMENT_3D('',#954,#955,#956);
#954 = CARTESIAN_POINT('',(1.093012701892E+03,893.15353299545,0.));
#955 = DIRECTION('',(0.,0.,1.));
#956 = DIRECTION('',(1.,0.,0.));
#957 = MANIFOLD_SOLID_BREP('',#958);
#958 = CLOSED_SHELL('',(#959,#992,#1001));
#959 = ADVANCED_FACE('',(#960),#987,.T.);
#960 = FACE_BOUND('',#961,.T.);
#961 = EDGE_LOOP('',(#962,#971,#979,#986));
#962 = ORIENTED_EDGE('',*,*,#963,.F.);
#963 = EDGE_CURVE('',#964,#964,#966,.T.);
#964 = VERTEX_POINT('',#965);
#965 = CARTESIAN_POINT('',(1.150512701892E+03,893.15353299545,458.));
#966 = CIRCLE('',#967,57.5);
#967 = AXIS2_PLACEMENT_3D('',#968,#969,#970);
#968 = CARTESIAN_POINT('',(1.093012701892E+03,893.15353299545,458.));
#969 = DIRECTION('',(0.,0.,1.));
#970 = DIRECTION('',(1.,0.,0.));
#971 = ORIENTED_EDGE('',*,*,#972,.F.);
#972 = EDGE_CURVE('',#973,#964,#975,.T.);
#973 = VERTEX_POINT('',#974);
#974 = CARTESIAN_POINT('',(1.150512701892E+03,893.15353299545,28.));
#975 = LINE('',#976,#977);
#976 = CARTESIAN_POINT('',(1.150512701892E+03,893.15353299545,28.));
#977 = VECTOR('',#978,1.);
#978 = DIRECTION('',(0.,0.,1.));
#979 = ORIENTED_EDGE('',*,*,#980,.T.);
#980 = EDGE_CURVE('',#973,#973,#981,.T.);
#981 = CIRCLE('',#982,57.5);
#982 = AXIS2_PLACEMENT_3D('',#983,#984,#985);
#983 = CARTESIAN_POINT('',(1.093012701892E+03,893.15353299545,28.));
#984 = DIRECTION('',(0.,0.,1.));
#985 = DIRECTION('',(1.,0.,0.));
#986 = ORIENTED_EDGE('',*,*,#972,.T.);
#987 = CYLINDRICAL_SURFACE('',#988,57.5);
#988 = AXIS2_PLACEMENT_3D('',#989,#990,#991);
#989 = CARTESIAN_POINT('',(1.093012701892E+03,893.15353299545,28.));
#990 = DIRECTION('',(0.,0.,1.));
#991 = DIRECTION('',(1.,0.,0.));
#992 = ADVANCED_FACE('',(#993),#996,.T.);
#993 = FACE_BOUND('',#994,.T.);
#994 = EDGE_LOOP('',(#995));
#995 = ORIENTED_EDGE('',*,*,#963,.T.);
#996 = PLANE('',#997);
#997 = AXIS2_PLACEMENT_3D('',#998,#999,#1000);
#998 = CARTESIAN_POINT('',(1.093012701892E+03,893.15353299545,458.));
#999 = DIRECTION('',(0.,0.,1.));
#1000 = DIRECTION('',(1.,0.,0.));
#1001 = ADVANCED_FACE('',(#1002),#1005,.F.);
#1002 = FACE_BOUND('',#1003,.T.);
#1003 = EDGE_LOOP('',(#1004));
#1004 = ORIENTED_EDGE('',*,*,#980,.F.);
#1005 = PLANE('',#1006);
#1006 = AXIS2_PLACEMENT_3D('',#1007,#1008,#1009);
#1007 = CARTESIAN_POINT('',(1.093012701892E+03,893.15353299545,28.));
#1008 = DIRECTION('',(0.,0.,1.));
#1009 = DIRECTION('',(1.,0.,0.));
#1010 = MANIFOLD_SOLID_BREP('',#1011);
#1011 = CLOSED_SHELL('',(#1012,#1045,#1054));
#1012 = ADVANCED_FACE('',(#1013),#1040,.T.);
#1013 = FACE_BOUND('',#1014,.T.);
#1014 = EDGE_LOOP('',(#1015,#1024,#1032,#1039));
#1015 = ORIENTED_EDGE('',*,*,#1016,.F.);
#1016 = EDGE_CURVE('',#1017,#1017,#1019,.T.);
#1017 = VERTEX_POINT('',#1018);
#1018 = CARTESIAN_POINT('',(1.243012701892E+03,-893.1535329954,28.));
#1019 = CIRCLE('',#1020,150.);
#1020 = AXIS2_PLACEMENT_3D('',#1021,#1022,#1023);
#1021 = CARTESIAN_POINT('',(1.093012701892E+03,-893.1535329954,28.));
#1022 = DIRECTION('',(0.,0.,1.));
#1023 = DIRECTION('',(1.,0.,0.));
#1024 = ORIENTED_EDGE('',*,*,#1025,.F.);
#1025 = EDGE_CURVE('',#1026,#1017,#1028,.T.);
#1026 = VERTEX_POINT('',#1027);
#1027 = CARTESIAN_POINT('',(1.243012701892E+03,-893.1535329954,0.));
#1028 = LINE('',#1029,#1030);
#1029 = CARTESIAN_POINT('',(1.243012701892E+03,-893.1535329954,0.));
#1030 = VECTOR('',#1031,1.);
#1031 = DIRECTION('',(0.,0.,1.));
#1032 = ORIENTED_EDGE('',*,*,#1033,.T.);
#1033 = EDGE_CURVE('',#1026,#1026,#1034,.T.);
#1034 = CIRCLE('',#1035,150.);
#1035 = AXIS2_PLACEMENT_3D('',#1036,#1037,#1038);
#1036 = CARTESIAN_POINT('',(1.093012701892E+03,-893.1535329954,0.));
#1037 = DIRECTION('',(0.,0.,1.));
#1038 = DIRECTION('',(1.,0.,0.));
#1039 = ORIENTED_EDGE('',*,*,#1025,.T.);
#1040 = CYLINDRICAL_SURFACE('',#1041,150.);
#1041 = AXIS2_PLACEMENT_3D('',#1042,#1043,#1044);
#1042 = CARTESIAN_POINT('',(1.093012701892E+03,-893.1535329954,0.));
#1043 = DIRECTION('',(0.,0.,1.));
#1044 = DIRECTION('',(1.,0.,0.));
#1045 = ADVANCED_FACE('',(#1046),#1049,.T.);
#1046 = FACE_BOUND('',#1047,.T.);
#1047 = EDGE_LOOP('',(#1048));
#1048 = ORIENTED_EDGE('',*,*,#1016,.T.);
#1049 = PLANE('',#1050);
#1050 = AXIS2_PLACEMENT_3D('',#1051,#1052,#1053);
#1051 = CARTESIAN_POINT('',(1.093012701892E+03,-893.1535329954,28.));
#1052 = DIRECTION('',(0.,0.,1.));
#1053 = DIRECTION('',(1.,0.,0.));
#1054 = ADVANCED_FACE('',(#1055),#1058,.F.);
#1055 = FACE_BOUND('',#1056,.T.);
#1056 = EDGE_LOOP('',(#1057));
#1057 = ORIENTED_EDGE('',*,*,#1033,.F.);
#1058 = PLANE('',#1059);
#1059 = AXIS2_PLACEMENT_3D('',#1060,#1061,#1062);
#1060 = CARTESIAN_POINT('',(1.093012701892E+03,-893.1535329954,0.));
#1061 = DIRECTION('',(0.,0.,1.));
#1062 = DIRECTION('',(1.,0.,0.));
#1063 = MANIFOLD_SOLID_BREP('',#1064);
#1064 = CLOSED_SHELL('',(#1065,#1098,#1107));
#1065 = ADVANCED_FACE('',(#1066),#1093,.T.);
#1066 = FACE_BOUND('',#1067,.T.);
#1067 = EDGE_LOOP('',(#1068,#1077,#1085,#1092));
#1068 = ORIENTED_EDGE('',*,*,#1069,.F.);
#1069 = EDGE_CURVE('',#1070,#1070,#1072,.T.);
#1070 = VERTEX_POINT('',#1071);
#1071 = CARTESIAN_POINT('',(1.150512701892E+03,-893.1535329954,458.));
#1072 = CIRCLE('',#1073,57.5);
#1073 = AXIS2_PLACEMENT_3D('',#1074,#1075,#1076);
#1074 = CARTESIAN_POINT('',(1.093012701892E+03,-893.1535329954,458.));
#1075 = DIRECTION('',(0.,0.,1.));
#1076 = DIRECTION('',(1.,0.,0.));
#1077 = ORIENTED_EDGE('',*,*,#1078,.F.);
#1078 = EDGE_CURVE('',#1079,#1070,#1081,.T.);
#1079 = VERTEX_POINT('',#1080);
#1080 = CARTESIAN_POINT('',(1.150512701892E+03,-893.1535329954,28.));
#1081 = LINE('',#1082,#1083);
#1082 = CARTESIAN_POINT('',(1.150512701892E+03,-893.1535329954,28.));
#1083 = VECTOR('',#1084,1.);
#1084 = DIRECTION('',(0.,0.,1.));
#1085 = ORIENTED_EDGE('',*,*,#1086,.T.);
#1086 = EDGE_CURVE('',#1079,#1079,#1087,.T.);
#1087 = CIRCLE('',#1088,57.5);
#1088 = AXIS2_PLACEMENT_3D('',#1089,#1090,#1091);
#1089 = CARTESIAN_POINT('',(1.093012701892E+03,-893.1535329954,28.));
#1090 = DIRECTION('',(0.,0.,1.));
#1091 = DIRECTION('',(1.,0.,0.));
#1092 = ORIENTED_EDGE('',*,*,#1078,.T.);
#1093 = CYLINDRICAL_SURFACE('',#1094,57.5);
#1094 = AXIS2_PLACEMENT_3D('',#1095,#1096,#1097);
#1095 = CARTESIAN_POINT('',(1.093012701892E+03,-893.1535329954,28.));
#1096 = DIRECTION('',(0.,0.,1.));
#1097 = DIRECTION('',(1.,0.,0.));
#1098 = ADVANCED_FACE('',(#1099),#1102,.T.);
#1099 = FACE_BOUND('',#1100,.T.);
#1100 = EDGE_LOOP('',(#1101));
#1101 = ORIENTED_EDGE('',*,*,#1069,.T.);
#1102 = PLANE('',#1103);
#1103 = AXIS2_PLACEMENT_3D('',#1104,#1105,#1106);
#1104 = CARTESIAN_POINT('',(1.093012701892E+03,-893.1535329954,458.));
#1105 = DIRECTION('',(0.,0.,1.));
#1106 = DIRECTION('',(1.,0.,0.));
#1107 = ADVANCED_FACE('',(#1108),#1111,.F.);
#1108 = FACE_BOUND('',#1109,.T.);
#1109 = EDGE_LOOP('',(#1110));
#1110 = ORIENTED_EDGE('',*,*,#1086,.F.);
#1111 = PLANE('',#1112);
#1112 = AXIS2_PLACEMENT_3D('',#1113,#1114,#1115);
#1113 = CARTESIAN_POINT('',(1.093012701892E+03,-893.1535329954,28.));
#1114 = DIRECTION('',(0.,0.,1.));
#1115 = DIRECTION('',(1.,0.,0.));
#1116 = MANIFOLD_SOLID_BREP('',#1117);
#1117 = CLOSED_SHELL('',(#1118,#1151,#1160));
#1118 = ADVANCED_FACE('',(#1119),#1146,.T.);
#1119 = FACE_BOUND('',#1120,.T.);
#1120 = EDGE_LOOP('',(#1121,#1130,#1138,#1145));
#1121 = ORIENTED_EDGE('',*,*,#1122,.F.);
#1122 = EDGE_CURVE('',#1123,#1123,#1125,.T.);
#1123 = VERTEX_POINT('',#1124);
#1124 = CARTESIAN_POINT('',(-356.5,877.28373403363,28.));
#1125 = CIRCLE('',#1126,150.);
#1126 = AXIS2_PLACEMENT_3D('',#1127,#1128,#1129);
#1127 = CARTESIAN_POINT('',(-506.5,877.28373403363,28.));
#1128 = DIRECTION('',(0.,0.,1.));
#1129 = DIRECTION('',(1.,0.,0.));
#1130 = ORIENTED_EDGE('',*,*,#1131,.F.);
#1131 = EDGE_CURVE('',#1132,#1123,#1134,.T.);
#1132 = VERTEX_POINT('',#1133);
#1133 = CARTESIAN_POINT('',(-356.5,877.28373403363,0.));
#1134 = LINE('',#1135,#1136);
#1135 = CARTESIAN_POINT('',(-356.5,877.28373403363,0.));
#1136 = VECTOR('',#1137,1.);
#1137 = DIRECTION('',(0.,0.,1.));
#1138 = ORIENTED_EDGE('',*,*,#1139,.T.);
#1139 = EDGE_CURVE('',#1132,#1132,#1140,.T.);
#1140 = CIRCLE('',#1141,150.);
#1141 = AXIS2_PLACEMENT_3D('',#1142,#1143,#1144);
#1142 = CARTESIAN_POINT('',(-506.5,877.28373403363,0.));
#1143 = DIRECTION('',(0.,0.,1.));
#1144 = DIRECTION('',(1.,0.,0.));
#1145 = ORIENTED_EDGE('',*,*,#1131,.T.);
#1146 = CYLINDRICAL_SURFACE('',#1147,150.);
#1147 = AXIS2_PLACEMENT_3D('',#1148,#1149,#1150);
#1148 = CARTESIAN_POINT('',(-506.5,877.28373403363,0.));
#1149 = DIRECTION('',(0.,0.,1.));
#1150 = DIRECTION('',(1.,0.,0.));
#1151 = ADVANCED_FACE('',(#1152),#1155,.T.);
#1152 = FACE_BOUND('',#1153,.T.);
#1153 = EDGE_LOOP('',(#1154));
#1154 = ORIENTED_EDGE('',*,*,#1122,.T.);
#1155 = PLANE('',#1156);
#1156 = AXIS2_PLACEMENT_3D('',#1157,#1158,#1159);
#1157 = CARTESIAN_POINT('',(-506.5,877.28373403363,28.));
#1158 = DIRECTION('',(0.,0.,1.));
#1159 = DIRECTION('',(1.,0.,0.));
#1160 = ADVANCED_FACE('',(#1161),#1164,.F.);
#1161 = FACE_BOUND('',#1162,.T.);
#1162 = EDGE_LOOP('',(#1163));
#1163 = ORIENTED_EDGE('',*,*,#1139,.F.);
#1164 = PLANE('',#1165);
#1165 = AXIS2_PLACEMENT_3D('',#1166,#1167,#1168);
#1166 = CARTESIAN_POINT('',(-506.5,877.28373403363,0.));
#1167 = DIRECTION('',(0.,0.,1.));
#1168 = DIRECTION('',(1.,0.,0.));
#1169 = MANIFOLD_SOLID_BREP('',#1170);
#1170 = CLOSED_SHELL('',(#1171,#1204,#1213));
#1171 = ADVANCED_FACE('',(#1172),#1199,.T.);
#1172 = FACE_BOUND('',#1173,.T.);
#1173 = EDGE_LOOP('',(#1174,#1183,#1191,#1198));
#1174 = ORIENTED_EDGE('',*,*,#1175,.F.);
#1175 = EDGE_CURVE('',#1176,#1176,#1178,.T.);
#1176 = VERTEX_POINT('',#1177);
#1177 = CARTESIAN_POINT('',(-449.,877.28373403363,458.));
#1178 = CIRCLE('',#1179,57.5);
#1179 = AXIS2_PLACEMENT_3D('',#1180,#1181,#1182);
#1180 = CARTESIAN_POINT('',(-506.5,877.28373403363,458.));
#1181 = DIRECTION('',(0.,0.,1.));
#1182 = DIRECTION('',(1.,0.,0.));
#1183 = ORIENTED_EDGE('',*,*,#1184,.F.);
#1184 = EDGE_CURVE('',#1185,#1176,#1187,.T.);
#1185 = VERTEX_POINT('',#1186);
#1186 = CARTESIAN_POINT('',(-449.,877.28373403363,28.));
#1187 = LINE('',#1188,#1189);
#1188 = CARTESIAN_POINT('',(-449.,877.28373403363,28.));
#1189 = VECTOR('',#1190,1.);
#1190 = DIRECTION('',(0.,0.,1.));
#1191 = ORIENTED_EDGE('',*,*,#1192,.T.);
#1192 = EDGE_CURVE('',#1185,#1185,#1193,.T.);
#1193 = CIRCLE('',#1194,57.5);
#1194 = AXIS2_PLACEMENT_3D('',#1195,#1196,#1197);
#1195 = CARTESIAN_POINT('',(-506.5,877.28373403363,28.));
#1196 = DIRECTION('',(0.,0.,1.));
#1197 = DIRECTION('',(1.,0.,0.));
#1198 = ORIENTED_EDGE('',*,*,#1184,.T.);
#1199 = CYLINDRICAL_SURFACE('',#1200,57.5);
#1200 = AXIS2_PLACEMENT_3D('',#1201,#1202,#1203);
#1201 = CARTESIAN_POINT('',(-506.5,877.28373403363,28.));
#1202 = DIRECTION('',(0.,0.,1.));
#1203 = DIRECTION('',(1.,0.,0.));
#1204 = ADVANCED_FACE('',(#1205),#1208,.T.);
#1205 = FACE_BOUND('',#1206,.T.);
#1206 = EDGE_LOOP('',(#1207));
#1207 = ORIENTED_EDGE('',*,*,#1175,.T.);
#1208 = PLANE('',#1209);
#1209 = AXIS2_PLACEMENT_3D('',#1210,#1211,#1212);
#1210 = CARTESIAN_POINT('',(-506.5,877.28373403363,458.));
#1211 = DIRECTION('',(0.,0.,1.));
#1212 = DIRECTION('',(1.,0.,0.));
#1213 = ADVANCED_FACE('',(#1214),#1217,.F.);
#1214 = FACE_BOUND('',#1215,.T.);
#1215 = EDGE_LOOP('',(#1216));
#1216 = ORIENTED_EDGE('',*,*,#1192,.F.);
#1217 = PLANE('',#1218);
#1218 = AXIS2_PLACEMENT_3D('',#1219,#1220,#1221);
#1219 = CARTESIAN_POINT('',(-506.5,877.28373403363,28.));
#1220 = DIRECTION('',(0.,0.,1.));
#1221 = DIRECTION('',(1.,0.,0.));
#1222 = MANIFOLD_SOLID_BREP('',#1223);
#1223 = CLOSED_SHELL('',(#1224,#1257,#1266));
#1224 = ADVANCED_FACE('',(#1225),#1252,.T.);
#1225 = FACE_BOUND('',#1226,.T.);
#1226 = EDGE_LOOP('',(#1227,#1236,#1244,#1251));
#1227 = ORIENTED_EDGE('',*,*,#1228,.F.);
#1228 = EDGE_CURVE('',#1229,#1229,#1231,.T.);
#1229 = VERTEX_POINT('',#1230);
#1230 = CARTESIAN_POINT('',(-1.17E+03,500.,28.));
#1231 = CIRCLE('',#1232,150.);
#1232 = AXIS2_PLACEMENT_3D('',#1233,#1234,#1235);
#1233 = CARTESIAN_POINT('',(-1.32E+03,500.,28.));
#1234 = DIRECTION('',(0.,0.,1.));
#1235 = DIRECTION('',(1.,0.,0.));
#1236 = ORIENTED_EDGE('',*,*,#1237,.F.);
#1237 = EDGE_CURVE('',#1238,#1229,#1240,.T.);
#1238 = VERTEX_POINT('',#1239);
#1239 = CARTESIAN_POINT('',(-1.17E+03,500.,0.));
#1240 = LINE('',#1241,#1242);
#1241 = CARTESIAN_POINT('',(-1.17E+03,500.,0.));
#1242 = VECTOR('',#1243,1.);
#1243 = DIRECTION('',(0.,0.,1.));
#1244 = ORIENTED_EDGE('',*,*,#1245,.T.);
#1245 = EDGE_CURVE('',#1238,#1238,#1246,.T.);
#1246 = CIRCLE('',#1247,150.);
#1247 = AXIS2_PLACEMENT_3D('',#1248,#1249,#1250);
#1248 = CARTESIAN_POINT('',(-1.32E+03,500.,0.));
#1249 = DIRECTION('',(0.,0.,1.));
#1250 = DIRECTION('',(1.,0.,0.));
#1251 = ORIENTED_EDGE('',*,*,#1237,.T.);
#1252 = CYLINDRICAL_SURFACE('',#1253,150.);
#1253 = AXIS2_PLACEMENT_3D('',#1254,#1255,#1256);
#1254 = CARTESIAN_POINT('',(-1.32E+03,500.,0.));
#1255 = DIRECTION('',(0.,0.,1.));
#1256 = DIRECTION('',(1.,0.,0.));
#1257 = ADVANCED_FACE('',(#1258),#1261,.T.);
#1258 = FACE_BOUND('',#1259,.T.);
#1259 = EDGE_LOOP('',(#1260));
#1260 = ORIENTED_EDGE('',*,*,#1228,.T.);
#1261 = PLANE('',#1262);
#1262 = AXIS2_PLACEMENT_3D('',#1263,#1264,#1265);
#1263 = CARTESIAN_POINT('',(-1.32E+03,500.,28.));
#1264 = DIRECTION('',(0.,0.,1.));
#1265 = DIRECTION('',(1.,0.,0.));
#1266 = ADVANCED_FACE('',(#1267),#1270,.F.);
#1267 = FACE_BOUND('',#1268,.T.);
#1268 = EDGE_LOOP('',(#1269));
#1269 = ORIENTED_EDGE('',*,*,#1245,.F.);
#1270 = PLANE('',#1271);
#1271 = AXIS2_PLACEMENT_3D('',#1272,#1273,#1274);
#1272 = CARTESIAN_POINT('',(-1.32E+03,500.,0.));
#1273 = DIRECTION('',(0.,0.,1.));
#1274 = DIRECTION('',(1.,0.,0.));
#1275 = MANIFOLD_SOLID_BREP('',#1276);
#1276 = CLOSED_SHELL('',(#1277,#1310,#1319));
#1277 = ADVANCED_FACE('',(#1278),#1305,.T.);
#1278 = FACE_BOUND('',#1279,.T.);
#1279 = EDGE_LOOP('',(#1280,#1289,#1297,#1304));
#1280 = ORIENTED_EDGE('',*,*,#1281,.F.);
#1281 = EDGE_CURVE('',#1282,#1282,#1284,.T.);
#1282 = VERTEX_POINT('',#1283);
#1283 = CARTESIAN_POINT('',(-1.2625E+03,500.,458.));
#1284 = CIRCLE('',#1285,57.5);
#1285 = AXIS2_PLACEMENT_3D('',#1286,#1287,#1288);
#1286 = CARTESIAN_POINT('',(-1.32E+03,500.,458.));
#1287 = DIRECTION('',(0.,0.,1.));
#1288 = DIRECTION('',(1.,0.,0.));
#1289 = ORIENTED_EDGE('',*,*,#1290,.F.);
#1290 = EDGE_CURVE('',#1291,#1282,#1293,.T.);
#1291 = VERTEX_POINT('',#1292);
#1292 = CARTESIAN_POINT('',(-1.2625E+03,500.,28.));
#1293 = LINE('',#1294,#1295);
#1294 = CARTESIAN_POINT('',(-1.2625E+03,500.,28.));
#1295 = VECTOR('',#1296,1.);
#1296 = DIRECTION('',(0.,0.,1.));
#1297 = ORIENTED_EDGE('',*,*,#1298,.T.);
#1298 = EDGE_CURVE('',#1291,#1291,#1299,.T.);
#1299 = CIRCLE('',#1300,57.5);
#1300 = AXIS2_PLACEMENT_3D('',#1301,#1302,#1303);
#1301 = CARTESIAN_POINT('',(-1.32E+03,500.,28.));
#1302 = DIRECTION('',(0.,0.,1.));
#1303 = DIRECTION('',(1.,0.,0.));
#1304 = ORIENTED_EDGE('',*,*,#1290,.T.);
#1305 = CYLINDRICAL_SURFACE('',#1306,57.5);
#1306 = AXIS2_PLACEMENT_3D('',#1307,#1308,#1309);
#1307 = CARTESIAN_POINT('',(-1.32E+03,500.,28.));
#1308 = DIRECTION('',(0.,0.,1.));
#1309 = DIRECTION('',(1.,0.,0.));
#1310 = ADVANCED_FACE('',(#1311),#1314,.T.);
#1311 = FACE_BOUND('',#1312,.T.);
#1312 = EDGE_LOOP('',(#1313));
#1313 = ORIENTED_EDGE('',*,*,#1281,.T.);
#1314 = PLANE('',#1315);
#1315 = AXIS2_PLACEMENT_3D('',#1316,#1317,#1318);
#1316 = CARTESIAN_POINT('',(-1.32E+03,500.,458.));
#1317 = DIRECTION('',(0.,0.,1.));
#1318 = DIRECTION('',(1.,0.,0.));
#1319 = ADVANCED_FACE('',(#1320),#1323,.F.);
#1320 = FACE_BOUND('',#1321,.T.);
#1321 = EDGE_LOOP('',(#1322));
#1322 = ORIENTED_EDGE('',*,*,#1298,.F.);
#1323 = PLANE('',#1324);
#1324 = AXIS2_PLACEMENT_3D('',#1325,#1326,#1327);
#1325 = CARTESIAN_POINT('',(-1.32E+03,500.,28.));
#1326 = DIRECTION('',(0.,0.,1.));
#1327 = DIRECTION('',(1.,0.,0.));
#1328 = MANIFOLD_SOLID_BREP('',#1329);
#1329 = CLOSED_SHELL('',(#1330,#1363,#1372));
#1330 = ADVANCED_FACE('',(#1331),#1358,.T.);
#1331 = FACE_BOUND('',#1332,.T.);
#1332 = EDGE_LOOP('',(#1333,#1342,#1350,#1357));
#1333 = ORIENTED_EDGE('',*,*,#1334,.F.);
#1334 = EDGE_CURVE('',#1335,#1335,#1337,.T.);
#1335 = VERTEX_POINT('',#1336);
#1336 = CARTESIAN_POINT('',(376.98729810778,1.393153532995E+03,28.));
#1337 = CIRCLE('',#1338,150.);
#1338 = AXIS2_PLACEMENT_3D('',#1339,#1340,#1341);
#1339 = CARTESIAN_POINT('',(226.98729810778,1.393153532995E+03,28.));
#1340 = DIRECTION('',(0.,0.,1.));
#1341 = DIRECTION('',(1.,0.,0.));
#1342 = ORIENTED_EDGE('',*,*,#1343,.F.);
#1343 = EDGE_CURVE('',#1344,#1335,#1346,.T.);
#1344 = VERTEX_POINT('',#1345);
#1345 = CARTESIAN_POINT('',(376.98729810778,1.393153532995E+03,0.));
#1346 = LINE('',#1347,#1348);
#1347 = CARTESIAN_POINT('',(376.98729810778,1.393153532995E+03,0.));
#1348 = VECTOR('',#1349,1.);
#1349 = DIRECTION('',(0.,0.,1.));
#1350 = ORIENTED_EDGE('',*,*,#1351,.T.);
#1351 = EDGE_CURVE('',#1344,#1344,#1352,.T.);
#1352 = CIRCLE('',#1353,150.);
#1353 = AXIS2_PLACEMENT_3D('',#1354,#1355,#1356);
#1354 = CARTESIAN_POINT('',(226.98729810778,1.393153532995E+03,0.));
#1355 = DIRECTION('',(0.,0.,1.));
#1356 = DIRECTION('',(1.,0.,0.));
#1357 = ORIENTED_EDGE('',*,*,#1343,.T.);
#1358 = CYLINDRICAL_SURFACE('',#1359,150.);
#1359 = AXIS2_PLACEMENT_3D('',#1360,#1361,#1362);
#1360 = CARTESIAN_POINT('',(226.98729810778,1.393153532995E+03,0.));
#1361 = DIRECTION('',(0.,0.,1.));
#1362 = DIRECTION('',(1.,0.,0.));
#1363 = ADVANCED_FACE('',(#1364),#1367,.T.);
#1364 = FACE_BOUND('',#1365,.T.);
#1365 = EDGE_LOOP('',(#1366));
#1366 = ORIENTED_EDGE('',*,*,#1334,.T.);
#1367 = PLANE('',#1368);
#1368 = AXIS2_PLACEMENT_3D('',#1369,#1370,#1371);
#1369 = CARTESIAN_POINT('',(226.98729810778,1.393153532995E+03,28.));
#1370 = DIRECTION('',(0.,0.,1.));
#1371 = DIRECTION('',(1.,0.,0.));
#1372 = ADVANCED_FACE('',(#1373),#1376,.F.);
#1373 = FACE_BOUND('',#1374,.T.);
#1374 = EDGE_LOOP('',(#1375));
#1375 = ORIENTED_EDGE('',*,*,#1351,.F.);
#1376 = PLANE('',#1377);
#1377 = AXIS2_PLACEMENT_3D('',#1378,#1379,#1380);
#1378 = CARTESIAN_POINT('',(226.98729810778,1.393153532995E+03,0.));
#1379 = DIRECTION('',(0.,0.,1.));
#1380 = DIRECTION('',(1.,0.,0.));
#1381 = MANIFOLD_SOLID_BREP('',#1382);
#1382 = CLOSED_SHELL('',(#1383,#1416,#1425));
#1383 = ADVANCED_FACE('',(#1384),#1411,.T.);
#1384 = FACE_BOUND('',#1385,.T.);
#1385 = EDGE_LOOP('',(#1386,#1395,#1403,#1410));
#1386 = ORIENTED_EDGE('',*,*,#1387,.F.);
#1387 = EDGE_CURVE('',#1388,#1388,#1390,.T.);
#1388 = VERTEX_POINT('',#1389);
#1389 = CARTESIAN_POINT('',(284.48729810778,1.393153532995E+03,458.));
#1390 = CIRCLE('',#1391,57.5);
#1391 = AXIS2_PLACEMENT_3D('',#1392,#1393,#1394);
#1392 = CARTESIAN_POINT('',(226.98729810778,1.393153532995E+03,458.));
#1393 = DIRECTION('',(0.,0.,1.));
#1394 = DIRECTION('',(1.,0.,0.));
#1395 = ORIENTED_EDGE('',*,*,#1396,.F.);
#1396 = EDGE_CURVE('',#1397,#1388,#1399,.T.);
#1397 = VERTEX_POINT('',#1398);
#1398 = CARTESIAN_POINT('',(284.48729810778,1.393153532995E+03,28.));
#1399 = LINE('',#1400,#1401);
#1400 = CARTESIAN_POINT('',(284.48729810778,1.393153532995E+03,28.));
#1401 = VECTOR('',#1402,1.);
#1402 = DIRECTION('',(0.,0.,1.));
#1403 = ORIENTED_EDGE('',*,*,#1404,.T.);
#1404 = EDGE_CURVE('',#1397,#1397,#1405,.T.);
#1405 = CIRCLE('',#1406,57.5);
#1406 = AXIS2_PLACEMENT_3D('',#1407,#1408,#1409);
#1407 = CARTESIAN_POINT('',(226.98729810778,1.393153532995E+03,28.));
#1408 = DIRECTION('',(0.,0.,1.));
#1409 = DIRECTION('',(1.,0.,0.));
#1410 = ORIENTED_EDGE('',*,*,#1396,.T.);
#1411 = CYLINDRICAL_SURFACE('',#1412,57.5);
#1412 = AXIS2_PLACEMENT_3D('',#1413,#1414,#1415);
#1413 = CARTESIAN_POINT('',(226.98729810778,1.393153532995E+03,28.));
#1414 = DIRECTION('',(0.,0.,1.));
#1415 = DIRECTION('',(1.,0.,0.));
#1416 = ADVANCED_FACE('',(#1417),#1420,.T.);
#1417 = FACE_BOUND('',#1418,.T.);
#1418 = EDGE_LOOP('',(#1419));
#1419 = ORIENTED_EDGE('',*,*,#1387,.T.);
#1420 = PLANE('',#1421);
#1421 = AXIS2_PLACEMENT_3D('',#1422,#1423,#1424);
#1422 = CARTESIAN_POINT('',(226.98729810778,1.393153532995E+03,458.));
#1423 = DIRECTION('',(0.,0.,1.));
#1424 = DIRECTION('',(1.,0.,0.));
#1425 = ADVANCED_FACE('',(#1426),#1429,.F.);
#1426 = FACE_BOUND('',#1427,.T.);
#1427 = EDGE_LOOP('',(#1428));
#1428 = ORIENTED_EDGE('',*,*,#1404,.F.);
#1429 = PLANE('',#1430);
#1430 = AXIS2_PLACEMENT_3D('',#1431,#1432,#1433);
#1431 = CARTESIAN_POINT('',(226.98729810778,1.393153532995E+03,28.));
#1432 = DIRECTION('',(0.,0.,1.));
#1433 = DIRECTION('',(1.,0.,0.));
#1434 = MANIFOLD_SOLID_BREP('',#1435);
#1435 = CLOSED_SHELL('',(#1436,#1469,#1478));
#1436 = ADVANCED_FACE('',(#1437),#1464,.T.);
#1437 = FACE_BOUND('',#1438,.T.);
#1438 = EDGE_LOOP('',(#1439,#1448,#1456,#1463));
#1439 = ORIENTED_EDGE('',*,*,#1440,.F.);
#1440 = EDGE_CURVE('',#1441,#1441,#1443,.T.);
#1441 = VERTEX_POINT('',#1442);
#1442 = CARTESIAN_POINT('',(-356.5,-877.2837340336,28.));
#1443 = CIRCLE('',#1444,150.);
#1444 = AXIS2_PLACEMENT_3D('',#1445,#1446,#1447);
#1445 = CARTESIAN_POINT('',(-506.5,-877.2837340336,28.));
#1446 = DIRECTION('',(0.,0.,1.));
#1447 = DIRECTION('',(1.,0.,0.));
#1448 = ORIENTED_EDGE('',*,*,#1449,.F.);
#1449 = EDGE_CURVE('',#1450,#1441,#1452,.T.);
#1450 = VERTEX_POINT('',#1451);
#1451 = CARTESIAN_POINT('',(-356.5,-877.2837340336,0.));
#1452 = LINE('',#1453,#1454);
#1453 = CARTESIAN_POINT('',(-356.5,-877.2837340336,0.));
#1454 = VECTOR('',#1455,1.);
#1455 = DIRECTION('',(0.,0.,1.));
#1456 = ORIENTED_EDGE('',*,*,#1457,.T.);
#1457 = EDGE_CURVE('',#1450,#1450,#1458,.T.);
#1458 = CIRCLE('',#1459,150.);
#1459 = AXIS2_PLACEMENT_3D('',#1460,#1461,#1462);
#1460 = CARTESIAN_POINT('',(-506.5,-877.2837340336,0.));
#1461 = DIRECTION('',(0.,0.,1.));
#1462 = DIRECTION('',(1.,0.,0.));
#1463 = ORIENTED_EDGE('',*,*,#1449,.T.);
#1464 = CYLINDRICAL_SURFACE('',#1465,150.);
#1465 = AXIS2_PLACEMENT_3D('',#1466,#1467,#1468);
#1466 = CARTESIAN_POINT('',(-506.5,-877.2837340336,0.));
#1467 = DIRECTION('',(0.,0.,1.));
#1468 = DIRECTION('',(1.,0.,0.));
#1469 = ADVANCED_FACE('',(#1470),#1473,.T.);
#1470 = FACE_BOUND('',#1471,.T.);
#1471 = EDGE_LOOP('',(#1472));
#1472 = ORIENTED_EDGE('',*,*,#1440,.T.);
#1473 = PLANE('',#1474);
#1474 = AXIS2_PLACEMENT_3D('',#1475,#1476,#1477);
#1475 = CARTESIAN_POINT('',(-506.5,-877.2837340336,28.));
#1476 = DIRECTION('',(0.,0.,1.));
#1477 = DIRECTION('',(1.,0.,0.));
#1478 = ADVANCED_FACE('',(#1479),#1482,.F.);
#1479 = FACE_BOUND('',#1480,.T.);
#1480 = EDGE_LOOP('',(#1481));
#1481 = ORIENTED_EDGE('',*,*,#1457,.F.);
#1482 = PLANE('',#1483);
#1483 = AXIS2_PLACEMENT_3D('',#1484,#1485,#1486);
#1484 = CARTESIAN_POINT('',(-506.5,-877.2837340336,0.));
#1485 = DIRECTION('',(0.,0.,1.));
#1486 = DIRECTION('',(1.,0.,0.));
#1487 = MANIFOLD_SOLID_BREP('',#1488);
#1488 = CLOSED_SHELL('',(#1489,#1522,#1531));
#1489 = ADVANCED_FACE('',(#1490),#1517,.T.);
#1490 = FACE_BOUND('',#1491,.T.);
#1491 = EDGE_LOOP('',(#1492,#1501,#1509,#1516));
#1492 = ORIENTED_EDGE('',*,*,#1493,.F.);
#1493 = EDGE_CURVE('',#1494,#1494,#1496,.T.);
#1494 = VERTEX_POINT('',#1495);
#1495 = CARTESIAN_POINT('',(-449.,-877.2837340336,458.));
#1496 = CIRCLE('',#1497,57.5);
#1497 = AXIS2_PLACEMENT_3D('',#1498,#1499,#1500);
#1498 = CARTESIAN_POINT('',(-506.5,-877.2837340336,458.));
#1499 = DIRECTION('',(0.,0.,1.));
#1500 = DIRECTION('',(1.,0.,0.));
#1501 = ORIENTED_EDGE('',*,*,#1502,.F.);
#1502 = EDGE_CURVE('',#1503,#1494,#1505,.T.);
#1503 = VERTEX_POINT('',#1504);
#1504 = CARTESIAN_POINT('',(-449.,-877.2837340336,28.));
#1505 = LINE('',#1506,#1507);
#1506 = CARTESIAN_POINT('',(-449.,-877.2837340336,28.));
#1507 = VECTOR('',#1508,1.);
#1508 = DIRECTION('',(0.,0.,1.));
#1509 = ORIENTED_EDGE('',*,*,#1510,.T.);
#1510 = EDGE_CURVE('',#1503,#1503,#1511,.T.);
#1511 = CIRCLE('',#1512,57.5);
#1512 = AXIS2_PLACEMENT_3D('',#1513,#1514,#1515);
#1513 = CARTESIAN_POINT('',(-506.5,-877.2837340336,28.));
#1514 = DIRECTION('',(0.,0.,1.));
#1515 = DIRECTION('',(1.,0.,0.));
#1516 = ORIENTED_EDGE('',*,*,#1502,.T.);
#1517 = CYLINDRICAL_SURFACE('',#1518,57.5);
#1518 = AXIS2_PLACEMENT_3D('',#1519,#1520,#1521);
#1519 = CARTESIAN_POINT('',(-506.5,-877.2837340336,28.));
#1520 = DIRECTION('',(0.,0.,1.));
#1521 = DIRECTION('',(1.,0.,0.));
#1522 = ADVANCED_FACE('',(#1523),#1526,.T.);
#1523 = FACE_BOUND('',#1524,.T.);
#1524 = EDGE_LOOP('',(#1525));
#1525 = ORIENTED_EDGE('',*,*,#1493,.T.);
#1526 = PLANE('',#1527);
#1527 = AXIS2_PLACEMENT_3D('',#1528,#1529,#1530);
#1528 = CARTESIAN_POINT('',(-506.5,-877.2837340336,458.));
#1529 = DIRECTION('',(0.,0.,1.));
#1530 = DIRECTION('',(1.,0.,0.));
#1531 = ADVANCED_FACE('',(#1532),#1535,.F.);
#1532 = FACE_BOUND('',#1533,.T.);
#1533 = EDGE_LOOP('',(#1534));
#1534 = ORIENTED_EDGE('',*,*,#1510,.F.);
#1535 = PLANE('',#1536);
#1536 = AXIS2_PLACEMENT_3D('',#1537,#1538,#1539);
#1537 = CARTESIAN_POINT('',(-506.5,-877.2837340336,28.));
#1538 = DIRECTION('',(0.,0.,1.));
#1539 = DIRECTION('',(1.,0.,0.));
#1540 = MANIFOLD_SOLID_BREP('',#1541);
#1541 = CLOSED_SHELL('',(#1542,#1575,#1584));
#1542 = ADVANCED_FACE('',(#1543),#1570,.T.);
#1543 = FACE_BOUND('',#1544,.T.);
#1544 = EDGE_LOOP('',(#1545,#1554,#1562,#1569));
#1545 = ORIENTED_EDGE('',*,*,#1546,.F.);
#1546 = EDGE_CURVE('',#1547,#1547,#1549,.T.);
#1547 = VERTEX_POINT('',#1548);
#1548 = CARTESIAN_POINT('',(376.98729810778,-1.393153532995E+03,28.));
#1549 = CIRCLE('',#1550,150.);
#1550 = AXIS2_PLACEMENT_3D('',#1551,#1552,#1553);
#1551 = CARTESIAN_POINT('',(226.98729810778,-1.393153532995E+03,28.));
#1552 = DIRECTION('',(0.,0.,1.));
#1553 = DIRECTION('',(1.,0.,0.));
#1554 = ORIENTED_EDGE('',*,*,#1555,.F.);
#1555 = EDGE_CURVE('',#1556,#1547,#1558,.T.);
#1556 = VERTEX_POINT('',#1557);
#1557 = CARTESIAN_POINT('',(376.98729810778,-1.393153532995E+03,0.));
#1558 = LINE('',#1559,#1560);
#1559 = CARTESIAN_POINT('',(376.98729810778,-1.393153532995E+03,0.));
#1560 = VECTOR('',#1561,1.);
#1561 = DIRECTION('',(0.,0.,1.));
#1562 = ORIENTED_EDGE('',*,*,#1563,.T.);
#1563 = EDGE_CURVE('',#1556,#1556,#1564,.T.);
#1564 = CIRCLE('',#1565,150.);
#1565 = AXIS2_PLACEMENT_3D('',#1566,#1567,#1568);
#1566 = CARTESIAN_POINT('',(226.98729810778,-1.393153532995E+03,0.));
#1567 = DIRECTION('',(0.,0.,1.));
#1568 = DIRECTION('',(1.,0.,0.));
#1569 = ORIENTED_EDGE('',*,*,#1555,.T.);
#1570 = CYLINDRICAL_SURFACE('',#1571,150.);
#1571 = AXIS2_PLACEMENT_3D('',#1572,#1573,#1574);
#1572 = CARTESIAN_POINT('',(226.98729810778,-1.393153532995E+03,0.));
#1573 = DIRECTION('',(0.,0.,1.));
#1574 = DIRECTION('',(1.,0.,0.));
#1575 = ADVANCED_FACE('',(#1576),#1579,.T.);
#1576 = FACE_BOUND('',#1577,.T.);
#1577 = EDGE_LOOP('',(#1578));
#1578 = ORIENTED_EDGE('',*,*,#1546,.T.);
#1579 = PLANE('',#1580);
#1580 = AXIS2_PLACEMENT_3D('',#1581,#1582,#1583);
#1581 = CARTESIAN_POINT('',(226.98729810778,-1.393153532995E+03,28.));
#1582 = DIRECTION('',(0.,0.,1.));
#1583 = DIRECTION('',(1.,0.,0.));
#1584 = ADVANCED_FACE('',(#1585),#1588,.F.);
#1585 = FACE_BOUND('',#1586,.T.);
#1586 = EDGE_LOOP('',(#1587));
#1587 = ORIENTED_EDGE('',*,*,#1563,.F.);
#1588 = PLANE('',#1589);
#1589 = AXIS2_PLACEMENT_3D('',#1590,#1591,#1592);
#1590 = CARTESIAN_POINT('',(226.98729810778,-1.393153532995E+03,0.));
#1591 = DIRECTION('',(0.,0.,1.));
#1592 = DIRECTION('',(1.,0.,0.));
#1593 = MANIFOLD_SOLID_BREP('',#1594);
#1594 = CLOSED_SHELL('',(#1595,#1628,#1637));
#1595 = ADVANCED_FACE('',(#1596),#1623,.T.);
#1596 = FACE_BOUND('',#1597,.T.);
#1597 = EDGE_LOOP('',(#1598,#1607,#1615,#1622));
#1598 = ORIENTED_EDGE('',*,*,#1599,.F.);
#1599 = EDGE_CURVE('',#1600,#1600,#1602,.T.);
#1600 = VERTEX_POINT('',#1601);
#1601 = CARTESIAN_POINT('',(284.48729810778,-1.393153532995E+03,458.));
#1602 = CIRCLE('',#1603,57.5);
#1603 = AXIS2_PLACEMENT_3D('',#1604,#1605,#1606);
#1604 = CARTESIAN_POINT('',(226.98729810778,-1.393153532995E+03,458.));
#1605 = DIRECTION('',(0.,0.,1.));
#1606 = DIRECTION('',(1.,0.,0.));
#1607 = ORIENTED_EDGE('',*,*,#1608,.F.);
#1608 = EDGE_CURVE('',#1609,#1600,#1611,.T.);
#1609 = VERTEX_POINT('',#1610);
#1610 = CARTESIAN_POINT('',(284.48729810778,-1.393153532995E+03,28.));
#1611 = LINE('',#1612,#1613);
#1612 = CARTESIAN_POINT('',(284.48729810778,-1.393153532995E+03,28.));
#1613 = VECTOR('',#1614,1.);
#1614 = DIRECTION('',(0.,0.,1.));
#1615 = ORIENTED_EDGE('',*,*,#1616,.T.);
#1616 = EDGE_CURVE('',#1609,#1609,#1617,.T.);
#1617 = CIRCLE('',#1618,57.5);
#1618 = AXIS2_PLACEMENT_3D('',#1619,#1620,#1621);
#1619 = CARTESIAN_POINT('',(226.98729810778,-1.393153532995E+03,28.));
#1620 = DIRECTION('',(0.,0.,1.));
#1621 = DIRECTION('',(1.,0.,0.));
#1622 = ORIENTED_EDGE('',*,*,#1608,.T.);
#1623 = CYLINDRICAL_SURFACE('',#1624,57.5);
#1624 = AXIS2_PLACEMENT_3D('',#1625,#1626,#1627);
#1625 = CARTESIAN_POINT('',(226.98729810778,-1.393153532995E+03,28.));
#1626 = DIRECTION('',(0.,0.,1.));
#1627 = DIRECTION('',(1.,0.,0.));
#1628 = ADVANCED_FACE('',(#1629),#1632,.T.);
#1629 = FACE_BOUND('',#1630,.T.);
#1630 = EDGE_LOOP('',(#1631));
#1631 = ORIENTED_EDGE('',*,*,#1599,.T.);
#1632 = PLANE('',#1633);
#1633 = AXIS2_PLACEMENT_3D('',#1634,#1635,#1636);
#1634 = CARTESIAN_POINT('',(226.98729810778,-1.393153532995E+03,458.));
#1635 = DIRECTION('',(0.,0.,1.));
#1636 = DIRECTION('',(1.,0.,0.));
#1637 = ADVANCED_FACE('',(#1638),#1641,.F.);
#1638 = FACE_BOUND('',#1639,.T.);
#1639 = EDGE_LOOP('',(#1640));
#1640 = ORIENTED_EDGE('',*,*,#1616,.F.);
#1641 = PLANE('',#1642);
#1642 = AXIS2_PLACEMENT_3D('',#1643,#1644,#1645);
#1643 = CARTESIAN_POINT('',(226.98729810778,-1.393153532995E+03,28.));
#1644 = DIRECTION('',(0.,0.,1.));
#1645 = DIRECTION('',(1.,0.,0.));
#1646 = MANIFOLD_SOLID_BREP('',#1647);
#1647 = CLOSED_SHELL('',(#1648,#1681,#1690));
#1648 = ADVANCED_FACE('',(#1649),#1676,.T.);
#1649 = FACE_BOUND('',#1650,.T.);
#1650 = EDGE_LOOP('',(#1651,#1660,#1668,#1675));
#1651 = ORIENTED_EDGE('',*,*,#1652,.F.);
#1652 = EDGE_CURVE('',#1653,#1653,#1655,.T.);
#1653 = VERTEX_POINT('',#1654);
#1654 = CARTESIAN_POINT('',(-1.17E+03,-500.,28.));
#1655 = CIRCLE('',#1656,150.);
#1656 = AXIS2_PLACEMENT_3D('',#1657,#1658,#1659);
#1657 = CARTESIAN_POINT('',(-1.32E+03,-500.,28.));
#1658 = DIRECTION('',(0.,0.,1.));
#1659 = DIRECTION('',(1.,0.,0.));
#1660 = ORIENTED_EDGE('',*,*,#1661,.F.);
#1661 = EDGE_CURVE('',#1662,#1653,#1664,.T.);
#1662 = VERTEX_POINT('',#1663);
#1663 = CARTESIAN_POINT('',(-1.17E+03,-500.,0.));
#1664 = LINE('',#1665,#1666);
#1665 = CARTESIAN_POINT('',(-1.17E+03,-500.,0.));
#1666 = VECTOR('',#1667,1.);
#1667 = DIRECTION('',(0.,0.,1.));
#1668 = ORIENTED_EDGE('',*,*,#1669,.T.);
#1669 = EDGE_CURVE('',#1662,#1662,#1670,.T.);
#1670 = CIRCLE('',#1671,150.);
#1671 = AXIS2_PLACEMENT_3D('',#1672,#1673,#1674);
#1672 = CARTESIAN_POINT('',(-1.32E+03,-500.,0.));
#1673 = DIRECTION('',(0.,0.,1.));
#1674 = DIRECTION('',(1.,0.,0.));
#1675 = ORIENTED_EDGE('',*,*,#1661,.T.);
#1676 = CYLINDRICAL_SURFACE('',#1677,150.);
#1677 = AXIS2_PLACEMENT_3D('',#1678,#1679,#1680);
#1678 = CARTESIAN_POINT('',(-1.32E+03,-500.,0.));
#1679 = DIRECTION('',(0.,0.,1.));
#1680 = DIRECTION('',(1.,0.,0.));
#1681 = ADVANCED_FACE('',(#1682),#1685,.T.);
#1682 = FACE_BOUND('',#1683,.T.);
#1683 = EDGE_LOOP('',(#1684));
#1684 = ORIENTED_EDGE('',*,*,#1652,.T.);
#1685 = PLANE('',#1686);
#1686 = AXIS2_PLACEMENT_3D('',#1687,#1688,#1689);
#1687 = CARTESIAN_POINT('',(-1.32E+03,-500.,28.));
#1688 = DIRECTION('',(0.,0.,1.));
#1689 = DIRECTION('',(1.,0.,0.));
#1690 = ADVANCED_FACE('',(#1691),#1694,.F.);
#1691 = FACE_BOUND('',#1692,.T.);
#1692 = EDGE_LOOP('',(#1693));
#1693 = ORIENTED_EDGE('',*,*,#1669,.F.);
#1694 = PLANE('',#1695);
#1695 = AXIS2_PLACEMENT_3D('',#1696,#1697,#1698);
#1696 = CARTESIAN_POINT('',(-1.32E+03,-500.,0.));
#1697 = DIRECTION('',(0.,0.,1.));
#1698 = DIRECTION('',(1.,0.,0.));
#1699 = MANIFOLD_SOLID_BREP('',#1700);
#1700 = CLOSED_SHELL('',(#1701,#1734,#1743));
#1701 = ADVANCED_FACE('',(#1702),#1729,.T.);
#1702 = FACE_BOUND('',#1703,.T.);
#1703 = EDGE_LOOP('',(#1704,#1713,#1721,#1728));
#1704 = ORIENTED_EDGE('',*,*,#1705,.F.);
#1705 = EDGE_CURVE('',#1706,#1706,#1708,.T.);
#1706 = VERTEX_POINT('',#1707);
#1707 = CARTESIAN_POINT('',(-1.2625E+03,-500.,458.));
#1708 = CIRCLE('',#1709,57.5);
#1709 = AXIS2_PLACEMENT_3D('',#1710,#1711,#1712);
#1710 = CARTESIAN_POINT('',(-1.32E+03,-500.,458.));
#1711 = DIRECTION('',(0.,0.,1.));
#1712 = DIRECTION('',(1.,0.,0.));
#1713 = ORIENTED_EDGE('',*,*,#1714,.F.);
#1714 = EDGE_CURVE('',#1715,#1706,#1717,.T.);
#1715 = VERTEX_POINT('',#1716);
#1716 = CARTESIAN_POINT('',(-1.2625E+03,-500.,28.));
#1717 = LINE('',#1718,#1719);
#1718 = CARTESIAN_POINT('',(-1.2625E+03,-500.,28.));
#1719 = VECTOR('',#1720,1.);
#1720 = DIRECTION('',(0.,0.,1.));
#1721 = ORIENTED_EDGE('',*,*,#1722,.T.);
#1722 = EDGE_CURVE('',#1715,#1715,#1723,.T.);
#1723 = CIRCLE('',#1724,57.5);
#1724 = AXIS2_PLACEMENT_3D('',#1725,#1726,#1727);
#1725 = CARTESIAN_POINT('',(-1.32E+03,-500.,28.));
#1726 = DIRECTION('',(0.,0.,1.));
#1727 = DIRECTION('',(1.,0.,0.));
#1728 = ORIENTED_EDGE('',*,*,#1714,.T.);
#1729 = CYLINDRICAL_SURFACE('',#1730,57.5);
#1730 = AXIS2_PLACEMENT_3D('',#1731,#1732,#1733);
#1731 = CARTESIAN_POINT('',(-1.32E+03,-500.,28.));
#1732 = DIRECTION('',(0.,0.,1.));
#1733 = DIRECTION('',(1.,0.,0.));
#1734 = ADVANCED_FACE('',(#1735),#1738,.T.);
#1735 = FACE_BOUND('',#1736,.T.);
#1736 = EDGE_LOOP('',(#1737));
#1737 = ORIENTED_EDGE('',*,*,#1705,.T.);
#1738 = PLANE('',#1739);
#1739 = AXIS2_PLACEMENT_3D('',#1740,#1741,#1742);
#1740 = CARTESIAN_POINT('',(-1.32E+03,-500.,458.));
#1741 = DIRECTION('',(0.,0.,1.));
#1742 = DIRECTION('',(1.,0.,0.));
#1743 = ADVANCED_FACE('',(#1744),#1747,.F.);
#1744 = FACE_BOUND('',#1745,.T.);
#1745 = EDGE_LOOP('',(#1746));
#1746 = ORIENTED_EDGE('',*,*,#1722,.F.);
#1747 = PLANE('',#1748);
#1748 = AXIS2_PLACEMENT_3D('',#1749,#1750,#1751);
#1749 = CARTESIAN_POINT('',(-1.32E+03,-500.,28.));
#1750 = DIRECTION('',(0.,0.,1.));
#1751 = DIRECTION('',(1.,0.,0.));
#1752 = MANIFOLD_SOLID_BREP('',#1753);
#1753 = CLOSED_SHELL('',(#1754,#1796,#1827,#1858,#1891,#1924,#1955,#1986
    ,#2010,#2026));
#1754 = ADVANCED_FACE('',(#1755),#1791,.T.);
#1755 = FACE_BOUND('',#1756,.T.);
#1756 = EDGE_LOOP('',(#1757,#1768,#1776,#1785));
#1757 = ORIENTED_EDGE('',*,*,#1758,.F.);
#1758 = EDGE_CURVE('',#1759,#1761,#1763,.T.);
#1759 = VERTEX_POINT('',#1760);
#1760 = CARTESIAN_POINT('',(520.,-510.,750.));
#1761 = VERTEX_POINT('',#1762);
#1762 = CARTESIAN_POINT('',(660.,-650.,750.));
#1763 = CIRCLE('',#1764,140.);
#1764 = AXIS2_PLACEMENT_3D('',#1765,#1766,#1767);
#1765 = CARTESIAN_POINT('',(660.,-510.,750.));
#1766 = DIRECTION('',(0.,0.,1.));
#1767 = DIRECTION('',(1.,0.,0.));
#1768 = ORIENTED_EDGE('',*,*,#1769,.F.);
#1769 = EDGE_CURVE('',#1770,#1759,#1772,.T.);
#1770 = VERTEX_POINT('',#1771);
#1771 = CARTESIAN_POINT('',(520.,-510.,710.));
#1772 = LINE('',#1773,#1774);
#1773 = CARTESIAN_POINT('',(520.,-510.,710.));
#1774 = VECTOR('',#1775,1.);
#1775 = DIRECTION('',(0.,0.,1.));
#1776 = ORIENTED_EDGE('',*,*,#1777,.T.);
#1777 = EDGE_CURVE('',#1770,#1778,#1780,.T.);
#1778 = VERTEX_POINT('',#1779);
#1779 = CARTESIAN_POINT('',(660.,-650.,710.));
#1780 = CIRCLE('',#1781,140.);
#1781 = AXIS2_PLACEMENT_3D('',#1782,#1783,#1784);
#1782 = CARTESIAN_POINT('',(660.,-510.,710.));
#1783 = DIRECTION('',(0.,0.,1.));
#1784 = DIRECTION('',(1.,0.,0.));
#1785 = ORIENTED_EDGE('',*,*,#1786,.T.);
#1786 = EDGE_CURVE('',#1778,#1761,#1787,.T.);
#1787 = LINE('',#1788,#1789);
#1788 = CARTESIAN_POINT('',(660.,-650.,710.));
#1789 = VECTOR('',#1790,1.);
#1790 = DIRECTION('',(0.,0.,1.));
#1791 = CYLINDRICAL_SURFACE('',#1792,140.);
#1792 = AXIS2_PLACEMENT_3D('',#1793,#1794,#1795);
#1793 = CARTESIAN_POINT('',(660.,-510.,710.));
#1794 = DIRECTION('',(0.,0.,1.));
#1795 = DIRECTION('',(1.,0.,0.));
#1796 = ADVANCED_FACE('',(#1797),#1822,.F.);
#1797 = FACE_BOUND('',#1798,.F.);
#1798 = EDGE_LOOP('',(#1799,#1807,#1808,#1816));
#1799 = ORIENTED_EDGE('',*,*,#1800,.F.);
#1800 = EDGE_CURVE('',#1778,#1801,#1803,.T.);
#1801 = VERTEX_POINT('',#1802);
#1802 = CARTESIAN_POINT('',(1.23E+03,-650.,710.));
#1803 = LINE('',#1804,#1805);
#1804 = CARTESIAN_POINT('',(660.,-650.,710.));
#1805 = VECTOR('',#1806,1.);
#1806 = DIRECTION('',(1.,0.,0.));
#1807 = ORIENTED_EDGE('',*,*,#1786,.T.);
#1808 = ORIENTED_EDGE('',*,*,#1809,.T.);
#1809 = EDGE_CURVE('',#1761,#1810,#1812,.T.);
#1810 = VERTEX_POINT('',#1811);
#1811 = CARTESIAN_POINT('',(1.23E+03,-650.,750.));
#1812 = LINE('',#1813,#1814);
#1813 = CARTESIAN_POINT('',(660.,-650.,750.));
#1814 = VECTOR('',#1815,1.);
#1815 = DIRECTION('',(1.,0.,0.));
#1816 = ORIENTED_EDGE('',*,*,#1817,.F.);
#1817 = EDGE_CURVE('',#1801,#1810,#1818,.T.);
#1818 = LINE('',#1819,#1820);
#1819 = CARTESIAN_POINT('',(1.23E+03,-650.,710.));
#1820 = VECTOR('',#1821,1.);
#1821 = DIRECTION('',(0.,0.,1.));
#1822 = PLANE('',#1823);
#1823 = AXIS2_PLACEMENT_3D('',#1824,#1825,#1826);
#1824 = CARTESIAN_POINT('',(660.,-650.,710.));
#1825 = DIRECTION('',(0.,1.,0.));
#1826 = DIRECTION('',(0.,0.,1.));
#1827 = ADVANCED_FACE('',(#1828),#1853,.F.);
#1828 = FACE_BOUND('',#1829,.F.);
#1829 = EDGE_LOOP('',(#1830,#1831,#1839,#1847));
#1830 = ORIENTED_EDGE('',*,*,#1769,.F.);
#1831 = ORIENTED_EDGE('',*,*,#1832,.T.);
#1832 = EDGE_CURVE('',#1770,#1833,#1835,.T.);
#1833 = VERTEX_POINT('',#1834);
#1834 = CARTESIAN_POINT('',(520.,510.,710.));
#1835 = LINE('',#1836,#1837);
#1836 = CARTESIAN_POINT('',(520.,-510.,710.));
#1837 = VECTOR('',#1838,1.);
#1838 = DIRECTION('',(0.,1.,0.));
#1839 = ORIENTED_EDGE('',*,*,#1840,.T.);
#1840 = EDGE_CURVE('',#1833,#1841,#1843,.T.);
#1841 = VERTEX_POINT('',#1842);
#1842 = CARTESIAN_POINT('',(520.,510.,750.));
#1843 = LINE('',#1844,#1845);
#1844 = CARTESIAN_POINT('',(520.,510.,710.));
#1845 = VECTOR('',#1846,1.);
#1846 = DIRECTION('',(0.,0.,1.));
#1847 = ORIENTED_EDGE('',*,*,#1848,.F.);
#1848 = EDGE_CURVE('',#1759,#1841,#1849,.T.);
#1849 = LINE('',#1850,#1851);
#1850 = CARTESIAN_POINT('',(520.,-510.,750.));
#1851 = VECTOR('',#1852,1.);
#1852 = DIRECTION('',(0.,1.,0.));
#1853 = PLANE('',#1854);
#1854 = AXIS2_PLACEMENT_3D('',#1855,#1856,#1857);
#1855 = CARTESIAN_POINT('',(520.,-510.,710.));
#1856 = DIRECTION('',(1.,0.,0.));
#1857 = DIRECTION('',(0.,0.,1.));
#1858 = ADVANCED_FACE('',(#1859),#1886,.T.);
#1859 = FACE_BOUND('',#1860,.T.);
#1860 = EDGE_LOOP('',(#1861,#1870,#1871,#1880));
#1861 = ORIENTED_EDGE('',*,*,#1862,.F.);
#1862 = EDGE_CURVE('',#1810,#1863,#1865,.T.);
#1863 = VERTEX_POINT('',#1864);
#1864 = CARTESIAN_POINT('',(1.37E+03,-510.,750.));
#1865 = CIRCLE('',#1866,140.);
#1866 = AXIS2_PLACEMENT_3D('',#1867,#1868,#1869);
#1867 = CARTESIAN_POINT('',(1.23E+03,-510.,750.));
#1868 = DIRECTION('',(0.,0.,1.));
#1869 = DIRECTION('',(1.,0.,0.));
#1870 = ORIENTED_EDGE('',*,*,#1817,.F.);
#1871 = ORIENTED_EDGE('',*,*,#1872,.T.);
#1872 = EDGE_CURVE('',#1801,#1873,#1875,.T.);
#1873 = VERTEX_POINT('',#1874);
#1874 = CARTESIAN_POINT('',(1.37E+03,-510.,710.));
#1875 = CIRCLE('',#1876,140.);
#1876 = AXIS2_PLACEMENT_3D('',#1877,#1878,#1879);
#1877 = CARTESIAN_POINT('',(1.23E+03,-510.,710.));
#1878 = DIRECTION('',(0.,0.,1.));
#1879 = DIRECTION('',(1.,0.,0.));
#1880 = ORIENTED_EDGE('',*,*,#1881,.T.);
#1881 = EDGE_CURVE('',#1873,#1863,#1882,.T.);
#1882 = LINE('',#1883,#1884);
#1883 = CARTESIAN_POINT('',(1.37E+03,-510.,710.));
#1884 = VECTOR('',#1885,1.);
#1885 = DIRECTION('',(0.,0.,1.));
#1886 = CYLINDRICAL_SURFACE('',#1887,140.);
#1887 = AXIS2_PLACEMENT_3D('',#1888,#1889,#1890);
#1888 = CARTESIAN_POINT('',(1.23E+03,-510.,710.));
#1889 = DIRECTION('',(0.,0.,1.));
#1890 = DIRECTION('',(1.,0.,0.));
#1891 = ADVANCED_FACE('',(#1892),#1919,.T.);
#1892 = FACE_BOUND('',#1893,.T.);
#1893 = EDGE_LOOP('',(#1894,#1903,#1911,#1918));
#1894 = ORIENTED_EDGE('',*,*,#1895,.F.);
#1895 = EDGE_CURVE('',#1896,#1841,#1898,.T.);
#1896 = VERTEX_POINT('',#1897);
#1897 = CARTESIAN_POINT('',(660.,650.,750.));
#1898 = CIRCLE('',#1899,140.);
#1899 = AXIS2_PLACEMENT_3D('',#1900,#1901,#1902);
#1900 = CARTESIAN_POINT('',(660.,510.,750.));
#1901 = DIRECTION('',(0.,0.,1.));
#1902 = DIRECTION('',(1.,0.,0.));
#1903 = ORIENTED_EDGE('',*,*,#1904,.F.);
#1904 = EDGE_CURVE('',#1905,#1896,#1907,.T.);
#1905 = VERTEX_POINT('',#1906);
#1906 = CARTESIAN_POINT('',(660.,650.,710.));
#1907 = LINE('',#1908,#1909);
#1908 = CARTESIAN_POINT('',(660.,650.,710.));
#1909 = VECTOR('',#1910,1.);
#1910 = DIRECTION('',(0.,0.,1.));
#1911 = ORIENTED_EDGE('',*,*,#1912,.T.);
#1912 = EDGE_CURVE('',#1905,#1833,#1913,.T.);
#1913 = CIRCLE('',#1914,140.);
#1914 = AXIS2_PLACEMENT_3D('',#1915,#1916,#1917);
#1915 = CARTESIAN_POINT('',(660.,510.,710.));
#1916 = DIRECTION('',(0.,0.,1.));
#1917 = DIRECTION('',(1.,0.,0.));
#1918 = ORIENTED_EDGE('',*,*,#1840,.T.);
#1919 = CYLINDRICAL_SURFACE('',#1920,140.);
#1920 = AXIS2_PLACEMENT_3D('',#1921,#1922,#1923);
#1921 = CARTESIAN_POINT('',(660.,510.,710.));
#1922 = DIRECTION('',(0.,0.,1.));
#1923 = DIRECTION('',(1.,0.,0.));
#1924 = ADVANCED_FACE('',(#1925),#1950,.T.);
#1925 = FACE_BOUND('',#1926,.T.);
#1926 = EDGE_LOOP('',(#1927,#1935,#1936,#1944));
#1927 = ORIENTED_EDGE('',*,*,#1928,.F.);
#1928 = EDGE_CURVE('',#1905,#1929,#1931,.T.);
#1929 = VERTEX_POINT('',#1930);
#1930 = CARTESIAN_POINT('',(1.23E+03,650.,710.));
#1931 = LINE('',#1932,#1933);
#1932 = CARTESIAN_POINT('',(660.,650.,710.));
#1933 = VECTOR('',#1934,1.);
#1934 = DIRECTION('',(1.,0.,0.));
#1935 = ORIENTED_EDGE('',*,*,#1904,.T.);
#1936 = ORIENTED_EDGE('',*,*,#1937,.T.);
#1937 = EDGE_CURVE('',#1896,#1938,#1940,.T.);
#1938 = VERTEX_POINT('',#1939);
#1939 = CARTESIAN_POINT('',(1.23E+03,650.,750.));
#1940 = LINE('',#1941,#1942);
#1941 = CARTESIAN_POINT('',(660.,650.,750.));
#1942 = VECTOR('',#1943,1.);
#1943 = DIRECTION('',(1.,0.,0.));
#1944 = ORIENTED_EDGE('',*,*,#1945,.F.);
#1945 = EDGE_CURVE('',#1929,#1938,#1946,.T.);
#1946 = LINE('',#1947,#1948);
#1947 = CARTESIAN_POINT('',(1.23E+03,650.,710.));
#1948 = VECTOR('',#1949,1.);
#1949 = DIRECTION('',(0.,0.,1.));
#1950 = PLANE('',#1951);
#1951 = AXIS2_PLACEMENT_3D('',#1952,#1953,#1954);
#1952 = CARTESIAN_POINT('',(660.,650.,710.));
#1953 = DIRECTION('',(0.,1.,0.));
#1954 = DIRECTION('',(0.,0.,1.));
#1955 = ADVANCED_FACE('',(#1956),#1981,.T.);
#1956 = FACE_BOUND('',#1957,.T.);
#1957 = EDGE_LOOP('',(#1958,#1959,#1967,#1975));
#1958 = ORIENTED_EDGE('',*,*,#1881,.F.);
#1959 = ORIENTED_EDGE('',*,*,#1960,.T.);
#1960 = EDGE_CURVE('',#1873,#1961,#1963,.T.);
#1961 = VERTEX_POINT('',#1962);
#1962 = CARTESIAN_POINT('',(1.37E+03,510.,710.));
#1963 = LINE('',#1964,#1965);
#1964 = CARTESIAN_POINT('',(1.37E+03,-510.,710.));
#1965 = VECTOR('',#1966,1.);
#1966 = DIRECTION('',(0.,1.,0.));
#1967 = ORIENTED_EDGE('',*,*,#1968,.T.);
#1968 = EDGE_CURVE('',#1961,#1969,#1971,.T.);
#1969 = VERTEX_POINT('',#1970);
#1970 = CARTESIAN_POINT('',(1.37E+03,510.,750.));
#1971 = LINE('',#1972,#1973);
#1972 = CARTESIAN_POINT('',(1.37E+03,510.,710.));
#1973 = VECTOR('',#1974,1.);
#1974 = DIRECTION('',(0.,0.,1.));
#1975 = ORIENTED_EDGE('',*,*,#1976,.F.);
#1976 = EDGE_CURVE('',#1863,#1969,#1977,.T.);
#1977 = LINE('',#1978,#1979);
#1978 = CARTESIAN_POINT('',(1.37E+03,-510.,750.));
#1979 = VECTOR('',#1980,1.);
#1980 = DIRECTION('',(0.,1.,0.));
#1981 = PLANE('',#1982);
#1982 = AXIS2_PLACEMENT_3D('',#1983,#1984,#1985);
#1983 = CARTESIAN_POINT('',(1.37E+03,-510.,710.));
#1984 = DIRECTION('',(1.,0.,0.));
#1985 = DIRECTION('',(0.,0.,1.));
#1986 = ADVANCED_FACE('',(#1987),#2005,.T.);
#1987 = FACE_BOUND('',#1988,.T.);
#1988 = EDGE_LOOP('',(#1989,#1996,#1997,#2004));
#1989 = ORIENTED_EDGE('',*,*,#1990,.F.);
#1990 = EDGE_CURVE('',#1969,#1938,#1991,.T.);
#1991 = CIRCLE('',#1992,140.);
#1992 = AXIS2_PLACEMENT_3D('',#1993,#1994,#1995);
#1993 = CARTESIAN_POINT('',(1.23E+03,510.,750.));
#1994 = DIRECTION('',(0.,0.,1.));
#1995 = DIRECTION('',(1.,0.,0.));
#1996 = ORIENTED_EDGE('',*,*,#1968,.F.);
#1997 = ORIENTED_EDGE('',*,*,#1998,.T.);
#1998 = EDGE_CURVE('',#1961,#1929,#1999,.T.);
#1999 = CIRCLE('',#2000,140.);
#2000 = AXIS2_PLACEMENT_3D('',#2001,#2002,#2003);
#2001 = CARTESIAN_POINT('',(1.23E+03,510.,710.));
#2002 = DIRECTION('',(0.,0.,1.));
#2003 = DIRECTION('',(1.,0.,0.));
#2004 = ORIENTED_EDGE('',*,*,#1945,.T.);
#2005 = CYLINDRICAL_SURFACE('',#2006,140.);
#2006 = AXIS2_PLACEMENT_3D('',#2007,#2008,#2009);
#2007 = CARTESIAN_POINT('',(1.23E+03,510.,710.));
#2008 = DIRECTION('',(0.,0.,1.));
#2009 = DIRECTION('',(1.,0.,0.));
#2010 = ADVANCED_FACE('',(#2011),#2021,.T.);
#2011 = FACE_BOUND('',#2012,.T.);
#2012 = EDGE_LOOP('',(#2013,#2014,#2015,#2016,#2017,#2018,#2019,#2020));
#2013 = ORIENTED_EDGE('',*,*,#1758,.T.);
#2014 = ORIENTED_EDGE('',*,*,#1809,.T.);
#2015 = ORIENTED_EDGE('',*,*,#1862,.T.);
#2016 = ORIENTED_EDGE('',*,*,#1976,.T.);
#2017 = ORIENTED_EDGE('',*,*,#1990,.T.);
#2018 = ORIENTED_EDGE('',*,*,#1937,.F.);
#2019 = ORIENTED_EDGE('',*,*,#1895,.T.);
#2020 = ORIENTED_EDGE('',*,*,#1848,.F.);
#2021 = PLANE('',#2022);
#2022 = AXIS2_PLACEMENT_3D('',#2023,#2024,#2025);
#2023 = CARTESIAN_POINT('',(945.,-2.874713605335E-14,750.));
#2024 = DIRECTION('',(0.,0.,1.));
#2025 = DIRECTION('',(1.,0.,0.));
#2026 = ADVANCED_FACE('',(#2027),#2037,.T.);
#2027 = FACE_BOUND('',#2028,.T.);
#2028 = EDGE_LOOP('',(#2029,#2030,#2031,#2032,#2033,#2034,#2035,#2036));
#2029 = ORIENTED_EDGE('',*,*,#1777,.F.);
#2030 = ORIENTED_EDGE('',*,*,#1832,.T.);
#2031 = ORIENTED_EDGE('',*,*,#1912,.F.);
#2032 = ORIENTED_EDGE('',*,*,#1928,.T.);
#2033 = ORIENTED_EDGE('',*,*,#1998,.F.);
#2034 = ORIENTED_EDGE('',*,*,#1960,.F.);
#2035 = ORIENTED_EDGE('',*,*,#1872,.F.);
#2036 = ORIENTED_EDGE('',*,*,#1800,.F.);
#2037 = PLANE('',#2038);
#2038 = AXIS2_PLACEMENT_3D('',#2039,#2040,#2041);
#2039 = CARTESIAN_POINT('',(945.,-1.437356802668E-14,710.));
#2040 = DIRECTION('',(-0.,-0.,-1.));
#2041 = DIRECTION('',(-1.,0.,0.));
#2042 = MANIFOLD_SOLID_BREP('',#2043);
#2043 = CLOSED_SHELL('',(#2044,#2077,#2086));
#2044 = ADVANCED_FACE('',(#2045),#2072,.T.);
#2045 = FACE_BOUND('',#2046,.T.);
#2046 = EDGE_LOOP('',(#2047,#2056,#2064,#2071));
#2047 = ORIENTED_EDGE('',*,*,#2048,.F.);
#2048 = EDGE_CURVE('',#2049,#2049,#2051,.T.);
#2049 = VERTEX_POINT('',#2050);
#2050 = CARTESIAN_POINT('',(1.056E+03,-1.053196247267E-14,710.));
#2051 = CIRCLE('',#2052,43.);
#2052 = AXIS2_PLACEMENT_3D('',#2053,#2054,#2055);
#2053 = CARTESIAN_POINT('',(1.013E+03,0.,710.));
#2054 = DIRECTION('',(0.,0.,1.));
#2055 = DIRECTION('',(1.,0.,0.));
#2056 = ORIENTED_EDGE('',*,*,#2057,.F.);
#2057 = EDGE_CURVE('',#2058,#2049,#2060,.T.);
#2058 = VERTEX_POINT('',#2059);
#2059 = CARTESIAN_POINT('',(1.056E+03,-1.053196247267E-14,301.));
#2060 = LINE('',#2061,#2062);
#2061 = CARTESIAN_POINT('',(1.056E+03,-1.053196247267E-14,301.));
#2062 = VECTOR('',#2063,1.);
#2063 = DIRECTION('',(0.,0.,1.));
#2064 = ORIENTED_EDGE('',*,*,#2065,.T.);
#2065 = EDGE_CURVE('',#2058,#2058,#2066,.T.);
#2066 = CIRCLE('',#2067,43.);
#2067 = AXIS2_PLACEMENT_3D('',#2068,#2069,#2070);
#2068 = CARTESIAN_POINT('',(1.013E+03,0.,301.));
#2069 = DIRECTION('',(0.,0.,1.));
#2070 = DIRECTION('',(1.,0.,0.));
#2071 = ORIENTED_EDGE('',*,*,#2057,.T.);
#2072 = CYLINDRICAL_SURFACE('',#2073,43.);
#2073 = AXIS2_PLACEMENT_3D('',#2074,#2075,#2076);
#2074 = CARTESIAN_POINT('',(1.013E+03,0.,301.));
#2075 = DIRECTION('',(0.,0.,1.));
#2076 = DIRECTION('',(1.,0.,0.));
#2077 = ADVANCED_FACE('',(#2078),#2081,.T.);
#2078 = FACE_BOUND('',#2079,.T.);
#2079 = EDGE_LOOP('',(#2080));
#2080 = ORIENTED_EDGE('',*,*,#2048,.T.);
#2081 = PLANE('',#2082);
#2082 = AXIS2_PLACEMENT_3D('',#2083,#2084,#2085);
#2083 = CARTESIAN_POINT('',(1.013E+03,0.,710.));
#2084 = DIRECTION('',(0.,0.,1.));
#2085 = DIRECTION('',(1.,0.,0.));
#2086 = ADVANCED_FACE('',(#2087),#2090,.F.);
#2087 = FACE_BOUND('',#2088,.T.);
#2088 = EDGE_LOOP('',(#2089));
#2089 = ORIENTED_EDGE('',*,*,#2065,.F.);
#2090 = PLANE('',#2091);
#2091 = AXIS2_PLACEMENT_3D('',#2092,#2093,#2094);
#2092 = CARTESIAN_POINT('',(1.013E+03,0.,301.));
#2093 = DIRECTION('',(0.,0.,1.));
#2094 = DIRECTION('',(1.,0.,0.));
#2095 = MANIFOLD_SOLID_BREP('',#2096);
#2096 = CLOSED_SHELL('',(#2097,#2139,#2170,#2201,#2234,#2267,#2298,#2329
    ,#2353,#2369));
#2097 = ADVANCED_FACE('',(#2098),#2134,.T.);
#2098 = FACE_BOUND('',#2099,.T.);
#2099 = EDGE_LOOP('',(#2100,#2111,#2119,#2128));
#2100 = ORIENTED_EDGE('',*,*,#2101,.F.);
#2101 = EDGE_CURVE('',#2102,#2104,#2106,.T.);
#2102 = VERTEX_POINT('',#2103);
#2103 = CARTESIAN_POINT('',(839.87803668695,34.711431702997,750.));
#2104 = VERTEX_POINT('',#2105);
#2105 = CARTESIAN_POINT('',(962.82032302755,67.653718043597,750.));
#2106 = CIRCLE('',#2107,90.);
#2107 = AXIS2_PLACEMENT_3D('',#2108,#2109,#2110);
#2108 = CARTESIAN_POINT('',(884.87803668695,112.65371804359,750.));
#2109 = DIRECTION('',(0.,-0.,1.));
#2110 = DIRECTION('',(0.5,0.866025403784,0.));
#2111 = ORIENTED_EDGE('',*,*,#2112,.F.);
#2112 = EDGE_CURVE('',#2113,#2102,#2115,.T.);
#2113 = VERTEX_POINT('',#2114);
#2114 = CARTESIAN_POINT('',(839.87803668695,34.711431702997,710.));
#2115 = LINE('',#2116,#2117);
#2116 = CARTESIAN_POINT('',(839.87803668695,34.711431702997,710.));
#2117 = VECTOR('',#2118,1.);
#2118 = DIRECTION('',(0.,0.,1.));
#2119 = ORIENTED_EDGE('',*,*,#2120,.T.);
#2120 = EDGE_CURVE('',#2113,#2121,#2123,.T.);
#2121 = VERTEX_POINT('',#2122);
#2122 = CARTESIAN_POINT('',(962.82032302755,67.653718043597,710.));
#2123 = CIRCLE('',#2124,90.);
#2124 = AXIS2_PLACEMENT_3D('',#2125,#2126,#2127);
#2125 = CARTESIAN_POINT('',(884.87803668695,112.65371804359,710.));
#2126 = DIRECTION('',(0.,-0.,1.));
#2127 = DIRECTION('',(0.5,0.866025403784,0.));
#2128 = ORIENTED_EDGE('',*,*,#2129,.T.);
#2129 = EDGE_CURVE('',#2121,#2104,#2130,.T.);
#2130 = LINE('',#2131,#2132);
#2131 = CARTESIAN_POINT('',(962.82032302755,67.653718043597,710.));
#2132 = VECTOR('',#2133,1.);
#2133 = DIRECTION('',(0.,0.,1.));
#2134 = CYLINDRICAL_SURFACE('',#2135,90.);
#2135 = AXIS2_PLACEMENT_3D('',#2136,#2137,#2138);
#2136 = CARTESIAN_POINT('',(884.87803668695,112.65371804359,710.));
#2137 = DIRECTION('',(0.,0.,1.));
#2138 = DIRECTION('',(0.5,0.866025403784,0.));
#2139 = ADVANCED_FACE('',(#2140),#2165,.F.);
#2140 = FACE_BOUND('',#2141,.F.);
#2141 = EDGE_LOOP('',(#2142,#2150,#2151,#2159));
#2142 = ORIENTED_EDGE('',*,*,#2143,.F.);
#2143 = EDGE_CURVE('',#2121,#2144,#2146,.T.);
#2144 = VERTEX_POINT('',#2145);
#2145 = CARTESIAN_POINT('',(1.622820323028E+03,1.210807251039E+03,710.)
  );
#2146 = LINE('',#2147,#2148);
#2147 = CARTESIAN_POINT('',(962.82032302755,67.653718043597,710.));
#2148 = VECTOR('',#2149,1.);
#2149 = DIRECTION('',(0.5,0.866025403784,0.));
#2150 = ORIENTED_EDGE('',*,*,#2129,.T.);
#2151 = ORIENTED_EDGE('',*,*,#2152,.T.);
#2152 = EDGE_CURVE('',#2104,#2153,#2155,.T.);
#2153 = VERTEX_POINT('',#2154);
#2154 = CARTESIAN_POINT('',(1.622820323028E+03,1.210807251039E+03,750.)
  );
#2155 = LINE('',#2156,#2157);
#2156 = CARTESIAN_POINT('',(962.82032302755,67.653718043597,750.));
#2157 = VECTOR('',#2158,1.);
#2158 = DIRECTION('',(0.5,0.866025403784,0.));
#2159 = ORIENTED_EDGE('',*,*,#2160,.F.);
#2160 = EDGE_CURVE('',#2144,#2153,#2161,.T.);
#2161 = LINE('',#2162,#2163);
#2162 = CARTESIAN_POINT('',(1.622820323028E+03,1.210807251039E+03,710.)
  );
#2163 = VECTOR('',#2164,1.);
#2164 = DIRECTION('',(0.,0.,1.));
#2165 = PLANE('',#2166);
#2166 = AXIS2_PLACEMENT_3D('',#2167,#2168,#2169);
#2167 = CARTESIAN_POINT('',(962.82032302755,67.653718043597,710.));
#2168 = DIRECTION('',(-0.866025403784,0.5,0.));
#2169 = DIRECTION('',(0.,0.,1.));
#2170 = ADVANCED_FACE('',(#2171),#2196,.F.);
#2171 = FACE_BOUND('',#2172,.F.);
#2172 = EDGE_LOOP('',(#2173,#2174,#2182,#2190));
#2173 = ORIENTED_EDGE('',*,*,#2112,.F.);
#2174 = ORIENTED_EDGE('',*,*,#2175,.T.);
#2175 = EDGE_CURVE('',#2113,#2176,#2178,.T.);
#2176 = VERTEX_POINT('',#2177);
#2177 = CARTESIAN_POINT('',(476.14736709748,244.71143170299,710.));
#2178 = LINE('',#2179,#2180);
#2179 = CARTESIAN_POINT('',(839.87803668695,34.711431702997,710.));
#2180 = VECTOR('',#2181,1.);
#2181 = DIRECTION('',(-0.866025403784,0.5,0.));
#2182 = ORIENTED_EDGE('',*,*,#2183,.T.);
#2183 = EDGE_CURVE('',#2176,#2184,#2186,.T.);
#2184 = VERTEX_POINT('',#2185);
#2185 = CARTESIAN_POINT('',(476.14736709748,244.71143170299,750.));
#2186 = LINE('',#2187,#2188);
#2187 = CARTESIAN_POINT('',(476.14736709748,244.71143170299,710.));
#2188 = VECTOR('',#2189,1.);
#2189 = DIRECTION('',(0.,0.,1.));
#2190 = ORIENTED_EDGE('',*,*,#2191,.F.);
#2191 = EDGE_CURVE('',#2102,#2184,#2192,.T.);
#2192 = LINE('',#2193,#2194);
#2193 = CARTESIAN_POINT('',(839.87803668695,34.711431702997,750.));
#2194 = VECTOR('',#2195,1.);
#2195 = DIRECTION('',(-0.866025403784,0.5,0.));
#2196 = PLANE('',#2197);
#2197 = AXIS2_PLACEMENT_3D('',#2198,#2199,#2200);
#2198 = CARTESIAN_POINT('',(839.87803668695,34.711431702997,710.));
#2199 = DIRECTION('',(0.5,0.866025403784,0.));
#2200 = DIRECTION('',(0.,0.,1.));
#2201 = ADVANCED_FACE('',(#2202),#2229,.T.);
#2202 = FACE_BOUND('',#2203,.T.);
#2203 = EDGE_LOOP('',(#2204,#2213,#2214,#2223));
#2204 = ORIENTED_EDGE('',*,*,#2205,.F.);
#2205 = EDGE_CURVE('',#2153,#2206,#2208,.T.);
#2206 = VERTEX_POINT('',#2207);
#2207 = CARTESIAN_POINT('',(1.589878036687E+03,1.33374953738E+03,750.));
#2208 = CIRCLE('',#2209,90.);
#2209 = AXIS2_PLACEMENT_3D('',#2210,#2211,#2212);
#2210 = CARTESIAN_POINT('',(1.544878036687E+03,1.255807251039E+03,750.)
  );
#2211 = DIRECTION('',(0.,-0.,1.));
#2212 = DIRECTION('',(0.5,0.866025403784,0.));
#2213 = ORIENTED_EDGE('',*,*,#2160,.F.);
#2214 = ORIENTED_EDGE('',*,*,#2215,.T.);
#2215 = EDGE_CURVE('',#2144,#2216,#2218,.T.);
#2216 = VERTEX_POINT('',#2217);
#2217 = CARTESIAN_POINT('',(1.589878036687E+03,1.33374953738E+03,710.));
#2218 = CIRCLE('',#2219,90.);
#2219 = AXIS2_PLACEMENT_3D('',#2220,#2221,#2222);
#2220 = CARTESIAN_POINT('',(1.544878036687E+03,1.255807251039E+03,710.)
  );
#2221 = DIRECTION('',(0.,-0.,1.));
#2222 = DIRECTION('',(0.5,0.866025403784,0.));
#2223 = ORIENTED_EDGE('',*,*,#2224,.T.);
#2224 = EDGE_CURVE('',#2216,#2206,#2225,.T.);
#2225 = LINE('',#2226,#2227);
#2226 = CARTESIAN_POINT('',(1.589878036687E+03,1.33374953738E+03,710.));
#2227 = VECTOR('',#2228,1.);
#2228 = DIRECTION('',(0.,0.,1.));
#2229 = CYLINDRICAL_SURFACE('',#2230,90.);
#2230 = AXIS2_PLACEMENT_3D('',#2231,#2232,#2233);
#2231 = CARTESIAN_POINT('',(1.544878036687E+03,1.255807251039E+03,710.)
  );
#2232 = DIRECTION('',(0.,0.,1.));
#2233 = DIRECTION('',(0.5,0.866025403784,0.));
#2234 = ADVANCED_FACE('',(#2235),#2262,.T.);
#2235 = FACE_BOUND('',#2236,.T.);
#2236 = EDGE_LOOP('',(#2237,#2246,#2254,#2261));
#2237 = ORIENTED_EDGE('',*,*,#2238,.F.);
#2238 = EDGE_CURVE('',#2239,#2184,#2241,.T.);
#2239 = VERTEX_POINT('',#2240);
#2240 = CARTESIAN_POINT('',(443.20508075688,367.65371804359,750.));
#2241 = CIRCLE('',#2242,90.);
#2242 = AXIS2_PLACEMENT_3D('',#2243,#2244,#2245);
#2243 = CARTESIAN_POINT('',(521.14736709748,322.65371804359,750.));
#2244 = DIRECTION('',(0.,-0.,1.));
#2245 = DIRECTION('',(0.5,0.866025403784,0.));
#2246 = ORIENTED_EDGE('',*,*,#2247,.F.);
#2247 = EDGE_CURVE('',#2248,#2239,#2250,.T.);
#2248 = VERTEX_POINT('',#2249);
#2249 = CARTESIAN_POINT('',(443.20508075688,367.65371804359,710.));
#2250 = LINE('',#2251,#2252);
#2251 = CARTESIAN_POINT('',(443.20508075688,367.65371804359,710.));
#2252 = VECTOR('',#2253,1.);
#2253 = DIRECTION('',(0.,0.,1.));
#2254 = ORIENTED_EDGE('',*,*,#2255,.T.);
#2255 = EDGE_CURVE('',#2248,#2176,#2256,.T.);
#2256 = CIRCLE('',#2257,90.);
#2257 = AXIS2_PLACEMENT_3D('',#2258,#2259,#2260);
#2258 = CARTESIAN_POINT('',(521.14736709748,322.65371804359,710.));
#2259 = DIRECTION('',(0.,-0.,1.));
#2260 = DIRECTION('',(0.5,0.866025403784,0.));
#2261 = ORIENTED_EDGE('',*,*,#2183,.T.);
#2262 = CYLINDRICAL_SURFACE('',#2263,90.);
#2263 = AXIS2_PLACEMENT_3D('',#2264,#2265,#2266);
#2264 = CARTESIAN_POINT('',(521.14736709748,322.65371804359,710.));
#2265 = DIRECTION('',(0.,0.,1.));
#2266 = DIRECTION('',(0.5,0.866025403784,0.));
#2267 = ADVANCED_FACE('',(#2268),#2293,.T.);
#2268 = FACE_BOUND('',#2269,.T.);
#2269 = EDGE_LOOP('',(#2270,#2278,#2279,#2287));
#2270 = ORIENTED_EDGE('',*,*,#2271,.F.);
#2271 = EDGE_CURVE('',#2248,#2272,#2274,.T.);
#2272 = VERTEX_POINT('',#2273);
#2273 = CARTESIAN_POINT('',(1.103205080757E+03,1.510807251039E+03,710.)
  );
#2274 = LINE('',#2275,#2276);
#2275 = CARTESIAN_POINT('',(443.20508075688,367.65371804359,710.));
#2276 = VECTOR('',#2277,1.);
#2277 = DIRECTION('',(0.5,0.866025403784,0.));
#2278 = ORIENTED_EDGE('',*,*,#2247,.T.);
#2279 = ORIENTED_EDGE('',*,*,#2280,.T.);
#2280 = EDGE_CURVE('',#2239,#2281,#2283,.T.);
#2281 = VERTEX_POINT('',#2282);
#2282 = CARTESIAN_POINT('',(1.103205080757E+03,1.510807251039E+03,750.)
  );
#2283 = LINE('',#2284,#2285);
#2284 = CARTESIAN_POINT('',(443.20508075688,367.65371804359,750.));
#2285 = VECTOR('',#2286,1.);
#2286 = DIRECTION('',(0.5,0.866025403784,0.));
#2287 = ORIENTED_EDGE('',*,*,#2288,.F.);
#2288 = EDGE_CURVE('',#2272,#2281,#2289,.T.);
#2289 = LINE('',#2290,#2291);
#2290 = CARTESIAN_POINT('',(1.103205080757E+03,1.510807251039E+03,710.)
  );
#2291 = VECTOR('',#2292,1.);
#2292 = DIRECTION('',(0.,0.,1.));
#2293 = PLANE('',#2294);
#2294 = AXIS2_PLACEMENT_3D('',#2295,#2296,#2297);
#2295 = CARTESIAN_POINT('',(443.20508075688,367.65371804359,710.));
#2296 = DIRECTION('',(-0.866025403784,0.5,0.));
#2297 = DIRECTION('',(0.,0.,1.));
#2298 = ADVANCED_FACE('',(#2299),#2324,.T.);
#2299 = FACE_BOUND('',#2300,.T.);
#2300 = EDGE_LOOP('',(#2301,#2302,#2310,#2318));
#2301 = ORIENTED_EDGE('',*,*,#2224,.F.);
#2302 = ORIENTED_EDGE('',*,*,#2303,.T.);
#2303 = EDGE_CURVE('',#2216,#2304,#2306,.T.);
#2304 = VERTEX_POINT('',#2305);
#2305 = CARTESIAN_POINT('',(1.226147367097E+03,1.54374953738E+03,710.));
#2306 = LINE('',#2307,#2308);
#2307 = CARTESIAN_POINT('',(1.589878036687E+03,1.33374953738E+03,710.));
#2308 = VECTOR('',#2309,1.);
#2309 = DIRECTION('',(-0.866025403784,0.5,0.));
#2310 = ORIENTED_EDGE('',*,*,#2311,.T.);
#2311 = EDGE_CURVE('',#2304,#2312,#2314,.T.);
#2312 = VERTEX_POINT('',#2313);
#2313 = CARTESIAN_POINT('',(1.226147367097E+03,1.54374953738E+03,750.));
#2314 = LINE('',#2315,#2316);
#2315 = CARTESIAN_POINT('',(1.226147367097E+03,1.54374953738E+03,710.));
#2316 = VECTOR('',#2317,1.);
#2317 = DIRECTION('',(0.,0.,1.));
#2318 = ORIENTED_EDGE('',*,*,#2319,.F.);
#2319 = EDGE_CURVE('',#2206,#2312,#2320,.T.);
#2320 = LINE('',#2321,#2322);
#2321 = CARTESIAN_POINT('',(1.589878036687E+03,1.33374953738E+03,750.));
#2322 = VECTOR('',#2323,1.);
#2323 = DIRECTION('',(-0.866025403784,0.5,0.));
#2324 = PLANE('',#2325);
#2325 = AXIS2_PLACEMENT_3D('',#2326,#2327,#2328);
#2326 = CARTESIAN_POINT('',(1.589878036687E+03,1.33374953738E+03,710.));
#2327 = DIRECTION('',(0.5,0.866025403784,0.));
#2328 = DIRECTION('',(0.,0.,1.));
#2329 = ADVANCED_FACE('',(#2330),#2348,.T.);
#2330 = FACE_BOUND('',#2331,.T.);
#2331 = EDGE_LOOP('',(#2332,#2339,#2340,#2347));
#2332 = ORIENTED_EDGE('',*,*,#2333,.F.);
#2333 = EDGE_CURVE('',#2312,#2281,#2334,.T.);
#2334 = CIRCLE('',#2335,90.);
#2335 = AXIS2_PLACEMENT_3D('',#2336,#2337,#2338);
#2336 = CARTESIAN_POINT('',(1.181147367097E+03,1.465807251039E+03,750.)
  );
#2337 = DIRECTION('',(0.,-0.,1.));
#2338 = DIRECTION('',(0.5,0.866025403784,0.));
#2339 = ORIENTED_EDGE('',*,*,#2311,.F.);
#2340 = ORIENTED_EDGE('',*,*,#2341,.T.);
#2341 = EDGE_CURVE('',#2304,#2272,#2342,.T.);
#2342 = CIRCLE('',#2343,90.);
#2343 = AXIS2_PLACEMENT_3D('',#2344,#2345,#2346);
#2344 = CARTESIAN_POINT('',(1.181147367097E+03,1.465807251039E+03,710.)
  );
#2345 = DIRECTION('',(0.,-0.,1.));
#2346 = DIRECTION('',(0.5,0.866025403784,0.));
#2347 = ORIENTED_EDGE('',*,*,#2288,.T.);
#2348 = CYLINDRICAL_SURFACE('',#2349,90.);
#2349 = AXIS2_PLACEMENT_3D('',#2350,#2351,#2352);
#2350 = CARTESIAN_POINT('',(1.181147367097E+03,1.465807251039E+03,710.)
  );
#2351 = DIRECTION('',(0.,0.,1.));
#2352 = DIRECTION('',(0.5,0.866025403784,0.));
#2353 = ADVANCED_FACE('',(#2354),#2364,.T.);
#2354 = FACE_BOUND('',#2355,.T.);
#2355 = EDGE_LOOP('',(#2356,#2357,#2358,#2359,#2360,#2361,#2362,#2363));
#2356 = ORIENTED_EDGE('',*,*,#2101,.T.);
#2357 = ORIENTED_EDGE('',*,*,#2152,.T.);
#2358 = ORIENTED_EDGE('',*,*,#2205,.T.);
#2359 = ORIENTED_EDGE('',*,*,#2319,.T.);
#2360 = ORIENTED_EDGE('',*,*,#2333,.T.);
#2361 = ORIENTED_EDGE('',*,*,#2280,.F.);
#2362 = ORIENTED_EDGE('',*,*,#2238,.T.);
#2363 = ORIENTED_EDGE('',*,*,#2191,.F.);
#2364 = PLANE('',#2365);
#2365 = AXIS2_PLACEMENT_3D('',#2366,#2367,#2368);
#2366 = CARTESIAN_POINT('',(1.033012701892E+03,789.23048454132,750.));
#2367 = DIRECTION('',(0.,0.,1.));
#2368 = DIRECTION('',(0.5,0.866025403784,0.));
#2369 = ADVANCED_FACE('',(#2370),#2380,.T.);
#2370 = FACE_BOUND('',#2371,.T.);
#2371 = EDGE_LOOP('',(#2372,#2373,#2374,#2375,#2376,#2377,#2378,#2379));
#2372 = ORIENTED_EDGE('',*,*,#2120,.F.);
#2373 = ORIENTED_EDGE('',*,*,#2175,.T.);
#2374 = ORIENTED_EDGE('',*,*,#2255,.F.);
#2375 = ORIENTED_EDGE('',*,*,#2271,.T.);
#2376 = ORIENTED_EDGE('',*,*,#2341,.F.);
#2377 = ORIENTED_EDGE('',*,*,#2303,.F.);
#2378 = ORIENTED_EDGE('',*,*,#2215,.F.);
#2379 = ORIENTED_EDGE('',*,*,#2143,.F.);
#2380 = PLANE('',#2381);
#2381 = AXIS2_PLACEMENT_3D('',#2382,#2383,#2384);
#2382 = CARTESIAN_POINT('',(1.033012701892E+03,789.23048454132,710.));
#2383 = DIRECTION('',(0.,-0.,-1.));
#2384 = DIRECTION('',(-0.5,-0.866025403784,0.));
#2385 = MANIFOLD_SOLID_BREP('',#2386);
#2386 = CLOSED_SHELL('',(#2387,#2420,#2429));
#2387 = ADVANCED_FACE('',(#2388),#2415,.T.);
#2388 = FACE_BOUND('',#2389,.T.);
#2389 = EDGE_LOOP('',(#2390,#2399,#2407,#2414));
#2390 = ORIENTED_EDGE('',*,*,#2391,.F.);
#2391 = EDGE_CURVE('',#2392,#2392,#2394,.T.);
#2392 = VERTEX_POINT('',#2393);
#2393 = CARTESIAN_POINT('',(1.136012701892E+03,893.15353299545,710.));
#2394 = CIRCLE('',#2395,43.);
#2395 = AXIS2_PLACEMENT_3D('',#2396,#2397,#2398);
#2396 = CARTESIAN_POINT('',(1.093012701892E+03,893.15353299545,710.));
#2397 = DIRECTION('',(0.,0.,1.));
#2398 = DIRECTION('',(1.,0.,0.));
#2399 = ORIENTED_EDGE('',*,*,#2400,.F.);
#2400 = EDGE_CURVE('',#2401,#2392,#2403,.T.);
#2401 = VERTEX_POINT('',#2402);
#2402 = CARTESIAN_POINT('',(1.136012701892E+03,893.15353299545,301.));
#2403 = LINE('',#2404,#2405);
#2404 = CARTESIAN_POINT('',(1.136012701892E+03,893.15353299545,301.));
#2405 = VECTOR('',#2406,1.);
#2406 = DIRECTION('',(0.,0.,1.));
#2407 = ORIENTED_EDGE('',*,*,#2408,.T.);
#2408 = EDGE_CURVE('',#2401,#2401,#2409,.T.);
#2409 = CIRCLE('',#2410,43.);
#2410 = AXIS2_PLACEMENT_3D('',#2411,#2412,#2413);
#2411 = CARTESIAN_POINT('',(1.093012701892E+03,893.15353299545,301.));
#2412 = DIRECTION('',(0.,0.,1.));
#2413 = DIRECTION('',(1.,0.,0.));
#2414 = ORIENTED_EDGE('',*,*,#2400,.T.);
#2415 = CYLINDRICAL_SURFACE('',#2416,43.);
#2416 = AXIS2_PLACEMENT_3D('',#2417,#2418,#2419);
#2417 = CARTESIAN_POINT('',(1.093012701892E+03,893.15353299545,301.));
#2418 = DIRECTION('',(0.,0.,1.));
#2419 = DIRECTION('',(1.,0.,0.));
#2420 = ADVANCED_FACE('',(#2421),#2424,.T.);
#2421 = FACE_BOUND('',#2422,.T.);
#2422 = EDGE_LOOP('',(#2423));
#2423 = ORIENTED_EDGE('',*,*,#2391,.T.);
#2424 = PLANE('',#2425);
#2425 = AXIS2_PLACEMENT_3D('',#2426,#2427,#2428);
#2426 = CARTESIAN_POINT('',(1.093012701892E+03,893.15353299545,710.));
#2427 = DIRECTION('',(0.,0.,1.));
#2428 = DIRECTION('',(1.,0.,0.));
#2429 = ADVANCED_FACE('',(#2430),#2433,.F.);
#2430 = FACE_BOUND('',#2431,.T.);
#2431 = EDGE_LOOP('',(#2432));
#2432 = ORIENTED_EDGE('',*,*,#2408,.F.);
#2433 = PLANE('',#2434);
#2434 = AXIS2_PLACEMENT_3D('',#2435,#2436,#2437);
#2435 = CARTESIAN_POINT('',(1.093012701892E+03,893.15353299545,301.));
#2436 = DIRECTION('',(0.,0.,1.));
#2437 = DIRECTION('',(1.,0.,0.));
#2438 = MANIFOLD_SOLID_BREP('',#2439);
#2439 = CLOSED_SHELL('',(#2440,#2482,#2513,#2544,#2577,#2610,#2641,#2672
    ,#2696,#2712));
#2440 = ADVANCED_FACE('',(#2441),#2477,.T.);
#2441 = FACE_BOUND('',#2442,.T.);
#2442 = EDGE_LOOP('',(#2443,#2454,#2462,#2471));
#2443 = ORIENTED_EDGE('',*,*,#2444,.F.);
#2444 = EDGE_CURVE('',#2445,#2447,#2449,.T.);
#2445 = VERTEX_POINT('',#2446);
#2446 = CARTESIAN_POINT('',(476.14736709748,-244.7114317029,750.));
#2447 = VERTEX_POINT('',#2448);
#2448 = CARTESIAN_POINT('',(443.20508075688,-367.6537180435,750.));
#2449 = CIRCLE('',#2450,90.);
#2450 = AXIS2_PLACEMENT_3D('',#2451,#2452,#2453);
#2451 = CARTESIAN_POINT('',(521.14736709748,-322.6537180435,750.));
#2452 = DIRECTION('',(-0.,0.,1.));
#2453 = DIRECTION('',(0.5,-0.866025403784,0.));
#2454 = ORIENTED_EDGE('',*,*,#2455,.F.);
#2455 = EDGE_CURVE('',#2456,#2445,#2458,.T.);
#2456 = VERTEX_POINT('',#2457);
#2457 = CARTESIAN_POINT('',(476.14736709748,-244.7114317029,710.));
#2458 = LINE('',#2459,#2460);
#2459 = CARTESIAN_POINT('',(476.14736709748,-244.7114317029,710.));
#2460 = VECTOR('',#2461,1.);
#2461 = DIRECTION('',(0.,0.,1.));
#2462 = ORIENTED_EDGE('',*,*,#2463,.T.);
#2463 = EDGE_CURVE('',#2456,#2464,#2466,.T.);
#2464 = VERTEX_POINT('',#2465);
#2465 = CARTESIAN_POINT('',(443.20508075688,-367.6537180435,710.));
#2466 = CIRCLE('',#2467,90.);
#2467 = AXIS2_PLACEMENT_3D('',#2468,#2469,#2470);
#2468 = CARTESIAN_POINT('',(521.14736709748,-322.6537180435,710.));
#2469 = DIRECTION('',(-0.,0.,1.));
#2470 = DIRECTION('',(0.5,-0.866025403784,0.));
#2471 = ORIENTED_EDGE('',*,*,#2472,.T.);
#2472 = EDGE_CURVE('',#2464,#2447,#2473,.T.);
#2473 = LINE('',#2474,#2475);
#2474 = CARTESIAN_POINT('',(443.20508075688,-367.6537180435,710.));
#2475 = VECTOR('',#2476,1.);
#2476 = DIRECTION('',(0.,0.,1.));
#2477 = CYLINDRICAL_SURFACE('',#2478,90.);
#2478 = AXIS2_PLACEMENT_3D('',#2479,#2480,#2481);
#2479 = CARTESIAN_POINT('',(521.14736709748,-322.6537180435,710.));
#2480 = DIRECTION('',(0.,0.,1.));
#2481 = DIRECTION('',(0.5,-0.866025403784,0.));
#2482 = ADVANCED_FACE('',(#2483),#2508,.F.);
#2483 = FACE_BOUND('',#2484,.F.);
#2484 = EDGE_LOOP('',(#2485,#2493,#2494,#2502));
#2485 = ORIENTED_EDGE('',*,*,#2486,.F.);
#2486 = EDGE_CURVE('',#2464,#2487,#2489,.T.);
#2487 = VERTEX_POINT('',#2488);
#2488 = CARTESIAN_POINT('',(1.103205080757E+03,-1.510807251039E+03,710.)
  );
#2489 = LINE('',#2490,#2491);
#2490 = CARTESIAN_POINT('',(443.20508075688,-367.6537180435,710.));
#2491 = VECTOR('',#2492,1.);
#2492 = DIRECTION('',(0.5,-0.866025403784,0.));
#2493 = ORIENTED_EDGE('',*,*,#2472,.T.);
#2494 = ORIENTED_EDGE('',*,*,#2495,.T.);
#2495 = EDGE_CURVE('',#2447,#2496,#2498,.T.);
#2496 = VERTEX_POINT('',#2497);
#2497 = CARTESIAN_POINT('',(1.103205080757E+03,-1.510807251039E+03,750.)
  );
#2498 = LINE('',#2499,#2500);
#2499 = CARTESIAN_POINT('',(443.20508075688,-367.6537180435,750.));
#2500 = VECTOR('',#2501,1.);
#2501 = DIRECTION('',(0.5,-0.866025403784,0.));
#2502 = ORIENTED_EDGE('',*,*,#2503,.F.);
#2503 = EDGE_CURVE('',#2487,#2496,#2504,.T.);
#2504 = LINE('',#2505,#2506);
#2505 = CARTESIAN_POINT('',(1.103205080757E+03,-1.510807251039E+03,710.)
  );
#2506 = VECTOR('',#2507,1.);
#2507 = DIRECTION('',(0.,0.,1.));
#2508 = PLANE('',#2509);
#2509 = AXIS2_PLACEMENT_3D('',#2510,#2511,#2512);
#2510 = CARTESIAN_POINT('',(443.20508075688,-367.6537180435,710.));
#2511 = DIRECTION('',(0.866025403784,0.5,0.));
#2512 = DIRECTION('',(0.,0.,1.));
#2513 = ADVANCED_FACE('',(#2514),#2539,.F.);
#2514 = FACE_BOUND('',#2515,.F.);
#2515 = EDGE_LOOP('',(#2516,#2517,#2525,#2533));
#2516 = ORIENTED_EDGE('',*,*,#2455,.F.);
#2517 = ORIENTED_EDGE('',*,*,#2518,.T.);
#2518 = EDGE_CURVE('',#2456,#2519,#2521,.T.);
#2519 = VERTEX_POINT('',#2520);
#2520 = CARTESIAN_POINT('',(839.87803668695,-34.71143170299,710.));
#2521 = LINE('',#2522,#2523);
#2522 = CARTESIAN_POINT('',(476.14736709748,-244.7114317029,710.));
#2523 = VECTOR('',#2524,1.);
#2524 = DIRECTION('',(0.866025403784,0.5,0.));
#2525 = ORIENTED_EDGE('',*,*,#2526,.T.);
#2526 = EDGE_CURVE('',#2519,#2527,#2529,.T.);
#2527 = VERTEX_POINT('',#2528);
#2528 = CARTESIAN_POINT('',(839.87803668695,-34.71143170299,750.));
#2529 = LINE('',#2530,#2531);
#2530 = CARTESIAN_POINT('',(839.87803668695,-34.71143170299,710.));
#2531 = VECTOR('',#2532,1.);
#2532 = DIRECTION('',(0.,0.,1.));
#2533 = ORIENTED_EDGE('',*,*,#2534,.F.);
#2534 = EDGE_CURVE('',#2445,#2527,#2535,.T.);
#2535 = LINE('',#2536,#2537);
#2536 = CARTESIAN_POINT('',(476.14736709748,-244.7114317029,750.));
#2537 = VECTOR('',#2538,1.);
#2538 = DIRECTION('',(0.866025403784,0.5,0.));
#2539 = PLANE('',#2540);
#2540 = AXIS2_PLACEMENT_3D('',#2541,#2542,#2543);
#2541 = CARTESIAN_POINT('',(476.14736709748,-244.7114317029,710.));
#2542 = DIRECTION('',(0.5,-0.866025403784,0.));
#2543 = DIRECTION('',(0.,0.,1.));
#2544 = ADVANCED_FACE('',(#2545),#2572,.T.);
#2545 = FACE_BOUND('',#2546,.T.);
#2546 = EDGE_LOOP('',(#2547,#2556,#2557,#2566));
#2547 = ORIENTED_EDGE('',*,*,#2548,.F.);
#2548 = EDGE_CURVE('',#2496,#2549,#2551,.T.);
#2549 = VERTEX_POINT('',#2550);
#2550 = CARTESIAN_POINT('',(1.226147367097E+03,-1.54374953738E+03,750.)
  );
#2551 = CIRCLE('',#2552,90.);
#2552 = AXIS2_PLACEMENT_3D('',#2553,#2554,#2555);
#2553 = CARTESIAN_POINT('',(1.181147367097E+03,-1.465807251039E+03,750.)
  );
#2554 = DIRECTION('',(-0.,0.,1.));
#2555 = DIRECTION('',(0.5,-0.866025403784,0.));
#2556 = ORIENTED_EDGE('',*,*,#2503,.F.);
#2557 = ORIENTED_EDGE('',*,*,#2558,.T.);
#2558 = EDGE_CURVE('',#2487,#2559,#2561,.T.);
#2559 = VERTEX_POINT('',#2560);
#2560 = CARTESIAN_POINT('',(1.226147367097E+03,-1.54374953738E+03,710.)
  );
#2561 = CIRCLE('',#2562,90.);
#2562 = AXIS2_PLACEMENT_3D('',#2563,#2564,#2565);
#2563 = CARTESIAN_POINT('',(1.181147367097E+03,-1.465807251039E+03,710.)
  );
#2564 = DIRECTION('',(-0.,0.,1.));
#2565 = DIRECTION('',(0.5,-0.866025403784,0.));
#2566 = ORIENTED_EDGE('',*,*,#2567,.T.);
#2567 = EDGE_CURVE('',#2559,#2549,#2568,.T.);
#2568 = LINE('',#2569,#2570);
#2569 = CARTESIAN_POINT('',(1.226147367097E+03,-1.54374953738E+03,710.)
  );
#2570 = VECTOR('',#2571,1.);
#2571 = DIRECTION('',(0.,0.,1.));
#2572 = CYLINDRICAL_SURFACE('',#2573,90.);
#2573 = AXIS2_PLACEMENT_3D('',#2574,#2575,#2576);
#2574 = CARTESIAN_POINT('',(1.181147367097E+03,-1.465807251039E+03,710.)
  );
#2575 = DIRECTION('',(0.,0.,1.));
#2576 = DIRECTION('',(0.5,-0.866025403784,0.));
#2577 = ADVANCED_FACE('',(#2578),#2605,.T.);
#2578 = FACE_BOUND('',#2579,.T.);
#2579 = EDGE_LOOP('',(#2580,#2589,#2597,#2604));
#2580 = ORIENTED_EDGE('',*,*,#2581,.F.);
#2581 = EDGE_CURVE('',#2582,#2527,#2584,.T.);
#2582 = VERTEX_POINT('',#2583);
#2583 = CARTESIAN_POINT('',(962.82032302755,-67.65371804359,750.));
#2584 = CIRCLE('',#2585,90.);
#2585 = AXIS2_PLACEMENT_3D('',#2586,#2587,#2588);
#2586 = CARTESIAN_POINT('',(884.87803668695,-112.6537180435,750.));
#2587 = DIRECTION('',(-0.,0.,1.));
#2588 = DIRECTION('',(0.5,-0.866025403784,0.));
#2589 = ORIENTED_EDGE('',*,*,#2590,.F.);
#2590 = EDGE_CURVE('',#2591,#2582,#2593,.T.);
#2591 = VERTEX_POINT('',#2592);
#2592 = CARTESIAN_POINT('',(962.82032302755,-67.65371804359,710.));
#2593 = LINE('',#2594,#2595);
#2594 = CARTESIAN_POINT('',(962.82032302755,-67.65371804359,710.));
#2595 = VECTOR('',#2596,1.);
#2596 = DIRECTION('',(0.,0.,1.));
#2597 = ORIENTED_EDGE('',*,*,#2598,.T.);
#2598 = EDGE_CURVE('',#2591,#2519,#2599,.T.);
#2599 = CIRCLE('',#2600,90.);
#2600 = AXIS2_PLACEMENT_3D('',#2601,#2602,#2603);
#2601 = CARTESIAN_POINT('',(884.87803668695,-112.6537180435,710.));
#2602 = DIRECTION('',(-0.,0.,1.));
#2603 = DIRECTION('',(0.5,-0.866025403784,0.));
#2604 = ORIENTED_EDGE('',*,*,#2526,.T.);
#2605 = CYLINDRICAL_SURFACE('',#2606,90.);
#2606 = AXIS2_PLACEMENT_3D('',#2607,#2608,#2609);
#2607 = CARTESIAN_POINT('',(884.87803668695,-112.6537180435,710.));
#2608 = DIRECTION('',(0.,0.,1.));
#2609 = DIRECTION('',(0.5,-0.866025403784,0.));
#2610 = ADVANCED_FACE('',(#2611),#2636,.T.);
#2611 = FACE_BOUND('',#2612,.T.);
#2612 = EDGE_LOOP('',(#2613,#2621,#2622,#2630));
#2613 = ORIENTED_EDGE('',*,*,#2614,.F.);
#2614 = EDGE_CURVE('',#2591,#2615,#2617,.T.);
#2615 = VERTEX_POINT('',#2616);
#2616 = CARTESIAN_POINT('',(1.622820323028E+03,-1.210807251039E+03,710.)
  );
#2617 = LINE('',#2618,#2619);
#2618 = CARTESIAN_POINT('',(962.82032302755,-67.65371804359,710.));
#2619 = VECTOR('',#2620,1.);
#2620 = DIRECTION('',(0.5,-0.866025403784,0.));
#2621 = ORIENTED_EDGE('',*,*,#2590,.T.);
#2622 = ORIENTED_EDGE('',*,*,#2623,.T.);
#2623 = EDGE_CURVE('',#2582,#2624,#2626,.T.);
#2624 = VERTEX_POINT('',#2625);
#2625 = CARTESIAN_POINT('',(1.622820323028E+03,-1.210807251039E+03,750.)
  );
#2626 = LINE('',#2627,#2628);
#2627 = CARTESIAN_POINT('',(962.82032302755,-67.65371804359,750.));
#2628 = VECTOR('',#2629,1.);
#2629 = DIRECTION('',(0.5,-0.866025403784,0.));
#2630 = ORIENTED_EDGE('',*,*,#2631,.F.);
#2631 = EDGE_CURVE('',#2615,#2624,#2632,.T.);
#2632 = LINE('',#2633,#2634);
#2633 = CARTESIAN_POINT('',(1.622820323028E+03,-1.210807251039E+03,710.)
  );
#2634 = VECTOR('',#2635,1.);
#2635 = DIRECTION('',(0.,0.,1.));
#2636 = PLANE('',#2637);
#2637 = AXIS2_PLACEMENT_3D('',#2638,#2639,#2640);
#2638 = CARTESIAN_POINT('',(962.82032302755,-67.65371804359,710.));
#2639 = DIRECTION('',(0.866025403784,0.5,0.));
#2640 = DIRECTION('',(0.,0.,1.));
#2641 = ADVANCED_FACE('',(#2642),#2667,.T.);
#2642 = FACE_BOUND('',#2643,.T.);
#2643 = EDGE_LOOP('',(#2644,#2645,#2653,#2661));
#2644 = ORIENTED_EDGE('',*,*,#2567,.F.);
#2645 = ORIENTED_EDGE('',*,*,#2646,.T.);
#2646 = EDGE_CURVE('',#2559,#2647,#2649,.T.);
#2647 = VERTEX_POINT('',#2648);
#2648 = CARTESIAN_POINT('',(1.589878036687E+03,-1.33374953738E+03,710.)
  );
#2649 = LINE('',#2650,#2651);
#2650 = CARTESIAN_POINT('',(1.226147367097E+03,-1.54374953738E+03,710.)
  );
#2651 = VECTOR('',#2652,1.);
#2652 = DIRECTION('',(0.866025403784,0.5,0.));
#2653 = ORIENTED_EDGE('',*,*,#2654,.T.);
#2654 = EDGE_CURVE('',#2647,#2655,#2657,.T.);
#2655 = VERTEX_POINT('',#2656);
#2656 = CARTESIAN_POINT('',(1.589878036687E+03,-1.33374953738E+03,750.)
  );
#2657 = LINE('',#2658,#2659);
#2658 = CARTESIAN_POINT('',(1.589878036687E+03,-1.33374953738E+03,710.)
  );
#2659 = VECTOR('',#2660,1.);
#2660 = DIRECTION('',(0.,0.,1.));
#2661 = ORIENTED_EDGE('',*,*,#2662,.F.);
#2662 = EDGE_CURVE('',#2549,#2655,#2663,.T.);
#2663 = LINE('',#2664,#2665);
#2664 = CARTESIAN_POINT('',(1.226147367097E+03,-1.54374953738E+03,750.)
  );
#2665 = VECTOR('',#2666,1.);
#2666 = DIRECTION('',(0.866025403784,0.5,0.));
#2667 = PLANE('',#2668);
#2668 = AXIS2_PLACEMENT_3D('',#2669,#2670,#2671);
#2669 = CARTESIAN_POINT('',(1.226147367097E+03,-1.54374953738E+03,710.)
  );
#2670 = DIRECTION('',(0.5,-0.866025403784,0.));
#2671 = DIRECTION('',(0.,0.,1.));
#2672 = ADVANCED_FACE('',(#2673),#2691,.T.);
#2673 = FACE_BOUND('',#2674,.T.);
#2674 = EDGE_LOOP('',(#2675,#2682,#2683,#2690));
#2675 = ORIENTED_EDGE('',*,*,#2676,.F.);
#2676 = EDGE_CURVE('',#2655,#2624,#2677,.T.);
#2677 = CIRCLE('',#2678,90.);
#2678 = AXIS2_PLACEMENT_3D('',#2679,#2680,#2681);
#2679 = CARTESIAN_POINT('',(1.544878036687E+03,-1.255807251039E+03,750.)
  );
#2680 = DIRECTION('',(-0.,0.,1.));
#2681 = DIRECTION('',(0.5,-0.866025403784,0.));
#2682 = ORIENTED_EDGE('',*,*,#2654,.F.);
#2683 = ORIENTED_EDGE('',*,*,#2684,.T.);
#2684 = EDGE_CURVE('',#2647,#2615,#2685,.T.);
#2685 = CIRCLE('',#2686,90.);
#2686 = AXIS2_PLACEMENT_3D('',#2687,#2688,#2689);
#2687 = CARTESIAN_POINT('',(1.544878036687E+03,-1.255807251039E+03,710.)
  );
#2688 = DIRECTION('',(-0.,0.,1.));
#2689 = DIRECTION('',(0.5,-0.866025403784,0.));
#2690 = ORIENTED_EDGE('',*,*,#2631,.T.);
#2691 = CYLINDRICAL_SURFACE('',#2692,90.);
#2692 = AXIS2_PLACEMENT_3D('',#2693,#2694,#2695);
#2693 = CARTESIAN_POINT('',(1.544878036687E+03,-1.255807251039E+03,710.)
  );
#2694 = DIRECTION('',(0.,0.,1.));
#2695 = DIRECTION('',(0.5,-0.866025403784,0.));
#2696 = ADVANCED_FACE('',(#2697),#2707,.T.);
#2697 = FACE_BOUND('',#2698,.T.);
#2698 = EDGE_LOOP('',(#2699,#2700,#2701,#2702,#2703,#2704,#2705,#2706));
#2699 = ORIENTED_EDGE('',*,*,#2444,.T.);
#2700 = ORIENTED_EDGE('',*,*,#2495,.T.);
#2701 = ORIENTED_EDGE('',*,*,#2548,.T.);
#2702 = ORIENTED_EDGE('',*,*,#2662,.T.);
#2703 = ORIENTED_EDGE('',*,*,#2676,.T.);
#2704 = ORIENTED_EDGE('',*,*,#2623,.F.);
#2705 = ORIENTED_EDGE('',*,*,#2581,.T.);
#2706 = ORIENTED_EDGE('',*,*,#2534,.F.);
#2707 = PLANE('',#2708);
#2708 = AXIS2_PLACEMENT_3D('',#2709,#2710,#2711);
#2709 = CARTESIAN_POINT('',(1.033012701892E+03,-789.2304845413,750.));
#2710 = DIRECTION('',(0.,0.,1.));
#2711 = DIRECTION('',(0.5,-0.866025403784,0.));
#2712 = ADVANCED_FACE('',(#2713),#2723,.T.);
#2713 = FACE_BOUND('',#2714,.T.);
#2714 = EDGE_LOOP('',(#2715,#2716,#2717,#2718,#2719,#2720,#2721,#2722));
#2715 = ORIENTED_EDGE('',*,*,#2463,.F.);
#2716 = ORIENTED_EDGE('',*,*,#2518,.T.);
#2717 = ORIENTED_EDGE('',*,*,#2598,.F.);
#2718 = ORIENTED_EDGE('',*,*,#2614,.T.);
#2719 = ORIENTED_EDGE('',*,*,#2684,.F.);
#2720 = ORIENTED_EDGE('',*,*,#2646,.F.);
#2721 = ORIENTED_EDGE('',*,*,#2558,.F.);
#2722 = ORIENTED_EDGE('',*,*,#2486,.F.);
#2723 = PLANE('',#2724);
#2724 = AXIS2_PLACEMENT_3D('',#2725,#2726,#2727);
#2725 = CARTESIAN_POINT('',(1.033012701892E+03,-789.2304845413,710.));
#2726 = DIRECTION('',(-0.,0.,-1.));
#2727 = DIRECTION('',(-0.5,0.866025403784,0.));
#2728 = MANIFOLD_SOLID_BREP('',#2729);
#2729 = CLOSED_SHELL('',(#2730,#2763,#2772));
#2730 = ADVANCED_FACE('',(#2731),#2758,.T.);
#2731 = FACE_BOUND('',#2732,.T.);
#2732 = EDGE_LOOP('',(#2733,#2742,#2750,#2757));
#2733 = ORIENTED_EDGE('',*,*,#2734,.F.);
#2734 = EDGE_CURVE('',#2735,#2735,#2737,.T.);
#2735 = VERTEX_POINT('',#2736);
#2736 = CARTESIAN_POINT('',(1.136012701892E+03,-893.1535329954,710.));
#2737 = CIRCLE('',#2738,43.);
#2738 = AXIS2_PLACEMENT_3D('',#2739,#2740,#2741);
#2739 = CARTESIAN_POINT('',(1.093012701892E+03,-893.1535329954,710.));
#2740 = DIRECTION('',(0.,0.,1.));
#2741 = DIRECTION('',(1.,0.,0.));
#2742 = ORIENTED_EDGE('',*,*,#2743,.F.);
#2743 = EDGE_CURVE('',#2744,#2735,#2746,.T.);
#2744 = VERTEX_POINT('',#2745);
#2745 = CARTESIAN_POINT('',(1.136012701892E+03,-893.1535329954,301.));
#2746 = LINE('',#2747,#2748);
#2747 = CARTESIAN_POINT('',(1.136012701892E+03,-893.1535329954,301.));
#2748 = VECTOR('',#2749,1.);
#2749 = DIRECTION('',(0.,0.,1.));
#2750 = ORIENTED_EDGE('',*,*,#2751,.T.);
#2751 = EDGE_CURVE('',#2744,#2744,#2752,.T.);
#2752 = CIRCLE('',#2753,43.);
#2753 = AXIS2_PLACEMENT_3D('',#2754,#2755,#2756);
#2754 = CARTESIAN_POINT('',(1.093012701892E+03,-893.1535329954,301.));
#2755 = DIRECTION('',(0.,0.,1.));
#2756 = DIRECTION('',(1.,0.,0.));
#2757 = ORIENTED_EDGE('',*,*,#2743,.T.);
#2758 = CYLINDRICAL_SURFACE('',#2759,43.);
#2759 = AXIS2_PLACEMENT_3D('',#2760,#2761,#2762);
#2760 = CARTESIAN_POINT('',(1.093012701892E+03,-893.1535329954,301.));
#2761 = DIRECTION('',(0.,0.,1.));
#2762 = DIRECTION('',(1.,0.,0.));
#2763 = ADVANCED_FACE('',(#2764),#2767,.T.);
#2764 = FACE_BOUND('',#2765,.T.);
#2765 = EDGE_LOOP('',(#2766));
#2766 = ORIENTED_EDGE('',*,*,#2734,.T.);
#2767 = PLANE('',#2768);
#2768 = AXIS2_PLACEMENT_3D('',#2769,#2770,#2771);
#2769 = CARTESIAN_POINT('',(1.093012701892E+03,-893.1535329954,710.));
#2770 = DIRECTION('',(0.,0.,1.));
#2771 = DIRECTION('',(1.,0.,0.));
#2772 = ADVANCED_FACE('',(#2773),#2776,.F.);
#2773 = FACE_BOUND('',#2774,.T.);
#2774 = EDGE_LOOP('',(#2775));
#2775 = ORIENTED_EDGE('',*,*,#2751,.F.);
#2776 = PLANE('',#2777);
#2777 = AXIS2_PLACEMENT_3D('',#2778,#2779,#2780);
#2778 = CARTESIAN_POINT('',(1.093012701892E+03,-893.1535329954,301.));
#2779 = DIRECTION('',(0.,0.,1.));
#2780 = DIRECTION('',(1.,0.,0.));
#2781 = MANIFOLD_SOLID_BREP('',#2782);
#2782 = CLOSED_SHELL('',(#2783,#2825,#2856,#2887,#2920,#2953,#2984,#3015
    ,#3039,#3055));
#2783 = ADVANCED_FACE('',(#2784),#2820,.T.);
#2784 = FACE_BOUND('',#2785,.T.);
#2785 = EDGE_LOOP('',(#2786,#2797,#2805,#2814));
#2786 = ORIENTED_EDGE('',*,*,#2787,.F.);
#2787 = EDGE_CURVE('',#2788,#2790,#2792,.T.);
#2788 = VERTEX_POINT('',#2789);
#2789 = CARTESIAN_POINT('',(181.67295593006,705.3332099679,750.));
#2790 = VERTEX_POINT('',#2791);
#2791 = CARTESIAN_POINT('',(232.91651245988,896.57676649772,750.));
#2792 = CIRCLE('',#2793,140.);
#2793 = AXIS2_PLACEMENT_3D('',#2794,#2795,#2796);
#2794 = CARTESIAN_POINT('',(111.67295593006,826.57676649773,750.));
#2795 = DIRECTION('',(0.,0.,1.));
#2796 = DIRECTION('',(-0.5,0.866025403784,0.));
#2797 = ORIENTED_EDGE('',*,*,#2798,.F.);
#2798 = EDGE_CURVE('',#2799,#2788,#2801,.T.);
#2799 = VERTEX_POINT('',#2800);
#2800 = CARTESIAN_POINT('',(181.67295593006,705.3332099679,710.));
#2801 = LINE('',#2802,#2803);
#2802 = CARTESIAN_POINT('',(181.67295593006,705.3332099679,710.));
#2803 = VECTOR('',#2804,1.);
#2804 = DIRECTION('',(0.,0.,1.));
#2805 = ORIENTED_EDGE('',*,*,#2806,.T.);
#2806 = EDGE_CURVE('',#2799,#2807,#2809,.T.);
#2807 = VERTEX_POINT('',#2808);
#2808 = CARTESIAN_POINT('',(232.91651245988,896.57676649772,710.));
#2809 = CIRCLE('',#2810,140.);
#2810 = AXIS2_PLACEMENT_3D('',#2811,#2812,#2813);
#2811 = CARTESIAN_POINT('',(111.67295593006,826.57676649773,710.));
#2812 = DIRECTION('',(0.,0.,1.));
#2813 = DIRECTION('',(-0.5,0.866025403784,0.));
#2814 = ORIENTED_EDGE('',*,*,#2815,.T.);
#2815 = EDGE_CURVE('',#2807,#2790,#2816,.T.);
#2816 = LINE('',#2817,#2818);
#2817 = CARTESIAN_POINT('',(232.91651245988,896.57676649772,710.));
#2818 = VECTOR('',#2819,1.);
#2819 = DIRECTION('',(0.,0.,1.));
#2820 = CYLINDRICAL_SURFACE('',#2821,140.);
#2821 = AXIS2_PLACEMENT_3D('',#2822,#2823,#2824);
#2822 = CARTESIAN_POINT('',(111.67295593006,826.57676649773,710.));
#2823 = DIRECTION('',(0.,0.,1.));
#2824 = DIRECTION('',(-0.5,0.866025403784,0.));
#2825 = ADVANCED_FACE('',(#2826),#2851,.F.);
#2826 = FACE_BOUND('',#2827,.F.);
#2827 = EDGE_LOOP('',(#2828,#2836,#2837,#2845));
#2828 = ORIENTED_EDGE('',*,*,#2829,.F.);
#2829 = EDGE_CURVE('',#2807,#2830,#2832,.T.);
#2830 = VERTEX_POINT('',#2831);
#2831 = CARTESIAN_POINT('',(-52.08348754011,1.390211246655E+03,710.));
#2832 = LINE('',#2833,#2834);
#2833 = CARTESIAN_POINT('',(232.91651245988,896.57676649772,710.));
#2834 = VECTOR('',#2835,1.);
#2835 = DIRECTION('',(-0.5,0.866025403784,0.));
#2836 = ORIENTED_EDGE('',*,*,#2815,.T.);
#2837 = ORIENTED_EDGE('',*,*,#2838,.T.);
#2838 = EDGE_CURVE('',#2790,#2839,#2841,.T.);
#2839 = VERTEX_POINT('',#2840);
#2840 = CARTESIAN_POINT('',(-52.08348754011,1.390211246655E+03,750.));
#2841 = LINE('',#2842,#2843);
#2842 = CARTESIAN_POINT('',(232.91651245988,896.57676649772,750.));
#2843 = VECTOR('',#2844,1.);
#2844 = DIRECTION('',(-0.5,0.866025403784,0.));
#2845 = ORIENTED_EDGE('',*,*,#2846,.F.);
#2846 = EDGE_CURVE('',#2830,#2839,#2847,.T.);
#2847 = LINE('',#2848,#2849);
#2848 = CARTESIAN_POINT('',(-52.08348754011,1.390211246655E+03,710.));
#2849 = VECTOR('',#2850,1.);
#2850 = DIRECTION('',(0.,0.,1.));
#2851 = PLANE('',#2852);
#2852 = AXIS2_PLACEMENT_3D('',#2853,#2854,#2855);
#2853 = CARTESIAN_POINT('',(232.91651245988,896.57676649772,710.));
#2854 = DIRECTION('',(-0.866025403784,-0.5,0.));
#2855 = DIRECTION('',(0.,0.,1.));
#2856 = ADVANCED_FACE('',(#2857),#2882,.F.);
#2857 = FACE_BOUND('',#2858,.F.);
#2858 = EDGE_LOOP('',(#2859,#2860,#2868,#2876));
#2859 = ORIENTED_EDGE('',*,*,#2798,.F.);
#2860 = ORIENTED_EDGE('',*,*,#2861,.T.);
#2861 = EDGE_CURVE('',#2799,#2862,#2864,.T.);
#2862 = VERTEX_POINT('',#2863);
#2863 = CARTESIAN_POINT('',(-701.67295593,195.3332099679,710.));
#2864 = LINE('',#2865,#2866);
#2865 = CARTESIAN_POINT('',(181.67295593006,705.3332099679,710.));
#2866 = VECTOR('',#2867,1.);
#2867 = DIRECTION('',(-0.866025403784,-0.5,0.));
#2868 = ORIENTED_EDGE('',*,*,#2869,.T.);
#2869 = EDGE_CURVE('',#2862,#2870,#2872,.T.);
#2870 = VERTEX_POINT('',#2871);
#2871 = CARTESIAN_POINT('',(-701.67295593,195.3332099679,750.));
#2872 = LINE('',#2873,#2874);
#2873 = CARTESIAN_POINT('',(-701.67295593,195.3332099679,710.));
#2874 = VECTOR('',#2875,1.);
#2875 = DIRECTION('',(0.,0.,1.));
#2876 = ORIENTED_EDGE('',*,*,#2877,.F.);
#2877 = EDGE_CURVE('',#2788,#2870,#2878,.T.);
#2878 = LINE('',#2879,#2880);
#2879 = CARTESIAN_POINT('',(181.67295593006,705.3332099679,750.));
#2880 = VECTOR('',#2881,1.);
#2881 = DIRECTION('',(-0.866025403784,-0.5,0.));
#2882 = PLANE('',#2883);
#2883 = AXIS2_PLACEMENT_3D('',#2884,#2885,#2886);
#2884 = CARTESIAN_POINT('',(181.67295593006,705.3332099679,710.));
#2885 = DIRECTION('',(-0.5,0.866025403784,0.));
#2886 = DIRECTION('',(0.,0.,1.));
#2887 = ADVANCED_FACE('',(#2888),#2915,.T.);
#2888 = FACE_BOUND('',#2889,.T.);
#2889 = EDGE_LOOP('',(#2890,#2899,#2900,#2909));
#2890 = ORIENTED_EDGE('',*,*,#2891,.F.);
#2891 = EDGE_CURVE('',#2839,#2892,#2894,.T.);
#2892 = VERTEX_POINT('',#2893);
#2893 = CARTESIAN_POINT('',(-243.3270440699,1.441454803185E+03,750.));
#2894 = CIRCLE('',#2895,140.);
#2895 = AXIS2_PLACEMENT_3D('',#2896,#2897,#2898);
#2896 = CARTESIAN_POINT('',(-173.3270440699,1.320211246655E+03,750.));
#2897 = DIRECTION('',(0.,0.,1.));
#2898 = DIRECTION('',(-0.5,0.866025403784,0.));
#2899 = ORIENTED_EDGE('',*,*,#2846,.F.);
#2900 = ORIENTED_EDGE('',*,*,#2901,.T.);
#2901 = EDGE_CURVE('',#2830,#2902,#2904,.T.);
#2902 = VERTEX_POINT('',#2903);
#2903 = CARTESIAN_POINT('',(-243.3270440699,1.441454803185E+03,710.));
#2904 = CIRCLE('',#2905,140.);
#2905 = AXIS2_PLACEMENT_3D('',#2906,#2907,#2908);
#2906 = CARTESIAN_POINT('',(-173.3270440699,1.320211246655E+03,710.));
#2907 = DIRECTION('',(0.,0.,1.));
#2908 = DIRECTION('',(-0.5,0.866025403784,0.));
#2909 = ORIENTED_EDGE('',*,*,#2910,.T.);
#2910 = EDGE_CURVE('',#2902,#2892,#2911,.T.);
#2911 = LINE('',#2912,#2913);
#2912 = CARTESIAN_POINT('',(-243.3270440699,1.441454803185E+03,710.));
#2913 = VECTOR('',#2914,1.);
#2914 = DIRECTION('',(0.,0.,1.));
#2915 = CYLINDRICAL_SURFACE('',#2916,140.);
#2916 = AXIS2_PLACEMENT_3D('',#2917,#2918,#2919);
#2917 = CARTESIAN_POINT('',(-173.3270440699,1.320211246655E+03,710.));
#2918 = DIRECTION('',(0.,0.,1.));
#2919 = DIRECTION('',(-0.5,0.866025403784,0.));
#2920 = ADVANCED_FACE('',(#2921),#2948,.T.);
#2921 = FACE_BOUND('',#2922,.T.);
#2922 = EDGE_LOOP('',(#2923,#2932,#2940,#2947));
#2923 = ORIENTED_EDGE('',*,*,#2924,.F.);
#2924 = EDGE_CURVE('',#2925,#2870,#2927,.T.);
#2925 = VERTEX_POINT('',#2926);
#2926 = CARTESIAN_POINT('',(-892.9165124598,246.57676649773,750.));
#2927 = CIRCLE('',#2928,140.);
#2928 = AXIS2_PLACEMENT_3D('',#2929,#2930,#2931);
#2929 = CARTESIAN_POINT('',(-771.67295593,316.57676649773,750.));
#2930 = DIRECTION('',(0.,0.,1.));
#2931 = DIRECTION('',(-0.5,0.866025403784,0.));
#2932 = ORIENTED_EDGE('',*,*,#2933,.F.);
#2933 = EDGE_CURVE('',#2934,#2925,#2936,.T.);
#2934 = VERTEX_POINT('',#2935);
#2935 = CARTESIAN_POINT('',(-892.9165124598,246.57676649773,710.));
#2936 = LINE('',#2937,#2938);
#2937 = CARTESIAN_POINT('',(-892.9165124598,246.57676649773,710.));
#2938 = VECTOR('',#2939,1.);
#2939 = DIRECTION('',(0.,0.,1.));
#2940 = ORIENTED_EDGE('',*,*,#2941,.T.);
#2941 = EDGE_CURVE('',#2934,#2862,#2942,.T.);
#2942 = CIRCLE('',#2943,140.);
#2943 = AXIS2_PLACEMENT_3D('',#2944,#2945,#2946);
#2944 = CARTESIAN_POINT('',(-771.67295593,316.57676649773,710.));
#2945 = DIRECTION('',(0.,0.,1.));
#2946 = DIRECTION('',(-0.5,0.866025403784,0.));
#2947 = ORIENTED_EDGE('',*,*,#2869,.T.);
#2948 = CYLINDRICAL_SURFACE('',#2949,140.);
#2949 = AXIS2_PLACEMENT_3D('',#2950,#2951,#2952);
#2950 = CARTESIAN_POINT('',(-771.67295593,316.57676649773,710.));
#2951 = DIRECTION('',(0.,0.,1.));
#2952 = DIRECTION('',(-0.5,0.866025403784,0.));
#2953 = ADVANCED_FACE('',(#2954),#2979,.T.);
#2954 = FACE_BOUND('',#2955,.T.);
#2955 = EDGE_LOOP('',(#2956,#2964,#2965,#2973));
#2956 = ORIENTED_EDGE('',*,*,#2957,.F.);
#2957 = EDGE_CURVE('',#2934,#2958,#2960,.T.);
#2958 = VERTEX_POINT('',#2959);
#2959 = CARTESIAN_POINT('',(-1.17791651246E+03,740.21124665486,710.));
#2960 = LINE('',#2961,#2962);
#2961 = CARTESIAN_POINT('',(-892.9165124598,246.57676649773,710.));
#2962 = VECTOR('',#2963,1.);
#2963 = DIRECTION('',(-0.5,0.866025403784,0.));
#2964 = ORIENTED_EDGE('',*,*,#2933,.T.);
#2965 = ORIENTED_EDGE('',*,*,#2966,.T.);
#2966 = EDGE_CURVE('',#2925,#2967,#2969,.T.);
#2967 = VERTEX_POINT('',#2968);
#2968 = CARTESIAN_POINT('',(-1.17791651246E+03,740.21124665486,750.));
#2969 = LINE('',#2970,#2971);
#2970 = CARTESIAN_POINT('',(-892.9165124598,246.57676649773,750.));
#2971 = VECTOR('',#2972,1.);
#2972 = DIRECTION('',(-0.5,0.866025403784,0.));
#2973 = ORIENTED_EDGE('',*,*,#2974,.F.);
#2974 = EDGE_CURVE('',#2958,#2967,#2975,.T.);
#2975 = LINE('',#2976,#2977);
#2976 = CARTESIAN_POINT('',(-1.17791651246E+03,740.21124665486,710.));
#2977 = VECTOR('',#2978,1.);
#2978 = DIRECTION('',(0.,0.,1.));
#2979 = PLANE('',#2980);
#2980 = AXIS2_PLACEMENT_3D('',#2981,#2982,#2983);
#2981 = CARTESIAN_POINT('',(-892.9165124598,246.57676649773,710.));
#2982 = DIRECTION('',(-0.866025403784,-0.5,0.));
#2983 = DIRECTION('',(0.,0.,1.));
#2984 = ADVANCED_FACE('',(#2985),#3010,.T.);
#2985 = FACE_BOUND('',#2986,.T.);
#2986 = EDGE_LOOP('',(#2987,#2988,#2996,#3004));
#2987 = ORIENTED_EDGE('',*,*,#2910,.F.);
#2988 = ORIENTED_EDGE('',*,*,#2989,.T.);
#2989 = EDGE_CURVE('',#2902,#2990,#2992,.T.);
#2990 = VERTEX_POINT('',#2991);
#2991 = CARTESIAN_POINT('',(-1.12667295593E+03,931.45480318468,710.));
#2992 = LINE('',#2993,#2994);
#2993 = CARTESIAN_POINT('',(-243.3270440699,1.441454803185E+03,710.));
#2994 = VECTOR('',#2995,1.);
#2995 = DIRECTION('',(-0.866025403784,-0.5,0.));
#2996 = ORIENTED_EDGE('',*,*,#2997,.T.);
#2997 = EDGE_CURVE('',#2990,#2998,#3000,.T.);
#2998 = VERTEX_POINT('',#2999);
#2999 = CARTESIAN_POINT('',(-1.12667295593E+03,931.45480318468,750.));
#3000 = LINE('',#3001,#3002);
#3001 = CARTESIAN_POINT('',(-1.12667295593E+03,931.45480318468,710.));
#3002 = VECTOR('',#3003,1.);
#3003 = DIRECTION('',(0.,0.,1.));
#3004 = ORIENTED_EDGE('',*,*,#3005,.F.);
#3005 = EDGE_CURVE('',#2892,#2998,#3006,.T.);
#3006 = LINE('',#3007,#3008);
#3007 = CARTESIAN_POINT('',(-243.3270440699,1.441454803185E+03,750.));
#3008 = VECTOR('',#3009,1.);
#3009 = DIRECTION('',(-0.866025403784,-0.5,0.));
#3010 = PLANE('',#3011);
#3011 = AXIS2_PLACEMENT_3D('',#3012,#3013,#3014);
#3012 = CARTESIAN_POINT('',(-243.3270440699,1.441454803185E+03,710.));
#3013 = DIRECTION('',(-0.5,0.866025403784,0.));
#3014 = DIRECTION('',(0.,0.,1.));
#3015 = ADVANCED_FACE('',(#3016),#3034,.T.);
#3016 = FACE_BOUND('',#3017,.T.);
#3017 = EDGE_LOOP('',(#3018,#3025,#3026,#3033));
#3018 = ORIENTED_EDGE('',*,*,#3019,.F.);
#3019 = EDGE_CURVE('',#2998,#2967,#3020,.T.);
#3020 = CIRCLE('',#3021,140.);
#3021 = AXIS2_PLACEMENT_3D('',#3022,#3023,#3024);
#3022 = CARTESIAN_POINT('',(-1.05667295593E+03,810.21124665486,750.));
#3023 = DIRECTION('',(0.,0.,1.));
#3024 = DIRECTION('',(-0.5,0.866025403784,0.));
#3025 = ORIENTED_EDGE('',*,*,#2997,.F.);
#3026 = ORIENTED_EDGE('',*,*,#3027,.T.);
#3027 = EDGE_CURVE('',#2990,#2958,#3028,.T.);
#3028 = CIRCLE('',#3029,140.);
#3029 = AXIS2_PLACEMENT_3D('',#3030,#3031,#3032);
#3030 = CARTESIAN_POINT('',(-1.05667295593E+03,810.21124665486,710.));
#3031 = DIRECTION('',(0.,0.,1.));
#3032 = DIRECTION('',(-0.5,0.866025403784,0.));
#3033 = ORIENTED_EDGE('',*,*,#2974,.T.);
#3034 = CYLINDRICAL_SURFACE('',#3035,140.);
#3035 = AXIS2_PLACEMENT_3D('',#3036,#3037,#3038);
#3036 = CARTESIAN_POINT('',(-1.05667295593E+03,810.21124665486,710.));
#3037 = DIRECTION('',(0.,0.,1.));
#3038 = DIRECTION('',(-0.5,0.866025403784,0.));
#3039 = ADVANCED_FACE('',(#3040),#3050,.T.);
#3040 = FACE_BOUND('',#3041,.T.);
#3041 = EDGE_LOOP('',(#3042,#3043,#3044,#3045,#3046,#3047,#3048,#3049));
#3042 = ORIENTED_EDGE('',*,*,#2787,.T.);
#3043 = ORIENTED_EDGE('',*,*,#2838,.T.);
#3044 = ORIENTED_EDGE('',*,*,#2891,.T.);
#3045 = ORIENTED_EDGE('',*,*,#3005,.T.);
#3046 = ORIENTED_EDGE('',*,*,#3019,.T.);
#3047 = ORIENTED_EDGE('',*,*,#2966,.F.);
#3048 = ORIENTED_EDGE('',*,*,#2924,.T.);
#3049 = ORIENTED_EDGE('',*,*,#2877,.F.);
#3050 = PLANE('',#3051);
#3051 = AXIS2_PLACEMENT_3D('',#3052,#3053,#3054);
#3052 = CARTESIAN_POINT('',(-472.5,818.39400657629,750.));
#3053 = DIRECTION('',(0.,0.,1.));
#3054 = DIRECTION('',(-0.5,0.866025403784,0.));
#3055 = ADVANCED_FACE('',(#3056),#3066,.T.);
#3056 = FACE_BOUND('',#3057,.T.);
#3057 = EDGE_LOOP('',(#3058,#3059,#3060,#3061,#3062,#3063,#3064,#3065));
#3058 = ORIENTED_EDGE('',*,*,#2806,.F.);
#3059 = ORIENTED_EDGE('',*,*,#2861,.T.);
#3060 = ORIENTED_EDGE('',*,*,#2941,.F.);
#3061 = ORIENTED_EDGE('',*,*,#2957,.T.);
#3062 = ORIENTED_EDGE('',*,*,#3027,.F.);
#3063 = ORIENTED_EDGE('',*,*,#2989,.F.);
#3064 = ORIENTED_EDGE('',*,*,#2901,.F.);
#3065 = ORIENTED_EDGE('',*,*,#2829,.F.);
#3066 = PLANE('',#3067);
#3067 = AXIS2_PLACEMENT_3D('',#3068,#3069,#3070);
#3068 = CARTESIAN_POINT('',(-472.5,818.39400657629,710.));
#3069 = DIRECTION('',(0.,0.,-1.));
#3070 = DIRECTION('',(0.5,-0.866025403784,0.));
#3071 = MANIFOLD_SOLID_BREP('',#3072);
#3072 = CLOSED_SHELL('',(#3073,#3106,#3115));
#3073 = ADVANCED_FACE('',(#3074),#3101,.T.);
#3074 = FACE_BOUND('',#3075,.T.);
#3075 = EDGE_LOOP('',(#3076,#3085,#3093,#3100));
#3076 = ORIENTED_EDGE('',*,*,#3077,.F.);
#3077 = EDGE_CURVE('',#3078,#3078,#3080,.T.);
#3078 = VERTEX_POINT('',#3079);
#3079 = CARTESIAN_POINT('',(-463.5,877.28373403363,710.));
#3080 = CIRCLE('',#3081,43.);
#3081 = AXIS2_PLACEMENT_3D('',#3082,#3083,#3084);
#3082 = CARTESIAN_POINT('',(-506.5,877.28373403363,710.));
#3083 = DIRECTION('',(0.,0.,1.));
#3084 = DIRECTION('',(1.,0.,0.));
#3085 = ORIENTED_EDGE('',*,*,#3086,.F.);
#3086 = EDGE_CURVE('',#3087,#3078,#3089,.T.);
#3087 = VERTEX_POINT('',#3088);
#3088 = CARTESIAN_POINT('',(-463.5,877.28373403363,301.));
#3089 = LINE('',#3090,#3091);
#3090 = CARTESIAN_POINT('',(-463.5,877.28373403363,301.));
#3091 = VECTOR('',#3092,1.);
#3092 = DIRECTION('',(0.,0.,1.));
#3093 = ORIENTED_EDGE('',*,*,#3094,.T.);
#3094 = EDGE_CURVE('',#3087,#3087,#3095,.T.);
#3095 = CIRCLE('',#3096,43.);
#3096 = AXIS2_PLACEMENT_3D('',#3097,#3098,#3099);
#3097 = CARTESIAN_POINT('',(-506.5,877.28373403363,301.));
#3098 = DIRECTION('',(0.,0.,1.));
#3099 = DIRECTION('',(1.,0.,0.));
#3100 = ORIENTED_EDGE('',*,*,#3086,.T.);
#3101 = CYLINDRICAL_SURFACE('',#3102,43.);
#3102 = AXIS2_PLACEMENT_3D('',#3103,#3104,#3105);
#3103 = CARTESIAN_POINT('',(-506.5,877.28373403363,301.));
#3104 = DIRECTION('',(0.,0.,1.));
#3105 = DIRECTION('',(1.,0.,0.));
#3106 = ADVANCED_FACE('',(#3107),#3110,.T.);
#3107 = FACE_BOUND('',#3108,.T.);
#3108 = EDGE_LOOP('',(#3109));
#3109 = ORIENTED_EDGE('',*,*,#3077,.T.);
#3110 = PLANE('',#3111);
#3111 = AXIS2_PLACEMENT_3D('',#3112,#3113,#3114);
#3112 = CARTESIAN_POINT('',(-506.5,877.28373403363,710.));
#3113 = DIRECTION('',(0.,0.,1.));
#3114 = DIRECTION('',(1.,0.,0.));
#3115 = ADVANCED_FACE('',(#3116),#3119,.F.);
#3116 = FACE_BOUND('',#3117,.T.);
#3117 = EDGE_LOOP('',(#3118));
#3118 = ORIENTED_EDGE('',*,*,#3094,.F.);
#3119 = PLANE('',#3120);
#3120 = AXIS2_PLACEMENT_3D('',#3121,#3122,#3123);
#3121 = CARTESIAN_POINT('',(-506.5,877.28373403363,301.));
#3122 = DIRECTION('',(0.,0.,1.));
#3123 = DIRECTION('',(1.,0.,0.));
#3124 = MANIFOLD_SOLID_BREP('',#3125);
#3125 = CLOSED_SHELL('',(#3126,#3168,#3199,#3230,#3263,#3296,#3327,#3358
    ,#3382,#3398));
#3126 = ADVANCED_FACE('',(#3127),#3163,.T.);
#3127 = FACE_BOUND('',#3128,.T.);
#3128 = EDGE_LOOP('',(#3129,#3140,#3148,#3157));
#3129 = ORIENTED_EDGE('',*,*,#3130,.F.);
#3130 = EDGE_CURVE('',#3131,#3133,#3135,.T.);
#3131 = VERTEX_POINT('',#3132);
#3132 = CARTESIAN_POINT('',(-450.,710.,750.));
#3133 = VERTEX_POINT('',#3134);
#3134 = CARTESIAN_POINT('',(-540.,800.,750.));
#3135 = CIRCLE('',#3136,90.);
#3136 = AXIS2_PLACEMENT_3D('',#3137,#3138,#3139);
#3137 = CARTESIAN_POINT('',(-540.,710.,750.));
#3138 = DIRECTION('',(0.,0.,1.));
#3139 = DIRECTION('',(-1.,0.,0.));
#3140 = ORIENTED_EDGE('',*,*,#3141,.F.);
#3141 = EDGE_CURVE('',#3142,#3131,#3144,.T.);
#3142 = VERTEX_POINT('',#3143);
#3143 = CARTESIAN_POINT('',(-450.,710.,710.));
#3144 = LINE('',#3145,#3146);
#3145 = CARTESIAN_POINT('',(-450.,710.,710.));
#3146 = VECTOR('',#3147,1.);
#3147 = DIRECTION('',(0.,0.,1.));
#3148 = ORIENTED_EDGE('',*,*,#3149,.T.);
#3149 = EDGE_CURVE('',#3142,#3150,#3152,.T.);
#3150 = VERTEX_POINT('',#3151);
#3151 = CARTESIAN_POINT('',(-540.,800.,710.));
#3152 = CIRCLE('',#3153,90.);
#3153 = AXIS2_PLACEMENT_3D('',#3154,#3155,#3156);
#3154 = CARTESIAN_POINT('',(-540.,710.,710.));
#3155 = DIRECTION('',(0.,0.,1.));
#3156 = DIRECTION('',(-1.,0.,0.));
#3157 = ORIENTED_EDGE('',*,*,#3158,.T.);
#3158 = EDGE_CURVE('',#3150,#3133,#3159,.T.);
#3159 = LINE('',#3160,#3161);
#3160 = CARTESIAN_POINT('',(-540.,800.,710.));
#3161 = VECTOR('',#3162,1.);
#3162 = DIRECTION('',(0.,0.,1.));
#3163 = CYLINDRICAL_SURFACE('',#3164,90.);
#3164 = AXIS2_PLACEMENT_3D('',#3165,#3166,#3167);
#3165 = CARTESIAN_POINT('',(-540.,710.,710.));
#3166 = DIRECTION('',(0.,0.,1.));
#3167 = DIRECTION('',(-1.,0.,0.));
#3168 = ADVANCED_FACE('',(#3169),#3194,.F.);
#3169 = FACE_BOUND('',#3170,.F.);
#3170 = EDGE_LOOP('',(#3171,#3179,#3180,#3188));
#3171 = ORIENTED_EDGE('',*,*,#3172,.F.);
#3172 = EDGE_CURVE('',#3150,#3173,#3175,.T.);
#3173 = VERTEX_POINT('',#3174);
#3174 = CARTESIAN_POINT('',(-1.86E+03,800.,710.));
#3175 = LINE('',#3176,#3177);
#3176 = CARTESIAN_POINT('',(-540.,800.,710.));
#3177 = VECTOR('',#3178,1.);
#3178 = DIRECTION('',(-1.,0.,0.));
#3179 = ORIENTED_EDGE('',*,*,#3158,.T.);
#3180 = ORIENTED_EDGE('',*,*,#3181,.T.);
#3181 = EDGE_CURVE('',#3133,#3182,#3184,.T.);
#3182 = VERTEX_POINT('',#3183);
#3183 = CARTESIAN_POINT('',(-1.86E+03,800.,750.));
#3184 = LINE('',#3185,#3186);
#3185 = CARTESIAN_POINT('',(-540.,800.,750.));
#3186 = VECTOR('',#3187,1.);
#3187 = DIRECTION('',(-1.,0.,0.));
#3188 = ORIENTED_EDGE('',*,*,#3189,.F.);
#3189 = EDGE_CURVE('',#3173,#3182,#3190,.T.);
#3190 = LINE('',#3191,#3192);
#3191 = CARTESIAN_POINT('',(-1.86E+03,800.,710.));
#3192 = VECTOR('',#3193,1.);
#3193 = DIRECTION('',(0.,0.,1.));
#3194 = PLANE('',#3195);
#3195 = AXIS2_PLACEMENT_3D('',#3196,#3197,#3198);
#3196 = CARTESIAN_POINT('',(-540.,800.,710.));
#3197 = DIRECTION('',(0.,-1.,0.));
#3198 = DIRECTION('',(0.,0.,1.));
#3199 = ADVANCED_FACE('',(#3200),#3225,.F.);
#3200 = FACE_BOUND('',#3201,.F.);
#3201 = EDGE_LOOP('',(#3202,#3203,#3211,#3219));
#3202 = ORIENTED_EDGE('',*,*,#3141,.F.);
#3203 = ORIENTED_EDGE('',*,*,#3204,.T.);
#3204 = EDGE_CURVE('',#3142,#3205,#3207,.T.);
#3205 = VERTEX_POINT('',#3206);
#3206 = CARTESIAN_POINT('',(-450.,290.,710.));
#3207 = LINE('',#3208,#3209);
#3208 = CARTESIAN_POINT('',(-450.,710.,710.));
#3209 = VECTOR('',#3210,1.);
#3210 = DIRECTION('',(0.,-1.,0.));
#3211 = ORIENTED_EDGE('',*,*,#3212,.T.);
#3212 = EDGE_CURVE('',#3205,#3213,#3215,.T.);
#3213 = VERTEX_POINT('',#3214);
#3214 = CARTESIAN_POINT('',(-450.,290.,750.));
#3215 = LINE('',#3216,#3217);
#3216 = CARTESIAN_POINT('',(-450.,290.,710.));
#3217 = VECTOR('',#3218,1.);
#3218 = DIRECTION('',(0.,0.,1.));
#3219 = ORIENTED_EDGE('',*,*,#3220,.F.);
#3220 = EDGE_CURVE('',#3131,#3213,#3221,.T.);
#3221 = LINE('',#3222,#3223);
#3222 = CARTESIAN_POINT('',(-450.,710.,750.));
#3223 = VECTOR('',#3224,1.);
#3224 = DIRECTION('',(0.,-1.,0.));
#3225 = PLANE('',#3226);
#3226 = AXIS2_PLACEMENT_3D('',#3227,#3228,#3229);
#3227 = CARTESIAN_POINT('',(-450.,710.,710.));
#3228 = DIRECTION('',(-1.,0.,0.));
#3229 = DIRECTION('',(0.,0.,1.));
#3230 = ADVANCED_FACE('',(#3231),#3258,.T.);
#3231 = FACE_BOUND('',#3232,.T.);
#3232 = EDGE_LOOP('',(#3233,#3242,#3243,#3252));
#3233 = ORIENTED_EDGE('',*,*,#3234,.F.);
#3234 = EDGE_CURVE('',#3182,#3235,#3237,.T.);
#3235 = VERTEX_POINT('',#3236);
#3236 = CARTESIAN_POINT('',(-1.95E+03,710.,750.));
#3237 = CIRCLE('',#3238,90.);
#3238 = AXIS2_PLACEMENT_3D('',#3239,#3240,#3241);
#3239 = CARTESIAN_POINT('',(-1.86E+03,710.,750.));
#3240 = DIRECTION('',(0.,0.,1.));
#3241 = DIRECTION('',(-1.,0.,0.));
#3242 = ORIENTED_EDGE('',*,*,#3189,.F.);
#3243 = ORIENTED_EDGE('',*,*,#3244,.T.);
#3244 = EDGE_CURVE('',#3173,#3245,#3247,.T.);
#3245 = VERTEX_POINT('',#3246);
#3246 = CARTESIAN_POINT('',(-1.95E+03,710.,710.));
#3247 = CIRCLE('',#3248,90.);
#3248 = AXIS2_PLACEMENT_3D('',#3249,#3250,#3251);
#3249 = CARTESIAN_POINT('',(-1.86E+03,710.,710.));
#3250 = DIRECTION('',(0.,0.,1.));
#3251 = DIRECTION('',(-1.,0.,0.));
#3252 = ORIENTED_EDGE('',*,*,#3253,.T.);
#3253 = EDGE_CURVE('',#3245,#3235,#3254,.T.);
#3254 = LINE('',#3255,#3256);
#3255 = CARTESIAN_POINT('',(-1.95E+03,710.,710.));
#3256 = VECTOR('',#3257,1.);
#3257 = DIRECTION('',(0.,0.,1.));
#3258 = CYLINDRICAL_SURFACE('',#3259,90.);
#3259 = AXIS2_PLACEMENT_3D('',#3260,#3261,#3262);
#3260 = CARTESIAN_POINT('',(-1.86E+03,710.,710.));
#3261 = DIRECTION('',(0.,0.,1.));
#3262 = DIRECTION('',(-1.,0.,0.));
#3263 = ADVANCED_FACE('',(#3264),#3291,.T.);
#3264 = FACE_BOUND('',#3265,.T.);
#3265 = EDGE_LOOP('',(#3266,#3275,#3283,#3290));
#3266 = ORIENTED_EDGE('',*,*,#3267,.F.);
#3267 = EDGE_CURVE('',#3268,#3213,#3270,.T.);
#3268 = VERTEX_POINT('',#3269);
#3269 = CARTESIAN_POINT('',(-540.,200.,750.));
#3270 = CIRCLE('',#3271,90.);
#3271 = AXIS2_PLACEMENT_3D('',#3272,#3273,#3274);
#3272 = CARTESIAN_POINT('',(-540.,290.,750.));
#3273 = DIRECTION('',(0.,0.,1.));
#3274 = DIRECTION('',(-1.,0.,0.));
#3275 = ORIENTED_EDGE('',*,*,#3276,.F.);
#3276 = EDGE_CURVE('',#3277,#3268,#3279,.T.);
#3277 = VERTEX_POINT('',#3278);
#3278 = CARTESIAN_POINT('',(-540.,200.,710.));
#3279 = LINE('',#3280,#3281);
#3280 = CARTESIAN_POINT('',(-540.,200.,710.));
#3281 = VECTOR('',#3282,1.);
#3282 = DIRECTION('',(0.,0.,1.));
#3283 = ORIENTED_EDGE('',*,*,#3284,.T.);
#3284 = EDGE_CURVE('',#3277,#3205,#3285,.T.);
#3285 = CIRCLE('',#3286,90.);
#3286 = AXIS2_PLACEMENT_3D('',#3287,#3288,#3289);
#3287 = CARTESIAN_POINT('',(-540.,290.,710.));
#3288 = DIRECTION('',(0.,0.,1.));
#3289 = DIRECTION('',(-1.,0.,0.));
#3290 = ORIENTED_EDGE('',*,*,#3212,.T.);
#3291 = CYLINDRICAL_SURFACE('',#3292,90.);
#3292 = AXIS2_PLACEMENT_3D('',#3293,#3294,#3295);
#3293 = CARTESIAN_POINT('',(-540.,290.,710.));
#3294 = DIRECTION('',(0.,0.,1.));
#3295 = DIRECTION('',(-1.,0.,0.));
#3296 = ADVANCED_FACE('',(#3297),#3322,.T.);
#3297 = FACE_BOUND('',#3298,.T.);
#3298 = EDGE_LOOP('',(#3299,#3307,#3308,#3316));
#3299 = ORIENTED_EDGE('',*,*,#3300,.F.);
#3300 = EDGE_CURVE('',#3277,#3301,#3303,.T.);
#3301 = VERTEX_POINT('',#3302);
#3302 = CARTESIAN_POINT('',(-1.86E+03,200.,710.));
#3303 = LINE('',#3304,#3305);
#3304 = CARTESIAN_POINT('',(-540.,200.,710.));
#3305 = VECTOR('',#3306,1.);
#3306 = DIRECTION('',(-1.,0.,0.));
#3307 = ORIENTED_EDGE('',*,*,#3276,.T.);
#3308 = ORIENTED_EDGE('',*,*,#3309,.T.);
#3309 = EDGE_CURVE('',#3268,#3310,#3312,.T.);
#3310 = VERTEX_POINT('',#3311);
#3311 = CARTESIAN_POINT('',(-1.86E+03,200.,750.));
#3312 = LINE('',#3313,#3314);
#3313 = CARTESIAN_POINT('',(-540.,200.,750.));
#3314 = VECTOR('',#3315,1.);
#3315 = DIRECTION('',(-1.,0.,0.));
#3316 = ORIENTED_EDGE('',*,*,#3317,.F.);
#3317 = EDGE_CURVE('',#3301,#3310,#3318,.T.);
#3318 = LINE('',#3319,#3320);
#3319 = CARTESIAN_POINT('',(-1.86E+03,200.,710.));
#3320 = VECTOR('',#3321,1.);
#3321 = DIRECTION('',(0.,0.,1.));
#3322 = PLANE('',#3323);
#3323 = AXIS2_PLACEMENT_3D('',#3324,#3325,#3326);
#3324 = CARTESIAN_POINT('',(-540.,200.,710.));
#3325 = DIRECTION('',(0.,-1.,0.));
#3326 = DIRECTION('',(0.,0.,1.));
#3327 = ADVANCED_FACE('',(#3328),#3353,.T.);
#3328 = FACE_BOUND('',#3329,.T.);
#3329 = EDGE_LOOP('',(#3330,#3331,#3339,#3347));
#3330 = ORIENTED_EDGE('',*,*,#3253,.F.);
#3331 = ORIENTED_EDGE('',*,*,#3332,.T.);
#3332 = EDGE_CURVE('',#3245,#3333,#3335,.T.);
#3333 = VERTEX_POINT('',#3334);
#3334 = CARTESIAN_POINT('',(-1.95E+03,290.,710.));
#3335 = LINE('',#3336,#3337);
#3336 = CARTESIAN_POINT('',(-1.95E+03,710.,710.));
#3337 = VECTOR('',#3338,1.);
#3338 = DIRECTION('',(0.,-1.,0.));
#3339 = ORIENTED_EDGE('',*,*,#3340,.T.);
#3340 = EDGE_CURVE('',#3333,#3341,#3343,.T.);
#3341 = VERTEX_POINT('',#3342);
#3342 = CARTESIAN_POINT('',(-1.95E+03,290.,750.));
#3343 = LINE('',#3344,#3345);
#3344 = CARTESIAN_POINT('',(-1.95E+03,290.,710.));
#3345 = VECTOR('',#3346,1.);
#3346 = DIRECTION('',(0.,0.,1.));
#3347 = ORIENTED_EDGE('',*,*,#3348,.F.);
#3348 = EDGE_CURVE('',#3235,#3341,#3349,.T.);
#3349 = LINE('',#3350,#3351);
#3350 = CARTESIAN_POINT('',(-1.95E+03,710.,750.));
#3351 = VECTOR('',#3352,1.);
#3352 = DIRECTION('',(0.,-1.,0.));
#3353 = PLANE('',#3354);
#3354 = AXIS2_PLACEMENT_3D('',#3355,#3356,#3357);
#3355 = CARTESIAN_POINT('',(-1.95E+03,710.,710.));
#3356 = DIRECTION('',(-1.,0.,0.));
#3357 = DIRECTION('',(0.,0.,1.));
#3358 = ADVANCED_FACE('',(#3359),#3377,.T.);
#3359 = FACE_BOUND('',#3360,.T.);
#3360 = EDGE_LOOP('',(#3361,#3368,#3369,#3376));
#3361 = ORIENTED_EDGE('',*,*,#3362,.F.);
#3362 = EDGE_CURVE('',#3341,#3310,#3363,.T.);
#3363 = CIRCLE('',#3364,90.);
#3364 = AXIS2_PLACEMENT_3D('',#3365,#3366,#3367);
#3365 = CARTESIAN_POINT('',(-1.86E+03,290.,750.));
#3366 = DIRECTION('',(0.,0.,1.));
#3367 = DIRECTION('',(-1.,0.,0.));
#3368 = ORIENTED_EDGE('',*,*,#3340,.F.);
#3369 = ORIENTED_EDGE('',*,*,#3370,.T.);
#3370 = EDGE_CURVE('',#3333,#3301,#3371,.T.);
#3371 = CIRCLE('',#3372,90.);
#3372 = AXIS2_PLACEMENT_3D('',#3373,#3374,#3375);
#3373 = CARTESIAN_POINT('',(-1.86E+03,290.,710.));
#3374 = DIRECTION('',(0.,0.,1.));
#3375 = DIRECTION('',(-1.,0.,0.));
#3376 = ORIENTED_EDGE('',*,*,#3317,.T.);
#3377 = CYLINDRICAL_SURFACE('',#3378,90.);
#3378 = AXIS2_PLACEMENT_3D('',#3379,#3380,#3381);
#3379 = CARTESIAN_POINT('',(-1.86E+03,290.,710.));
#3380 = DIRECTION('',(0.,0.,1.));
#3381 = DIRECTION('',(-1.,0.,0.));
#3382 = ADVANCED_FACE('',(#3383),#3393,.T.);
#3383 = FACE_BOUND('',#3384,.T.);
#3384 = EDGE_LOOP('',(#3385,#3386,#3387,#3388,#3389,#3390,#3391,#3392));
#3385 = ORIENTED_EDGE('',*,*,#3130,.T.);
#3386 = ORIENTED_EDGE('',*,*,#3181,.T.);
#3387 = ORIENTED_EDGE('',*,*,#3234,.T.);
#3388 = ORIENTED_EDGE('',*,*,#3348,.T.);
#3389 = ORIENTED_EDGE('',*,*,#3362,.T.);
#3390 = ORIENTED_EDGE('',*,*,#3309,.F.);
#3391 = ORIENTED_EDGE('',*,*,#3267,.T.);
#3392 = ORIENTED_EDGE('',*,*,#3220,.F.);
#3393 = PLANE('',#3394);
#3394 = AXIS2_PLACEMENT_3D('',#3395,#3396,#3397);
#3395 = CARTESIAN_POINT('',(-1.2E+03,500.,750.));
#3396 = DIRECTION('',(0.,0.,1.));
#3397 = DIRECTION('',(-1.,0.,0.));
#3398 = ADVANCED_FACE('',(#3399),#3409,.T.);
#3399 = FACE_BOUND('',#3400,.T.);
#3400 = EDGE_LOOP('',(#3401,#3402,#3403,#3404,#3405,#3406,#3407,#3408));
#3401 = ORIENTED_EDGE('',*,*,#3149,.F.);
#3402 = ORIENTED_EDGE('',*,*,#3204,.T.);
#3403 = ORIENTED_EDGE('',*,*,#3284,.F.);
#3404 = ORIENTED_EDGE('',*,*,#3300,.T.);
#3405 = ORIENTED_EDGE('',*,*,#3370,.F.);
#3406 = ORIENTED_EDGE('',*,*,#3332,.F.);
#3407 = ORIENTED_EDGE('',*,*,#3244,.F.);
#3408 = ORIENTED_EDGE('',*,*,#3172,.F.);
#3409 = PLANE('',#3410);
#3410 = AXIS2_PLACEMENT_3D('',#3411,#3412,#3413);
#3411 = CARTESIAN_POINT('',(-1.2E+03,500.,710.));
#3412 = DIRECTION('',(0.,0.,-1.));
#3413 = DIRECTION('',(1.,0.,0.));
#3414 = MANIFOLD_SOLID_BREP('',#3415);
#3415 = CLOSED_SHELL('',(#3416,#3449,#3458));
#3416 = ADVANCED_FACE('',(#3417),#3444,.T.);
#3417 = FACE_BOUND('',#3418,.T.);
#3418 = EDGE_LOOP('',(#3419,#3428,#3436,#3443));
#3419 = ORIENTED_EDGE('',*,*,#3420,.F.);
#3420 = EDGE_CURVE('',#3421,#3421,#3423,.T.);
#3421 = VERTEX_POINT('',#3422);
#3422 = CARTESIAN_POINT('',(-1.277E+03,500.,710.));
#3423 = CIRCLE('',#3424,43.);
#3424 = AXIS2_PLACEMENT_3D('',#3425,#3426,#3427);
#3425 = CARTESIAN_POINT('',(-1.32E+03,500.,710.));
#3426 = DIRECTION('',(0.,0.,1.));
#3427 = DIRECTION('',(1.,0.,0.));
#3428 = ORIENTED_EDGE('',*,*,#3429,.F.);
#3429 = EDGE_CURVE('',#3430,#3421,#3432,.T.);
#3430 = VERTEX_POINT('',#3431);
#3431 = CARTESIAN_POINT('',(-1.277E+03,500.,301.));
#3432 = LINE('',#3433,#3434);
#3433 = CARTESIAN_POINT('',(-1.277E+03,500.,301.));
#3434 = VECTOR('',#3435,1.);
#3435 = DIRECTION('',(0.,0.,1.));
#3436 = ORIENTED_EDGE('',*,*,#3437,.T.);
#3437 = EDGE_CURVE('',#3430,#3430,#3438,.T.);
#3438 = CIRCLE('',#3439,43.);
#3439 = AXIS2_PLACEMENT_3D('',#3440,#3441,#3442);
#3440 = CARTESIAN_POINT('',(-1.32E+03,500.,301.));
#3441 = DIRECTION('',(0.,0.,1.));
#3442 = DIRECTION('',(1.,0.,0.));
#3443 = ORIENTED_EDGE('',*,*,#3429,.T.);
#3444 = CYLINDRICAL_SURFACE('',#3445,43.);
#3445 = AXIS2_PLACEMENT_3D('',#3446,#3447,#3448);
#3446 = CARTESIAN_POINT('',(-1.32E+03,500.,301.));
#3447 = DIRECTION('',(0.,0.,1.));
#3448 = DIRECTION('',(1.,0.,0.));
#3449 = ADVANCED_FACE('',(#3450),#3453,.T.);
#3450 = FACE_BOUND('',#3451,.T.);
#3451 = EDGE_LOOP('',(#3452));
#3452 = ORIENTED_EDGE('',*,*,#3420,.T.);
#3453 = PLANE('',#3454);
#3454 = AXIS2_PLACEMENT_3D('',#3455,#3456,#3457);
#3455 = CARTESIAN_POINT('',(-1.32E+03,500.,710.));
#3456 = DIRECTION('',(0.,0.,1.));
#3457 = DIRECTION('',(1.,0.,0.));
#3458 = ADVANCED_FACE('',(#3459),#3462,.F.);
#3459 = FACE_BOUND('',#3460,.T.);
#3460 = EDGE_LOOP('',(#3461));
#3461 = ORIENTED_EDGE('',*,*,#3437,.F.);
#3462 = PLANE('',#3463);
#3463 = AXIS2_PLACEMENT_3D('',#3464,#3465,#3466);
#3464 = CARTESIAN_POINT('',(-1.32E+03,500.,301.));
#3465 = DIRECTION('',(0.,0.,1.));
#3466 = DIRECTION('',(1.,0.,0.));
#3467 = MANIFOLD_SOLID_BREP('',#3468);
#3468 = CLOSED_SHELL('',(#3469,#3511,#3542,#3573,#3606,#3639,#3670,#3701
    ,#3725,#3741));
#3469 = ADVANCED_FACE('',(#3470),#3506,.T.);
#3470 = FACE_BOUND('',#3471,.T.);
#3471 = EDGE_LOOP('',(#3472,#3483,#3491,#3500));
#3472 = ORIENTED_EDGE('',*,*,#3473,.F.);
#3473 = EDGE_CURVE('',#3474,#3476,#3478,.T.);
#3474 = VERTEX_POINT('',#3475);
#3475 = CARTESIAN_POINT('',(-26.14736709748,534.71143170299,750.));
#3476 = VERTEX_POINT('',#3477);
#3477 = CARTESIAN_POINT('',(96.794919243112,567.65371804359,750.));
#3478 = CIRCLE('',#3479,90.);
#3479 = AXIS2_PLACEMENT_3D('',#3480,#3481,#3482);
#3480 = CARTESIAN_POINT('',(18.852632902513,612.65371804359,750.));
#3481 = DIRECTION('',(0.,-0.,1.));
#3482 = DIRECTION('',(0.5,0.866025403784,0.));
#3483 = ORIENTED_EDGE('',*,*,#3484,.F.);
#3484 = EDGE_CURVE('',#3485,#3474,#3487,.T.);
#3485 = VERTEX_POINT('',#3486);
#3486 = CARTESIAN_POINT('',(-26.14736709748,534.71143170299,710.));
#3487 = LINE('',#3488,#3489);
#3488 = CARTESIAN_POINT('',(-26.14736709748,534.71143170299,710.));
#3489 = VECTOR('',#3490,1.);
#3490 = DIRECTION('',(0.,0.,1.));
#3491 = ORIENTED_EDGE('',*,*,#3492,.T.);
#3492 = EDGE_CURVE('',#3485,#3493,#3495,.T.);
#3493 = VERTEX_POINT('',#3494);
#3494 = CARTESIAN_POINT('',(96.794919243112,567.65371804359,710.));
#3495 = CIRCLE('',#3496,90.);
#3496 = AXIS2_PLACEMENT_3D('',#3497,#3498,#3499);
#3497 = CARTESIAN_POINT('',(18.852632902513,612.65371804359,710.));
#3498 = DIRECTION('',(0.,-0.,1.));
#3499 = DIRECTION('',(0.5,0.866025403784,0.));
#3500 = ORIENTED_EDGE('',*,*,#3501,.T.);
#3501 = EDGE_CURVE('',#3493,#3476,#3502,.T.);
#3502 = LINE('',#3503,#3504);
#3503 = CARTESIAN_POINT('',(96.794919243112,567.65371804359,710.));
#3504 = VECTOR('',#3505,1.);
#3505 = DIRECTION('',(0.,0.,1.));
#3506 = CYLINDRICAL_SURFACE('',#3507,90.);
#3507 = AXIS2_PLACEMENT_3D('',#3508,#3509,#3510);
#3508 = CARTESIAN_POINT('',(18.852632902513,612.65371804359,710.));
#3509 = DIRECTION('',(0.,0.,1.));
#3510 = DIRECTION('',(0.5,0.866025403784,0.));
#3511 = ADVANCED_FACE('',(#3512),#3537,.F.);
#3512 = FACE_BOUND('',#3513,.F.);
#3513 = EDGE_LOOP('',(#3514,#3522,#3523,#3531));
#3514 = ORIENTED_EDGE('',*,*,#3515,.F.);
#3515 = EDGE_CURVE('',#3493,#3516,#3518,.T.);
#3516 = VERTEX_POINT('',#3517);
#3517 = CARTESIAN_POINT('',(756.79491924311,1.710807251039E+03,710.));
#3518 = LINE('',#3519,#3520);
#3519 = CARTESIAN_POINT('',(96.794919243112,567.65371804359,710.));
#3520 = VECTOR('',#3521,1.);
#3521 = DIRECTION('',(0.5,0.866025403784,0.));
#3522 = ORIENTED_EDGE('',*,*,#3501,.T.);
#3523 = ORIENTED_EDGE('',*,*,#3524,.T.);
#3524 = EDGE_CURVE('',#3476,#3525,#3527,.T.);
#3525 = VERTEX_POINT('',#3526);
#3526 = CARTESIAN_POINT('',(756.79491924311,1.710807251039E+03,750.));
#3527 = LINE('',#3528,#3529);
#3528 = CARTESIAN_POINT('',(96.794919243112,567.65371804359,750.));
#3529 = VECTOR('',#3530,1.);
#3530 = DIRECTION('',(0.5,0.866025403784,0.));
#3531 = ORIENTED_EDGE('',*,*,#3532,.F.);
#3532 = EDGE_CURVE('',#3516,#3525,#3533,.T.);
#3533 = LINE('',#3534,#3535);
#3534 = CARTESIAN_POINT('',(756.79491924311,1.710807251039E+03,710.));
#3535 = VECTOR('',#3536,1.);
#3536 = DIRECTION('',(0.,0.,1.));
#3537 = PLANE('',#3538);
#3538 = AXIS2_PLACEMENT_3D('',#3539,#3540,#3541);
#3539 = CARTESIAN_POINT('',(96.794919243112,567.65371804359,710.));
#3540 = DIRECTION('',(-0.866025403784,0.5,0.));
#3541 = DIRECTION('',(0.,0.,1.));
#3542 = ADVANCED_FACE('',(#3543),#3568,.F.);
#3543 = FACE_BOUND('',#3544,.F.);
#3544 = EDGE_LOOP('',(#3545,#3546,#3554,#3562));
#3545 = ORIENTED_EDGE('',*,*,#3484,.F.);
#3546 = ORIENTED_EDGE('',*,*,#3547,.T.);
#3547 = EDGE_CURVE('',#3485,#3548,#3550,.T.);
#3548 = VERTEX_POINT('',#3549);
#3549 = CARTESIAN_POINT('',(-389.8780366869,744.71143170299,710.));
#3550 = LINE('',#3551,#3552);
#3551 = CARTESIAN_POINT('',(-26.14736709748,534.71143170299,710.));
#3552 = VECTOR('',#3553,1.);
#3553 = DIRECTION('',(-0.866025403784,0.5,0.));
#3554 = ORIENTED_EDGE('',*,*,#3555,.T.);
#3555 = EDGE_CURVE('',#3548,#3556,#3558,.T.);
#3556 = VERTEX_POINT('',#3557);
#3557 = CARTESIAN_POINT('',(-389.8780366869,744.71143170299,750.));
#3558 = LINE('',#3559,#3560);
#3559 = CARTESIAN_POINT('',(-389.8780366869,744.71143170299,710.));
#3560 = VECTOR('',#3561,1.);
#3561 = DIRECTION('',(0.,0.,1.));
#3562 = ORIENTED_EDGE('',*,*,#3563,.F.);
#3563 = EDGE_CURVE('',#3474,#3556,#3564,.T.);
#3564 = LINE('',#3565,#3566);
#3565 = CARTESIAN_POINT('',(-26.14736709748,534.71143170299,750.));
#3566 = VECTOR('',#3567,1.);
#3567 = DIRECTION('',(-0.866025403784,0.5,0.));
#3568 = PLANE('',#3569);
#3569 = AXIS2_PLACEMENT_3D('',#3570,#3571,#3572);
#3570 = CARTESIAN_POINT('',(-26.14736709748,534.71143170299,710.));
#3571 = DIRECTION('',(0.5,0.866025403784,0.));
#3572 = DIRECTION('',(0.,0.,1.));
#3573 = ADVANCED_FACE('',(#3574),#3601,.T.);
#3574 = FACE_BOUND('',#3575,.T.);
#3575 = EDGE_LOOP('',(#3576,#3585,#3586,#3595));
#3576 = ORIENTED_EDGE('',*,*,#3577,.F.);
#3577 = EDGE_CURVE('',#3525,#3578,#3580,.T.);
#3578 = VERTEX_POINT('',#3579);
#3579 = CARTESIAN_POINT('',(723.85263290251,1.83374953738E+03,750.));
#3580 = CIRCLE('',#3581,90.);
#3581 = AXIS2_PLACEMENT_3D('',#3582,#3583,#3584);
#3582 = CARTESIAN_POINT('',(678.85263290251,1.755807251039E+03,750.));
#3583 = DIRECTION('',(0.,-0.,1.));
#3584 = DIRECTION('',(0.5,0.866025403784,0.));
#3585 = ORIENTED_EDGE('',*,*,#3532,.F.);
#3586 = ORIENTED_EDGE('',*,*,#3587,.T.);
#3587 = EDGE_CURVE('',#3516,#3588,#3590,.T.);
#3588 = VERTEX_POINT('',#3589);
#3589 = CARTESIAN_POINT('',(723.85263290251,1.83374953738E+03,710.));
#3590 = CIRCLE('',#3591,90.);
#3591 = AXIS2_PLACEMENT_3D('',#3592,#3593,#3594);
#3592 = CARTESIAN_POINT('',(678.85263290251,1.755807251039E+03,710.));
#3593 = DIRECTION('',(0.,-0.,1.));
#3594 = DIRECTION('',(0.5,0.866025403784,0.));
#3595 = ORIENTED_EDGE('',*,*,#3596,.T.);
#3596 = EDGE_CURVE('',#3588,#3578,#3597,.T.);
#3597 = LINE('',#3598,#3599);
#3598 = CARTESIAN_POINT('',(723.85263290251,1.83374953738E+03,710.));
#3599 = VECTOR('',#3600,1.);
#3600 = DIRECTION('',(0.,0.,1.));
#3601 = CYLINDRICAL_SURFACE('',#3602,90.);
#3602 = AXIS2_PLACEMENT_3D('',#3603,#3604,#3605);
#3603 = CARTESIAN_POINT('',(678.85263290251,1.755807251039E+03,710.));
#3604 = DIRECTION('',(0.,0.,1.));
#3605 = DIRECTION('',(0.5,0.866025403784,0.));
#3606 = ADVANCED_FACE('',(#3607),#3634,.T.);
#3607 = FACE_BOUND('',#3608,.T.);
#3608 = EDGE_LOOP('',(#3609,#3618,#3626,#3633));
#3609 = ORIENTED_EDGE('',*,*,#3610,.F.);
#3610 = EDGE_CURVE('',#3611,#3556,#3613,.T.);
#3611 = VERTEX_POINT('',#3612);
#3612 = CARTESIAN_POINT('',(-422.8203230275,867.65371804359,750.));
#3613 = CIRCLE('',#3614,90.);
#3614 = AXIS2_PLACEMENT_3D('',#3615,#3616,#3617);
#3615 = CARTESIAN_POINT('',(-344.8780366869,822.65371804359,750.));
#3616 = DIRECTION('',(0.,-0.,1.));
#3617 = DIRECTION('',(0.5,0.866025403784,0.));
#3618 = ORIENTED_EDGE('',*,*,#3619,.F.);
#3619 = EDGE_CURVE('',#3620,#3611,#3622,.T.);
#3620 = VERTEX_POINT('',#3621);
#3621 = CARTESIAN_POINT('',(-422.8203230275,867.65371804359,710.));
#3622 = LINE('',#3623,#3624);
#3623 = CARTESIAN_POINT('',(-422.8203230275,867.65371804359,710.));
#3624 = VECTOR('',#3625,1.);
#3625 = DIRECTION('',(0.,0.,1.));
#3626 = ORIENTED_EDGE('',*,*,#3627,.T.);
#3627 = EDGE_CURVE('',#3620,#3548,#3628,.T.);
#3628 = CIRCLE('',#3629,90.);
#3629 = AXIS2_PLACEMENT_3D('',#3630,#3631,#3632);
#3630 = CARTESIAN_POINT('',(-344.8780366869,822.65371804359,710.));
#3631 = DIRECTION('',(0.,-0.,1.));
#3632 = DIRECTION('',(0.5,0.866025403784,0.));
#3633 = ORIENTED_EDGE('',*,*,#3555,.T.);
#3634 = CYLINDRICAL_SURFACE('',#3635,90.);
#3635 = AXIS2_PLACEMENT_3D('',#3636,#3637,#3638);
#3636 = CARTESIAN_POINT('',(-344.8780366869,822.65371804359,710.));
#3637 = DIRECTION('',(0.,0.,1.));
#3638 = DIRECTION('',(0.5,0.866025403784,0.));
#3639 = ADVANCED_FACE('',(#3640),#3665,.T.);
#3640 = FACE_BOUND('',#3641,.T.);
#3641 = EDGE_LOOP('',(#3642,#3650,#3651,#3659));
#3642 = ORIENTED_EDGE('',*,*,#3643,.F.);
#3643 = EDGE_CURVE('',#3620,#3644,#3646,.T.);
#3644 = VERTEX_POINT('',#3645);
#3645 = CARTESIAN_POINT('',(237.17967697244,2.010807251039E+03,710.));
#3646 = LINE('',#3647,#3648);
#3647 = CARTESIAN_POINT('',(-422.8203230275,867.65371804359,710.));
#3648 = VECTOR('',#3649,1.);
#3649 = DIRECTION('',(0.5,0.866025403784,0.));
#3650 = ORIENTED_EDGE('',*,*,#3619,.T.);
#3651 = ORIENTED_EDGE('',*,*,#3652,.T.);
#3652 = EDGE_CURVE('',#3611,#3653,#3655,.T.);
#3653 = VERTEX_POINT('',#3654);
#3654 = CARTESIAN_POINT('',(237.17967697244,2.010807251039E+03,750.));
#3655 = LINE('',#3656,#3657);
#3656 = CARTESIAN_POINT('',(-422.8203230275,867.65371804359,750.));
#3657 = VECTOR('',#3658,1.);
#3658 = DIRECTION('',(0.5,0.866025403784,0.));
#3659 = ORIENTED_EDGE('',*,*,#3660,.F.);
#3660 = EDGE_CURVE('',#3644,#3653,#3661,.T.);
#3661 = LINE('',#3662,#3663);
#3662 = CARTESIAN_POINT('',(237.17967697244,2.010807251039E+03,710.));
#3663 = VECTOR('',#3664,1.);
#3664 = DIRECTION('',(0.,0.,1.));
#3665 = PLANE('',#3666);
#3666 = AXIS2_PLACEMENT_3D('',#3667,#3668,#3669);
#3667 = CARTESIAN_POINT('',(-422.8203230275,867.65371804359,710.));
#3668 = DIRECTION('',(-0.866025403784,0.5,0.));
#3669 = DIRECTION('',(0.,0.,1.));
#3670 = ADVANCED_FACE('',(#3671),#3696,.T.);
#3671 = FACE_BOUND('',#3672,.T.);
#3672 = EDGE_LOOP('',(#3673,#3674,#3682,#3690));
#3673 = ORIENTED_EDGE('',*,*,#3596,.F.);
#3674 = ORIENTED_EDGE('',*,*,#3675,.T.);
#3675 = EDGE_CURVE('',#3588,#3676,#3678,.T.);
#3676 = VERTEX_POINT('',#3677);
#3677 = CARTESIAN_POINT('',(360.12196331304,2.04374953738E+03,710.));
#3678 = LINE('',#3679,#3680);
#3679 = CARTESIAN_POINT('',(723.85263290251,1.83374953738E+03,710.));
#3680 = VECTOR('',#3681,1.);
#3681 = DIRECTION('',(-0.866025403784,0.5,0.));
#3682 = ORIENTED_EDGE('',*,*,#3683,.T.);
#3683 = EDGE_CURVE('',#3676,#3684,#3686,.T.);
#3684 = VERTEX_POINT('',#3685);
#3685 = CARTESIAN_POINT('',(360.12196331304,2.04374953738E+03,750.));
#3686 = LINE('',#3687,#3688);
#3687 = CARTESIAN_POINT('',(360.12196331304,2.04374953738E+03,710.));
#3688 = VECTOR('',#3689,1.);
#3689 = DIRECTION('',(0.,0.,1.));
#3690 = ORIENTED_EDGE('',*,*,#3691,.F.);
#3691 = EDGE_CURVE('',#3578,#3684,#3692,.T.);
#3692 = LINE('',#3693,#3694);
#3693 = CARTESIAN_POINT('',(723.85263290251,1.83374953738E+03,750.));
#3694 = VECTOR('',#3695,1.);
#3695 = DIRECTION('',(-0.866025403784,0.5,0.));
#3696 = PLANE('',#3697);
#3697 = AXIS2_PLACEMENT_3D('',#3698,#3699,#3700);
#3698 = CARTESIAN_POINT('',(723.85263290251,1.83374953738E+03,710.));
#3699 = DIRECTION('',(0.5,0.866025403784,0.));
#3700 = DIRECTION('',(0.,0.,1.));
#3701 = ADVANCED_FACE('',(#3702),#3720,.T.);
#3702 = FACE_BOUND('',#3703,.T.);
#3703 = EDGE_LOOP('',(#3704,#3711,#3712,#3719));
#3704 = ORIENTED_EDGE('',*,*,#3705,.F.);
#3705 = EDGE_CURVE('',#3684,#3653,#3706,.T.);
#3706 = CIRCLE('',#3707,90.);
#3707 = AXIS2_PLACEMENT_3D('',#3708,#3709,#3710);
#3708 = CARTESIAN_POINT('',(315.12196331304,1.965807251039E+03,750.));
#3709 = DIRECTION('',(0.,-0.,1.));
#3710 = DIRECTION('',(0.5,0.866025403784,0.));
#3711 = ORIENTED_EDGE('',*,*,#3683,.F.);
#3712 = ORIENTED_EDGE('',*,*,#3713,.T.);
#3713 = EDGE_CURVE('',#3676,#3644,#3714,.T.);
#3714 = CIRCLE('',#3715,90.);
#3715 = AXIS2_PLACEMENT_3D('',#3716,#3717,#3718);
#3716 = CARTESIAN_POINT('',(315.12196331304,1.965807251039E+03,710.));
#3717 = DIRECTION('',(0.,-0.,1.));
#3718 = DIRECTION('',(0.5,0.866025403784,0.));
#3719 = ORIENTED_EDGE('',*,*,#3660,.T.);
#3720 = CYLINDRICAL_SURFACE('',#3721,90.);
#3721 = AXIS2_PLACEMENT_3D('',#3722,#3723,#3724);
#3722 = CARTESIAN_POINT('',(315.12196331304,1.965807251039E+03,710.));
#3723 = DIRECTION('',(0.,0.,1.));
#3724 = DIRECTION('',(0.5,0.866025403784,0.));
#3725 = ADVANCED_FACE('',(#3726),#3736,.T.);
#3726 = FACE_BOUND('',#3727,.T.);
#3727 = EDGE_LOOP('',(#3728,#3729,#3730,#3731,#3732,#3733,#3734,#3735));
#3728 = ORIENTED_EDGE('',*,*,#3473,.T.);
#3729 = ORIENTED_EDGE('',*,*,#3524,.T.);
#3730 = ORIENTED_EDGE('',*,*,#3577,.T.);
#3731 = ORIENTED_EDGE('',*,*,#3691,.T.);
#3732 = ORIENTED_EDGE('',*,*,#3705,.T.);
#3733 = ORIENTED_EDGE('',*,*,#3652,.F.);
#3734 = ORIENTED_EDGE('',*,*,#3610,.T.);
#3735 = ORIENTED_EDGE('',*,*,#3563,.F.);
#3736 = PLANE('',#3737);
#3737 = AXIS2_PLACEMENT_3D('',#3738,#3739,#3740);
#3738 = CARTESIAN_POINT('',(166.98729810778,1.289230484541E+03,750.));
#3739 = DIRECTION('',(0.,0.,1.));
#3740 = DIRECTION('',(0.5,0.866025403784,0.));
#3741 = ADVANCED_FACE('',(#3742),#3752,.T.);
#3742 = FACE_BOUND('',#3743,.T.);
#3743 = EDGE_LOOP('',(#3744,#3745,#3746,#3747,#3748,#3749,#3750,#3751));
#3744 = ORIENTED_EDGE('',*,*,#3492,.F.);
#3745 = ORIENTED_EDGE('',*,*,#3547,.T.);
#3746 = ORIENTED_EDGE('',*,*,#3627,.F.);
#3747 = ORIENTED_EDGE('',*,*,#3643,.T.);
#3748 = ORIENTED_EDGE('',*,*,#3713,.F.);
#3749 = ORIENTED_EDGE('',*,*,#3675,.F.);
#3750 = ORIENTED_EDGE('',*,*,#3587,.F.);
#3751 = ORIENTED_EDGE('',*,*,#3515,.F.);
#3752 = PLANE('',#3753);
#3753 = AXIS2_PLACEMENT_3D('',#3754,#3755,#3756);
#3754 = CARTESIAN_POINT('',(166.98729810778,1.289230484541E+03,710.));
#3755 = DIRECTION('',(0.,-0.,-1.));
#3756 = DIRECTION('',(-0.5,-0.866025403784,0.));
#3757 = MANIFOLD_SOLID_BREP('',#3758);
#3758 = CLOSED_SHELL('',(#3759,#3792,#3801));
#3759 = ADVANCED_FACE('',(#3760),#3787,.T.);
#3760 = FACE_BOUND('',#3761,.T.);
#3761 = EDGE_LOOP('',(#3762,#3771,#3779,#3786));
#3762 = ORIENTED_EDGE('',*,*,#3763,.F.);
#3763 = EDGE_CURVE('',#3764,#3764,#3766,.T.);
#3764 = VERTEX_POINT('',#3765);
#3765 = CARTESIAN_POINT('',(269.98729810778,1.393153532995E+03,710.));
#3766 = CIRCLE('',#3767,43.);
#3767 = AXIS2_PLACEMENT_3D('',#3768,#3769,#3770);
#3768 = CARTESIAN_POINT('',(226.98729810778,1.393153532995E+03,710.));
#3769 = DIRECTION('',(0.,0.,1.));
#3770 = DIRECTION('',(1.,0.,0.));
#3771 = ORIENTED_EDGE('',*,*,#3772,.F.);
#3772 = EDGE_CURVE('',#3773,#3764,#3775,.T.);
#3773 = VERTEX_POINT('',#3774);
#3774 = CARTESIAN_POINT('',(269.98729810778,1.393153532995E+03,301.));
#3775 = LINE('',#3776,#3777);
#3776 = CARTESIAN_POINT('',(269.98729810778,1.393153532995E+03,301.));
#3777 = VECTOR('',#3778,1.);
#3778 = DIRECTION('',(0.,0.,1.));
#3779 = ORIENTED_EDGE('',*,*,#3780,.T.);
#3780 = EDGE_CURVE('',#3773,#3773,#3781,.T.);
#3781 = CIRCLE('',#3782,43.);
#3782 = AXIS2_PLACEMENT_3D('',#3783,#3784,#3785);
#3783 = CARTESIAN_POINT('',(226.98729810778,1.393153532995E+03,301.));
#3784 = DIRECTION('',(0.,0.,1.));
#3785 = DIRECTION('',(1.,0.,0.));
#3786 = ORIENTED_EDGE('',*,*,#3772,.T.);
#3787 = CYLINDRICAL_SURFACE('',#3788,43.);
#3788 = AXIS2_PLACEMENT_3D('',#3789,#3790,#3791);
#3789 = CARTESIAN_POINT('',(226.98729810778,1.393153532995E+03,301.));
#3790 = DIRECTION('',(0.,0.,1.));
#3791 = DIRECTION('',(1.,0.,0.));
#3792 = ADVANCED_FACE('',(#3793),#3796,.T.);
#3793 = FACE_BOUND('',#3794,.T.);
#3794 = EDGE_LOOP('',(#3795));
#3795 = ORIENTED_EDGE('',*,*,#3763,.T.);
#3796 = PLANE('',#3797);
#3797 = AXIS2_PLACEMENT_3D('',#3798,#3799,#3800);
#3798 = CARTESIAN_POINT('',(226.98729810778,1.393153532995E+03,710.));
#3799 = DIRECTION('',(0.,0.,1.));
#3800 = DIRECTION('',(1.,0.,0.));
#3801 = ADVANCED_FACE('',(#3802),#3805,.F.);
#3802 = FACE_BOUND('',#3803,.T.);
#3803 = EDGE_LOOP('',(#3804));
#3804 = ORIENTED_EDGE('',*,*,#3780,.F.);
#3805 = PLANE('',#3806);
#3806 = AXIS2_PLACEMENT_3D('',#3807,#3808,#3809);
#3807 = CARTESIAN_POINT('',(226.98729810778,1.393153532995E+03,301.));
#3808 = DIRECTION('',(0.,0.,1.));
#3809 = DIRECTION('',(1.,0.,0.));
#3810 = MANIFOLD_SOLID_BREP('',#3811);
#3811 = CLOSED_SHELL('',(#3812,#3854,#3885,#3916,#3949,#3982,#4013,#4044
    ,#4068,#4084));
#3812 = ADVANCED_FACE('',(#3813),#3849,.T.);
#3813 = FACE_BOUND('',#3814,.T.);
#3814 = EDGE_LOOP('',(#3815,#3826,#3834,#3843));
#3815 = ORIENTED_EDGE('',*,*,#3816,.F.);
#3816 = EDGE_CURVE('',#3817,#3819,#3821,.T.);
#3817 = VERTEX_POINT('',#3818);
#3818 = CARTESIAN_POINT('',(-701.67295593,-195.3332099679,750.));
#3819 = VERTEX_POINT('',#3820);
#3820 = CARTESIAN_POINT('',(-892.9165124598,-246.5767664977,750.));
#3821 = CIRCLE('',#3822,140.);
#3822 = AXIS2_PLACEMENT_3D('',#3823,#3824,#3825);
#3823 = CARTESIAN_POINT('',(-771.67295593,-316.5767664977,750.));
#3824 = DIRECTION('',(0.,0.,1.));
#3825 = DIRECTION('',(-0.5,-0.866025403784,0.));
#3826 = ORIENTED_EDGE('',*,*,#3827,.F.);
#3827 = EDGE_CURVE('',#3828,#3817,#3830,.T.);
#3828 = VERTEX_POINT('',#3829);
#3829 = CARTESIAN_POINT('',(-701.67295593,-195.3332099679,710.));
#3830 = LINE('',#3831,#3832);
#3831 = CARTESIAN_POINT('',(-701.67295593,-195.3332099679,710.));
#3832 = VECTOR('',#3833,1.);
#3833 = DIRECTION('',(0.,0.,1.));
#3834 = ORIENTED_EDGE('',*,*,#3835,.T.);
#3835 = EDGE_CURVE('',#3828,#3836,#3838,.T.);
#3836 = VERTEX_POINT('',#3837);
#3837 = CARTESIAN_POINT('',(-892.9165124598,-246.5767664977,710.));
#3838 = CIRCLE('',#3839,140.);
#3839 = AXIS2_PLACEMENT_3D('',#3840,#3841,#3842);
#3840 = CARTESIAN_POINT('',(-771.67295593,-316.5767664977,710.));
#3841 = DIRECTION('',(0.,0.,1.));
#3842 = DIRECTION('',(-0.5,-0.866025403784,0.));
#3843 = ORIENTED_EDGE('',*,*,#3844,.T.);
#3844 = EDGE_CURVE('',#3836,#3819,#3845,.T.);
#3845 = LINE('',#3846,#3847);
#3846 = CARTESIAN_POINT('',(-892.9165124598,-246.5767664977,710.));
#3847 = VECTOR('',#3848,1.);
#3848 = DIRECTION('',(0.,0.,1.));
#3849 = CYLINDRICAL_SURFACE('',#3850,140.);
#3850 = AXIS2_PLACEMENT_3D('',#3851,#3852,#3853);
#3851 = CARTESIAN_POINT('',(-771.67295593,-316.5767664977,710.));
#3852 = DIRECTION('',(0.,0.,1.));
#3853 = DIRECTION('',(-0.5,-0.866025403784,0.));
#3854 = ADVANCED_FACE('',(#3855),#3880,.F.);
#3855 = FACE_BOUND('',#3856,.F.);
#3856 = EDGE_LOOP('',(#3857,#3865,#3866,#3874));
#3857 = ORIENTED_EDGE('',*,*,#3858,.F.);
#3858 = EDGE_CURVE('',#3836,#3859,#3861,.T.);
#3859 = VERTEX_POINT('',#3860);
#3860 = CARTESIAN_POINT('',(-1.17791651246E+03,-740.2112466548,710.));
#3861 = LINE('',#3862,#3863);
#3862 = CARTESIAN_POINT('',(-892.9165124598,-246.5767664977,710.));
#3863 = VECTOR('',#3864,1.);
#3864 = DIRECTION('',(-0.5,-0.866025403784,0.));
#3865 = ORIENTED_EDGE('',*,*,#3844,.T.);
#3866 = ORIENTED_EDGE('',*,*,#3867,.T.);
#3867 = EDGE_CURVE('',#3819,#3868,#3870,.T.);
#3868 = VERTEX_POINT('',#3869);
#3869 = CARTESIAN_POINT('',(-1.17791651246E+03,-740.2112466548,750.));
#3870 = LINE('',#3871,#3872);
#3871 = CARTESIAN_POINT('',(-892.9165124598,-246.5767664977,750.));
#3872 = VECTOR('',#3873,1.);
#3873 = DIRECTION('',(-0.5,-0.866025403784,0.));
#3874 = ORIENTED_EDGE('',*,*,#3875,.F.);
#3875 = EDGE_CURVE('',#3859,#3868,#3876,.T.);
#3876 = LINE('',#3877,#3878);
#3877 = CARTESIAN_POINT('',(-1.17791651246E+03,-740.2112466548,710.));
#3878 = VECTOR('',#3879,1.);
#3879 = DIRECTION('',(0.,0.,1.));
#3880 = PLANE('',#3881);
#3881 = AXIS2_PLACEMENT_3D('',#3882,#3883,#3884);
#3882 = CARTESIAN_POINT('',(-892.9165124598,-246.5767664977,710.));
#3883 = DIRECTION('',(0.866025403784,-0.5,0.));
#3884 = DIRECTION('',(0.,0.,1.));
#3885 = ADVANCED_FACE('',(#3886),#3911,.F.);
#3886 = FACE_BOUND('',#3887,.F.);
#3887 = EDGE_LOOP('',(#3888,#3889,#3897,#3905));
#3888 = ORIENTED_EDGE('',*,*,#3827,.F.);
#3889 = ORIENTED_EDGE('',*,*,#3890,.T.);
#3890 = EDGE_CURVE('',#3828,#3891,#3893,.T.);
#3891 = VERTEX_POINT('',#3892);
#3892 = CARTESIAN_POINT('',(181.67295593006,-705.3332099679,710.));
#3893 = LINE('',#3894,#3895);
#3894 = CARTESIAN_POINT('',(-701.67295593,-195.3332099679,710.));
#3895 = VECTOR('',#3896,1.);
#3896 = DIRECTION('',(0.866025403784,-0.5,0.));
#3897 = ORIENTED_EDGE('',*,*,#3898,.T.);
#3898 = EDGE_CURVE('',#3891,#3899,#3901,.T.);
#3899 = VERTEX_POINT('',#3900);
#3900 = CARTESIAN_POINT('',(181.67295593006,-705.3332099679,750.));
#3901 = LINE('',#3902,#3903);
#3902 = CARTESIAN_POINT('',(181.67295593006,-705.3332099679,710.));
#3903 = VECTOR('',#3904,1.);
#3904 = DIRECTION('',(0.,0.,1.));
#3905 = ORIENTED_EDGE('',*,*,#3906,.F.);
#3906 = EDGE_CURVE('',#3817,#3899,#3907,.T.);
#3907 = LINE('',#3908,#3909);
#3908 = CARTESIAN_POINT('',(-701.67295593,-195.3332099679,750.));
#3909 = VECTOR('',#3910,1.);
#3910 = DIRECTION('',(0.866025403784,-0.5,0.));
#3911 = PLANE('',#3912);
#3912 = AXIS2_PLACEMENT_3D('',#3913,#3914,#3915);
#3913 = CARTESIAN_POINT('',(-701.67295593,-195.3332099679,710.));
#3914 = DIRECTION('',(-0.5,-0.866025403784,0.));
#3915 = DIRECTION('',(0.,0.,1.));
#3916 = ADVANCED_FACE('',(#3917),#3944,.T.);
#3917 = FACE_BOUND('',#3918,.T.);
#3918 = EDGE_LOOP('',(#3919,#3928,#3929,#3938));
#3919 = ORIENTED_EDGE('',*,*,#3920,.F.);
#3920 = EDGE_CURVE('',#3868,#3921,#3923,.T.);
#3921 = VERTEX_POINT('',#3922);
#3922 = CARTESIAN_POINT('',(-1.12667295593E+03,-931.4548031846,750.));
#3923 = CIRCLE('',#3924,140.);
#3924 = AXIS2_PLACEMENT_3D('',#3925,#3926,#3927);
#3925 = CARTESIAN_POINT('',(-1.05667295593E+03,-810.2112466548,750.));
#3926 = DIRECTION('',(0.,0.,1.));
#3927 = DIRECTION('',(-0.5,-0.866025403784,0.));
#3928 = ORIENTED_EDGE('',*,*,#3875,.F.);
#3929 = ORIENTED_EDGE('',*,*,#3930,.T.);
#3930 = EDGE_CURVE('',#3859,#3931,#3933,.T.);
#3931 = VERTEX_POINT('',#3932);
#3932 = CARTESIAN_POINT('',(-1.12667295593E+03,-931.4548031846,710.));
#3933 = CIRCLE('',#3934,140.);
#3934 = AXIS2_PLACEMENT_3D('',#3935,#3936,#3937);
#3935 = CARTESIAN_POINT('',(-1.05667295593E+03,-810.2112466548,710.));
#3936 = DIRECTION('',(0.,0.,1.));
#3937 = DIRECTION('',(-0.5,-0.866025403784,0.));
#3938 = ORIENTED_EDGE('',*,*,#3939,.T.);
#3939 = EDGE_CURVE('',#3931,#3921,#3940,.T.);
#3940 = LINE('',#3941,#3942);
#3941 = CARTESIAN_POINT('',(-1.12667295593E+03,-931.4548031846,710.));
#3942 = VECTOR('',#3943,1.);
#3943 = DIRECTION('',(0.,0.,1.));
#3944 = CYLINDRICAL_SURFACE('',#3945,140.);
#3945 = AXIS2_PLACEMENT_3D('',#3946,#3947,#3948);
#3946 = CARTESIAN_POINT('',(-1.05667295593E+03,-810.2112466548,710.));
#3947 = DIRECTION('',(0.,0.,1.));
#3948 = DIRECTION('',(-0.5,-0.866025403784,0.));
#3949 = ADVANCED_FACE('',(#3950),#3977,.T.);
#3950 = FACE_BOUND('',#3951,.T.);
#3951 = EDGE_LOOP('',(#3952,#3961,#3969,#3976));
#3952 = ORIENTED_EDGE('',*,*,#3953,.F.);
#3953 = EDGE_CURVE('',#3954,#3899,#3956,.T.);
#3954 = VERTEX_POINT('',#3955);
#3955 = CARTESIAN_POINT('',(232.91651245988,-896.5767664977,750.));
#3956 = CIRCLE('',#3957,140.);
#3957 = AXIS2_PLACEMENT_3D('',#3958,#3959,#3960);
#3958 = CARTESIAN_POINT('',(111.67295593006,-826.5767664977,750.));
#3959 = DIRECTION('',(0.,0.,1.));
#3960 = DIRECTION('',(-0.5,-0.866025403784,0.));
#3961 = ORIENTED_EDGE('',*,*,#3962,.F.);
#3962 = EDGE_CURVE('',#3963,#3954,#3965,.T.);
#3963 = VERTEX_POINT('',#3964);
#3964 = CARTESIAN_POINT('',(232.91651245988,-896.5767664977,710.));
#3965 = LINE('',#3966,#3967);
#3966 = CARTESIAN_POINT('',(232.91651245988,-896.5767664977,710.));
#3967 = VECTOR('',#3968,1.);
#3968 = DIRECTION('',(0.,0.,1.));
#3969 = ORIENTED_EDGE('',*,*,#3970,.T.);
#3970 = EDGE_CURVE('',#3963,#3891,#3971,.T.);
#3971 = CIRCLE('',#3972,140.);
#3972 = AXIS2_PLACEMENT_3D('',#3973,#3974,#3975);
#3973 = CARTESIAN_POINT('',(111.67295593006,-826.5767664977,710.));
#3974 = DIRECTION('',(0.,0.,1.));
#3975 = DIRECTION('',(-0.5,-0.866025403784,0.));
#3976 = ORIENTED_EDGE('',*,*,#3898,.T.);
#3977 = CYLINDRICAL_SURFACE('',#3978,140.);
#3978 = AXIS2_PLACEMENT_3D('',#3979,#3980,#3981);
#3979 = CARTESIAN_POINT('',(111.67295593006,-826.5767664977,710.));
#3980 = DIRECTION('',(0.,0.,1.));
#3981 = DIRECTION('',(-0.5,-0.866025403784,0.));
#3982 = ADVANCED_FACE('',(#3983),#4008,.T.);
#3983 = FACE_BOUND('',#3984,.T.);
#3984 = EDGE_LOOP('',(#3985,#3993,#3994,#4002));
#3985 = ORIENTED_EDGE('',*,*,#3986,.F.);
#3986 = EDGE_CURVE('',#3963,#3987,#3989,.T.);
#3987 = VERTEX_POINT('',#3988);
#3988 = CARTESIAN_POINT('',(-52.08348754011,-1.390211246655E+03,710.));
#3989 = LINE('',#3990,#3991);
#3990 = CARTESIAN_POINT('',(232.91651245988,-896.5767664977,710.));
#3991 = VECTOR('',#3992,1.);
#3992 = DIRECTION('',(-0.5,-0.866025403784,0.));
#3993 = ORIENTED_EDGE('',*,*,#3962,.T.);
#3994 = ORIENTED_EDGE('',*,*,#3995,.T.);
#3995 = EDGE_CURVE('',#3954,#3996,#3998,.T.);
#3996 = VERTEX_POINT('',#3997);
#3997 = CARTESIAN_POINT('',(-52.08348754011,-1.390211246655E+03,750.));
#3998 = LINE('',#3999,#4000);
#3999 = CARTESIAN_POINT('',(232.91651245988,-896.5767664977,750.));
#4000 = VECTOR('',#4001,1.);
#4001 = DIRECTION('',(-0.5,-0.866025403784,0.));
#4002 = ORIENTED_EDGE('',*,*,#4003,.F.);
#4003 = EDGE_CURVE('',#3987,#3996,#4004,.T.);
#4004 = LINE('',#4005,#4006);
#4005 = CARTESIAN_POINT('',(-52.08348754011,-1.390211246655E+03,710.));
#4006 = VECTOR('',#4007,1.);
#4007 = DIRECTION('',(0.,0.,1.));
#4008 = PLANE('',#4009);
#4009 = AXIS2_PLACEMENT_3D('',#4010,#4011,#4012);
#4010 = CARTESIAN_POINT('',(232.91651245988,-896.5767664977,710.));
#4011 = DIRECTION('',(0.866025403784,-0.5,0.));
#4012 = DIRECTION('',(0.,0.,1.));
#4013 = ADVANCED_FACE('',(#4014),#4039,.T.);
#4014 = FACE_BOUND('',#4015,.T.);
#4015 = EDGE_LOOP('',(#4016,#4017,#4025,#4033));
#4016 = ORIENTED_EDGE('',*,*,#3939,.F.);
#4017 = ORIENTED_EDGE('',*,*,#4018,.T.);
#4018 = EDGE_CURVE('',#3931,#4019,#4021,.T.);
#4019 = VERTEX_POINT('',#4020);
#4020 = CARTESIAN_POINT('',(-243.3270440699,-1.441454803185E+03,710.));
#4021 = LINE('',#4022,#4023);
#4022 = CARTESIAN_POINT('',(-1.12667295593E+03,-931.4548031846,710.));
#4023 = VECTOR('',#4024,1.);
#4024 = DIRECTION('',(0.866025403784,-0.5,0.));
#4025 = ORIENTED_EDGE('',*,*,#4026,.T.);
#4026 = EDGE_CURVE('',#4019,#4027,#4029,.T.);
#4027 = VERTEX_POINT('',#4028);
#4028 = CARTESIAN_POINT('',(-243.3270440699,-1.441454803185E+03,750.));
#4029 = LINE('',#4030,#4031);
#4030 = CARTESIAN_POINT('',(-243.3270440699,-1.441454803185E+03,710.));
#4031 = VECTOR('',#4032,1.);
#4032 = DIRECTION('',(0.,0.,1.));
#4033 = ORIENTED_EDGE('',*,*,#4034,.F.);
#4034 = EDGE_CURVE('',#3921,#4027,#4035,.T.);
#4035 = LINE('',#4036,#4037);
#4036 = CARTESIAN_POINT('',(-1.12667295593E+03,-931.4548031846,750.));
#4037 = VECTOR('',#4038,1.);
#4038 = DIRECTION('',(0.866025403784,-0.5,0.));
#4039 = PLANE('',#4040);
#4040 = AXIS2_PLACEMENT_3D('',#4041,#4042,#4043);
#4041 = CARTESIAN_POINT('',(-1.12667295593E+03,-931.4548031846,710.));
#4042 = DIRECTION('',(-0.5,-0.866025403784,0.));
#4043 = DIRECTION('',(0.,0.,1.));
#4044 = ADVANCED_FACE('',(#4045),#4063,.T.);
#4045 = FACE_BOUND('',#4046,.T.);
#4046 = EDGE_LOOP('',(#4047,#4054,#4055,#4062));
#4047 = ORIENTED_EDGE('',*,*,#4048,.F.);
#4048 = EDGE_CURVE('',#4027,#3996,#4049,.T.);
#4049 = CIRCLE('',#4050,140.);
#4050 = AXIS2_PLACEMENT_3D('',#4051,#4052,#4053);
#4051 = CARTESIAN_POINT('',(-173.3270440699,-1.320211246655E+03,750.));
#4052 = DIRECTION('',(0.,0.,1.));
#4053 = DIRECTION('',(-0.5,-0.866025403784,0.));
#4054 = ORIENTED_EDGE('',*,*,#4026,.F.);
#4055 = ORIENTED_EDGE('',*,*,#4056,.T.);
#4056 = EDGE_CURVE('',#4019,#3987,#4057,.T.);
#4057 = CIRCLE('',#4058,140.);
#4058 = AXIS2_PLACEMENT_3D('',#4059,#4060,#4061);
#4059 = CARTESIAN_POINT('',(-173.3270440699,-1.320211246655E+03,710.));
#4060 = DIRECTION('',(0.,0.,1.));
#4061 = DIRECTION('',(-0.5,-0.866025403784,0.));
#4062 = ORIENTED_EDGE('',*,*,#4003,.T.);
#4063 = CYLINDRICAL_SURFACE('',#4064,140.);
#4064 = AXIS2_PLACEMENT_3D('',#4065,#4066,#4067);
#4065 = CARTESIAN_POINT('',(-173.3270440699,-1.320211246655E+03,710.));
#4066 = DIRECTION('',(0.,0.,1.));
#4067 = DIRECTION('',(-0.5,-0.866025403784,0.));
#4068 = ADVANCED_FACE('',(#4069),#4079,.T.);
#4069 = FACE_BOUND('',#4070,.T.);
#4070 = EDGE_LOOP('',(#4071,#4072,#4073,#4074,#4075,#4076,#4077,#4078));
#4071 = ORIENTED_EDGE('',*,*,#3816,.T.);
#4072 = ORIENTED_EDGE('',*,*,#3867,.T.);
#4073 = ORIENTED_EDGE('',*,*,#3920,.T.);
#4074 = ORIENTED_EDGE('',*,*,#4034,.T.);
#4075 = ORIENTED_EDGE('',*,*,#4048,.T.);
#4076 = ORIENTED_EDGE('',*,*,#3995,.F.);
#4077 = ORIENTED_EDGE('',*,*,#3953,.T.);
#4078 = ORIENTED_EDGE('',*,*,#3906,.F.);
#4079 = PLANE('',#4080);
#4080 = AXIS2_PLACEMENT_3D('',#4081,#4082,#4083);
#4081 = CARTESIAN_POINT('',(-472.5,-818.3940065762,750.));
#4082 = DIRECTION('',(0.,0.,1.));
#4083 = DIRECTION('',(-0.5,-0.866025403784,0.));
#4084 = ADVANCED_FACE('',(#4085),#4095,.T.);
#4085 = FACE_BOUND('',#4086,.T.);
#4086 = EDGE_LOOP('',(#4087,#4088,#4089,#4090,#4091,#4092,#4093,#4094));
#4087 = ORIENTED_EDGE('',*,*,#3835,.F.);
#4088 = ORIENTED_EDGE('',*,*,#3890,.T.);
#4089 = ORIENTED_EDGE('',*,*,#3970,.F.);
#4090 = ORIENTED_EDGE('',*,*,#3986,.T.);
#4091 = ORIENTED_EDGE('',*,*,#4056,.F.);
#4092 = ORIENTED_EDGE('',*,*,#4018,.F.);
#4093 = ORIENTED_EDGE('',*,*,#3930,.F.);
#4094 = ORIENTED_EDGE('',*,*,#3858,.F.);
#4095 = PLANE('',#4096);
#4096 = AXIS2_PLACEMENT_3D('',#4097,#4098,#4099);
#4097 = CARTESIAN_POINT('',(-472.5,-818.3940065762,710.));
#4098 = DIRECTION('',(0.,0.,-1.));
#4099 = DIRECTION('',(0.5,0.866025403784,0.));
#4100 = MANIFOLD_SOLID_BREP('',#4101);
#4101 = CLOSED_SHELL('',(#4102,#4135,#4144));
#4102 = ADVANCED_FACE('',(#4103),#4130,.T.);
#4103 = FACE_BOUND('',#4104,.T.);
#4104 = EDGE_LOOP('',(#4105,#4114,#4122,#4129));
#4105 = ORIENTED_EDGE('',*,*,#4106,.F.);
#4106 = EDGE_CURVE('',#4107,#4107,#4109,.T.);
#4107 = VERTEX_POINT('',#4108);
#4108 = CARTESIAN_POINT('',(-463.5,-877.2837340336,710.));
#4109 = CIRCLE('',#4110,43.);
#4110 = AXIS2_PLACEMENT_3D('',#4111,#4112,#4113);
#4111 = CARTESIAN_POINT('',(-506.5,-877.2837340336,710.));
#4112 = DIRECTION('',(0.,0.,1.));
#4113 = DIRECTION('',(1.,0.,0.));
#4114 = ORIENTED_EDGE('',*,*,#4115,.F.);
#4115 = EDGE_CURVE('',#4116,#4107,#4118,.T.);
#4116 = VERTEX_POINT('',#4117);
#4117 = CARTESIAN_POINT('',(-463.5,-877.2837340336,301.));
#4118 = LINE('',#4119,#4120);
#4119 = CARTESIAN_POINT('',(-463.5,-877.2837340336,301.));
#4120 = VECTOR('',#4121,1.);
#4121 = DIRECTION('',(0.,0.,1.));
#4122 = ORIENTED_EDGE('',*,*,#4123,.T.);
#4123 = EDGE_CURVE('',#4116,#4116,#4124,.T.);
#4124 = CIRCLE('',#4125,43.);
#4125 = AXIS2_PLACEMENT_3D('',#4126,#4127,#4128);
#4126 = CARTESIAN_POINT('',(-506.5,-877.2837340336,301.));
#4127 = DIRECTION('',(0.,0.,1.));
#4128 = DIRECTION('',(1.,0.,0.));
#4129 = ORIENTED_EDGE('',*,*,#4115,.T.);
#4130 = CYLINDRICAL_SURFACE('',#4131,43.);
#4131 = AXIS2_PLACEMENT_3D('',#4132,#4133,#4134);
#4132 = CARTESIAN_POINT('',(-506.5,-877.2837340336,301.));
#4133 = DIRECTION('',(0.,0.,1.));
#4134 = DIRECTION('',(1.,0.,0.));
#4135 = ADVANCED_FACE('',(#4136),#4139,.T.);
#4136 = FACE_BOUND('',#4137,.T.);
#4137 = EDGE_LOOP('',(#4138));
#4138 = ORIENTED_EDGE('',*,*,#4106,.T.);
#4139 = PLANE('',#4140);
#4140 = AXIS2_PLACEMENT_3D('',#4141,#4142,#4143);
#4141 = CARTESIAN_POINT('',(-506.5,-877.2837340336,710.));
#4142 = DIRECTION('',(0.,0.,1.));
#4143 = DIRECTION('',(1.,0.,0.));
#4144 = ADVANCED_FACE('',(#4145),#4148,.F.);
#4145 = FACE_BOUND('',#4146,.T.);
#4146 = EDGE_LOOP('',(#4147));
#4147 = ORIENTED_EDGE('',*,*,#4123,.F.);
#4148 = PLANE('',#4149);
#4149 = AXIS2_PLACEMENT_3D('',#4150,#4151,#4152);
#4150 = CARTESIAN_POINT('',(-506.5,-877.2837340336,301.));
#4151 = DIRECTION('',(0.,0.,1.));
#4152 = DIRECTION('',(1.,0.,0.));
#4153 = MANIFOLD_SOLID_BREP('',#4154);
#4154 = CLOSED_SHELL('',(#4155,#4197,#4228,#4259,#4292,#4325,#4356,#4387
    ,#4411,#4427));
#4155 = ADVANCED_FACE('',(#4156),#4192,.T.);
#4156 = FACE_BOUND('',#4157,.T.);
#4157 = EDGE_LOOP('',(#4158,#4169,#4177,#4186));
#4158 = ORIENTED_EDGE('',*,*,#4159,.F.);
#4159 = EDGE_CURVE('',#4160,#4162,#4164,.T.);
#4160 = VERTEX_POINT('',#4161);
#4161 = CARTESIAN_POINT('',(-389.8780366869,-744.7114317029,750.));
#4162 = VERTEX_POINT('',#4163);
#4163 = CARTESIAN_POINT('',(-422.8203230275,-867.6537180435,750.));
#4164 = CIRCLE('',#4165,90.);
#4165 = AXIS2_PLACEMENT_3D('',#4166,#4167,#4168);
#4166 = CARTESIAN_POINT('',(-344.8780366869,-822.6537180435,750.));
#4167 = DIRECTION('',(-0.,0.,1.));
#4168 = DIRECTION('',(0.5,-0.866025403784,0.));
#4169 = ORIENTED_EDGE('',*,*,#4170,.F.);
#4170 = EDGE_CURVE('',#4171,#4160,#4173,.T.);
#4171 = VERTEX_POINT('',#4172);
#4172 = CARTESIAN_POINT('',(-389.8780366869,-744.7114317029,710.));
#4173 = LINE('',#4174,#4175);
#4174 = CARTESIAN_POINT('',(-389.8780366869,-744.7114317029,710.));
#4175 = VECTOR('',#4176,1.);
#4176 = DIRECTION('',(0.,0.,1.));
#4177 = ORIENTED_EDGE('',*,*,#4178,.T.);
#4178 = EDGE_CURVE('',#4171,#4179,#4181,.T.);
#4179 = VERTEX_POINT('',#4180);
#4180 = CARTESIAN_POINT('',(-422.8203230275,-867.6537180435,710.));
#4181 = CIRCLE('',#4182,90.);
#4182 = AXIS2_PLACEMENT_3D('',#4183,#4184,#4185);
#4183 = CARTESIAN_POINT('',(-344.8780366869,-822.6537180435,710.));
#4184 = DIRECTION('',(-0.,0.,1.));
#4185 = DIRECTION('',(0.5,-0.866025403784,0.));
#4186 = ORIENTED_EDGE('',*,*,#4187,.T.);
#4187 = EDGE_CURVE('',#4179,#4162,#4188,.T.);
#4188 = LINE('',#4189,#4190);
#4189 = CARTESIAN_POINT('',(-422.8203230275,-867.6537180435,710.));
#4190 = VECTOR('',#4191,1.);
#4191 = DIRECTION('',(0.,0.,1.));
#4192 = CYLINDRICAL_SURFACE('',#4193,90.);
#4193 = AXIS2_PLACEMENT_3D('',#4194,#4195,#4196);
#4194 = CARTESIAN_POINT('',(-344.8780366869,-822.6537180435,710.));
#4195 = DIRECTION('',(0.,0.,1.));
#4196 = DIRECTION('',(0.5,-0.866025403784,0.));
#4197 = ADVANCED_FACE('',(#4198),#4223,.F.);
#4198 = FACE_BOUND('',#4199,.F.);
#4199 = EDGE_LOOP('',(#4200,#4208,#4209,#4217));
#4200 = ORIENTED_EDGE('',*,*,#4201,.F.);
#4201 = EDGE_CURVE('',#4179,#4202,#4204,.T.);
#4202 = VERTEX_POINT('',#4203);
#4203 = CARTESIAN_POINT('',(237.17967697244,-2.010807251039E+03,710.));
#4204 = LINE('',#4205,#4206);
#4205 = CARTESIAN_POINT('',(-422.8203230275,-867.6537180435,710.));
#4206 = VECTOR('',#4207,1.);
#4207 = DIRECTION('',(0.5,-0.866025403784,0.));
#4208 = ORIENTED_EDGE('',*,*,#4187,.T.);
#4209 = ORIENTED_EDGE('',*,*,#4210,.T.);
#4210 = EDGE_CURVE('',#4162,#4211,#4213,.T.);
#4211 = VERTEX_POINT('',#4212);
#4212 = CARTESIAN_POINT('',(237.17967697244,-2.010807251039E+03,750.));
#4213 = LINE('',#4214,#4215);
#4214 = CARTESIAN_POINT('',(-422.8203230275,-867.6537180435,750.));
#4215 = VECTOR('',#4216,1.);
#4216 = DIRECTION('',(0.5,-0.866025403784,0.));
#4217 = ORIENTED_EDGE('',*,*,#4218,.F.);
#4218 = EDGE_CURVE('',#4202,#4211,#4219,.T.);
#4219 = LINE('',#4220,#4221);
#4220 = CARTESIAN_POINT('',(237.17967697244,-2.010807251039E+03,710.));
#4221 = VECTOR('',#4222,1.);
#4222 = DIRECTION('',(0.,0.,1.));
#4223 = PLANE('',#4224);
#4224 = AXIS2_PLACEMENT_3D('',#4225,#4226,#4227);
#4225 = CARTESIAN_POINT('',(-422.8203230275,-867.6537180435,710.));
#4226 = DIRECTION('',(0.866025403784,0.5,0.));
#4227 = DIRECTION('',(0.,0.,1.));
#4228 = ADVANCED_FACE('',(#4229),#4254,.F.);
#4229 = FACE_BOUND('',#4230,.F.);
#4230 = EDGE_LOOP('',(#4231,#4232,#4240,#4248));
#4231 = ORIENTED_EDGE('',*,*,#4170,.F.);
#4232 = ORIENTED_EDGE('',*,*,#4233,.T.);
#4233 = EDGE_CURVE('',#4171,#4234,#4236,.T.);
#4234 = VERTEX_POINT('',#4235);
#4235 = CARTESIAN_POINT('',(-26.14736709748,-534.7114317029,710.));
#4236 = LINE('',#4237,#4238);
#4237 = CARTESIAN_POINT('',(-389.8780366869,-744.7114317029,710.));
#4238 = VECTOR('',#4239,1.);
#4239 = DIRECTION('',(0.866025403784,0.5,0.));
#4240 = ORIENTED_EDGE('',*,*,#4241,.T.);
#4241 = EDGE_CURVE('',#4234,#4242,#4244,.T.);
#4242 = VERTEX_POINT('',#4243);
#4243 = CARTESIAN_POINT('',(-26.14736709748,-534.7114317029,750.));
#4244 = LINE('',#4245,#4246);
#4245 = CARTESIAN_POINT('',(-26.14736709748,-534.7114317029,710.));
#4246 = VECTOR('',#4247,1.);
#4247 = DIRECTION('',(0.,0.,1.));
#4248 = ORIENTED_EDGE('',*,*,#4249,.F.);
#4249 = EDGE_CURVE('',#4160,#4242,#4250,.T.);
#4250 = LINE('',#4251,#4252);
#4251 = CARTESIAN_POINT('',(-389.8780366869,-744.7114317029,750.));
#4252 = VECTOR('',#4253,1.);
#4253 = DIRECTION('',(0.866025403784,0.5,0.));
#4254 = PLANE('',#4255);
#4255 = AXIS2_PLACEMENT_3D('',#4256,#4257,#4258);
#4256 = CARTESIAN_POINT('',(-389.8780366869,-744.7114317029,710.));
#4257 = DIRECTION('',(0.5,-0.866025403784,0.));
#4258 = DIRECTION('',(0.,0.,1.));
#4259 = ADVANCED_FACE('',(#4260),#4287,.T.);
#4260 = FACE_BOUND('',#4261,.T.);
#4261 = EDGE_LOOP('',(#4262,#4271,#4272,#4281));
#4262 = ORIENTED_EDGE('',*,*,#4263,.F.);
#4263 = EDGE_CURVE('',#4211,#4264,#4266,.T.);
#4264 = VERTEX_POINT('',#4265);
#4265 = CARTESIAN_POINT('',(360.12196331304,-2.04374953738E+03,750.));
#4266 = CIRCLE('',#4267,90.);
#4267 = AXIS2_PLACEMENT_3D('',#4268,#4269,#4270);
#4268 = CARTESIAN_POINT('',(315.12196331304,-1.965807251039E+03,750.));
#4269 = DIRECTION('',(-0.,0.,1.));
#4270 = DIRECTION('',(0.5,-0.866025403784,0.));
#4271 = ORIENTED_EDGE('',*,*,#4218,.F.);
#4272 = ORIENTED_EDGE('',*,*,#4273,.T.);
#4273 = EDGE_CURVE('',#4202,#4274,#4276,.T.);
#4274 = VERTEX_POINT('',#4275);
#4275 = CARTESIAN_POINT('',(360.12196331304,-2.04374953738E+03,710.));
#4276 = CIRCLE('',#4277,90.);
#4277 = AXIS2_PLACEMENT_3D('',#4278,#4279,#4280);
#4278 = CARTESIAN_POINT('',(315.12196331304,-1.965807251039E+03,710.));
#4279 = DIRECTION('',(-0.,0.,1.));
#4280 = DIRECTION('',(0.5,-0.866025403784,0.));
#4281 = ORIENTED_EDGE('',*,*,#4282,.T.);
#4282 = EDGE_CURVE('',#4274,#4264,#4283,.T.);
#4283 = LINE('',#4284,#4285);
#4284 = CARTESIAN_POINT('',(360.12196331304,-2.04374953738E+03,710.));
#4285 = VECTOR('',#4286,1.);
#4286 = DIRECTION('',(0.,0.,1.));
#4287 = CYLINDRICAL_SURFACE('',#4288,90.);
#4288 = AXIS2_PLACEMENT_3D('',#4289,#4290,#4291);
#4289 = CARTESIAN_POINT('',(315.12196331304,-1.965807251039E+03,710.));
#4290 = DIRECTION('',(0.,0.,1.));
#4291 = DIRECTION('',(0.5,-0.866025403784,0.));
#4292 = ADVANCED_FACE('',(#4293),#4320,.T.);
#4293 = FACE_BOUND('',#4294,.T.);
#4294 = EDGE_LOOP('',(#4295,#4304,#4312,#4319));
#4295 = ORIENTED_EDGE('',*,*,#4296,.F.);
#4296 = EDGE_CURVE('',#4297,#4242,#4299,.T.);
#4297 = VERTEX_POINT('',#4298);
#4298 = CARTESIAN_POINT('',(96.794919243112,-567.6537180435,750.));
#4299 = CIRCLE('',#4300,90.);
#4300 = AXIS2_PLACEMENT_3D('',#4301,#4302,#4303);
#4301 = CARTESIAN_POINT('',(18.852632902513,-612.6537180435,750.));
#4302 = DIRECTION('',(-0.,0.,1.));
#4303 = DIRECTION('',(0.5,-0.866025403784,0.));
#4304 = ORIENTED_EDGE('',*,*,#4305,.F.);
#4305 = EDGE_CURVE('',#4306,#4297,#4308,.T.);
#4306 = VERTEX_POINT('',#4307);
#4307 = CARTESIAN_POINT('',(96.794919243112,-567.6537180435,710.));
#4308 = LINE('',#4309,#4310);
#4309 = CARTESIAN_POINT('',(96.794919243112,-567.6537180435,710.));
#4310 = VECTOR('',#4311,1.);
#4311 = DIRECTION('',(0.,0.,1.));
#4312 = ORIENTED_EDGE('',*,*,#4313,.T.);
#4313 = EDGE_CURVE('',#4306,#4234,#4314,.T.);
#4314 = CIRCLE('',#4315,90.);
#4315 = AXIS2_PLACEMENT_3D('',#4316,#4317,#4318);
#4316 = CARTESIAN_POINT('',(18.852632902513,-612.6537180435,710.));
#4317 = DIRECTION('',(-0.,0.,1.));
#4318 = DIRECTION('',(0.5,-0.866025403784,0.));
#4319 = ORIENTED_EDGE('',*,*,#4241,.T.);
#4320 = CYLINDRICAL_SURFACE('',#4321,90.);
#4321 = AXIS2_PLACEMENT_3D('',#4322,#4323,#4324);
#4322 = CARTESIAN_POINT('',(18.852632902513,-612.6537180435,710.));
#4323 = DIRECTION('',(0.,0.,1.));
#4324 = DIRECTION('',(0.5,-0.866025403784,0.));
#4325 = ADVANCED_FACE('',(#4326),#4351,.T.);
#4326 = FACE_BOUND('',#4327,.T.);
#4327 = EDGE_LOOP('',(#4328,#4336,#4337,#4345));
#4328 = ORIENTED_EDGE('',*,*,#4329,.F.);
#4329 = EDGE_CURVE('',#4306,#4330,#4332,.T.);
#4330 = VERTEX_POINT('',#4331);
#4331 = CARTESIAN_POINT('',(756.79491924311,-1.710807251039E+03,710.));
#4332 = LINE('',#4333,#4334);
#4333 = CARTESIAN_POINT('',(96.794919243112,-567.6537180435,710.));
#4334 = VECTOR('',#4335,1.);
#4335 = DIRECTION('',(0.5,-0.866025403784,0.));
#4336 = ORIENTED_EDGE('',*,*,#4305,.T.);
#4337 = ORIENTED_EDGE('',*,*,#4338,.T.);
#4338 = EDGE_CURVE('',#4297,#4339,#4341,.T.);
#4339 = VERTEX_POINT('',#4340);
#4340 = CARTESIAN_POINT('',(756.79491924311,-1.710807251039E+03,750.));
#4341 = LINE('',#4342,#4343);
#4342 = CARTESIAN_POINT('',(96.794919243112,-567.6537180435,750.));
#4343 = VECTOR('',#4344,1.);
#4344 = DIRECTION('',(0.5,-0.866025403784,0.));
#4345 = ORIENTED_EDGE('',*,*,#4346,.F.);
#4346 = EDGE_CURVE('',#4330,#4339,#4347,.T.);
#4347 = LINE('',#4348,#4349);
#4348 = CARTESIAN_POINT('',(756.79491924311,-1.710807251039E+03,710.));
#4349 = VECTOR('',#4350,1.);
#4350 = DIRECTION('',(0.,0.,1.));
#4351 = PLANE('',#4352);
#4352 = AXIS2_PLACEMENT_3D('',#4353,#4354,#4355);
#4353 = CARTESIAN_POINT('',(96.794919243112,-567.6537180435,710.));
#4354 = DIRECTION('',(0.866025403784,0.5,0.));
#4355 = DIRECTION('',(0.,0.,1.));
#4356 = ADVANCED_FACE('',(#4357),#4382,.T.);
#4357 = FACE_BOUND('',#4358,.T.);
#4358 = EDGE_LOOP('',(#4359,#4360,#4368,#4376));
#4359 = ORIENTED_EDGE('',*,*,#4282,.F.);
#4360 = ORIENTED_EDGE('',*,*,#4361,.T.);
#4361 = EDGE_CURVE('',#4274,#4362,#4364,.T.);
#4362 = VERTEX_POINT('',#4363);
#4363 = CARTESIAN_POINT('',(723.85263290251,-1.83374953738E+03,710.));
#4364 = LINE('',#4365,#4366);
#4365 = CARTESIAN_POINT('',(360.12196331304,-2.04374953738E+03,710.));
#4366 = VECTOR('',#4367,1.);
#4367 = DIRECTION('',(0.866025403784,0.5,0.));
#4368 = ORIENTED_EDGE('',*,*,#4369,.T.);
#4369 = EDGE_CURVE('',#4362,#4370,#4372,.T.);
#4370 = VERTEX_POINT('',#4371);
#4371 = CARTESIAN_POINT('',(723.85263290251,-1.83374953738E+03,750.));
#4372 = LINE('',#4373,#4374);
#4373 = CARTESIAN_POINT('',(723.85263290251,-1.83374953738E+03,710.));
#4374 = VECTOR('',#4375,1.);
#4375 = DIRECTION('',(0.,0.,1.));
#4376 = ORIENTED_EDGE('',*,*,#4377,.F.);
#4377 = EDGE_CURVE('',#4264,#4370,#4378,.T.);
#4378 = LINE('',#4379,#4380);
#4379 = CARTESIAN_POINT('',(360.12196331304,-2.04374953738E+03,750.));
#4380 = VECTOR('',#4381,1.);
#4381 = DIRECTION('',(0.866025403784,0.5,0.));
#4382 = PLANE('',#4383);
#4383 = AXIS2_PLACEMENT_3D('',#4384,#4385,#4386);
#4384 = CARTESIAN_POINT('',(360.12196331304,-2.04374953738E+03,710.));
#4385 = DIRECTION('',(0.5,-0.866025403784,0.));
#4386 = DIRECTION('',(0.,0.,1.));
#4387 = ADVANCED_FACE('',(#4388),#4406,.T.);
#4388 = FACE_BOUND('',#4389,.T.);
#4389 = EDGE_LOOP('',(#4390,#4397,#4398,#4405));
#4390 = ORIENTED_EDGE('',*,*,#4391,.F.);
#4391 = EDGE_CURVE('',#4370,#4339,#4392,.T.);
#4392 = CIRCLE('',#4393,90.);
#4393 = AXIS2_PLACEMENT_3D('',#4394,#4395,#4396);
#4394 = CARTESIAN_POINT('',(678.85263290251,-1.755807251039E+03,750.));
#4395 = DIRECTION('',(-0.,0.,1.));
#4396 = DIRECTION('',(0.5,-0.866025403784,0.));
#4397 = ORIENTED_EDGE('',*,*,#4369,.F.);
#4398 = ORIENTED_EDGE('',*,*,#4399,.T.);
#4399 = EDGE_CURVE('',#4362,#4330,#4400,.T.);
#4400 = CIRCLE('',#4401,90.);
#4401 = AXIS2_PLACEMENT_3D('',#4402,#4403,#4404);
#4402 = CARTESIAN_POINT('',(678.85263290251,-1.755807251039E+03,710.));
#4403 = DIRECTION('',(-0.,0.,1.));
#4404 = DIRECTION('',(0.5,-0.866025403784,0.));
#4405 = ORIENTED_EDGE('',*,*,#4346,.T.);
#4406 = CYLINDRICAL_SURFACE('',#4407,90.);
#4407 = AXIS2_PLACEMENT_3D('',#4408,#4409,#4410);
#4408 = CARTESIAN_POINT('',(678.85263290251,-1.755807251039E+03,710.));
#4409 = DIRECTION('',(0.,0.,1.));
#4410 = DIRECTION('',(0.5,-0.866025403784,0.));
#4411 = ADVANCED_FACE('',(#4412),#4422,.T.);
#4412 = FACE_BOUND('',#4413,.T.);
#4413 = EDGE_LOOP('',(#4414,#4415,#4416,#4417,#4418,#4419,#4420,#4421));
#4414 = ORIENTED_EDGE('',*,*,#4159,.T.);
#4415 = ORIENTED_EDGE('',*,*,#4210,.T.);
#4416 = ORIENTED_EDGE('',*,*,#4263,.T.);
#4417 = ORIENTED_EDGE('',*,*,#4377,.T.);
#4418 = ORIENTED_EDGE('',*,*,#4391,.T.);
#4419 = ORIENTED_EDGE('',*,*,#4338,.F.);
#4420 = ORIENTED_EDGE('',*,*,#4296,.T.);
#4421 = ORIENTED_EDGE('',*,*,#4249,.F.);
#4422 = PLANE('',#4423);
#4423 = AXIS2_PLACEMENT_3D('',#4424,#4425,#4426);
#4424 = CARTESIAN_POINT('',(166.98729810778,-1.289230484541E+03,750.));
#4425 = DIRECTION('',(0.,0.,1.));
#4426 = DIRECTION('',(0.5,-0.866025403784,0.));
#4427 = ADVANCED_FACE('',(#4428),#4438,.T.);
#4428 = FACE_BOUND('',#4429,.T.);
#4429 = EDGE_LOOP('',(#4430,#4431,#4432,#4433,#4434,#4435,#4436,#4437));
#4430 = ORIENTED_EDGE('',*,*,#4178,.F.);
#4431 = ORIENTED_EDGE('',*,*,#4233,.T.);
#4432 = ORIENTED_EDGE('',*,*,#4313,.F.);
#4433 = ORIENTED_EDGE('',*,*,#4329,.T.);
#4434 = ORIENTED_EDGE('',*,*,#4399,.F.);
#4435 = ORIENTED_EDGE('',*,*,#4361,.F.);
#4436 = ORIENTED_EDGE('',*,*,#4273,.F.);
#4437 = ORIENTED_EDGE('',*,*,#4201,.F.);
#4438 = PLANE('',#4439);
#4439 = AXIS2_PLACEMENT_3D('',#4440,#4441,#4442);
#4440 = CARTESIAN_POINT('',(166.98729810778,-1.289230484541E+03,710.));
#4441 = DIRECTION('',(-0.,0.,-1.));
#4442 = DIRECTION('',(-0.5,0.866025403784,0.));
#4443 = MANIFOLD_SOLID_BREP('',#4444);
#4444 = CLOSED_SHELL('',(#4445,#4478,#4487));
#4445 = ADVANCED_FACE('',(#4446),#4473,.T.);
#4446 = FACE_BOUND('',#4447,.T.);
#4447 = EDGE_LOOP('',(#4448,#4457,#4465,#4472));
#4448 = ORIENTED_EDGE('',*,*,#4449,.F.);
#4449 = EDGE_CURVE('',#4450,#4450,#4452,.T.);
#4450 = VERTEX_POINT('',#4451);
#4451 = CARTESIAN_POINT('',(269.98729810778,-1.393153532995E+03,710.));
#4452 = CIRCLE('',#4453,43.);
#4453 = AXIS2_PLACEMENT_3D('',#4454,#4455,#4456);
#4454 = CARTESIAN_POINT('',(226.98729810778,-1.393153532995E+03,710.));
#4455 = DIRECTION('',(0.,0.,1.));
#4456 = DIRECTION('',(1.,0.,0.));
#4457 = ORIENTED_EDGE('',*,*,#4458,.F.);
#4458 = EDGE_CURVE('',#4459,#4450,#4461,.T.);
#4459 = VERTEX_POINT('',#4460);
#4460 = CARTESIAN_POINT('',(269.98729810778,-1.393153532995E+03,301.));
#4461 = LINE('',#4462,#4463);
#4462 = CARTESIAN_POINT('',(269.98729810778,-1.393153532995E+03,301.));
#4463 = VECTOR('',#4464,1.);
#4464 = DIRECTION('',(0.,0.,1.));
#4465 = ORIENTED_EDGE('',*,*,#4466,.T.);
#4466 = EDGE_CURVE('',#4459,#4459,#4467,.T.);
#4467 = CIRCLE('',#4468,43.);
#4468 = AXIS2_PLACEMENT_3D('',#4469,#4470,#4471);
#4469 = CARTESIAN_POINT('',(226.98729810778,-1.393153532995E+03,301.));
#4470 = DIRECTION('',(0.,0.,1.));
#4471 = DIRECTION('',(1.,0.,0.));
#4472 = ORIENTED_EDGE('',*,*,#4458,.T.);
#4473 = CYLINDRICAL_SURFACE('',#4474,43.);
#4474 = AXIS2_PLACEMENT_3D('',#4475,#4476,#4477);
#4475 = CARTESIAN_POINT('',(226.98729810778,-1.393153532995E+03,301.));
#4476 = DIRECTION('',(0.,0.,1.));
#4477 = DIRECTION('',(1.,0.,0.));
#4478 = ADVANCED_FACE('',(#4479),#4482,.T.);
#4479 = FACE_BOUND('',#4480,.T.);
#4480 = EDGE_LOOP('',(#4481));
#4481 = ORIENTED_EDGE('',*,*,#4449,.T.);
#4482 = PLANE('',#4483);
#4483 = AXIS2_PLACEMENT_3D('',#4484,#4485,#4486);
#4484 = CARTESIAN_POINT('',(226.98729810778,-1.393153532995E+03,710.));
#4485 = DIRECTION('',(0.,0.,1.));
#4486 = DIRECTION('',(1.,0.,0.));
#4487 = ADVANCED_FACE('',(#4488),#4491,.F.);
#4488 = FACE_BOUND('',#4489,.T.);
#4489 = EDGE_LOOP('',(#4490));
#4490 = ORIENTED_EDGE('',*,*,#4466,.F.);
#4491 = PLANE('',#4492);
#4492 = AXIS2_PLACEMENT_3D('',#4493,#4494,#4495);
#4493 = CARTESIAN_POINT('',(226.98729810778,-1.393153532995E+03,301.));
#4494 = DIRECTION('',(0.,0.,1.));
#4495 = DIRECTION('',(1.,0.,0.));
#4496 = MANIFOLD_SOLID_BREP('',#4497);
#4497 = CLOSED_SHELL('',(#4498,#4540,#4571,#4602,#4635,#4668,#4699,#4730
    ,#4754,#4770));
#4498 = ADVANCED_FACE('',(#4499),#4535,.T.);
#4499 = FACE_BOUND('',#4500,.T.);
#4500 = EDGE_LOOP('',(#4501,#4512,#4520,#4529));
#4501 = ORIENTED_EDGE('',*,*,#4502,.F.);
#4502 = EDGE_CURVE('',#4503,#4505,#4507,.T.);
#4503 = VERTEX_POINT('',#4504);
#4504 = CARTESIAN_POINT('',(-450.,-290.,750.));
#4505 = VERTEX_POINT('',#4506);
#4506 = CARTESIAN_POINT('',(-540.,-200.,750.));
#4507 = CIRCLE('',#4508,90.);
#4508 = AXIS2_PLACEMENT_3D('',#4509,#4510,#4511);
#4509 = CARTESIAN_POINT('',(-540.,-290.,750.));
#4510 = DIRECTION('',(0.,0.,1.));
#4511 = DIRECTION('',(-1.,0.,0.));
#4512 = ORIENTED_EDGE('',*,*,#4513,.F.);
#4513 = EDGE_CURVE('',#4514,#4503,#4516,.T.);
#4514 = VERTEX_POINT('',#4515);
#4515 = CARTESIAN_POINT('',(-450.,-290.,710.));
#4516 = LINE('',#4517,#4518);
#4517 = CARTESIAN_POINT('',(-450.,-290.,710.));
#4518 = VECTOR('',#4519,1.);
#4519 = DIRECTION('',(0.,0.,1.));
#4520 = ORIENTED_EDGE('',*,*,#4521,.T.);
#4521 = EDGE_CURVE('',#4514,#4522,#4524,.T.);
#4522 = VERTEX_POINT('',#4523);
#4523 = CARTESIAN_POINT('',(-540.,-200.,710.));
#4524 = CIRCLE('',#4525,90.);
#4525 = AXIS2_PLACEMENT_3D('',#4526,#4527,#4528);
#4526 = CARTESIAN_POINT('',(-540.,-290.,710.));
#4527 = DIRECTION('',(0.,0.,1.));
#4528 = DIRECTION('',(-1.,0.,0.));
#4529 = ORIENTED_EDGE('',*,*,#4530,.T.);
#4530 = EDGE_CURVE('',#4522,#4505,#4531,.T.);
#4531 = LINE('',#4532,#4533);
#4532 = CARTESIAN_POINT('',(-540.,-200.,710.));
#4533 = VECTOR('',#4534,1.);
#4534 = DIRECTION('',(0.,0.,1.));
#4535 = CYLINDRICAL_SURFACE('',#4536,90.);
#4536 = AXIS2_PLACEMENT_3D('',#4537,#4538,#4539);
#4537 = CARTESIAN_POINT('',(-540.,-290.,710.));
#4538 = DIRECTION('',(0.,0.,1.));
#4539 = DIRECTION('',(-1.,0.,0.));
#4540 = ADVANCED_FACE('',(#4541),#4566,.F.);
#4541 = FACE_BOUND('',#4542,.F.);
#4542 = EDGE_LOOP('',(#4543,#4551,#4552,#4560));
#4543 = ORIENTED_EDGE('',*,*,#4544,.F.);
#4544 = EDGE_CURVE('',#4522,#4545,#4547,.T.);
#4545 = VERTEX_POINT('',#4546);
#4546 = CARTESIAN_POINT('',(-1.86E+03,-200.,710.));
#4547 = LINE('',#4548,#4549);
#4548 = CARTESIAN_POINT('',(-540.,-200.,710.));
#4549 = VECTOR('',#4550,1.);
#4550 = DIRECTION('',(-1.,0.,0.));
#4551 = ORIENTED_EDGE('',*,*,#4530,.T.);
#4552 = ORIENTED_EDGE('',*,*,#4553,.T.);
#4553 = EDGE_CURVE('',#4505,#4554,#4556,.T.);
#4554 = VERTEX_POINT('',#4555);
#4555 = CARTESIAN_POINT('',(-1.86E+03,-200.,750.));
#4556 = LINE('',#4557,#4558);
#4557 = CARTESIAN_POINT('',(-540.,-200.,750.));
#4558 = VECTOR('',#4559,1.);
#4559 = DIRECTION('',(-1.,0.,0.));
#4560 = ORIENTED_EDGE('',*,*,#4561,.F.);
#4561 = EDGE_CURVE('',#4545,#4554,#4562,.T.);
#4562 = LINE('',#4563,#4564);
#4563 = CARTESIAN_POINT('',(-1.86E+03,-200.,710.));
#4564 = VECTOR('',#4565,1.);
#4565 = DIRECTION('',(0.,0.,1.));
#4566 = PLANE('',#4567);
#4567 = AXIS2_PLACEMENT_3D('',#4568,#4569,#4570);
#4568 = CARTESIAN_POINT('',(-540.,-200.,710.));
#4569 = DIRECTION('',(0.,-1.,0.));
#4570 = DIRECTION('',(0.,0.,1.));
#4571 = ADVANCED_FACE('',(#4572),#4597,.F.);
#4572 = FACE_BOUND('',#4573,.F.);
#4573 = EDGE_LOOP('',(#4574,#4575,#4583,#4591));
#4574 = ORIENTED_EDGE('',*,*,#4513,.F.);
#4575 = ORIENTED_EDGE('',*,*,#4576,.T.);
#4576 = EDGE_CURVE('',#4514,#4577,#4579,.T.);
#4577 = VERTEX_POINT('',#4578);
#4578 = CARTESIAN_POINT('',(-450.,-710.,710.));
#4579 = LINE('',#4580,#4581);
#4580 = CARTESIAN_POINT('',(-450.,-290.,710.));
#4581 = VECTOR('',#4582,1.);
#4582 = DIRECTION('',(0.,-1.,0.));
#4583 = ORIENTED_EDGE('',*,*,#4584,.T.);
#4584 = EDGE_CURVE('',#4577,#4585,#4587,.T.);
#4585 = VERTEX_POINT('',#4586);
#4586 = CARTESIAN_POINT('',(-450.,-710.,750.));
#4587 = LINE('',#4588,#4589);
#4588 = CARTESIAN_POINT('',(-450.,-710.,710.));
#4589 = VECTOR('',#4590,1.);
#4590 = DIRECTION('',(0.,0.,1.));
#4591 = ORIENTED_EDGE('',*,*,#4592,.F.);
#4592 = EDGE_CURVE('',#4503,#4585,#4593,.T.);
#4593 = LINE('',#4594,#4595);
#4594 = CARTESIAN_POINT('',(-450.,-290.,750.));
#4595 = VECTOR('',#4596,1.);
#4596 = DIRECTION('',(0.,-1.,0.));
#4597 = PLANE('',#4598);
#4598 = AXIS2_PLACEMENT_3D('',#4599,#4600,#4601);
#4599 = CARTESIAN_POINT('',(-450.,-290.,710.));
#4600 = DIRECTION('',(-1.,0.,0.));
#4601 = DIRECTION('',(0.,0.,1.));
#4602 = ADVANCED_FACE('',(#4603),#4630,.T.);
#4603 = FACE_BOUND('',#4604,.T.);
#4604 = EDGE_LOOP('',(#4605,#4614,#4615,#4624));
#4605 = ORIENTED_EDGE('',*,*,#4606,.F.);
#4606 = EDGE_CURVE('',#4554,#4607,#4609,.T.);
#4607 = VERTEX_POINT('',#4608);
#4608 = CARTESIAN_POINT('',(-1.95E+03,-290.,750.));
#4609 = CIRCLE('',#4610,90.);
#4610 = AXIS2_PLACEMENT_3D('',#4611,#4612,#4613);
#4611 = CARTESIAN_POINT('',(-1.86E+03,-290.,750.));
#4612 = DIRECTION('',(0.,0.,1.));
#4613 = DIRECTION('',(-1.,0.,0.));
#4614 = ORIENTED_EDGE('',*,*,#4561,.F.);
#4615 = ORIENTED_EDGE('',*,*,#4616,.T.);
#4616 = EDGE_CURVE('',#4545,#4617,#4619,.T.);
#4617 = VERTEX_POINT('',#4618);
#4618 = CARTESIAN_POINT('',(-1.95E+03,-290.,710.));
#4619 = CIRCLE('',#4620,90.);
#4620 = AXIS2_PLACEMENT_3D('',#4621,#4622,#4623);
#4621 = CARTESIAN_POINT('',(-1.86E+03,-290.,710.));
#4622 = DIRECTION('',(0.,0.,1.));
#4623 = DIRECTION('',(-1.,0.,0.));
#4624 = ORIENTED_EDGE('',*,*,#4625,.T.);
#4625 = EDGE_CURVE('',#4617,#4607,#4626,.T.);
#4626 = LINE('',#4627,#4628);
#4627 = CARTESIAN_POINT('',(-1.95E+03,-290.,710.));
#4628 = VECTOR('',#4629,1.);
#4629 = DIRECTION('',(0.,0.,1.));
#4630 = CYLINDRICAL_SURFACE('',#4631,90.);
#4631 = AXIS2_PLACEMENT_3D('',#4632,#4633,#4634);
#4632 = CARTESIAN_POINT('',(-1.86E+03,-290.,710.));
#4633 = DIRECTION('',(0.,0.,1.));
#4634 = DIRECTION('',(-1.,0.,0.));
#4635 = ADVANCED_FACE('',(#4636),#4663,.T.);
#4636 = FACE_BOUND('',#4637,.T.);
#4637 = EDGE_LOOP('',(#4638,#4647,#4655,#4662));
#4638 = ORIENTED_EDGE('',*,*,#4639,.F.);
#4639 = EDGE_CURVE('',#4640,#4585,#4642,.T.);
#4640 = VERTEX_POINT('',#4641);
#4641 = CARTESIAN_POINT('',(-540.,-800.,750.));
#4642 = CIRCLE('',#4643,90.);
#4643 = AXIS2_PLACEMENT_3D('',#4644,#4645,#4646);
#4644 = CARTESIAN_POINT('',(-540.,-710.,750.));
#4645 = DIRECTION('',(0.,0.,1.));
#4646 = DIRECTION('',(-1.,0.,0.));
#4647 = ORIENTED_EDGE('',*,*,#4648,.F.);
#4648 = EDGE_CURVE('',#4649,#4640,#4651,.T.);
#4649 = VERTEX_POINT('',#4650);
#4650 = CARTESIAN_POINT('',(-540.,-800.,710.));
#4651 = LINE('',#4652,#4653);
#4652 = CARTESIAN_POINT('',(-540.,-800.,710.));
#4653 = VECTOR('',#4654,1.);
#4654 = DIRECTION('',(0.,0.,1.));
#4655 = ORIENTED_EDGE('',*,*,#4656,.T.);
#4656 = EDGE_CURVE('',#4649,#4577,#4657,.T.);
#4657 = CIRCLE('',#4658,90.);
#4658 = AXIS2_PLACEMENT_3D('',#4659,#4660,#4661);
#4659 = CARTESIAN_POINT('',(-540.,-710.,710.));
#4660 = DIRECTION('',(0.,0.,1.));
#4661 = DIRECTION('',(-1.,0.,0.));
#4662 = ORIENTED_EDGE('',*,*,#4584,.T.);
#4663 = CYLINDRICAL_SURFACE('',#4664,90.);
#4664 = AXIS2_PLACEMENT_3D('',#4665,#4666,#4667);
#4665 = CARTESIAN_POINT('',(-540.,-710.,710.));
#4666 = DIRECTION('',(0.,0.,1.));
#4667 = DIRECTION('',(-1.,0.,0.));
#4668 = ADVANCED_FACE('',(#4669),#4694,.T.);
#4669 = FACE_BOUND('',#4670,.T.);
#4670 = EDGE_LOOP('',(#4671,#4679,#4680,#4688));
#4671 = ORIENTED_EDGE('',*,*,#4672,.F.);
#4672 = EDGE_CURVE('',#4649,#4673,#4675,.T.);
#4673 = VERTEX_POINT('',#4674);
#4674 = CARTESIAN_POINT('',(-1.86E+03,-800.,710.));
#4675 = LINE('',#4676,#4677);
#4676 = CARTESIAN_POINT('',(-540.,-800.,710.));
#4677 = VECTOR('',#4678,1.);
#4678 = DIRECTION('',(-1.,0.,0.));
#4679 = ORIENTED_EDGE('',*,*,#4648,.T.);
#4680 = ORIENTED_EDGE('',*,*,#4681,.T.);
#4681 = EDGE_CURVE('',#4640,#4682,#4684,.T.);
#4682 = VERTEX_POINT('',#4683);
#4683 = CARTESIAN_POINT('',(-1.86E+03,-800.,750.));
#4684 = LINE('',#4685,#4686);
#4685 = CARTESIAN_POINT('',(-540.,-800.,750.));
#4686 = VECTOR('',#4687,1.);
#4687 = DIRECTION('',(-1.,0.,0.));
#4688 = ORIENTED_EDGE('',*,*,#4689,.F.);
#4689 = EDGE_CURVE('',#4673,#4682,#4690,.T.);
#4690 = LINE('',#4691,#4692);
#4691 = CARTESIAN_POINT('',(-1.86E+03,-800.,710.));
#4692 = VECTOR('',#4693,1.);
#4693 = DIRECTION('',(0.,0.,1.));
#4694 = PLANE('',#4695);
#4695 = AXIS2_PLACEMENT_3D('',#4696,#4697,#4698);
#4696 = CARTESIAN_POINT('',(-540.,-800.,710.));
#4697 = DIRECTION('',(0.,-1.,0.));
#4698 = DIRECTION('',(0.,0.,1.));
#4699 = ADVANCED_FACE('',(#4700),#4725,.T.);
#4700 = FACE_BOUND('',#4701,.T.);
#4701 = EDGE_LOOP('',(#4702,#4703,#4711,#4719));
#4702 = ORIENTED_EDGE('',*,*,#4625,.F.);
#4703 = ORIENTED_EDGE('',*,*,#4704,.T.);
#4704 = EDGE_CURVE('',#4617,#4705,#4707,.T.);
#4705 = VERTEX_POINT('',#4706);
#4706 = CARTESIAN_POINT('',(-1.95E+03,-710.,710.));
#4707 = LINE('',#4708,#4709);
#4708 = CARTESIAN_POINT('',(-1.95E+03,-290.,710.));
#4709 = VECTOR('',#4710,1.);
#4710 = DIRECTION('',(0.,-1.,0.));
#4711 = ORIENTED_EDGE('',*,*,#4712,.T.);
#4712 = EDGE_CURVE('',#4705,#4713,#4715,.T.);
#4713 = VERTEX_POINT('',#4714);
#4714 = CARTESIAN_POINT('',(-1.95E+03,-710.,750.));
#4715 = LINE('',#4716,#4717);
#4716 = CARTESIAN_POINT('',(-1.95E+03,-710.,710.));
#4717 = VECTOR('',#4718,1.);
#4718 = DIRECTION('',(0.,0.,1.));
#4719 = ORIENTED_EDGE('',*,*,#4720,.F.);
#4720 = EDGE_CURVE('',#4607,#4713,#4721,.T.);
#4721 = LINE('',#4722,#4723);
#4722 = CARTESIAN_POINT('',(-1.95E+03,-290.,750.));
#4723 = VECTOR('',#4724,1.);
#4724 = DIRECTION('',(0.,-1.,0.));
#4725 = PLANE('',#4726);
#4726 = AXIS2_PLACEMENT_3D('',#4727,#4728,#4729);
#4727 = CARTESIAN_POINT('',(-1.95E+03,-290.,710.));
#4728 = DIRECTION('',(-1.,0.,0.));
#4729 = DIRECTION('',(0.,0.,1.));
#4730 = ADVANCED_FACE('',(#4731),#4749,.T.);
#4731 = FACE_BOUND('',#4732,.T.);
#4732 = EDGE_LOOP('',(#4733,#4740,#4741,#4748));
#4733 = ORIENTED_EDGE('',*,*,#4734,.F.);
#4734 = EDGE_CURVE('',#4713,#4682,#4735,.T.);
#4735 = CIRCLE('',#4736,90.);
#4736 = AXIS2_PLACEMENT_3D('',#4737,#4738,#4739);
#4737 = CARTESIAN_POINT('',(-1.86E+03,-710.,750.));
#4738 = DIRECTION('',(0.,0.,1.));
#4739 = DIRECTION('',(-1.,0.,0.));
#4740 = ORIENTED_EDGE('',*,*,#4712,.F.);
#4741 = ORIENTED_EDGE('',*,*,#4742,.T.);
#4742 = EDGE_CURVE('',#4705,#4673,#4743,.T.);
#4743 = CIRCLE('',#4744,90.);
#4744 = AXIS2_PLACEMENT_3D('',#4745,#4746,#4747);
#4745 = CARTESIAN_POINT('',(-1.86E+03,-710.,710.));
#4746 = DIRECTION('',(0.,0.,1.));
#4747 = DIRECTION('',(-1.,0.,0.));
#4748 = ORIENTED_EDGE('',*,*,#4689,.T.);
#4749 = CYLINDRICAL_SURFACE('',#4750,90.);
#4750 = AXIS2_PLACEMENT_3D('',#4751,#4752,#4753);
#4751 = CARTESIAN_POINT('',(-1.86E+03,-710.,710.));
#4752 = DIRECTION('',(0.,0.,1.));
#4753 = DIRECTION('',(-1.,0.,0.));
#4754 = ADVANCED_FACE('',(#4755),#4765,.T.);
#4755 = FACE_BOUND('',#4756,.T.);
#4756 = EDGE_LOOP('',(#4757,#4758,#4759,#4760,#4761,#4762,#4763,#4764));
#4757 = ORIENTED_EDGE('',*,*,#4502,.T.);
#4758 = ORIENTED_EDGE('',*,*,#4553,.T.);
#4759 = ORIENTED_EDGE('',*,*,#4606,.T.);
#4760 = ORIENTED_EDGE('',*,*,#4720,.T.);
#4761 = ORIENTED_EDGE('',*,*,#4734,.T.);
#4762 = ORIENTED_EDGE('',*,*,#4681,.F.);
#4763 = ORIENTED_EDGE('',*,*,#4639,.T.);
#4764 = ORIENTED_EDGE('',*,*,#4592,.F.);
#4765 = PLANE('',#4766);
#4766 = AXIS2_PLACEMENT_3D('',#4767,#4768,#4769);
#4767 = CARTESIAN_POINT('',(-1.2E+03,-500.,750.));
#4768 = DIRECTION('',(0.,0.,1.));
#4769 = DIRECTION('',(-1.,0.,0.));
#4770 = ADVANCED_FACE('',(#4771),#4781,.T.);
#4771 = FACE_BOUND('',#4772,.T.);
#4772 = EDGE_LOOP('',(#4773,#4774,#4775,#4776,#4777,#4778,#4779,#4780));
#4773 = ORIENTED_EDGE('',*,*,#4521,.F.);
#4774 = ORIENTED_EDGE('',*,*,#4576,.T.);
#4775 = ORIENTED_EDGE('',*,*,#4656,.F.);
#4776 = ORIENTED_EDGE('',*,*,#4672,.T.);
#4777 = ORIENTED_EDGE('',*,*,#4742,.F.);
#4778 = ORIENTED_EDGE('',*,*,#4704,.F.);
#4779 = ORIENTED_EDGE('',*,*,#4616,.F.);
#4780 = ORIENTED_EDGE('',*,*,#4544,.F.);
#4781 = PLANE('',#4782);
#4782 = AXIS2_PLACEMENT_3D('',#4783,#4784,#4785);
#4783 = CARTESIAN_POINT('',(-1.2E+03,-500.,710.));
#4784 = DIRECTION('',(0.,0.,-1.));
#4785 = DIRECTION('',(1.,0.,0.));
#4786 = MANIFOLD_SOLID_BREP('',#4787);
#4787 = CLOSED_SHELL('',(#4788,#4821,#4830));
#4788 = ADVANCED_FACE('',(#4789),#4816,.T.);
#4789 = FACE_BOUND('',#4790,.T.);
#4790 = EDGE_LOOP('',(#4791,#4800,#4808,#4815));
#4791 = ORIENTED_EDGE('',*,*,#4792,.F.);
#4792 = EDGE_CURVE('',#4793,#4793,#4795,.T.);
#4793 = VERTEX_POINT('',#4794);
#4794 = CARTESIAN_POINT('',(-1.277E+03,-500.,710.));
#4795 = CIRCLE('',#4796,43.);
#4796 = AXIS2_PLACEMENT_3D('',#4797,#4798,#4799);
#4797 = CARTESIAN_POINT('',(-1.32E+03,-500.,710.));
#4798 = DIRECTION('',(0.,0.,1.));
#4799 = DIRECTION('',(1.,0.,0.));
#4800 = ORIENTED_EDGE('',*,*,#4801,.F.);
#4801 = EDGE_CURVE('',#4802,#4793,#4804,.T.);
#4802 = VERTEX_POINT('',#4803);
#4803 = CARTESIAN_POINT('',(-1.277E+03,-500.,301.));
#4804 = LINE('',#4805,#4806);
#4805 = CARTESIAN_POINT('',(-1.277E+03,-500.,301.));
#4806 = VECTOR('',#4807,1.);
#4807 = DIRECTION('',(0.,0.,1.));
#4808 = ORIENTED_EDGE('',*,*,#4809,.T.);
#4809 = EDGE_CURVE('',#4802,#4802,#4810,.T.);
#4810 = CIRCLE('',#4811,43.);
#4811 = AXIS2_PLACEMENT_3D('',#4812,#4813,#4814);
#4812 = CARTESIAN_POINT('',(-1.32E+03,-500.,301.));
#4813 = DIRECTION('',(0.,0.,1.));
#4814 = DIRECTION('',(1.,0.,0.));
#4815 = ORIENTED_EDGE('',*,*,#4801,.T.);
#4816 = CYLINDRICAL_SURFACE('',#4817,43.);
#4817 = AXIS2_PLACEMENT_3D('',#4818,#4819,#4820);
#4818 = CARTESIAN_POINT('',(-1.32E+03,-500.,301.));
#4819 = DIRECTION('',(0.,0.,1.));
#4820 = DIRECTION('',(1.,0.,0.));
#4821 = ADVANCED_FACE('',(#4822),#4825,.T.);
#4822 = FACE_BOUND('',#4823,.T.);
#4823 = EDGE_LOOP('',(#4824));
#4824 = ORIENTED_EDGE('',*,*,#4792,.T.);
#4825 = PLANE('',#4826);
#4826 = AXIS2_PLACEMENT_3D('',#4827,#4828,#4829);
#4827 = CARTESIAN_POINT('',(-1.32E+03,-500.,710.));
#4828 = DIRECTION('',(0.,0.,1.));
#4829 = DIRECTION('',(1.,0.,0.));
#4830 = ADVANCED_FACE('',(#4831),#4834,.F.);
#4831 = FACE_BOUND('',#4832,.T.);
#4832 = EDGE_LOOP('',(#4833));
#4833 = ORIENTED_EDGE('',*,*,#4809,.F.);
#4834 = PLANE('',#4835);
#4835 = AXIS2_PLACEMENT_3D('',#4836,#4837,#4838);
#4836 = CARTESIAN_POINT('',(-1.32E+03,-500.,301.));
#4837 = DIRECTION('',(0.,0.,1.));
#4838 = DIRECTION('',(1.,0.,0.));
#4839 = MANIFOLD_SOLID_BREP('',#4840);
#4840 = CLOSED_SHELL('',(#4841,#4897,#4928,#4952,#4976,#5001,#5017,#5042
    ,#5061,#5104,#5115));
#4841 = ADVANCED_FACE('',(#4842),#4892,.F.);
#4842 = FACE_BOUND('',#4843,.F.);
#4843 = EDGE_LOOP('',(#4844,#4854,#4862,#4870,#4878,#4886));
#4844 = ORIENTED_EDGE('',*,*,#4845,.F.);
#4845 = EDGE_CURVE('',#4846,#4848,#4850,.T.);
#4846 = VERTEX_POINT('',#4847);
#4847 = CARTESIAN_POINT('',(576.,-325.,845.));
#4848 = VERTEX_POINT('',#4849);
#4849 = CARTESIAN_POINT('',(576.,-325.,1.215E+03));
#4850 = LINE('',#4851,#4852);
#4851 = CARTESIAN_POINT('',(576.,-325.,845.));
#4852 = VECTOR('',#4853,1.);
#4853 = DIRECTION('',(0.,0.,1.));
#4854 = ORIENTED_EDGE('',*,*,#4855,.T.);
#4855 = EDGE_CURVE('',#4846,#4856,#4858,.T.);
#4856 = VERTEX_POINT('',#4857);
#4857 = CARTESIAN_POINT('',(576.,-40.79215610874,845.));
#4858 = LINE('',#4859,#4860);
#4859 = CARTESIAN_POINT('',(576.,-325.,845.));
#4860 = VECTOR('',#4861,1.);
#4861 = DIRECTION('',(0.,1.,0.));
#4862 = ORIENTED_EDGE('',*,*,#4863,.T.);
#4863 = EDGE_CURVE('',#4856,#4864,#4866,.T.);
#4864 = VERTEX_POINT('',#4865);
#4865 = CARTESIAN_POINT('',(576.,40.792156108743,845.));
#4866 = LINE('',#4867,#4868);
#4867 = CARTESIAN_POINT('',(576.,-325.,845.));
#4868 = VECTOR('',#4869,1.);
#4869 = DIRECTION('',(0.,1.,0.));
#4870 = ORIENTED_EDGE('',*,*,#4871,.T.);
#4871 = EDGE_CURVE('',#4864,#4872,#4874,.T.);
#4872 = VERTEX_POINT('',#4873);
#4873 = CARTESIAN_POINT('',(576.,325.,845.));
#4874 = LINE('',#4875,#4876);
#4875 = CARTESIAN_POINT('',(576.,-325.,845.));
#4876 = VECTOR('',#4877,1.);
#4877 = DIRECTION('',(0.,1.,0.));
#4878 = ORIENTED_EDGE('',*,*,#4879,.T.);
#4879 = EDGE_CURVE('',#4872,#4880,#4882,.T.);
#4880 = VERTEX_POINT('',#4881);
#4881 = CARTESIAN_POINT('',(576.,325.,1.215E+03));
#4882 = LINE('',#4883,#4884);
#4883 = CARTESIAN_POINT('',(576.,325.,845.));
#4884 = VECTOR('',#4885,1.);
#4885 = DIRECTION('',(0.,0.,1.));
#4886 = ORIENTED_EDGE('',*,*,#4887,.F.);
#4887 = EDGE_CURVE('',#4848,#4880,#4888,.T.);
#4888 = LINE('',#4889,#4890);
#4889 = CARTESIAN_POINT('',(576.,-325.,1.215E+03));
#4890 = VECTOR('',#4891,1.);
#4891 = DIRECTION('',(0.,1.,0.));
#4892 = PLANE('',#4893);
#4893 = AXIS2_PLACEMENT_3D('',#4894,#4895,#4896);
#4894 = CARTESIAN_POINT('',(576.,-325.,845.));
#4895 = DIRECTION('',(1.,0.,0.));
#4896 = DIRECTION('',(0.,0.,1.));
#4897 = ADVANCED_FACE('',(#4898),#4923,.F.);
#4898 = FACE_BOUND('',#4899,.F.);
#4899 = EDGE_LOOP('',(#4900,#4908,#4909,#4917));
#4900 = ORIENTED_EDGE('',*,*,#4901,.F.);
#4901 = EDGE_CURVE('',#4846,#4902,#4904,.T.);
#4902 = VERTEX_POINT('',#4903);
#4903 = CARTESIAN_POINT('',(614.,-325.,845.));
#4904 = LINE('',#4905,#4906);
#4905 = CARTESIAN_POINT('',(576.,-325.,845.));
#4906 = VECTOR('',#4907,1.);
#4907 = DIRECTION('',(1.,0.,0.));
#4908 = ORIENTED_EDGE('',*,*,#4845,.T.);
#4909 = ORIENTED_EDGE('',*,*,#4910,.T.);
#4910 = EDGE_CURVE('',#4848,#4911,#4913,.T.);
#4911 = VERTEX_POINT('',#4912);
#4912 = CARTESIAN_POINT('',(614.,-325.,1.215E+03));
#4913 = LINE('',#4914,#4915);
#4914 = CARTESIAN_POINT('',(576.,-325.,1.215E+03));
#4915 = VECTOR('',#4916,1.);
#4916 = DIRECTION('',(1.,0.,0.));
#4917 = ORIENTED_EDGE('',*,*,#4918,.F.);
#4918 = EDGE_CURVE('',#4902,#4911,#4919,.T.);
#4919 = LINE('',#4920,#4921);
#4920 = CARTESIAN_POINT('',(614.,-325.,845.));
#4921 = VECTOR('',#4922,1.);
#4922 = DIRECTION('',(0.,0.,1.));
#4923 = PLANE('',#4924);
#4924 = AXIS2_PLACEMENT_3D('',#4925,#4926,#4927);
#4925 = CARTESIAN_POINT('',(576.,-325.,845.));
#4926 = DIRECTION('',(0.,1.,0.));
#4927 = DIRECTION('',(0.,0.,1.));
#4928 = ADVANCED_FACE('',(#4929),#4947,.T.);
#4929 = FACE_BOUND('',#4930,.T.);
#4930 = EDGE_LOOP('',(#4931,#4932,#4933,#4941));
#4931 = ORIENTED_EDGE('',*,*,#4887,.F.);
#4932 = ORIENTED_EDGE('',*,*,#4910,.T.);
#4933 = ORIENTED_EDGE('',*,*,#4934,.T.);
#4934 = EDGE_CURVE('',#4911,#4935,#4937,.T.);
#4935 = VERTEX_POINT('',#4936);
#4936 = CARTESIAN_POINT('',(614.,325.,1.215E+03));
#4937 = LINE('',#4938,#4939);
#4938 = CARTESIAN_POINT('',(614.,-325.,1.215E+03));
#4939 = VECTOR('',#4940,1.);
#4940 = DIRECTION('',(0.,1.,0.));
#4941 = ORIENTED_EDGE('',*,*,#4942,.F.);
#4942 = EDGE_CURVE('',#4880,#4935,#4943,.T.);
#4943 = LINE('',#4944,#4945);
#4944 = CARTESIAN_POINT('',(576.,325.,1.215E+03));
#4945 = VECTOR('',#4946,1.);
#4946 = DIRECTION('',(1.,0.,0.));
#4947 = PLANE('',#4948);
#4948 = AXIS2_PLACEMENT_3D('',#4949,#4950,#4951);
#4949 = CARTESIAN_POINT('',(576.,-325.,1.215E+03));
#4950 = DIRECTION('',(0.,0.,1.));
#4951 = DIRECTION('',(1.,0.,0.));
#4952 = ADVANCED_FACE('',(#4953),#4971,.T.);
#4953 = FACE_BOUND('',#4954,.T.);
#4954 = EDGE_LOOP('',(#4955,#4963,#4964,#4965));
#4955 = ORIENTED_EDGE('',*,*,#4956,.F.);
#4956 = EDGE_CURVE('',#4872,#4957,#4959,.T.);
#4957 = VERTEX_POINT('',#4958);
#4958 = CARTESIAN_POINT('',(614.,325.,845.));
#4959 = LINE('',#4960,#4961);
#4960 = CARTESIAN_POINT('',(576.,325.,845.));
#4961 = VECTOR('',#4962,1.);
#4962 = DIRECTION('',(1.,0.,0.));
#4963 = ORIENTED_EDGE('',*,*,#4879,.T.);
#4964 = ORIENTED_EDGE('',*,*,#4942,.T.);
#4965 = ORIENTED_EDGE('',*,*,#4966,.F.);
#4966 = EDGE_CURVE('',#4957,#4935,#4967,.T.);
#4967 = LINE('',#4968,#4969);
#4968 = CARTESIAN_POINT('',(614.,325.,845.));
#4969 = VECTOR('',#4970,1.);
#4970 = DIRECTION('',(0.,0.,1.));
#4971 = PLANE('',#4972);
#4972 = AXIS2_PLACEMENT_3D('',#4973,#4974,#4975);
#4973 = CARTESIAN_POINT('',(576.,325.,845.));
#4974 = DIRECTION('',(0.,1.,0.));
#4975 = DIRECTION('',(0.,0.,1.));
#4976 = ADVANCED_FACE('',(#4977),#4996,.F.);
#4977 = FACE_BOUND('',#4978,.F.);
#4978 = EDGE_LOOP('',(#4979,#4980,#4981,#4989));
#4979 = ORIENTED_EDGE('',*,*,#4855,.F.);
#4980 = ORIENTED_EDGE('',*,*,#4901,.T.);
#4981 = ORIENTED_EDGE('',*,*,#4982,.T.);
#4982 = EDGE_CURVE('',#4902,#4983,#4985,.T.);
#4983 = VERTEX_POINT('',#4984);
#4984 = CARTESIAN_POINT('',(614.,-40.79215610874,845.));
#4985 = LINE('',#4986,#4987);
#4986 = CARTESIAN_POINT('',(614.,-325.,845.));
#4987 = VECTOR('',#4988,1.);
#4988 = DIRECTION('',(0.,1.,0.));
#4989 = ORIENTED_EDGE('',*,*,#4990,.F.);
#4990 = EDGE_CURVE('',#4856,#4983,#4991,.T.);
#4991 = CIRCLE('',#4992,45.);
#4992 = AXIS2_PLACEMENT_3D('',#4993,#4994,#4995);
#4993 = CARTESIAN_POINT('',(595.,0.,845.));
#4994 = DIRECTION('',(0.,0.,1.));
#4995 = DIRECTION('',(1.,0.,0.));
#4996 = PLANE('',#4997);
#4997 = AXIS2_PLACEMENT_3D('',#4998,#4999,#5000);
#4998 = CARTESIAN_POINT('',(576.,-325.,845.));
#4999 = DIRECTION('',(0.,0.,1.));
#5000 = DIRECTION('',(1.,0.,0.));
#5001 = ADVANCED_FACE('',(#5002),#5012,.T.);
#5002 = FACE_BOUND('',#5003,.T.);
#5003 = EDGE_LOOP('',(#5004,#5005));
#5004 = ORIENTED_EDGE('',*,*,#4863,.T.);
#5005 = ORIENTED_EDGE('',*,*,#5006,.T.);
#5006 = EDGE_CURVE('',#4864,#4856,#5007,.T.);
#5007 = CIRCLE('',#5008,45.);
#5008 = AXIS2_PLACEMENT_3D('',#5009,#5010,#5011);
#5009 = CARTESIAN_POINT('',(595.,0.,845.));
#5010 = DIRECTION('',(0.,0.,1.));
#5011 = DIRECTION('',(1.,0.,0.));
#5012 = PLANE('',#5013);
#5013 = AXIS2_PLACEMENT_3D('',#5014,#5015,#5016);
#5014 = CARTESIAN_POINT('',(595.,0.,845.));
#5015 = DIRECTION('',(0.,0.,1.));
#5016 = DIRECTION('',(1.,0.,0.));
#5017 = ADVANCED_FACE('',(#5018),#5037,.F.);
#5018 = FACE_BOUND('',#5019,.F.);
#5019 = EDGE_LOOP('',(#5020,#5021,#5030,#5036));
#5020 = ORIENTED_EDGE('',*,*,#4871,.F.);
#5021 = ORIENTED_EDGE('',*,*,#5022,.F.);
#5022 = EDGE_CURVE('',#5023,#4864,#5025,.T.);
#5023 = VERTEX_POINT('',#5024);
#5024 = CARTESIAN_POINT('',(614.,40.792156108742,845.));
#5025 = CIRCLE('',#5026,45.);
#5026 = AXIS2_PLACEMENT_3D('',#5027,#5028,#5029);
#5027 = CARTESIAN_POINT('',(595.,0.,845.));
#5028 = DIRECTION('',(0.,0.,1.));
#5029 = DIRECTION('',(1.,0.,0.));
#5030 = ORIENTED_EDGE('',*,*,#5031,.T.);
#5031 = EDGE_CURVE('',#5023,#4957,#5032,.T.);
#5032 = LINE('',#5033,#5034);
#5033 = CARTESIAN_POINT('',(614.,-325.,845.));
#5034 = VECTOR('',#5035,1.);
#5035 = DIRECTION('',(0.,1.,0.));
#5036 = ORIENTED_EDGE('',*,*,#4956,.F.);
#5037 = PLANE('',#5038);
#5038 = AXIS2_PLACEMENT_3D('',#5039,#5040,#5041);
#5039 = CARTESIAN_POINT('',(576.,-325.,845.));
#5040 = DIRECTION('',(0.,0.,1.));
#5041 = DIRECTION('',(1.,0.,0.));
#5042 = ADVANCED_FACE('',(#5043),#5056,.T.);
#5043 = FACE_BOUND('',#5044,.T.);
#5044 = EDGE_LOOP('',(#5045,#5046,#5047,#5053,#5054,#5055));
#5045 = ORIENTED_EDGE('',*,*,#4918,.F.);
#5046 = ORIENTED_EDGE('',*,*,#4982,.T.);
#5047 = ORIENTED_EDGE('',*,*,#5048,.T.);
#5048 = EDGE_CURVE('',#4983,#5023,#5049,.T.);
#5049 = LINE('',#5050,#5051);
#5050 = CARTESIAN_POINT('',(614.,-325.,845.));
#5051 = VECTOR('',#5052,1.);
#5052 = DIRECTION('',(0.,1.,0.));
#5053 = ORIENTED_EDGE('',*,*,#5031,.T.);
#5054 = ORIENTED_EDGE('',*,*,#4966,.T.);
#5055 = ORIENTED_EDGE('',*,*,#4934,.F.);
#5056 = PLANE('',#5057);
#5057 = AXIS2_PLACEMENT_3D('',#5058,#5059,#5060);
#5058 = CARTESIAN_POINT('',(614.,-325.,845.));
#5059 = DIRECTION('',(1.,0.,0.));
#5060 = DIRECTION('',(0.,0.,1.));
#5061 = ADVANCED_FACE('',(#5062),#5099,.T.);
#5062 = FACE_BOUND('',#5063,.T.);
#5063 = EDGE_LOOP('',(#5064,#5074,#5081,#5082,#5083,#5084,#5091,#5092));
#5064 = ORIENTED_EDGE('',*,*,#5065,.T.);
#5065 = EDGE_CURVE('',#5066,#5068,#5070,.T.);
#5066 = VERTEX_POINT('',#5067);
#5067 = CARTESIAN_POINT('',(640.,-1.102182119233E-14,750.));
#5068 = VERTEX_POINT('',#5069);
#5069 = CARTESIAN_POINT('',(640.,-1.102182119233E-14,845.));
#5070 = LINE('',#5071,#5072);
#5071 = CARTESIAN_POINT('',(640.,-1.102182119233E-14,750.));
#5072 = VECTOR('',#5073,1.);
#5073 = DIRECTION('',(0.,0.,1.));
#5074 = ORIENTED_EDGE('',*,*,#5075,.F.);
#5075 = EDGE_CURVE('',#4983,#5068,#5076,.T.);
#5076 = CIRCLE('',#5077,45.);
#5077 = AXIS2_PLACEMENT_3D('',#5078,#5079,#5080);
#5078 = CARTESIAN_POINT('',(595.,0.,845.));
#5079 = DIRECTION('',(0.,0.,1.));
#5080 = DIRECTION('',(1.,0.,0.));
#5081 = ORIENTED_EDGE('',*,*,#4990,.F.);
#5082 = ORIENTED_EDGE('',*,*,#5006,.F.);
#5083 = ORIENTED_EDGE('',*,*,#5022,.F.);
#5084 = ORIENTED_EDGE('',*,*,#5085,.F.);
#5085 = EDGE_CURVE('',#5068,#5023,#5086,.T.);
#5086 = CIRCLE('',#5087,45.);
#5087 = AXIS2_PLACEMENT_3D('',#5088,#5089,#5090);
#5088 = CARTESIAN_POINT('',(595.,0.,845.));
#5089 = DIRECTION('',(0.,0.,1.));
#5090 = DIRECTION('',(1.,0.,0.));
#5091 = ORIENTED_EDGE('',*,*,#5065,.F.);
#5092 = ORIENTED_EDGE('',*,*,#5093,.T.);
#5093 = EDGE_CURVE('',#5066,#5066,#5094,.T.);
#5094 = CIRCLE('',#5095,45.);
#5095 = AXIS2_PLACEMENT_3D('',#5096,#5097,#5098);
#5096 = CARTESIAN_POINT('',(595.,0.,750.));
#5097 = DIRECTION('',(0.,0.,1.));
#5098 = DIRECTION('',(1.,0.,0.));
#5099 = CYLINDRICAL_SURFACE('',#5100,45.);
#5100 = AXIS2_PLACEMENT_3D('',#5101,#5102,#5103);
#5101 = CARTESIAN_POINT('',(595.,0.,750.));
#5102 = DIRECTION('',(0.,0.,1.));
#5103 = DIRECTION('',(1.,0.,0.));
#5104 = ADVANCED_FACE('',(#5105),#5110,.T.);
#5105 = FACE_BOUND('',#5106,.T.);
#5106 = EDGE_LOOP('',(#5107,#5108,#5109));
#5107 = ORIENTED_EDGE('',*,*,#5075,.T.);
#5108 = ORIENTED_EDGE('',*,*,#5085,.T.);
#5109 = ORIENTED_EDGE('',*,*,#5048,.F.);
#5110 = PLANE('',#5111);
#5111 = AXIS2_PLACEMENT_3D('',#5112,#5113,#5114);
#5112 = CARTESIAN_POINT('',(595.,0.,845.));
#5113 = DIRECTION('',(0.,0.,1.));
#5114 = DIRECTION('',(1.,0.,0.));
#5115 = ADVANCED_FACE('',(#5116),#5119,.F.);
#5116 = FACE_BOUND('',#5117,.T.);
#5117 = EDGE_LOOP('',(#5118));
#5118 = ORIENTED_EDGE('',*,*,#5093,.F.);
#5119 = PLANE('',#5120);
#5120 = AXIS2_PLACEMENT_3D('',#5121,#5122,#5123);
#5121 = CARTESIAN_POINT('',(595.,0.,750.));
#5122 = DIRECTION('',(0.,0.,1.));
#5123 = DIRECTION('',(1.,0.,0.));
#5124 = MANIFOLD_SOLID_BREP('',#5125);
#5125 = CLOSED_SHELL('',(#5126,#5166,#5206,#5228,#5250,#5262));
#5126 = ADVANCED_FACE('',(#5127),#5161,.F.);
#5127 = FACE_BOUND('',#5128,.F.);
#5128 = EDGE_LOOP('',(#5129,#5139,#5147,#5155));
#5129 = ORIENTED_EDGE('',*,*,#5130,.F.);
#5130 = EDGE_CURVE('',#5131,#5133,#5135,.T.);
#5131 = VERTEX_POINT('',#5132);
#5132 = CARTESIAN_POINT('',(614.,-307.,863.));
#5133 = VERTEX_POINT('',#5134);
#5134 = CARTESIAN_POINT('',(614.,-307.,1.197E+03));
#5135 = LINE('',#5136,#5137);
#5136 = CARTESIAN_POINT('',(614.,-307.,863.));
#5137 = VECTOR('',#5138,1.);
#5138 = DIRECTION('',(0.,0.,1.));
#5139 = ORIENTED_EDGE('',*,*,#5140,.T.);
#5140 = EDGE_CURVE('',#5131,#5141,#5143,.T.);
#5141 = VERTEX_POINT('',#5142);
#5142 = CARTESIAN_POINT('',(614.,307.,863.));
#5143 = LINE('',#5144,#5145);
#5144 = CARTESIAN_POINT('',(614.,-307.,863.));
#5145 = VECTOR('',#5146,1.);
#5146 = DIRECTION('',(0.,1.,0.));
#5147 = ORIENTED_EDGE('',*,*,#5148,.T.);
#5148 = EDGE_CURVE('',#5141,#5149,#5151,.T.);
#5149 = VERTEX_POINT('',#5150);
#5150 = CARTESIAN_POINT('',(614.,307.,1.197E+03));
#5151 = LINE('',#5152,#5153);
#5152 = CARTESIAN_POINT('',(614.,307.,863.));
#5153 = VECTOR('',#5154,1.);
#5154 = DIRECTION('',(0.,0.,1.));
#5155 = ORIENTED_EDGE('',*,*,#5156,.F.);
#5156 = EDGE_CURVE('',#5133,#5149,#5157,.T.);
#5157 = LINE('',#5158,#5159);
#5158 = CARTESIAN_POINT('',(614.,-307.,1.197E+03));
#5159 = VECTOR('',#5160,1.);
#5160 = DIRECTION('',(0.,1.,0.));
#5161 = PLANE('',#5162);
#5162 = AXIS2_PLACEMENT_3D('',#5163,#5164,#5165);
#5163 = CARTESIAN_POINT('',(614.,-307.,863.));
#5164 = DIRECTION('',(1.,0.,0.));
#5165 = DIRECTION('',(0.,0.,1.));
#5166 = ADVANCED_FACE('',(#5167),#5201,.T.);
#5167 = FACE_BOUND('',#5168,.T.);
#5168 = EDGE_LOOP('',(#5169,#5179,#5187,#5195));
#5169 = ORIENTED_EDGE('',*,*,#5170,.F.);
#5170 = EDGE_CURVE('',#5171,#5173,#5175,.T.);
#5171 = VERTEX_POINT('',#5172);
#5172 = CARTESIAN_POINT('',(617.,-307.,863.));
#5173 = VERTEX_POINT('',#5174);
#5174 = CARTESIAN_POINT('',(617.,-307.,1.197E+03));
#5175 = LINE('',#5176,#5177);
#5176 = CARTESIAN_POINT('',(617.,-307.,863.));
#5177 = VECTOR('',#5178,1.);
#5178 = DIRECTION('',(0.,0.,1.));
#5179 = ORIENTED_EDGE('',*,*,#5180,.T.);
#5180 = EDGE_CURVE('',#5171,#5181,#5183,.T.);
#5181 = VERTEX_POINT('',#5182);
#5182 = CARTESIAN_POINT('',(617.,307.,863.));
#5183 = LINE('',#5184,#5185);
#5184 = CARTESIAN_POINT('',(617.,-307.,863.));
#5185 = VECTOR('',#5186,1.);
#5186 = DIRECTION('',(0.,1.,0.));
#5187 = ORIENTED_EDGE('',*,*,#5188,.T.);
#5188 = EDGE_CURVE('',#5181,#5189,#5191,.T.);
#5189 = VERTEX_POINT('',#5190);
#5190 = CARTESIAN_POINT('',(617.,307.,1.197E+03));
#5191 = LINE('',#5192,#5193);
#5192 = CARTESIAN_POINT('',(617.,307.,863.));
#5193 = VECTOR('',#5194,1.);
#5194 = DIRECTION('',(0.,0.,1.));
#5195 = ORIENTED_EDGE('',*,*,#5196,.F.);
#5196 = EDGE_CURVE('',#5173,#5189,#5197,.T.);
#5197 = LINE('',#5198,#5199);
#5198 = CARTESIAN_POINT('',(617.,-307.,1.197E+03));
#5199 = VECTOR('',#5200,1.);
#5200 = DIRECTION('',(0.,1.,0.));
#5201 = PLANE('',#5202);
#5202 = AXIS2_PLACEMENT_3D('',#5203,#5204,#5205);
#5203 = CARTESIAN_POINT('',(617.,-307.,863.));
#5204 = DIRECTION('',(1.,0.,0.));
#5205 = DIRECTION('',(0.,0.,1.));
#5206 = ADVANCED_FACE('',(#5207),#5223,.F.);
#5207 = FACE_BOUND('',#5208,.F.);
#5208 = EDGE_LOOP('',(#5209,#5215,#5216,#5222));
#5209 = ORIENTED_EDGE('',*,*,#5210,.F.);
#5210 = EDGE_CURVE('',#5131,#5171,#5211,.T.);
#5211 = LINE('',#5212,#5213);
#5212 = CARTESIAN_POINT('',(614.,-307.,863.));
#5213 = VECTOR('',#5214,1.);
#5214 = DIRECTION('',(1.,0.,0.));
#5215 = ORIENTED_EDGE('',*,*,#5130,.T.);
#5216 = ORIENTED_EDGE('',*,*,#5217,.T.);
#5217 = EDGE_CURVE('',#5133,#5173,#5218,.T.);
#5218 = LINE('',#5219,#5220);
#5219 = CARTESIAN_POINT('',(614.,-307.,1.197E+03));
#5220 = VECTOR('',#5221,1.);
#5221 = DIRECTION('',(1.,0.,0.));
#5222 = ORIENTED_EDGE('',*,*,#5170,.F.);
#5223 = PLANE('',#5224);
#5224 = AXIS2_PLACEMENT_3D('',#5225,#5226,#5227);
#5225 = CARTESIAN_POINT('',(614.,-307.,863.));
#5226 = DIRECTION('',(0.,1.,0.));
#5227 = DIRECTION('',(0.,0.,1.));
#5228 = ADVANCED_FACE('',(#5229),#5245,.T.);
#5229 = FACE_BOUND('',#5230,.T.);
#5230 = EDGE_LOOP('',(#5231,#5237,#5238,#5244));
#5231 = ORIENTED_EDGE('',*,*,#5232,.F.);
#5232 = EDGE_CURVE('',#5141,#5181,#5233,.T.);
#5233 = LINE('',#5234,#5235);
#5234 = CARTESIAN_POINT('',(614.,307.,863.));
#5235 = VECTOR('',#5236,1.);
#5236 = DIRECTION('',(1.,0.,0.));
#5237 = ORIENTED_EDGE('',*,*,#5148,.T.);
#5238 = ORIENTED_EDGE('',*,*,#5239,.T.);
#5239 = EDGE_CURVE('',#5149,#5189,#5240,.T.);
#5240 = LINE('',#5241,#5242);
#5241 = CARTESIAN_POINT('',(614.,307.,1.197E+03));
#5242 = VECTOR('',#5243,1.);
#5243 = DIRECTION('',(1.,0.,0.));
#5244 = ORIENTED_EDGE('',*,*,#5188,.F.);
#5245 = PLANE('',#5246);
#5246 = AXIS2_PLACEMENT_3D('',#5247,#5248,#5249);
#5247 = CARTESIAN_POINT('',(614.,307.,863.));
#5248 = DIRECTION('',(0.,1.,0.));
#5249 = DIRECTION('',(0.,0.,1.));
#5250 = ADVANCED_FACE('',(#5251),#5257,.F.);
#5251 = FACE_BOUND('',#5252,.F.);
#5252 = EDGE_LOOP('',(#5253,#5254,#5255,#5256));
#5253 = ORIENTED_EDGE('',*,*,#5140,.F.);
#5254 = ORIENTED_EDGE('',*,*,#5210,.T.);
#5255 = ORIENTED_EDGE('',*,*,#5180,.T.);
#5256 = ORIENTED_EDGE('',*,*,#5232,.F.);
#5257 = PLANE('',#5258);
#5258 = AXIS2_PLACEMENT_3D('',#5259,#5260,#5261);
#5259 = CARTESIAN_POINT('',(614.,-307.,863.));
#5260 = DIRECTION('',(0.,0.,1.));
#5261 = DIRECTION('',(1.,0.,0.));
#5262 = ADVANCED_FACE('',(#5263),#5269,.T.);
#5263 = FACE_BOUND('',#5264,.T.);
#5264 = EDGE_LOOP('',(#5265,#5266,#5267,#5268));
#5265 = ORIENTED_EDGE('',*,*,#5156,.F.);
#5266 = ORIENTED_EDGE('',*,*,#5217,.T.);
#5267 = ORIENTED_EDGE('',*,*,#5196,.T.);
#5268 = ORIENTED_EDGE('',*,*,#5239,.F.);
#5269 = PLANE('',#5270);
#5270 = AXIS2_PLACEMENT_3D('',#5271,#5272,#5273);
#5271 = CARTESIAN_POINT('',(614.,-307.,1.197E+03));
#5272 = DIRECTION('',(0.,0.,1.));
#5273 = DIRECTION('',(1.,0.,0.));
#5274 = MANIFOLD_SOLID_BREP('',#5275);
#5275 = CLOSED_SHELL('',(#5276,#5332,#5363,#5387,#5411,#5436,#5452,#5477
    ,#5496,#5539,#5550));
#5276 = ADVANCED_FACE('',(#5277),#5327,.F.);
#5277 = FACE_BOUND('',#5278,.F.);
#5278 = EDGE_LOOP('',(#5279,#5289,#5297,#5305,#5313,#5321));
#5279 = ORIENTED_EDGE('',*,*,#5280,.F.);
#5280 = EDGE_CURVE('',#5281,#5283,#5285,.T.);
#5281 = VERTEX_POINT('',#5282);
#5282 = CARTESIAN_POINT('',(1.205999814952E+03,528.85295341528,845.));
#5283 = VERTEX_POINT('',#5284);
#5284 = CARTESIAN_POINT('',(1.205999814952E+03,528.85295341528,1.215E+03
    ));
#5285 = LINE('',#5286,#5287);
#5286 = CARTESIAN_POINT('',(1.205999814952E+03,528.85295341528,845.));
#5287 = VECTOR('',#5288,1.);
#5288 = DIRECTION('',(0.,0.,1.));
#5289 = ORIENTED_EDGE('',*,*,#5290,.T.);
#5290 = EDGE_CURVE('',#5281,#5291,#5293,.T.);
#5291 = VERTEX_POINT('',#5292);
#5292 = CARTESIAN_POINT('',(998.83974535753,648.45687536091,845.));
#5293 = LINE('',#5294,#5295);
#5294 = CARTESIAN_POINT('',(1.205999814952E+03,528.85295341528,845.));
#5295 = VECTOR('',#5296,1.);
#5296 = DIRECTION('',(-0.866025403784,0.5,0.));
#5297 = ORIENTED_EDGE('',*,*,#5298,.T.);
#5298 = EDGE_CURVE('',#5291,#5299,#5301,.T.);
#5299 = VERTEX_POINT('',#5300);
#5300 = CARTESIAN_POINT('',(928.1856584269,689.24903146965,845.));
#5301 = LINE('',#5302,#5303);
#5302 = CARTESIAN_POINT('',(1.205999814952E+03,528.85295341528,845.));
#5303 = VECTOR('',#5304,1.);
#5304 = DIRECTION('',(-0.866025403784,0.5,0.));
#5305 = ORIENTED_EDGE('',*,*,#5306,.T.);
#5306 = EDGE_CURVE('',#5299,#5307,#5309,.T.);
#5307 = VERTEX_POINT('',#5308);
#5308 = CARTESIAN_POINT('',(721.02558883257,808.85295341528,845.));
#5309 = LINE('',#5310,#5311);
#5310 = CARTESIAN_POINT('',(1.205999814952E+03,528.85295341528,845.));
#5311 = VECTOR('',#5312,1.);
#5312 = DIRECTION('',(-0.866025403784,0.5,0.));
#5313 = ORIENTED_EDGE('',*,*,#5314,.T.);
#5314 = EDGE_CURVE('',#5307,#5315,#5317,.T.);
#5315 = VERTEX_POINT('',#5316);
#5316 = CARTESIAN_POINT('',(721.02558883257,808.85295341528,1.215E+03));
#5317 = LINE('',#5318,#5319);
#5318 = CARTESIAN_POINT('',(721.02558883257,808.85295341528,845.));
#5319 = VECTOR('',#5320,1.);
#5320 = DIRECTION('',(0.,0.,1.));
#5321 = ORIENTED_EDGE('',*,*,#5322,.F.);
#5322 = EDGE_CURVE('',#5283,#5315,#5323,.T.);
#5323 = LINE('',#5324,#5325);
#5324 = CARTESIAN_POINT('',(1.205999814952E+03,528.85295341528,1.215E+03
    ));
#5325 = VECTOR('',#5326,1.);
#5326 = DIRECTION('',(-0.866025403784,0.5,0.));
#5327 = PLANE('',#5328);
#5328 = AXIS2_PLACEMENT_3D('',#5329,#5330,#5331);
#5329 = CARTESIAN_POINT('',(1.205999814952E+03,528.85295341528,845.));
#5330 = DIRECTION('',(0.5,0.866025403784,0.));
#5331 = DIRECTION('',(0.,0.,1.));
#5332 = ADVANCED_FACE('',(#5333),#5358,.F.);
#5333 = FACE_BOUND('',#5334,.F.);
#5334 = EDGE_LOOP('',(#5335,#5343,#5344,#5352));
#5335 = ORIENTED_EDGE('',*,*,#5336,.F.);
#5336 = EDGE_CURVE('',#5281,#5337,#5339,.T.);
#5337 = VERTEX_POINT('',#5338);
#5338 = CARTESIAN_POINT('',(1.224999814952E+03,561.76191875909,845.));
#5339 = LINE('',#5340,#5341);
#5340 = CARTESIAN_POINT('',(1.205999814952E+03,528.85295341528,845.));
#5341 = VECTOR('',#5342,1.);
#5342 = DIRECTION('',(0.5,0.866025403784,0.));
#5343 = ORIENTED_EDGE('',*,*,#5280,.T.);
#5344 = ORIENTED_EDGE('',*,*,#5345,.T.);
#5345 = EDGE_CURVE('',#5283,#5346,#5348,.T.);
#5346 = VERTEX_POINT('',#5347);
#5347 = CARTESIAN_POINT('',(1.224999814952E+03,561.76191875909,1.215E+03
    ));
#5348 = LINE('',#5349,#5350);
#5349 = CARTESIAN_POINT('',(1.205999814952E+03,528.85295341528,1.215E+03
    ));
#5350 = VECTOR('',#5351,1.);
#5351 = DIRECTION('',(0.5,0.866025403784,0.));
#5352 = ORIENTED_EDGE('',*,*,#5353,.F.);
#5353 = EDGE_CURVE('',#5337,#5346,#5354,.T.);
#5354 = LINE('',#5355,#5356);
#5355 = CARTESIAN_POINT('',(1.224999814952E+03,561.76191875909,845.));
#5356 = VECTOR('',#5357,1.);
#5357 = DIRECTION('',(0.,0.,1.));
#5358 = PLANE('',#5359);
#5359 = AXIS2_PLACEMENT_3D('',#5360,#5361,#5362);
#5360 = CARTESIAN_POINT('',(1.205999814952E+03,528.85295341528,845.));
#5361 = DIRECTION('',(-0.866025403784,0.5,0.));
#5362 = DIRECTION('',(0.,0.,1.));
#5363 = ADVANCED_FACE('',(#5364),#5382,.T.);
#5364 = FACE_BOUND('',#5365,.T.);
#5365 = EDGE_LOOP('',(#5366,#5367,#5368,#5376));
#5366 = ORIENTED_EDGE('',*,*,#5322,.F.);
#5367 = ORIENTED_EDGE('',*,*,#5345,.T.);
#5368 = ORIENTED_EDGE('',*,*,#5369,.T.);
#5369 = EDGE_CURVE('',#5346,#5370,#5372,.T.);
#5370 = VERTEX_POINT('',#5371);
#5371 = CARTESIAN_POINT('',(740.02558883257,841.76191875909,1.215E+03));
#5372 = LINE('',#5373,#5374);
#5373 = CARTESIAN_POINT('',(1.224999814952E+03,561.76191875909,1.215E+03
    ));
#5374 = VECTOR('',#5375,1.);
#5375 = DIRECTION('',(-0.866025403784,0.5,0.));
#5376 = ORIENTED_EDGE('',*,*,#5377,.F.);
#5377 = EDGE_CURVE('',#5315,#5370,#5378,.T.);
#5378 = LINE('',#5379,#5380);
#5379 = CARTESIAN_POINT('',(721.02558883257,808.85295341528,1.215E+03));
#5380 = VECTOR('',#5381,1.);
#5381 = DIRECTION('',(0.5,0.866025403784,0.));
#5382 = PLANE('',#5383);
#5383 = AXIS2_PLACEMENT_3D('',#5384,#5385,#5386);
#5384 = CARTESIAN_POINT('',(1.205999814952E+03,528.85295341528,1.215E+03
    ));
#5385 = DIRECTION('',(0.,0.,1.));
#5386 = DIRECTION('',(0.5,0.866025403784,0.));
#5387 = ADVANCED_FACE('',(#5388),#5406,.T.);
#5388 = FACE_BOUND('',#5389,.T.);
#5389 = EDGE_LOOP('',(#5390,#5398,#5399,#5400));
#5390 = ORIENTED_EDGE('',*,*,#5391,.F.);
#5391 = EDGE_CURVE('',#5307,#5392,#5394,.T.);
#5392 = VERTEX_POINT('',#5393);
#5393 = CARTESIAN_POINT('',(740.02558883257,841.76191875909,845.));
#5394 = LINE('',#5395,#5396);
#5395 = CARTESIAN_POINT('',(721.02558883257,808.85295341528,845.));
#5396 = VECTOR('',#5397,1.);
#5397 = DIRECTION('',(0.5,0.866025403784,0.));
#5398 = ORIENTED_EDGE('',*,*,#5314,.T.);
#5399 = ORIENTED_EDGE('',*,*,#5377,.T.);
#5400 = ORIENTED_EDGE('',*,*,#5401,.F.);
#5401 = EDGE_CURVE('',#5392,#5370,#5402,.T.);
#5402 = LINE('',#5403,#5404);
#5403 = CARTESIAN_POINT('',(740.02558883257,841.76191875909,845.));
#5404 = VECTOR('',#5405,1.);
#5405 = DIRECTION('',(0.,0.,1.));
#5406 = PLANE('',#5407);
#5407 = AXIS2_PLACEMENT_3D('',#5408,#5409,#5410);
#5408 = CARTESIAN_POINT('',(721.02558883257,808.85295341528,845.));
#5409 = DIRECTION('',(-0.866025403784,0.5,0.));
#5410 = DIRECTION('',(0.,0.,1.));
#5411 = ADVANCED_FACE('',(#5412),#5431,.F.);
#5412 = FACE_BOUND('',#5413,.F.);
#5413 = EDGE_LOOP('',(#5414,#5415,#5416,#5424));
#5414 = ORIENTED_EDGE('',*,*,#5290,.F.);
#5415 = ORIENTED_EDGE('',*,*,#5336,.T.);
#5416 = ORIENTED_EDGE('',*,*,#5417,.T.);
#5417 = EDGE_CURVE('',#5337,#5418,#5420,.T.);
#5418 = VERTEX_POINT('',#5419);
#5419 = CARTESIAN_POINT('',(1.017839745358E+03,681.36584070472,845.));
#5420 = LINE('',#5421,#5422);
#5421 = CARTESIAN_POINT('',(1.224999814952E+03,561.76191875909,845.));
#5422 = VECTOR('',#5423,1.);
#5423 = DIRECTION('',(-0.866025403784,0.5,0.));
#5424 = ORIENTED_EDGE('',*,*,#5425,.F.);
#5425 = EDGE_CURVE('',#5291,#5418,#5426,.T.);
#5426 = CIRCLE('',#5427,45.);
#5427 = AXIS2_PLACEMENT_3D('',#5428,#5429,#5430);
#5428 = CARTESIAN_POINT('',(973.01270189221,685.30743608719,845.));
#5429 = DIRECTION('',(0.,0.,1.));
#5430 = DIRECTION('',(1.,0.,0.));
#5431 = PLANE('',#5432);
#5432 = AXIS2_PLACEMENT_3D('',#5433,#5434,#5435);
#5433 = CARTESIAN_POINT('',(1.205999814952E+03,528.85295341528,845.));
#5434 = DIRECTION('',(0.,0.,1.));
#5435 = DIRECTION('',(0.5,0.866025403784,0.));
#5436 = ADVANCED_FACE('',(#5437),#5447,.T.);
#5437 = FACE_BOUND('',#5438,.T.);
#5438 = EDGE_LOOP('',(#5439,#5440));
#5439 = ORIENTED_EDGE('',*,*,#5298,.T.);
#5440 = ORIENTED_EDGE('',*,*,#5441,.T.);
#5441 = EDGE_CURVE('',#5299,#5291,#5442,.T.);
#5442 = CIRCLE('',#5443,45.);
#5443 = AXIS2_PLACEMENT_3D('',#5444,#5445,#5446);
#5444 = CARTESIAN_POINT('',(973.01270189221,685.30743608719,845.));
#5445 = DIRECTION('',(0.,0.,1.));
#5446 = DIRECTION('',(1.,0.,0.));
#5447 = PLANE('',#5448);
#5448 = AXIS2_PLACEMENT_3D('',#5449,#5450,#5451);
#5449 = CARTESIAN_POINT('',(973.01270189221,685.30743608719,845.));
#5450 = DIRECTION('',(0.,0.,1.));
#5451 = DIRECTION('',(1.,0.,0.));
#5452 = ADVANCED_FACE('',(#5453),#5472,.F.);
#5453 = FACE_BOUND('',#5454,.F.);
#5454 = EDGE_LOOP('',(#5455,#5456,#5465,#5471));
#5455 = ORIENTED_EDGE('',*,*,#5306,.F.);
#5456 = ORIENTED_EDGE('',*,*,#5457,.F.);
#5457 = EDGE_CURVE('',#5458,#5299,#5460,.T.);
#5458 = VERTEX_POINT('',#5459);
#5459 = CARTESIAN_POINT('',(947.1856584269,722.15799681346,845.));
#5460 = CIRCLE('',#5461,45.);
#5461 = AXIS2_PLACEMENT_3D('',#5462,#5463,#5464);
#5462 = CARTESIAN_POINT('',(973.01270189221,685.30743608719,845.));
#5463 = DIRECTION('',(0.,0.,1.));
#5464 = DIRECTION('',(1.,0.,0.));
#5465 = ORIENTED_EDGE('',*,*,#5466,.T.);
#5466 = EDGE_CURVE('',#5458,#5392,#5467,.T.);
#5467 = LINE('',#5468,#5469);
#5468 = CARTESIAN_POINT('',(1.224999814952E+03,561.76191875909,845.));
#5469 = VECTOR('',#5470,1.);
#5470 = DIRECTION('',(-0.866025403784,0.5,0.));
#5471 = ORIENTED_EDGE('',*,*,#5391,.F.);
#5472 = PLANE('',#5473);
#5473 = AXIS2_PLACEMENT_3D('',#5474,#5475,#5476);
#5474 = CARTESIAN_POINT('',(1.205999814952E+03,528.85295341528,845.));
#5475 = DIRECTION('',(0.,0.,1.));
#5476 = DIRECTION('',(0.5,0.866025403784,0.));
#5477 = ADVANCED_FACE('',(#5478),#5491,.T.);
#5478 = FACE_BOUND('',#5479,.T.);
#5479 = EDGE_LOOP('',(#5480,#5481,#5482,#5488,#5489,#5490));
#5480 = ORIENTED_EDGE('',*,*,#5353,.F.);
#5481 = ORIENTED_EDGE('',*,*,#5417,.T.);
#5482 = ORIENTED_EDGE('',*,*,#5483,.T.);
#5483 = EDGE_CURVE('',#5418,#5458,#5484,.T.);
#5484 = LINE('',#5485,#5486);
#5485 = CARTESIAN_POINT('',(1.224999814952E+03,561.76191875909,845.));
#5486 = VECTOR('',#5487,1.);
#5487 = DIRECTION('',(-0.866025403784,0.5,0.));
#5488 = ORIENTED_EDGE('',*,*,#5466,.T.);
#5489 = ORIENTED_EDGE('',*,*,#5401,.T.);
#5490 = ORIENTED_EDGE('',*,*,#5369,.F.);
#5491 = PLANE('',#5492);
#5492 = AXIS2_PLACEMENT_3D('',#5493,#5494,#5495);
#5493 = CARTESIAN_POINT('',(1.224999814952E+03,561.76191875909,845.));
#5494 = DIRECTION('',(0.5,0.866025403784,0.));
#5495 = DIRECTION('',(0.,0.,1.));
#5496 = ADVANCED_FACE('',(#5497),#5534,.T.);
#5497 = FACE_BOUND('',#5498,.T.);
#5498 = EDGE_LOOP('',(#5499,#5509,#5516,#5517,#5518,#5519,#5526,#5527));
#5499 = ORIENTED_EDGE('',*,*,#5500,.T.);
#5500 = EDGE_CURVE('',#5501,#5503,#5505,.T.);
#5501 = VERTEX_POINT('',#5502);
#5502 = CARTESIAN_POINT('',(1.018012701892E+03,685.30743608719,750.));
#5503 = VERTEX_POINT('',#5504);
#5504 = CARTESIAN_POINT('',(1.018012701892E+03,685.30743608719,845.));
#5505 = LINE('',#5506,#5507);
#5506 = CARTESIAN_POINT('',(1.018012701892E+03,685.30743608719,750.));
#5507 = VECTOR('',#5508,1.);
#5508 = DIRECTION('',(0.,0.,1.));
#5509 = ORIENTED_EDGE('',*,*,#5510,.F.);
#5510 = EDGE_CURVE('',#5418,#5503,#5511,.T.);
#5511 = CIRCLE('',#5512,45.);
#5512 = AXIS2_PLACEMENT_3D('',#5513,#5514,#5515);
#5513 = CARTESIAN_POINT('',(973.01270189221,685.30743608719,845.));
#5514 = DIRECTION('',(0.,0.,1.));
#5515 = DIRECTION('',(1.,0.,0.));
#5516 = ORIENTED_EDGE('',*,*,#5425,.F.);
#5517 = ORIENTED_EDGE('',*,*,#5441,.F.);
#5518 = ORIENTED_EDGE('',*,*,#5457,.F.);
#5519 = ORIENTED_EDGE('',*,*,#5520,.F.);
#5520 = EDGE_CURVE('',#5503,#5458,#5521,.T.);
#5521 = CIRCLE('',#5522,45.);
#5522 = AXIS2_PLACEMENT_3D('',#5523,#5524,#5525);
#5523 = CARTESIAN_POINT('',(973.01270189221,685.30743608719,845.));
#5524 = DIRECTION('',(0.,0.,1.));
#5525 = DIRECTION('',(1.,0.,0.));
#5526 = ORIENTED_EDGE('',*,*,#5500,.F.);
#5527 = ORIENTED_EDGE('',*,*,#5528,.T.);
#5528 = EDGE_CURVE('',#5501,#5501,#5529,.T.);
#5529 = CIRCLE('',#5530,45.);
#5530 = AXIS2_PLACEMENT_3D('',#5531,#5532,#5533);
#5531 = CARTESIAN_POINT('',(973.01270189221,685.30743608719,750.));
#5532 = DIRECTION('',(0.,0.,1.));
#5533 = DIRECTION('',(1.,0.,0.));
#5534 = CYLINDRICAL_SURFACE('',#5535,45.);
#5535 = AXIS2_PLACEMENT_3D('',#5536,#5537,#5538);
#5536 = CARTESIAN_POINT('',(973.01270189221,685.30743608719,750.));
#5537 = DIRECTION('',(0.,0.,1.));
#5538 = DIRECTION('',(1.,0.,0.));
#5539 = ADVANCED_FACE('',(#5540),#5545,.T.);
#5540 = FACE_BOUND('',#5541,.T.);
#5541 = EDGE_LOOP('',(#5542,#5543,#5544));
#5542 = ORIENTED_EDGE('',*,*,#5510,.T.);
#5543 = ORIENTED_EDGE('',*,*,#5520,.T.);
#5544 = ORIENTED_EDGE('',*,*,#5483,.F.);
#5545 = PLANE('',#5546);
#5546 = AXIS2_PLACEMENT_3D('',#5547,#5548,#5549);
#5547 = CARTESIAN_POINT('',(973.01270189221,685.30743608719,845.));
#5548 = DIRECTION('',(0.,0.,1.));
#5549 = DIRECTION('',(1.,0.,0.));
#5550 = ADVANCED_FACE('',(#5551),#5554,.F.);
#5551 = FACE_BOUND('',#5552,.T.);
#5552 = EDGE_LOOP('',(#5553));
#5553 = ORIENTED_EDGE('',*,*,#5528,.F.);
#5554 = PLANE('',#5555);
#5555 = AXIS2_PLACEMENT_3D('',#5556,#5557,#5558);
#5556 = CARTESIAN_POINT('',(973.01270189221,685.30743608719,750.));
#5557 = DIRECTION('',(0.,0.,1.));
#5558 = DIRECTION('',(1.,0.,0.));
#5559 = MANIFOLD_SOLID_BREP('',#5560);
#5560 = CLOSED_SHELL('',(#5561,#5601,#5641,#5663,#5685,#5697));
#5561 = ADVANCED_FACE('',(#5562),#5596,.F.);
#5562 = FACE_BOUND('',#5563,.F.);
#5563 = EDGE_LOOP('',(#5564,#5574,#5582,#5590));
#5564 = ORIENTED_EDGE('',*,*,#5565,.F.);
#5565 = EDGE_CURVE('',#5566,#5568,#5570,.T.);
#5566 = VERTEX_POINT('',#5567);
#5567 = CARTESIAN_POINT('',(1.209411357684E+03,570.76191875909,863.));
#5568 = VERTEX_POINT('',#5569);
#5569 = CARTESIAN_POINT('',(1.209411357684E+03,570.76191875909,1.197E+03
    ));
#5570 = LINE('',#5571,#5572);
#5571 = CARTESIAN_POINT('',(1.209411357684E+03,570.76191875909,863.));
#5572 = VECTOR('',#5573,1.);
#5573 = DIRECTION('',(0.,0.,1.));
#5574 = ORIENTED_EDGE('',*,*,#5575,.T.);
#5575 = EDGE_CURVE('',#5566,#5576,#5578,.T.);
#5576 = VERTEX_POINT('',#5577);
#5577 = CARTESIAN_POINT('',(755.61404610069,832.76191875909,863.));
#5578 = LINE('',#5579,#5580);
#5579 = CARTESIAN_POINT('',(1.209411357684E+03,570.76191875909,863.));
#5580 = VECTOR('',#5581,1.);
#5581 = DIRECTION('',(-0.866025403784,0.5,0.));
#5582 = ORIENTED_EDGE('',*,*,#5583,.T.);
#5583 = EDGE_CURVE('',#5576,#5584,#5586,.T.);
#5584 = VERTEX_POINT('',#5585);
#5585 = CARTESIAN_POINT('',(755.61404610069,832.76191875909,1.197E+03));
#5586 = LINE('',#5587,#5588);
#5587 = CARTESIAN_POINT('',(755.61404610069,832.76191875909,863.));
#5588 = VECTOR('',#5589,1.);
#5589 = DIRECTION('',(0.,0.,1.));
#5590 = ORIENTED_EDGE('',*,*,#5591,.F.);
#5591 = EDGE_CURVE('',#5568,#5584,#5592,.T.);
#5592 = LINE('',#5593,#5594);
#5593 = CARTESIAN_POINT('',(1.209411357684E+03,570.76191875909,1.197E+03
    ));
#5594 = VECTOR('',#5595,1.);
#5595 = DIRECTION('',(-0.866025403784,0.5,0.));
#5596 = PLANE('',#5597);
#5597 = AXIS2_PLACEMENT_3D('',#5598,#5599,#5600);
#5598 = CARTESIAN_POINT('',(1.209411357684E+03,570.76191875909,863.));
#5599 = DIRECTION('',(0.5,0.866025403784,0.));
#5600 = DIRECTION('',(0.,0.,1.));
#5601 = ADVANCED_FACE('',(#5602),#5636,.T.);
#5602 = FACE_BOUND('',#5603,.T.);
#5603 = EDGE_LOOP('',(#5604,#5614,#5622,#5630));
#5604 = ORIENTED_EDGE('',*,*,#5605,.F.);
#5605 = EDGE_CURVE('',#5606,#5608,#5610,.T.);
#5606 = VERTEX_POINT('',#5607);
#5607 = CARTESIAN_POINT('',(1.210911357684E+03,573.35999497045,863.));
#5608 = VERTEX_POINT('',#5609);
#5609 = CARTESIAN_POINT('',(1.210911357684E+03,573.35999497045,1.197E+03
    ));
#5610 = LINE('',#5611,#5612);
#5611 = CARTESIAN_POINT('',(1.210911357684E+03,573.35999497045,863.));
#5612 = VECTOR('',#5613,1.);
#5613 = DIRECTION('',(0.,0.,1.));
#5614 = ORIENTED_EDGE('',*,*,#5615,.T.);
#5615 = EDGE_CURVE('',#5606,#5616,#5618,.T.);
#5616 = VERTEX_POINT('',#5617);
#5617 = CARTESIAN_POINT('',(757.11404610069,835.35999497045,863.));
#5618 = LINE('',#5619,#5620);
#5619 = CARTESIAN_POINT('',(1.210911357684E+03,573.35999497045,863.));
#5620 = VECTOR('',#5621,1.);
#5621 = DIRECTION('',(-0.866025403784,0.5,0.));
#5622 = ORIENTED_EDGE('',*,*,#5623,.T.);
#5623 = EDGE_CURVE('',#5616,#5624,#5626,.T.);
#5624 = VERTEX_POINT('',#5625);
#5625 = CARTESIAN_POINT('',(757.11404610069,835.35999497045,1.197E+03));
#5626 = LINE('',#5627,#5628);
#5627 = CARTESIAN_POINT('',(757.11404610069,835.35999497045,863.));
#5628 = VECTOR('',#5629,1.);
#5629 = DIRECTION('',(0.,0.,1.));
#5630 = ORIENTED_EDGE('',*,*,#5631,.F.);
#5631 = EDGE_CURVE('',#5608,#5624,#5632,.T.);
#5632 = LINE('',#5633,#5634);
#5633 = CARTESIAN_POINT('',(1.210911357684E+03,573.35999497045,1.197E+03
    ));
#5634 = VECTOR('',#5635,1.);
#5635 = DIRECTION('',(-0.866025403784,0.5,0.));
#5636 = PLANE('',#5637);
#5637 = AXIS2_PLACEMENT_3D('',#5638,#5639,#5640);
#5638 = CARTESIAN_POINT('',(1.210911357684E+03,573.35999497045,863.));
#5639 = DIRECTION('',(0.5,0.866025403784,0.));
#5640 = DIRECTION('',(0.,0.,1.));
#5641 = ADVANCED_FACE('',(#5642),#5658,.F.);
#5642 = FACE_BOUND('',#5643,.F.);
#5643 = EDGE_LOOP('',(#5644,#5650,#5651,#5657));
#5644 = ORIENTED_EDGE('',*,*,#5645,.F.);
#5645 = EDGE_CURVE('',#5566,#5606,#5646,.T.);
#5646 = LINE('',#5647,#5648);
#5647 = CARTESIAN_POINT('',(1.209411357684E+03,570.76191875909,863.));
#5648 = VECTOR('',#5649,1.);
#5649 = DIRECTION('',(0.5,0.866025403784,0.));
#5650 = ORIENTED_EDGE('',*,*,#5565,.T.);
#5651 = ORIENTED_EDGE('',*,*,#5652,.T.);
#5652 = EDGE_CURVE('',#5568,#5608,#5653,.T.);
#5653 = LINE('',#5654,#5655);
#5654 = CARTESIAN_POINT('',(1.209411357684E+03,570.76191875909,1.197E+03
    ));
#5655 = VECTOR('',#5656,1.);
#5656 = DIRECTION('',(0.5,0.866025403784,0.));
#5657 = ORIENTED_EDGE('',*,*,#5605,.F.);
#5658 = PLANE('',#5659);
#5659 = AXIS2_PLACEMENT_3D('',#5660,#5661,#5662);
#5660 = CARTESIAN_POINT('',(1.209411357684E+03,570.76191875909,863.));
#5661 = DIRECTION('',(-0.866025403784,0.5,0.));
#5662 = DIRECTION('',(0.,0.,1.));
#5663 = ADVANCED_FACE('',(#5664),#5680,.T.);
#5664 = FACE_BOUND('',#5665,.T.);
#5665 = EDGE_LOOP('',(#5666,#5672,#5673,#5679));
#5666 = ORIENTED_EDGE('',*,*,#5667,.F.);
#5667 = EDGE_CURVE('',#5576,#5616,#5668,.T.);
#5668 = LINE('',#5669,#5670);
#5669 = CARTESIAN_POINT('',(755.61404610069,832.76191875909,863.));
#5670 = VECTOR('',#5671,1.);
#5671 = DIRECTION('',(0.5,0.866025403784,0.));
#5672 = ORIENTED_EDGE('',*,*,#5583,.T.);
#5673 = ORIENTED_EDGE('',*,*,#5674,.T.);
#5674 = EDGE_CURVE('',#5584,#5624,#5675,.T.);
#5675 = LINE('',#5676,#5677);
#5676 = CARTESIAN_POINT('',(755.61404610069,832.76191875909,1.197E+03));
#5677 = VECTOR('',#5678,1.);
#5678 = DIRECTION('',(0.5,0.866025403784,0.));
#5679 = ORIENTED_EDGE('',*,*,#5623,.F.);
#5680 = PLANE('',#5681);
#5681 = AXIS2_PLACEMENT_3D('',#5682,#5683,#5684);
#5682 = CARTESIAN_POINT('',(755.61404610069,832.76191875909,863.));
#5683 = DIRECTION('',(-0.866025403784,0.5,0.));
#5684 = DIRECTION('',(0.,0.,1.));
#5685 = ADVANCED_FACE('',(#5686),#5692,.F.);
#5686 = FACE_BOUND('',#5687,.F.);
#5687 = EDGE_LOOP('',(#5688,#5689,#5690,#5691));
#5688 = ORIENTED_EDGE('',*,*,#5575,.F.);
#5689 = ORIENTED_EDGE('',*,*,#5645,.T.);
#5690 = ORIENTED_EDGE('',*,*,#5615,.T.);
#5691 = ORIENTED_EDGE('',*,*,#5667,.F.);
#5692 = PLANE('',#5693);
#5693 = AXIS2_PLACEMENT_3D('',#5694,#5695,#5696);
#5694 = CARTESIAN_POINT('',(1.209411357684E+03,570.76191875909,863.));
#5695 = DIRECTION('',(0.,0.,1.));
#5696 = DIRECTION('',(0.5,0.866025403784,0.));
#5697 = ADVANCED_FACE('',(#5698),#5704,.T.);
#5698 = FACE_BOUND('',#5699,.T.);
#5699 = EDGE_LOOP('',(#5700,#5701,#5702,#5703));
#5700 = ORIENTED_EDGE('',*,*,#5591,.F.);
#5701 = ORIENTED_EDGE('',*,*,#5652,.T.);
#5702 = ORIENTED_EDGE('',*,*,#5631,.T.);
#5703 = ORIENTED_EDGE('',*,*,#5674,.F.);
#5704 = PLANE('',#5705);
#5705 = AXIS2_PLACEMENT_3D('',#5706,#5707,#5708);
#5706 = CARTESIAN_POINT('',(1.209411357684E+03,570.76191875909,1.197E+03
    ));
#5707 = DIRECTION('',(0.,0.,1.));
#5708 = DIRECTION('',(0.5,0.866025403784,0.));
#5709 = MANIFOLD_SOLID_BREP('',#5710);
#5710 = CLOSED_SHELL('',(#5711,#5767,#5798,#5822,#5846,#5871,#5887,#5912
    ,#5931,#5974,#5985));
#5711 = ADVANCED_FACE('',(#5712),#5762,.F.);
#5712 = FACE_BOUND('',#5713,.F.);
#5713 = EDGE_LOOP('',(#5714,#5724,#5732,#5740,#5748,#5756));
#5714 = ORIENTED_EDGE('',*,*,#5715,.F.);
#5715 = EDGE_CURVE('',#5716,#5718,#5720,.T.);
#5716 = VERTEX_POINT('',#5717);
#5717 = CARTESIAN_POINT('',(721.02558883257,-808.8529534152,845.));
#5718 = VERTEX_POINT('',#5719);
#5719 = CARTESIAN_POINT('',(721.02558883257,-808.8529534152,1.215E+03));
#5720 = LINE('',#5721,#5722);
#5721 = CARTESIAN_POINT('',(721.02558883257,-808.8529534152,845.));
#5722 = VECTOR('',#5723,1.);
#5723 = DIRECTION('',(0.,0.,1.));
#5724 = ORIENTED_EDGE('',*,*,#5725,.T.);
#5725 = EDGE_CURVE('',#5716,#5726,#5728,.T.);
#5726 = VERTEX_POINT('',#5727);
#5727 = CARTESIAN_POINT('',(928.1856584269,-689.2490314696,845.));
#5728 = LINE('',#5729,#5730);
#5729 = CARTESIAN_POINT('',(721.02558883257,-808.8529534152,845.));
#5730 = VECTOR('',#5731,1.);
#5731 = DIRECTION('',(0.866025403784,0.5,0.));
#5732 = ORIENTED_EDGE('',*,*,#5733,.T.);
#5733 = EDGE_CURVE('',#5726,#5734,#5736,.T.);
#5734 = VERTEX_POINT('',#5735);
#5735 = CARTESIAN_POINT('',(998.83974535753,-648.4568753609,845.));
#5736 = LINE('',#5737,#5738);
#5737 = CARTESIAN_POINT('',(721.02558883257,-808.8529534152,845.));
#5738 = VECTOR('',#5739,1.);
#5739 = DIRECTION('',(0.866025403784,0.5,0.));
#5740 = ORIENTED_EDGE('',*,*,#5741,.T.);
#5741 = EDGE_CURVE('',#5734,#5742,#5744,.T.);
#5742 = VERTEX_POINT('',#5743);
#5743 = CARTESIAN_POINT('',(1.205999814952E+03,-528.8529534152,845.));
#5744 = LINE('',#5745,#5746);
#5745 = CARTESIAN_POINT('',(721.02558883257,-808.8529534152,845.));
#5746 = VECTOR('',#5747,1.);
#5747 = DIRECTION('',(0.866025403784,0.5,0.));
#5748 = ORIENTED_EDGE('',*,*,#5749,.T.);
#5749 = EDGE_CURVE('',#5742,#5750,#5752,.T.);
#5750 = VERTEX_POINT('',#5751);
#5751 = CARTESIAN_POINT('',(1.205999814952E+03,-528.8529534152,1.215E+03
    ));
#5752 = LINE('',#5753,#5754);
#5753 = CARTESIAN_POINT('',(1.205999814952E+03,-528.8529534152,845.));
#5754 = VECTOR('',#5755,1.);
#5755 = DIRECTION('',(0.,0.,1.));
#5756 = ORIENTED_EDGE('',*,*,#5757,.F.);
#5757 = EDGE_CURVE('',#5718,#5750,#5758,.T.);
#5758 = LINE('',#5759,#5760);
#5759 = CARTESIAN_POINT('',(721.02558883257,-808.8529534152,1.215E+03));
#5760 = VECTOR('',#5761,1.);
#5761 = DIRECTION('',(0.866025403784,0.5,0.));
#5762 = PLANE('',#5763);
#5763 = AXIS2_PLACEMENT_3D('',#5764,#5765,#5766);
#5764 = CARTESIAN_POINT('',(721.02558883257,-808.8529534152,845.));
#5765 = DIRECTION('',(0.5,-0.866025403784,0.));
#5766 = DIRECTION('',(0.,0.,1.));
#5767 = ADVANCED_FACE('',(#5768),#5793,.F.);
#5768 = FACE_BOUND('',#5769,.F.);
#5769 = EDGE_LOOP('',(#5770,#5778,#5779,#5787));
#5770 = ORIENTED_EDGE('',*,*,#5771,.F.);
#5771 = EDGE_CURVE('',#5716,#5772,#5774,.T.);
#5772 = VERTEX_POINT('',#5773);
#5773 = CARTESIAN_POINT('',(740.02558883257,-841.761918759,845.));
#5774 = LINE('',#5775,#5776);
#5775 = CARTESIAN_POINT('',(721.02558883257,-808.8529534152,845.));
#5776 = VECTOR('',#5777,1.);
#5777 = DIRECTION('',(0.5,-0.866025403784,0.));
#5778 = ORIENTED_EDGE('',*,*,#5715,.T.);
#5779 = ORIENTED_EDGE('',*,*,#5780,.T.);
#5780 = EDGE_CURVE('',#5718,#5781,#5783,.T.);
#5781 = VERTEX_POINT('',#5782);
#5782 = CARTESIAN_POINT('',(740.02558883257,-841.761918759,1.215E+03));
#5783 = LINE('',#5784,#5785);
#5784 = CARTESIAN_POINT('',(721.02558883257,-808.8529534152,1.215E+03));
#5785 = VECTOR('',#5786,1.);
#5786 = DIRECTION('',(0.5,-0.866025403784,0.));
#5787 = ORIENTED_EDGE('',*,*,#5788,.F.);
#5788 = EDGE_CURVE('',#5772,#5781,#5789,.T.);
#5789 = LINE('',#5790,#5791);
#5790 = CARTESIAN_POINT('',(740.02558883257,-841.761918759,845.));
#5791 = VECTOR('',#5792,1.);
#5792 = DIRECTION('',(0.,0.,1.));
#5793 = PLANE('',#5794);
#5794 = AXIS2_PLACEMENT_3D('',#5795,#5796,#5797);
#5795 = CARTESIAN_POINT('',(721.02558883257,-808.8529534152,845.));
#5796 = DIRECTION('',(0.866025403784,0.5,0.));
#5797 = DIRECTION('',(0.,0.,1.));
#5798 = ADVANCED_FACE('',(#5799),#5817,.T.);
#5799 = FACE_BOUND('',#5800,.T.);
#5800 = EDGE_LOOP('',(#5801,#5802,#5803,#5811));
#5801 = ORIENTED_EDGE('',*,*,#5757,.F.);
#5802 = ORIENTED_EDGE('',*,*,#5780,.T.);
#5803 = ORIENTED_EDGE('',*,*,#5804,.T.);
#5804 = EDGE_CURVE('',#5781,#5805,#5807,.T.);
#5805 = VERTEX_POINT('',#5806);
#5806 = CARTESIAN_POINT('',(1.224999814952E+03,-561.761918759,1.215E+03)
  );
#5807 = LINE('',#5808,#5809);
#5808 = CARTESIAN_POINT('',(740.02558883257,-841.761918759,1.215E+03));
#5809 = VECTOR('',#5810,1.);
#5810 = DIRECTION('',(0.866025403784,0.5,0.));
#5811 = ORIENTED_EDGE('',*,*,#5812,.F.);
#5812 = EDGE_CURVE('',#5750,#5805,#5813,.T.);
#5813 = LINE('',#5814,#5815);
#5814 = CARTESIAN_POINT('',(1.205999814952E+03,-528.8529534152,1.215E+03
    ));
#5815 = VECTOR('',#5816,1.);
#5816 = DIRECTION('',(0.5,-0.866025403784,0.));
#5817 = PLANE('',#5818);
#5818 = AXIS2_PLACEMENT_3D('',#5819,#5820,#5821);
#5819 = CARTESIAN_POINT('',(721.02558883257,-808.8529534152,1.215E+03));
#5820 = DIRECTION('',(0.,0.,1.));
#5821 = DIRECTION('',(0.5,-0.866025403784,0.));
#5822 = ADVANCED_FACE('',(#5823),#5841,.T.);
#5823 = FACE_BOUND('',#5824,.T.);
#5824 = EDGE_LOOP('',(#5825,#5833,#5834,#5835));
#5825 = ORIENTED_EDGE('',*,*,#5826,.F.);
#5826 = EDGE_CURVE('',#5742,#5827,#5829,.T.);
#5827 = VERTEX_POINT('',#5828);
#5828 = CARTESIAN_POINT('',(1.224999814952E+03,-561.761918759,845.));
#5829 = LINE('',#5830,#5831);
#5830 = CARTESIAN_POINT('',(1.205999814952E+03,-528.8529534152,845.));
#5831 = VECTOR('',#5832,1.);
#5832 = DIRECTION('',(0.5,-0.866025403784,0.));
#5833 = ORIENTED_EDGE('',*,*,#5749,.T.);
#5834 = ORIENTED_EDGE('',*,*,#5812,.T.);
#5835 = ORIENTED_EDGE('',*,*,#5836,.F.);
#5836 = EDGE_CURVE('',#5827,#5805,#5837,.T.);
#5837 = LINE('',#5838,#5839);
#5838 = CARTESIAN_POINT('',(1.224999814952E+03,-561.761918759,845.));
#5839 = VECTOR('',#5840,1.);
#5840 = DIRECTION('',(0.,0.,1.));
#5841 = PLANE('',#5842);
#5842 = AXIS2_PLACEMENT_3D('',#5843,#5844,#5845);
#5843 = CARTESIAN_POINT('',(1.205999814952E+03,-528.8529534152,845.));
#5844 = DIRECTION('',(0.866025403784,0.5,0.));
#5845 = DIRECTION('',(0.,0.,1.));
#5846 = ADVANCED_FACE('',(#5847),#5866,.F.);
#5847 = FACE_BOUND('',#5848,.F.);
#5848 = EDGE_LOOP('',(#5849,#5850,#5851,#5859));
#5849 = ORIENTED_EDGE('',*,*,#5725,.F.);
#5850 = ORIENTED_EDGE('',*,*,#5771,.T.);
#5851 = ORIENTED_EDGE('',*,*,#5852,.T.);
#5852 = EDGE_CURVE('',#5772,#5853,#5855,.T.);
#5853 = VERTEX_POINT('',#5854);
#5854 = CARTESIAN_POINT('',(947.1856584269,-722.1579968134,845.));
#5855 = LINE('',#5856,#5857);
#5856 = CARTESIAN_POINT('',(740.02558883257,-841.761918759,845.));
#5857 = VECTOR('',#5858,1.);
#5858 = DIRECTION('',(0.866025403784,0.5,0.));
#5859 = ORIENTED_EDGE('',*,*,#5860,.F.);
#5860 = EDGE_CURVE('',#5726,#5853,#5861,.T.);
#5861 = CIRCLE('',#5862,45.);
#5862 = AXIS2_PLACEMENT_3D('',#5863,#5864,#5865);
#5863 = CARTESIAN_POINT('',(973.01270189221,-685.3074360871,845.));
#5864 = DIRECTION('',(0.,0.,1.));
#5865 = DIRECTION('',(1.,0.,0.));
#5866 = PLANE('',#5867);
#5867 = AXIS2_PLACEMENT_3D('',#5868,#5869,#5870);
#5868 = CARTESIAN_POINT('',(721.02558883257,-808.8529534152,845.));
#5869 = DIRECTION('',(0.,0.,1.));
#5870 = DIRECTION('',(0.5,-0.866025403784,0.));
#5871 = ADVANCED_FACE('',(#5872),#5882,.T.);
#5872 = FACE_BOUND('',#5873,.T.);
#5873 = EDGE_LOOP('',(#5874,#5875));
#5874 = ORIENTED_EDGE('',*,*,#5733,.T.);
#5875 = ORIENTED_EDGE('',*,*,#5876,.T.);
#5876 = EDGE_CURVE('',#5734,#5726,#5877,.T.);
#5877 = CIRCLE('',#5878,45.);
#5878 = AXIS2_PLACEMENT_3D('',#5879,#5880,#5881);
#5879 = CARTESIAN_POINT('',(973.01270189221,-685.3074360871,845.));
#5880 = DIRECTION('',(0.,0.,1.));
#5881 = DIRECTION('',(1.,0.,0.));
#5882 = PLANE('',#5883);
#5883 = AXIS2_PLACEMENT_3D('',#5884,#5885,#5886);
#5884 = CARTESIAN_POINT('',(973.01270189221,-685.3074360871,845.));
#5885 = DIRECTION('',(0.,0.,1.));
#5886 = DIRECTION('',(1.,0.,0.));
#5887 = ADVANCED_FACE('',(#5888),#5907,.F.);
#5888 = FACE_BOUND('',#5889,.F.);
#5889 = EDGE_LOOP('',(#5890,#5891,#5900,#5906));
#5890 = ORIENTED_EDGE('',*,*,#5741,.F.);
#5891 = ORIENTED_EDGE('',*,*,#5892,.F.);
#5892 = EDGE_CURVE('',#5893,#5734,#5895,.T.);
#5893 = VERTEX_POINT('',#5894);
#5894 = CARTESIAN_POINT('',(1.017839745358E+03,-681.3658407047,845.));
#5895 = CIRCLE('',#5896,45.);
#5896 = AXIS2_PLACEMENT_3D('',#5897,#5898,#5899);
#5897 = CARTESIAN_POINT('',(973.01270189221,-685.3074360871,845.));
#5898 = DIRECTION('',(0.,0.,1.));
#5899 = DIRECTION('',(1.,0.,0.));
#5900 = ORIENTED_EDGE('',*,*,#5901,.T.);
#5901 = EDGE_CURVE('',#5893,#5827,#5902,.T.);
#5902 = LINE('',#5903,#5904);
#5903 = CARTESIAN_POINT('',(740.02558883257,-841.761918759,845.));
#5904 = VECTOR('',#5905,1.);
#5905 = DIRECTION('',(0.866025403784,0.5,0.));
#5906 = ORIENTED_EDGE('',*,*,#5826,.F.);
#5907 = PLANE('',#5908);
#5908 = AXIS2_PLACEMENT_3D('',#5909,#5910,#5911);
#5909 = CARTESIAN_POINT('',(721.02558883257,-808.8529534152,845.));
#5910 = DIRECTION('',(0.,0.,1.));
#5911 = DIRECTION('',(0.5,-0.866025403784,0.));
#5912 = ADVANCED_FACE('',(#5913),#5926,.T.);
#5913 = FACE_BOUND('',#5914,.T.);
#5914 = EDGE_LOOP('',(#5915,#5916,#5917,#5923,#5924,#5925));
#5915 = ORIENTED_EDGE('',*,*,#5788,.F.);
#5916 = ORIENTED_EDGE('',*,*,#5852,.T.);
#5917 = ORIENTED_EDGE('',*,*,#5918,.T.);
#5918 = EDGE_CURVE('',#5853,#5893,#5919,.T.);
#5919 = LINE('',#5920,#5921);
#5920 = CARTESIAN_POINT('',(740.02558883257,-841.761918759,845.));
#5921 = VECTOR('',#5922,1.);
#5922 = DIRECTION('',(0.866025403784,0.5,0.));
#5923 = ORIENTED_EDGE('',*,*,#5901,.T.);
#5924 = ORIENTED_EDGE('',*,*,#5836,.T.);
#5925 = ORIENTED_EDGE('',*,*,#5804,.F.);
#5926 = PLANE('',#5927);
#5927 = AXIS2_PLACEMENT_3D('',#5928,#5929,#5930);
#5928 = CARTESIAN_POINT('',(740.02558883257,-841.761918759,845.));
#5929 = DIRECTION('',(0.5,-0.866025403784,0.));
#5930 = DIRECTION('',(0.,0.,1.));
#5931 = ADVANCED_FACE('',(#5932),#5969,.T.);
#5932 = FACE_BOUND('',#5933,.T.);
#5933 = EDGE_LOOP('',(#5934,#5944,#5951,#5952,#5953,#5954,#5961,#5962));
#5934 = ORIENTED_EDGE('',*,*,#5935,.T.);
#5935 = EDGE_CURVE('',#5936,#5938,#5940,.T.);
#5936 = VERTEX_POINT('',#5937);
#5937 = CARTESIAN_POINT('',(1.018012701892E+03,-685.3074360871,750.));
#5938 = VERTEX_POINT('',#5939);
#5939 = CARTESIAN_POINT('',(1.018012701892E+03,-685.3074360871,845.));
#5940 = LINE('',#5941,#5942);
#5941 = CARTESIAN_POINT('',(1.018012701892E+03,-685.3074360871,750.));
#5942 = VECTOR('',#5943,1.);
#5943 = DIRECTION('',(0.,0.,1.));
#5944 = ORIENTED_EDGE('',*,*,#5945,.F.);
#5945 = EDGE_CURVE('',#5853,#5938,#5946,.T.);
#5946 = CIRCLE('',#5947,45.);
#5947 = AXIS2_PLACEMENT_3D('',#5948,#5949,#5950);
#5948 = CARTESIAN_POINT('',(973.01270189221,-685.3074360871,845.));
#5949 = DIRECTION('',(0.,0.,1.));
#5950 = DIRECTION('',(1.,0.,0.));
#5951 = ORIENTED_EDGE('',*,*,#5860,.F.);
#5952 = ORIENTED_EDGE('',*,*,#5876,.F.);
#5953 = ORIENTED_EDGE('',*,*,#5892,.F.);
#5954 = ORIENTED_EDGE('',*,*,#5955,.F.);
#5955 = EDGE_CURVE('',#5938,#5893,#5956,.T.);
#5956 = CIRCLE('',#5957,45.);
#5957 = AXIS2_PLACEMENT_3D('',#5958,#5959,#5960);
#5958 = CARTESIAN_POINT('',(973.01270189221,-685.3074360871,845.));
#5959 = DIRECTION('',(0.,0.,1.));
#5960 = DIRECTION('',(1.,0.,0.));
#5961 = ORIENTED_EDGE('',*,*,#5935,.F.);
#5962 = ORIENTED_EDGE('',*,*,#5963,.T.);
#5963 = EDGE_CURVE('',#5936,#5936,#5964,.T.);
#5964 = CIRCLE('',#5965,45.);
#5965 = AXIS2_PLACEMENT_3D('',#5966,#5967,#5968);
#5966 = CARTESIAN_POINT('',(973.01270189221,-685.3074360871,750.));
#5967 = DIRECTION('',(0.,0.,1.));
#5968 = DIRECTION('',(1.,0.,0.));
#5969 = CYLINDRICAL_SURFACE('',#5970,45.);
#5970 = AXIS2_PLACEMENT_3D('',#5971,#5972,#5973);
#5971 = CARTESIAN_POINT('',(973.01270189221,-685.3074360871,750.));
#5972 = DIRECTION('',(0.,0.,1.));
#5973 = DIRECTION('',(1.,0.,0.));
#5974 = ADVANCED_FACE('',(#5975),#5980,.T.);
#5975 = FACE_BOUND('',#5976,.T.);
#5976 = EDGE_LOOP('',(#5977,#5978,#5979));
#5977 = ORIENTED_EDGE('',*,*,#5945,.T.);
#5978 = ORIENTED_EDGE('',*,*,#5955,.T.);
#5979 = ORIENTED_EDGE('',*,*,#5918,.F.);
#5980 = PLANE('',#5981);
#5981 = AXIS2_PLACEMENT_3D('',#5982,#5983,#5984);
#5982 = CARTESIAN_POINT('',(973.01270189221,-685.3074360871,845.));
#5983 = DIRECTION('',(0.,0.,1.));
#5984 = DIRECTION('',(1.,0.,0.));
#5985 = ADVANCED_FACE('',(#5986),#5989,.F.);
#5986 = FACE_BOUND('',#5987,.T.);
#5987 = EDGE_LOOP('',(#5988));
#5988 = ORIENTED_EDGE('',*,*,#5963,.F.);
#5989 = PLANE('',#5990);
#5990 = AXIS2_PLACEMENT_3D('',#5991,#5992,#5993);
#5991 = CARTESIAN_POINT('',(973.01270189221,-685.3074360871,750.));
#5992 = DIRECTION('',(0.,0.,1.));
#5993 = DIRECTION('',(1.,0.,0.));
#5994 = MANIFOLD_SOLID_BREP('',#5995);
#5995 = CLOSED_SHELL('',(#5996,#6036,#6076,#6098,#6120,#6132));
#5996 = ADVANCED_FACE('',(#5997),#6031,.F.);
#5997 = FACE_BOUND('',#5998,.F.);
#5998 = EDGE_LOOP('',(#5999,#6009,#6017,#6025));
#5999 = ORIENTED_EDGE('',*,*,#6000,.F.);
#6000 = EDGE_CURVE('',#6001,#6003,#6005,.T.);
#6001 = VERTEX_POINT('',#6002);
#6002 = CARTESIAN_POINT('',(755.61404610069,-832.761918759,863.));
#6003 = VERTEX_POINT('',#6004);
#6004 = CARTESIAN_POINT('',(755.61404610069,-832.761918759,1.197E+03));
#6005 = LINE('',#6006,#6007);
#6006 = CARTESIAN_POINT('',(755.61404610069,-832.761918759,863.));
#6007 = VECTOR('',#6008,1.);
#6008 = DIRECTION('',(0.,0.,1.));
#6009 = ORIENTED_EDGE('',*,*,#6010,.T.);
#6010 = EDGE_CURVE('',#6001,#6011,#6013,.T.);
#6011 = VERTEX_POINT('',#6012);
#6012 = CARTESIAN_POINT('',(1.209411357684E+03,-570.761918759,863.));
#6013 = LINE('',#6014,#6015);
#6014 = CARTESIAN_POINT('',(755.61404610069,-832.761918759,863.));
#6015 = VECTOR('',#6016,1.);
#6016 = DIRECTION('',(0.866025403784,0.5,0.));
#6017 = ORIENTED_EDGE('',*,*,#6018,.T.);
#6018 = EDGE_CURVE('',#6011,#6019,#6021,.T.);
#6019 = VERTEX_POINT('',#6020);
#6020 = CARTESIAN_POINT('',(1.209411357684E+03,-570.761918759,1.197E+03)
  );
#6021 = LINE('',#6022,#6023);
#6022 = CARTESIAN_POINT('',(1.209411357684E+03,-570.761918759,863.));
#6023 = VECTOR('',#6024,1.);
#6024 = DIRECTION('',(0.,0.,1.));
#6025 = ORIENTED_EDGE('',*,*,#6026,.F.);
#6026 = EDGE_CURVE('',#6003,#6019,#6027,.T.);
#6027 = LINE('',#6028,#6029);
#6028 = CARTESIAN_POINT('',(755.61404610069,-832.761918759,1.197E+03));
#6029 = VECTOR('',#6030,1.);
#6030 = DIRECTION('',(0.866025403784,0.5,0.));
#6031 = PLANE('',#6032);
#6032 = AXIS2_PLACEMENT_3D('',#6033,#6034,#6035);
#6033 = CARTESIAN_POINT('',(755.61404610069,-832.761918759,863.));
#6034 = DIRECTION('',(0.5,-0.866025403784,0.));
#6035 = DIRECTION('',(0.,0.,1.));
#6036 = ADVANCED_FACE('',(#6037),#6071,.T.);
#6037 = FACE_BOUND('',#6038,.T.);
#6038 = EDGE_LOOP('',(#6039,#6049,#6057,#6065));
#6039 = ORIENTED_EDGE('',*,*,#6040,.F.);
#6040 = EDGE_CURVE('',#6041,#6043,#6045,.T.);
#6041 = VERTEX_POINT('',#6042);
#6042 = CARTESIAN_POINT('',(757.11404610069,-835.3599949704,863.));
#6043 = VERTEX_POINT('',#6044);
#6044 = CARTESIAN_POINT('',(757.11404610069,-835.3599949704,1.197E+03));
#6045 = LINE('',#6046,#6047);
#6046 = CARTESIAN_POINT('',(757.11404610069,-835.3599949704,863.));
#6047 = VECTOR('',#6048,1.);
#6048 = DIRECTION('',(0.,0.,1.));
#6049 = ORIENTED_EDGE('',*,*,#6050,.T.);
#6050 = EDGE_CURVE('',#6041,#6051,#6053,.T.);
#6051 = VERTEX_POINT('',#6052);
#6052 = CARTESIAN_POINT('',(1.210911357684E+03,-573.3599949704,863.));
#6053 = LINE('',#6054,#6055);
#6054 = CARTESIAN_POINT('',(757.11404610069,-835.3599949704,863.));
#6055 = VECTOR('',#6056,1.);
#6056 = DIRECTION('',(0.866025403784,0.5,0.));
#6057 = ORIENTED_EDGE('',*,*,#6058,.T.);
#6058 = EDGE_CURVE('',#6051,#6059,#6061,.T.);
#6059 = VERTEX_POINT('',#6060);
#6060 = CARTESIAN_POINT('',(1.210911357684E+03,-573.3599949704,1.197E+03
    ));
#6061 = LINE('',#6062,#6063);
#6062 = CARTESIAN_POINT('',(1.210911357684E+03,-573.3599949704,863.));
#6063 = VECTOR('',#6064,1.);
#6064 = DIRECTION('',(0.,0.,1.));
#6065 = ORIENTED_EDGE('',*,*,#6066,.F.);
#6066 = EDGE_CURVE('',#6043,#6059,#6067,.T.);
#6067 = LINE('',#6068,#6069);
#6068 = CARTESIAN_POINT('',(757.11404610069,-835.3599949704,1.197E+03));
#6069 = VECTOR('',#6070,1.);
#6070 = DIRECTION('',(0.866025403784,0.5,0.));
#6071 = PLANE('',#6072);
#6072 = AXIS2_PLACEMENT_3D('',#6073,#6074,#6075);
#6073 = CARTESIAN_POINT('',(757.11404610069,-835.3599949704,863.));
#6074 = DIRECTION('',(0.5,-0.866025403784,0.));
#6075 = DIRECTION('',(0.,0.,1.));
#6076 = ADVANCED_FACE('',(#6077),#6093,.F.);
#6077 = FACE_BOUND('',#6078,.F.);
#6078 = EDGE_LOOP('',(#6079,#6085,#6086,#6092));
#6079 = ORIENTED_EDGE('',*,*,#6080,.F.);
#6080 = EDGE_CURVE('',#6001,#6041,#6081,.T.);
#6081 = LINE('',#6082,#6083);
#6082 = CARTESIAN_POINT('',(755.61404610069,-832.761918759,863.));
#6083 = VECTOR('',#6084,1.);
#6084 = DIRECTION('',(0.5,-0.866025403784,0.));
#6085 = ORIENTED_EDGE('',*,*,#6000,.T.);
#6086 = ORIENTED_EDGE('',*,*,#6087,.T.);
#6087 = EDGE_CURVE('',#6003,#6043,#6088,.T.);
#6088 = LINE('',#6089,#6090);
#6089 = CARTESIAN_POINT('',(755.61404610069,-832.761918759,1.197E+03));
#6090 = VECTOR('',#6091,1.);
#6091 = DIRECTION('',(0.5,-0.866025403784,0.));
#6092 = ORIENTED_EDGE('',*,*,#6040,.F.);
#6093 = PLANE('',#6094);
#6094 = AXIS2_PLACEMENT_3D('',#6095,#6096,#6097);
#6095 = CARTESIAN_POINT('',(755.61404610069,-832.761918759,863.));
#6096 = DIRECTION('',(0.866025403784,0.5,0.));
#6097 = DIRECTION('',(0.,0.,1.));
#6098 = ADVANCED_FACE('',(#6099),#6115,.T.);
#6099 = FACE_BOUND('',#6100,.T.);
#6100 = EDGE_LOOP('',(#6101,#6107,#6108,#6114));
#6101 = ORIENTED_EDGE('',*,*,#6102,.F.);
#6102 = EDGE_CURVE('',#6011,#6051,#6103,.T.);
#6103 = LINE('',#6104,#6105);
#6104 = CARTESIAN_POINT('',(1.209411357684E+03,-570.761918759,863.));
#6105 = VECTOR('',#6106,1.);
#6106 = DIRECTION('',(0.5,-0.866025403784,0.));
#6107 = ORIENTED_EDGE('',*,*,#6018,.T.);
#6108 = ORIENTED_EDGE('',*,*,#6109,.T.);
#6109 = EDGE_CURVE('',#6019,#6059,#6110,.T.);
#6110 = LINE('',#6111,#6112);
#6111 = CARTESIAN_POINT('',(1.209411357684E+03,-570.761918759,1.197E+03)
  );
#6112 = VECTOR('',#6113,1.);
#6113 = DIRECTION('',(0.5,-0.866025403784,0.));
#6114 = ORIENTED_EDGE('',*,*,#6058,.F.);
#6115 = PLANE('',#6116);
#6116 = AXIS2_PLACEMENT_3D('',#6117,#6118,#6119);
#6117 = CARTESIAN_POINT('',(1.209411357684E+03,-570.761918759,863.));
#6118 = DIRECTION('',(0.866025403784,0.5,0.));
#6119 = DIRECTION('',(0.,0.,1.));
#6120 = ADVANCED_FACE('',(#6121),#6127,.F.);
#6121 = FACE_BOUND('',#6122,.F.);
#6122 = EDGE_LOOP('',(#6123,#6124,#6125,#6126));
#6123 = ORIENTED_EDGE('',*,*,#6010,.F.);
#6124 = ORIENTED_EDGE('',*,*,#6080,.T.);
#6125 = ORIENTED_EDGE('',*,*,#6050,.T.);
#6126 = ORIENTED_EDGE('',*,*,#6102,.F.);
#6127 = PLANE('',#6128);
#6128 = AXIS2_PLACEMENT_3D('',#6129,#6130,#6131);
#6129 = CARTESIAN_POINT('',(755.61404610069,-832.761918759,863.));
#6130 = DIRECTION('',(0.,0.,1.));
#6131 = DIRECTION('',(0.5,-0.866025403784,0.));
#6132 = ADVANCED_FACE('',(#6133),#6139,.T.);
#6133 = FACE_BOUND('',#6134,.T.);
#6134 = EDGE_LOOP('',(#6135,#6136,#6137,#6138));
#6135 = ORIENTED_EDGE('',*,*,#6026,.F.);
#6136 = ORIENTED_EDGE('',*,*,#6087,.T.);
#6137 = ORIENTED_EDGE('',*,*,#6066,.T.);
#6138 = ORIENTED_EDGE('',*,*,#6109,.F.);
#6139 = PLANE('',#6140);
#6140 = AXIS2_PLACEMENT_3D('',#6141,#6142,#6143);
#6141 = CARTESIAN_POINT('',(755.61404610069,-832.761918759,1.197E+03));
#6142 = DIRECTION('',(0.,0.,1.));
#6143 = DIRECTION('',(0.5,-0.866025403784,0.));
#6144 = MANIFOLD_SOLID_BREP('',#6145);
#6145 = CLOSED_SHELL('',(#6146,#6202,#6233,#6257,#6281,#6306,#6331,#6356
    ,#6375,#6410,#6420));
#6146 = ADVANCED_FACE('',(#6147),#6197,.F.);
#6147 = FACE_BOUND('',#6148,.F.);
#6148 = EDGE_LOOP('',(#6149,#6159,#6167,#6175,#6183,#6191));
#6149 = ORIENTED_EDGE('',*,*,#6150,.F.);
#6150 = EDGE_CURVE('',#6151,#6153,#6155,.T.);
#6151 = VERTEX_POINT('',#6152);
#6152 = CARTESIAN_POINT('',(-6.541743770057,661.33063257983,845.));
#6153 = VERTEX_POINT('',#6154);
#6154 = CARTESIAN_POINT('',(-6.541743770057,661.33063257983,1.215E+03));
#6155 = LINE('',#6156,#6157);
#6156 = CARTESIAN_POINT('',(-6.541743770057,661.33063257983,845.));
#6157 = VECTOR('',#6158,1.);
#6158 = DIRECTION('',(0.,0.,1.));
#6159 = ORIENTED_EDGE('',*,*,#6160,.T.);
#6160 = EDGE_CURVE('',#6151,#6161,#6163,.T.);
#6161 = VERTEX_POINT('',#6162);
#6162 = CARTESIAN_POINT('',(-252.6729565346,519.2267106342,845.));
#6163 = LINE('',#6164,#6165);
#6164 = CARTESIAN_POINT('',(-6.541743770057,661.33063257983,845.));
#6165 = VECTOR('',#6166,1.);
#6166 = DIRECTION('',(-0.866025403784,-0.5,0.));
#6167 = ORIENTED_EDGE('',*,*,#6168,.T.);
#6168 = EDGE_CURVE('',#6161,#6169,#6171,.T.);
#6169 = VERTEX_POINT('',#6170);
#6170 = CARTESIAN_POINT('',(-323.3270434653,478.43455452546,845.));
#6171 = LINE('',#6172,#6173);
#6172 = CARTESIAN_POINT('',(-6.541743770057,661.33063257983,845.));
#6173 = VECTOR('',#6174,1.);
#6174 = DIRECTION('',(-0.866025403784,-0.5,0.));
#6175 = ORIENTED_EDGE('',*,*,#6176,.T.);
#6176 = EDGE_CURVE('',#6169,#6177,#6179,.T.);
#6177 = VERTEX_POINT('',#6178);
#6178 = CARTESIAN_POINT('',(-569.4582562299,336.33063257983,845.));
#6179 = LINE('',#6180,#6181);
#6180 = CARTESIAN_POINT('',(-6.541743770057,661.33063257983,845.));
#6181 = VECTOR('',#6182,1.);
#6182 = DIRECTION('',(-0.866025403784,-0.5,0.));
#6183 = ORIENTED_EDGE('',*,*,#6184,.T.);
#6184 = EDGE_CURVE('',#6177,#6185,#6187,.T.);
#6185 = VERTEX_POINT('',#6186);
#6186 = CARTESIAN_POINT('',(-569.4582562299,336.33063257983,1.215E+03));
#6187 = LINE('',#6188,#6189);
#6188 = CARTESIAN_POINT('',(-569.4582562299,336.33063257983,845.));
#6189 = VECTOR('',#6190,1.);
#6190 = DIRECTION('',(0.,0.,1.));
#6191 = ORIENTED_EDGE('',*,*,#6192,.F.);
#6192 = EDGE_CURVE('',#6153,#6185,#6193,.T.);
#6193 = LINE('',#6194,#6195);
#6194 = CARTESIAN_POINT('',(-6.541743770057,661.33063257983,1.215E+03));
#6195 = VECTOR('',#6196,1.);
#6196 = DIRECTION('',(-0.866025403784,-0.5,0.));
#6197 = PLANE('',#6198);
#6198 = AXIS2_PLACEMENT_3D('',#6199,#6200,#6201);
#6199 = CARTESIAN_POINT('',(-6.541743770057,661.33063257983,845.));
#6200 = DIRECTION('',(-0.5,0.866025403784,0.));
#6201 = DIRECTION('',(0.,0.,1.));
#6202 = ADVANCED_FACE('',(#6203),#6228,.F.);
#6203 = FACE_BOUND('',#6204,.F.);
#6204 = EDGE_LOOP('',(#6205,#6213,#6214,#6222));
#6205 = ORIENTED_EDGE('',*,*,#6206,.F.);
#6206 = EDGE_CURVE('',#6151,#6207,#6209,.T.);
#6207 = VERTEX_POINT('',#6208);
#6208 = CARTESIAN_POINT('',(-25.54174377005,694.23959792364,845.));
#6209 = LINE('',#6210,#6211);
#6210 = CARTESIAN_POINT('',(-6.541743770057,661.33063257983,845.));
#6211 = VECTOR('',#6212,1.);
#6212 = DIRECTION('',(-0.5,0.866025403784,0.));
#6213 = ORIENTED_EDGE('',*,*,#6150,.T.);
#6214 = ORIENTED_EDGE('',*,*,#6215,.T.);
#6215 = EDGE_CURVE('',#6153,#6216,#6218,.T.);
#6216 = VERTEX_POINT('',#6217);
#6217 = CARTESIAN_POINT('',(-25.54174377005,694.23959792364,1.215E+03));
#6218 = LINE('',#6219,#6220);
#6219 = CARTESIAN_POINT('',(-6.541743770057,661.33063257983,1.215E+03));
#6220 = VECTOR('',#6221,1.);
#6221 = DIRECTION('',(-0.5,0.866025403784,0.));
#6222 = ORIENTED_EDGE('',*,*,#6223,.F.);
#6223 = EDGE_CURVE('',#6207,#6216,#6224,.T.);
#6224 = LINE('',#6225,#6226);
#6225 = CARTESIAN_POINT('',(-25.54174377005,694.23959792364,845.));
#6226 = VECTOR('',#6227,1.);
#6227 = DIRECTION('',(0.,0.,1.));
#6228 = PLANE('',#6229);
#6229 = AXIS2_PLACEMENT_3D('',#6230,#6231,#6232);
#6230 = CARTESIAN_POINT('',(-6.541743770057,661.33063257983,845.));
#6231 = DIRECTION('',(-0.866025403784,-0.5,0.));
#6232 = DIRECTION('',(0.,0.,1.));
#6233 = ADVANCED_FACE('',(#6234),#6252,.T.);
#6234 = FACE_BOUND('',#6235,.T.);
#6235 = EDGE_LOOP('',(#6236,#6237,#6238,#6246));
#6236 = ORIENTED_EDGE('',*,*,#6192,.F.);
#6237 = ORIENTED_EDGE('',*,*,#6215,.T.);
#6238 = ORIENTED_EDGE('',*,*,#6239,.T.);
#6239 = EDGE_CURVE('',#6216,#6240,#6242,.T.);
#6240 = VERTEX_POINT('',#6241);
#6241 = CARTESIAN_POINT('',(-588.4582562299,369.23959792364,1.215E+03));
#6242 = LINE('',#6243,#6244);
#6243 = CARTESIAN_POINT('',(-25.54174377005,694.23959792364,1.215E+03));
#6244 = VECTOR('',#6245,1.);
#6245 = DIRECTION('',(-0.866025403784,-0.5,0.));
#6246 = ORIENTED_EDGE('',*,*,#6247,.F.);
#6247 = EDGE_CURVE('',#6185,#6240,#6248,.T.);
#6248 = LINE('',#6249,#6250);
#6249 = CARTESIAN_POINT('',(-569.4582562299,336.33063257983,1.215E+03));
#6250 = VECTOR('',#6251,1.);
#6251 = DIRECTION('',(-0.5,0.866025403784,0.));
#6252 = PLANE('',#6253);
#6253 = AXIS2_PLACEMENT_3D('',#6254,#6255,#6256);
#6254 = CARTESIAN_POINT('',(-6.541743770057,661.33063257983,1.215E+03));
#6255 = DIRECTION('',(0.,0.,1.));
#6256 = DIRECTION('',(-0.5,0.866025403784,0.));
#6257 = ADVANCED_FACE('',(#6258),#6276,.T.);
#6258 = FACE_BOUND('',#6259,.T.);
#6259 = EDGE_LOOP('',(#6260,#6268,#6269,#6270));
#6260 = ORIENTED_EDGE('',*,*,#6261,.F.);
#6261 = EDGE_CURVE('',#6177,#6262,#6264,.T.);
#6262 = VERTEX_POINT('',#6263);
#6263 = CARTESIAN_POINT('',(-588.4582562299,369.23959792364,845.));
#6264 = LINE('',#6265,#6266);
#6265 = CARTESIAN_POINT('',(-569.4582562299,336.33063257983,845.));
#6266 = VECTOR('',#6267,1.);
#6267 = DIRECTION('',(-0.5,0.866025403784,0.));
#6268 = ORIENTED_EDGE('',*,*,#6184,.T.);
#6269 = ORIENTED_EDGE('',*,*,#6247,.T.);
#6270 = ORIENTED_EDGE('',*,*,#6271,.F.);
#6271 = EDGE_CURVE('',#6262,#6240,#6272,.T.);
#6272 = LINE('',#6273,#6274);
#6273 = CARTESIAN_POINT('',(-588.4582562299,369.23959792364,845.));
#6274 = VECTOR('',#6275,1.);
#6275 = DIRECTION('',(0.,0.,1.));
#6276 = PLANE('',#6277);
#6277 = AXIS2_PLACEMENT_3D('',#6278,#6279,#6280);
#6278 = CARTESIAN_POINT('',(-569.4582562299,336.33063257983,845.));
#6279 = DIRECTION('',(-0.866025403784,-0.5,0.));
#6280 = DIRECTION('',(0.,0.,1.));
#6281 = ADVANCED_FACE('',(#6282),#6301,.F.);
#6282 = FACE_BOUND('',#6283,.F.);
#6283 = EDGE_LOOP('',(#6284,#6285,#6286,#6294));
#6284 = ORIENTED_EDGE('',*,*,#6160,.F.);
#6285 = ORIENTED_EDGE('',*,*,#6206,.T.);
#6286 = ORIENTED_EDGE('',*,*,#6287,.T.);
#6287 = EDGE_CURVE('',#6207,#6288,#6290,.T.);
#6288 = VERTEX_POINT('',#6289);
#6289 = CARTESIAN_POINT('',(-271.6729565346,552.13567597801,845.));
#6290 = LINE('',#6291,#6292);
#6291 = CARTESIAN_POINT('',(-25.54174377005,694.23959792364,845.));
#6292 = VECTOR('',#6293,1.);
#6293 = DIRECTION('',(-0.866025403784,-0.5,0.));
#6294 = ORIENTED_EDGE('',*,*,#6295,.F.);
#6295 = EDGE_CURVE('',#6161,#6288,#6296,.T.);
#6296 = CIRCLE('',#6297,45.);
#6297 = AXIS2_PLACEMENT_3D('',#6298,#6299,#6300);
#6298 = CARTESIAN_POINT('',(-297.5,515.28511525174,845.));
#6299 = DIRECTION('',(0.,0.,1.));
#6300 = DIRECTION('',(1.,0.,0.));
#6301 = PLANE('',#6302);
#6302 = AXIS2_PLACEMENT_3D('',#6303,#6304,#6305);
#6303 = CARTESIAN_POINT('',(-6.541743770057,661.33063257983,845.));
#6304 = DIRECTION('',(0.,0.,1.));
#6305 = DIRECTION('',(-0.5,0.866025403784,0.));
#6306 = ADVANCED_FACE('',(#6307),#6326,.T.);
#6307 = FACE_BOUND('',#6308,.T.);
#6308 = EDGE_LOOP('',(#6309,#6318,#6325));
#6309 = ORIENTED_EDGE('',*,*,#6310,.T.);
#6310 = EDGE_CURVE('',#6169,#6311,#6313,.T.);
#6311 = VERTEX_POINT('',#6312);
#6312 = CARTESIAN_POINT('',(-252.5,515.28511525174,845.));
#6313 = CIRCLE('',#6314,45.);
#6314 = AXIS2_PLACEMENT_3D('',#6315,#6316,#6317);
#6315 = CARTESIAN_POINT('',(-297.5,515.28511525174,845.));
#6316 = DIRECTION('',(0.,0.,1.));
#6317 = DIRECTION('',(1.,0.,0.));
#6318 = ORIENTED_EDGE('',*,*,#6319,.T.);
#6319 = EDGE_CURVE('',#6311,#6161,#6320,.T.);
#6320 = CIRCLE('',#6321,45.);
#6321 = AXIS2_PLACEMENT_3D('',#6322,#6323,#6324);
#6322 = CARTESIAN_POINT('',(-297.5,515.28511525174,845.));
#6323 = DIRECTION('',(0.,0.,1.));
#6324 = DIRECTION('',(1.,0.,0.));
#6325 = ORIENTED_EDGE('',*,*,#6168,.T.);
#6326 = PLANE('',#6327);
#6327 = AXIS2_PLACEMENT_3D('',#6328,#6329,#6330);
#6328 = CARTESIAN_POINT('',(-297.5,515.28511525174,845.));
#6329 = DIRECTION('',(0.,0.,1.));
#6330 = DIRECTION('',(1.,0.,0.));
#6331 = ADVANCED_FACE('',(#6332),#6351,.F.);
#6332 = FACE_BOUND('',#6333,.F.);
#6333 = EDGE_LOOP('',(#6334,#6335,#6344,#6350));
#6334 = ORIENTED_EDGE('',*,*,#6176,.F.);
#6335 = ORIENTED_EDGE('',*,*,#6336,.F.);
#6336 = EDGE_CURVE('',#6337,#6169,#6339,.T.);
#6337 = VERTEX_POINT('',#6338);
#6338 = CARTESIAN_POINT('',(-342.3270434653,511.34351986927,845.));
#6339 = CIRCLE('',#6340,45.);
#6340 = AXIS2_PLACEMENT_3D('',#6341,#6342,#6343);
#6341 = CARTESIAN_POINT('',(-297.5,515.28511525174,845.));
#6342 = DIRECTION('',(0.,0.,1.));
#6343 = DIRECTION('',(1.,0.,0.));
#6344 = ORIENTED_EDGE('',*,*,#6345,.T.);
#6345 = EDGE_CURVE('',#6337,#6262,#6346,.T.);
#6346 = LINE('',#6347,#6348);
#6347 = CARTESIAN_POINT('',(-25.54174377005,694.23959792364,845.));
#6348 = VECTOR('',#6349,1.);
#6349 = DIRECTION('',(-0.866025403784,-0.5,0.));
#6350 = ORIENTED_EDGE('',*,*,#6261,.F.);
#6351 = PLANE('',#6352);
#6352 = AXIS2_PLACEMENT_3D('',#6353,#6354,#6355);
#6353 = CARTESIAN_POINT('',(-6.541743770057,661.33063257983,845.));
#6354 = DIRECTION('',(0.,0.,1.));
#6355 = DIRECTION('',(-0.5,0.866025403784,0.));
#6356 = ADVANCED_FACE('',(#6357),#6370,.T.);
#6357 = FACE_BOUND('',#6358,.T.);
#6358 = EDGE_LOOP('',(#6359,#6360,#6361,#6367,#6368,#6369));
#6359 = ORIENTED_EDGE('',*,*,#6223,.F.);
#6360 = ORIENTED_EDGE('',*,*,#6287,.T.);
#6361 = ORIENTED_EDGE('',*,*,#6362,.T.);
#6362 = EDGE_CURVE('',#6288,#6337,#6363,.T.);
#6363 = LINE('',#6364,#6365);
#6364 = CARTESIAN_POINT('',(-25.54174377005,694.23959792364,845.));
#6365 = VECTOR('',#6366,1.);
#6366 = DIRECTION('',(-0.866025403784,-0.5,0.));
#6367 = ORIENTED_EDGE('',*,*,#6345,.T.);
#6368 = ORIENTED_EDGE('',*,*,#6271,.T.);
#6369 = ORIENTED_EDGE('',*,*,#6239,.F.);
#6370 = PLANE('',#6371);
#6371 = AXIS2_PLACEMENT_3D('',#6372,#6373,#6374);
#6372 = CARTESIAN_POINT('',(-25.54174377005,694.23959792364,845.));
#6373 = DIRECTION('',(-0.5,0.866025403784,0.));
#6374 = DIRECTION('',(0.,0.,1.));
#6375 = ADVANCED_FACE('',(#6376),#6405,.T.);
#6376 = FACE_BOUND('',#6377,.T.);
#6377 = EDGE_LOOP('',(#6378,#6386,#6387,#6388,#6395,#6396,#6397,#6398));
#6378 = ORIENTED_EDGE('',*,*,#6379,.T.);
#6379 = EDGE_CURVE('',#6380,#6311,#6382,.T.);
#6380 = VERTEX_POINT('',#6381);
#6381 = CARTESIAN_POINT('',(-252.5,515.28511525174,750.));
#6382 = LINE('',#6383,#6384);
#6383 = CARTESIAN_POINT('',(-252.5,515.28511525174,750.));
#6384 = VECTOR('',#6385,1.);
#6385 = DIRECTION('',(0.,0.,1.));
#6386 = ORIENTED_EDGE('',*,*,#6310,.F.);
#6387 = ORIENTED_EDGE('',*,*,#6336,.F.);
#6388 = ORIENTED_EDGE('',*,*,#6389,.F.);
#6389 = EDGE_CURVE('',#6288,#6337,#6390,.T.);
#6390 = CIRCLE('',#6391,45.);
#6391 = AXIS2_PLACEMENT_3D('',#6392,#6393,#6394);
#6392 = CARTESIAN_POINT('',(-297.5,515.28511525174,845.));
#6393 = DIRECTION('',(0.,0.,1.));
#6394 = DIRECTION('',(1.,0.,0.));
#6395 = ORIENTED_EDGE('',*,*,#6295,.F.);
#6396 = ORIENTED_EDGE('',*,*,#6319,.F.);
#6397 = ORIENTED_EDGE('',*,*,#6379,.F.);
#6398 = ORIENTED_EDGE('',*,*,#6399,.T.);
#6399 = EDGE_CURVE('',#6380,#6380,#6400,.T.);
#6400 = CIRCLE('',#6401,45.);
#6401 = AXIS2_PLACEMENT_3D('',#6402,#6403,#6404);
#6402 = CARTESIAN_POINT('',(-297.5,515.28511525174,750.));
#6403 = DIRECTION('',(0.,0.,1.));
#6404 = DIRECTION('',(1.,0.,0.));
#6405 = CYLINDRICAL_SURFACE('',#6406,45.);
#6406 = AXIS2_PLACEMENT_3D('',#6407,#6408,#6409);
#6407 = CARTESIAN_POINT('',(-297.5,515.28511525174,750.));
#6408 = DIRECTION('',(0.,0.,1.));
#6409 = DIRECTION('',(1.,0.,0.));
#6410 = ADVANCED_FACE('',(#6411),#6415,.T.);
#6411 = FACE_BOUND('',#6412,.T.);
#6412 = EDGE_LOOP('',(#6413,#6414));
#6413 = ORIENTED_EDGE('',*,*,#6362,.F.);
#6414 = ORIENTED_EDGE('',*,*,#6389,.T.);
#6415 = PLANE('',#6416);
#6416 = AXIS2_PLACEMENT_3D('',#6417,#6418,#6419);
#6417 = CARTESIAN_POINT('',(-297.5,515.28511525174,845.));
#6418 = DIRECTION('',(0.,0.,1.));
#6419 = DIRECTION('',(1.,0.,0.));
#6420 = ADVANCED_FACE('',(#6421),#6424,.F.);
#6421 = FACE_BOUND('',#6422,.T.);
#6422 = EDGE_LOOP('',(#6423));
#6423 = ORIENTED_EDGE('',*,*,#6399,.F.);
#6424 = PLANE('',#6425);
#6425 = AXIS2_PLACEMENT_3D('',#6426,#6427,#6428);
#6426 = CARTESIAN_POINT('',(-297.5,515.28511525174,750.));
#6427 = DIRECTION('',(0.,0.,1.));
#6428 = DIRECTION('',(1.,0.,0.));
#6429 = MANIFOLD_SOLID_BREP('',#6430);
#6430 = CLOSED_SHELL('',(#6431,#6471,#6511,#6533,#6555,#6567));
#6431 = ADVANCED_FACE('',(#6432),#6466,.F.);
#6432 = FACE_BOUND('',#6433,.F.);
#6433 = EDGE_LOOP('',(#6434,#6444,#6452,#6460));
#6434 = ORIENTED_EDGE('',*,*,#6435,.F.);
#6435 = EDGE_CURVE('',#6436,#6438,#6440,.T.);
#6436 = VERTEX_POINT('',#6437);
#6437 = CARTESIAN_POINT('',(-41.13020103817,685.23959792364,863.));
#6438 = VERTEX_POINT('',#6439);
#6439 = CARTESIAN_POINT('',(-41.13020103817,685.23959792364,1.197E+03));
#6440 = LINE('',#6441,#6442);
#6441 = CARTESIAN_POINT('',(-41.13020103817,685.23959792364,863.));
#6442 = VECTOR('',#6443,1.);
#6443 = DIRECTION('',(0.,0.,1.));
#6444 = ORIENTED_EDGE('',*,*,#6445,.T.);
#6445 = EDGE_CURVE('',#6436,#6446,#6448,.T.);
#6446 = VERTEX_POINT('',#6447);
#6447 = CARTESIAN_POINT('',(-572.8697989618,378.23959792364,863.));
#6448 = LINE('',#6449,#6450);
#6449 = CARTESIAN_POINT('',(-41.13020103817,685.23959792364,863.));
#6450 = VECTOR('',#6451,1.);
#6451 = DIRECTION('',(-0.866025403784,-0.5,0.));
#6452 = ORIENTED_EDGE('',*,*,#6453,.T.);
#6453 = EDGE_CURVE('',#6446,#6454,#6456,.T.);
#6454 = VERTEX_POINT('',#6455);
#6455 = CARTESIAN_POINT('',(-572.8697989618,378.23959792364,1.197E+03));
#6456 = LINE('',#6457,#6458);
#6457 = CARTESIAN_POINT('',(-572.8697989618,378.23959792364,863.));
#6458 = VECTOR('',#6459,1.);
#6459 = DIRECTION('',(0.,0.,1.));
#6460 = ORIENTED_EDGE('',*,*,#6461,.F.);
#6461 = EDGE_CURVE('',#6438,#6454,#6462,.T.);
#6462 = LINE('',#6463,#6464);
#6463 = CARTESIAN_POINT('',(-41.13020103817,685.23959792364,1.197E+03));
#6464 = VECTOR('',#6465,1.);
#6465 = DIRECTION('',(-0.866025403784,-0.5,0.));
#6466 = PLANE('',#6467);
#6467 = AXIS2_PLACEMENT_3D('',#6468,#6469,#6470);
#6468 = CARTESIAN_POINT('',(-41.13020103817,685.23959792364,863.));
#6469 = DIRECTION('',(-0.5,0.866025403784,0.));
#6470 = DIRECTION('',(0.,0.,1.));
#6471 = ADVANCED_FACE('',(#6472),#6506,.T.);
#6472 = FACE_BOUND('',#6473,.T.);
#6473 = EDGE_LOOP('',(#6474,#6484,#6492,#6500));
#6474 = ORIENTED_EDGE('',*,*,#6475,.F.);
#6475 = EDGE_CURVE('',#6476,#6478,#6480,.T.);
#6476 = VERTEX_POINT('',#6477);
#6477 = CARTESIAN_POINT('',(-42.63020103817,687.83767413499,863.));
#6478 = VERTEX_POINT('',#6479);
#6479 = CARTESIAN_POINT('',(-42.63020103817,687.83767413499,1.197E+03));
#6480 = LINE('',#6481,#6482);
#6481 = CARTESIAN_POINT('',(-42.63020103817,687.83767413499,863.));
#6482 = VECTOR('',#6483,1.);
#6483 = DIRECTION('',(0.,0.,1.));
#6484 = ORIENTED_EDGE('',*,*,#6485,.T.);
#6485 = EDGE_CURVE('',#6476,#6486,#6488,.T.);
#6486 = VERTEX_POINT('',#6487);
#6487 = CARTESIAN_POINT('',(-574.3697989618,380.83767413499,863.));
#6488 = LINE('',#6489,#6490);
#6489 = CARTESIAN_POINT('',(-42.63020103817,687.83767413499,863.));
#6490 = VECTOR('',#6491,1.);
#6491 = DIRECTION('',(-0.866025403784,-0.5,0.));
#6492 = ORIENTED_EDGE('',*,*,#6493,.T.);
#6493 = EDGE_CURVE('',#6486,#6494,#6496,.T.);
#6494 = VERTEX_POINT('',#6495);
#6495 = CARTESIAN_POINT('',(-574.3697989618,380.83767413499,1.197E+03));
#6496 = LINE('',#6497,#6498);
#6497 = CARTESIAN_POINT('',(-574.3697989618,380.83767413499,863.));
#6498 = VECTOR('',#6499,1.);
#6499 = DIRECTION('',(0.,0.,1.));
#6500 = ORIENTED_EDGE('',*,*,#6501,.F.);
#6501 = EDGE_CURVE('',#6478,#6494,#6502,.T.);
#6502 = LINE('',#6503,#6504);
#6503 = CARTESIAN_POINT('',(-42.63020103817,687.83767413499,1.197E+03));
#6504 = VECTOR('',#6505,1.);
#6505 = DIRECTION('',(-0.866025403784,-0.5,0.));
#6506 = PLANE('',#6507);
#6507 = AXIS2_PLACEMENT_3D('',#6508,#6509,#6510);
#6508 = CARTESIAN_POINT('',(-42.63020103817,687.83767413499,863.));
#6509 = DIRECTION('',(-0.5,0.866025403784,0.));
#6510 = DIRECTION('',(0.,0.,1.));
#6511 = ADVANCED_FACE('',(#6512),#6528,.F.);
#6512 = FACE_BOUND('',#6513,.F.);
#6513 = EDGE_LOOP('',(#6514,#6520,#6521,#6527));
#6514 = ORIENTED_EDGE('',*,*,#6515,.F.);
#6515 = EDGE_CURVE('',#6436,#6476,#6516,.T.);
#6516 = LINE('',#6517,#6518);
#6517 = CARTESIAN_POINT('',(-41.13020103817,685.23959792364,863.));
#6518 = VECTOR('',#6519,1.);
#6519 = DIRECTION('',(-0.5,0.866025403784,0.));
#6520 = ORIENTED_EDGE('',*,*,#6435,.T.);
#6521 = ORIENTED_EDGE('',*,*,#6522,.T.);
#6522 = EDGE_CURVE('',#6438,#6478,#6523,.T.);
#6523 = LINE('',#6524,#6525);
#6524 = CARTESIAN_POINT('',(-41.13020103817,685.23959792364,1.197E+03));
#6525 = VECTOR('',#6526,1.);
#6526 = DIRECTION('',(-0.5,0.866025403784,0.));
#6527 = ORIENTED_EDGE('',*,*,#6475,.F.);
#6528 = PLANE('',#6529);
#6529 = AXIS2_PLACEMENT_3D('',#6530,#6531,#6532);
#6530 = CARTESIAN_POINT('',(-41.13020103817,685.23959792364,863.));
#6531 = DIRECTION('',(-0.866025403784,-0.5,0.));
#6532 = DIRECTION('',(0.,0.,1.));
#6533 = ADVANCED_FACE('',(#6534),#6550,.T.);
#6534 = FACE_BOUND('',#6535,.T.);
#6535 = EDGE_LOOP('',(#6536,#6542,#6543,#6549));
#6536 = ORIENTED_EDGE('',*,*,#6537,.F.);
#6537 = EDGE_CURVE('',#6446,#6486,#6538,.T.);
#6538 = LINE('',#6539,#6540);
#6539 = CARTESIAN_POINT('',(-572.8697989618,378.23959792364,863.));
#6540 = VECTOR('',#6541,1.);
#6541 = DIRECTION('',(-0.5,0.866025403784,0.));
#6542 = ORIENTED_EDGE('',*,*,#6453,.T.);
#6543 = ORIENTED_EDGE('',*,*,#6544,.T.);
#6544 = EDGE_CURVE('',#6454,#6494,#6545,.T.);
#6545 = LINE('',#6546,#6547);
#6546 = CARTESIAN_POINT('',(-572.8697989618,378.23959792364,1.197E+03));
#6547 = VECTOR('',#6548,1.);
#6548 = DIRECTION('',(-0.5,0.866025403784,0.));
#6549 = ORIENTED_EDGE('',*,*,#6493,.F.);
#6550 = PLANE('',#6551);
#6551 = AXIS2_PLACEMENT_3D('',#6552,#6553,#6554);
#6552 = CARTESIAN_POINT('',(-572.8697989618,378.23959792364,863.));
#6553 = DIRECTION('',(-0.866025403784,-0.5,0.));
#6554 = DIRECTION('',(0.,0.,1.));
#6555 = ADVANCED_FACE('',(#6556),#6562,.F.);
#6556 = FACE_BOUND('',#6557,.F.);
#6557 = EDGE_LOOP('',(#6558,#6559,#6560,#6561));
#6558 = ORIENTED_EDGE('',*,*,#6445,.F.);
#6559 = ORIENTED_EDGE('',*,*,#6515,.T.);
#6560 = ORIENTED_EDGE('',*,*,#6485,.T.);
#6561 = ORIENTED_EDGE('',*,*,#6537,.F.);
#6562 = PLANE('',#6563);
#6563 = AXIS2_PLACEMENT_3D('',#6564,#6565,#6566);
#6564 = CARTESIAN_POINT('',(-41.13020103817,685.23959792364,863.));
#6565 = DIRECTION('',(0.,0.,1.));
#6566 = DIRECTION('',(-0.5,0.866025403784,0.));
#6567 = ADVANCED_FACE('',(#6568),#6574,.T.);
#6568 = FACE_BOUND('',#6569,.T.);
#6569 = EDGE_LOOP('',(#6570,#6571,#6572,#6573));
#6570 = ORIENTED_EDGE('',*,*,#6461,.F.);
#6571 = ORIENTED_EDGE('',*,*,#6522,.T.);
#6572 = ORIENTED_EDGE('',*,*,#6501,.T.);
#6573 = ORIENTED_EDGE('',*,*,#6544,.F.);
#6574 = PLANE('',#6575);
#6575 = AXIS2_PLACEMENT_3D('',#6576,#6577,#6578);
#6576 = CARTESIAN_POINT('',(-41.13020103817,685.23959792364,1.197E+03));
#6577 = DIRECTION('',(0.,0.,1.));
#6578 = DIRECTION('',(-0.5,0.866025403784,0.));
#6579 = MANIFOLD_SOLID_BREP('',#6580);
#6580 = CLOSED_SHELL('',(#6581,#6637,#6668,#6692,#6716,#6741,#6766,#6791
    ,#6810,#6845,#6855));
#6581 = ADVANCED_FACE('',(#6582),#6632,.F.);
#6582 = FACE_BOUND('',#6583,.F.);
#6583 = EDGE_LOOP('',(#6584,#6594,#6602,#6610,#6618,#6626));
#6584 = ORIENTED_EDGE('',*,*,#6585,.F.);
#6585 = EDGE_CURVE('',#6586,#6588,#6590,.T.);
#6586 = VERTEX_POINT('',#6587);
#6587 = CARTESIAN_POINT('',(-1.061E+03,780.,845.));
#6588 = VERTEX_POINT('',#6589);
#6589 = CARTESIAN_POINT('',(-1.061E+03,780.,1.215E+03));
#6590 = LINE('',#6591,#6592);
#6591 = CARTESIAN_POINT('',(-1.061E+03,780.,845.));
#6592 = VECTOR('',#6593,1.);
#6593 = DIRECTION('',(0.,0.,1.));
#6594 = ORIENTED_EDGE('',*,*,#6595,.T.);
#6595 = EDGE_CURVE('',#6586,#6596,#6598,.T.);
#6596 = VERTEX_POINT('',#6597);
#6597 = CARTESIAN_POINT('',(-1.061E+03,540.79215610874,845.));
#6598 = LINE('',#6599,#6600);
#6599 = CARTESIAN_POINT('',(-1.061E+03,780.,845.));
#6600 = VECTOR('',#6601,1.);
#6601 = DIRECTION('',(-1.224646799147E-16,-1.,0.));
#6602 = ORIENTED_EDGE('',*,*,#6603,.T.);
#6603 = EDGE_CURVE('',#6596,#6604,#6606,.T.);
#6604 = VERTEX_POINT('',#6605);
#6605 = CARTESIAN_POINT('',(-1.061E+03,459.20784389125,845.));
#6606 = LINE('',#6607,#6608);
#6607 = CARTESIAN_POINT('',(-1.061E+03,780.,845.));
#6608 = VECTOR('',#6609,1.);
#6609 = DIRECTION('',(-1.224646799147E-16,-1.,0.));
#6610 = ORIENTED_EDGE('',*,*,#6611,.T.);
#6611 = EDGE_CURVE('',#6604,#6612,#6614,.T.);
#6612 = VERTEX_POINT('',#6613);
#6613 = CARTESIAN_POINT('',(-1.061E+03,220.,845.));
#6614 = LINE('',#6615,#6616);
#6615 = CARTESIAN_POINT('',(-1.061E+03,780.,845.));
#6616 = VECTOR('',#6617,1.);
#6617 = DIRECTION('',(-1.224646799147E-16,-1.,0.));
#6618 = ORIENTED_EDGE('',*,*,#6619,.T.);
#6619 = EDGE_CURVE('',#6612,#6620,#6622,.T.);
#6620 = VERTEX_POINT('',#6621);
#6621 = CARTESIAN_POINT('',(-1.061E+03,220.,1.215E+03));
#6622 = LINE('',#6623,#6624);
#6623 = CARTESIAN_POINT('',(-1.061E+03,220.,845.));
#6624 = VECTOR('',#6625,1.);
#6625 = DIRECTION('',(0.,0.,1.));
#6626 = ORIENTED_EDGE('',*,*,#6627,.F.);
#6627 = EDGE_CURVE('',#6588,#6620,#6628,.T.);
#6628 = LINE('',#6629,#6630);
#6629 = CARTESIAN_POINT('',(-1.061E+03,780.,1.215E+03));
#6630 = VECTOR('',#6631,1.);
#6631 = DIRECTION('',(-1.224646799147E-16,-1.,0.));
#6632 = PLANE('',#6633);
#6633 = AXIS2_PLACEMENT_3D('',#6634,#6635,#6636);
#6634 = CARTESIAN_POINT('',(-1.061E+03,780.,845.));
#6635 = DIRECTION('',(-1.,1.224646799147E-16,0.));
#6636 = DIRECTION('',(0.,0.,1.));
#6637 = ADVANCED_FACE('',(#6638),#6663,.F.);
#6638 = FACE_BOUND('',#6639,.F.);
#6639 = EDGE_LOOP('',(#6640,#6648,#6649,#6657));
#6640 = ORIENTED_EDGE('',*,*,#6641,.F.);
#6641 = EDGE_CURVE('',#6586,#6642,#6644,.T.);
#6642 = VERTEX_POINT('',#6643);
#6643 = CARTESIAN_POINT('',(-1.099E+03,780.,845.));
#6644 = LINE('',#6645,#6646);
#6645 = CARTESIAN_POINT('',(-1.061E+03,780.,845.));
#6646 = VECTOR('',#6647,1.);
#6647 = DIRECTION('',(-1.,1.224646799147E-16,0.));
#6648 = ORIENTED_EDGE('',*,*,#6585,.T.);
#6649 = ORIENTED_EDGE('',*,*,#6650,.T.);
#6650 = EDGE_CURVE('',#6588,#6651,#6653,.T.);
#6651 = VERTEX_POINT('',#6652);
#6652 = CARTESIAN_POINT('',(-1.099E+03,780.,1.215E+03));
#6653 = LINE('',#6654,#6655);
#6654 = CARTESIAN_POINT('',(-1.061E+03,780.,1.215E+03));
#6655 = VECTOR('',#6656,1.);
#6656 = DIRECTION('',(-1.,1.224646799147E-16,0.));
#6657 = ORIENTED_EDGE('',*,*,#6658,.F.);
#6658 = EDGE_CURVE('',#6642,#6651,#6659,.T.);
#6659 = LINE('',#6660,#6661);
#6660 = CARTESIAN_POINT('',(-1.099E+03,780.,845.));
#6661 = VECTOR('',#6662,1.);
#6662 = DIRECTION('',(0.,0.,1.));
#6663 = PLANE('',#6664);
#6664 = AXIS2_PLACEMENT_3D('',#6665,#6666,#6667);
#6665 = CARTESIAN_POINT('',(-1.061E+03,780.,845.));
#6666 = DIRECTION('',(-1.224646799147E-16,-1.,0.));
#6667 = DIRECTION('',(0.,0.,1.));
#6668 = ADVANCED_FACE('',(#6669),#6687,.T.);
#6669 = FACE_BOUND('',#6670,.T.);
#6670 = EDGE_LOOP('',(#6671,#6672,#6673,#6681));
#6671 = ORIENTED_EDGE('',*,*,#6627,.F.);
#6672 = ORIENTED_EDGE('',*,*,#6650,.T.);
#6673 = ORIENTED_EDGE('',*,*,#6674,.T.);
#6674 = EDGE_CURVE('',#6651,#6675,#6677,.T.);
#6675 = VERTEX_POINT('',#6676);
#6676 = CARTESIAN_POINT('',(-1.099E+03,220.,1.215E+03));
#6677 = LINE('',#6678,#6679);
#6678 = CARTESIAN_POINT('',(-1.099E+03,780.,1.215E+03));
#6679 = VECTOR('',#6680,1.);
#6680 = DIRECTION('',(-1.224646799147E-16,-1.,0.));
#6681 = ORIENTED_EDGE('',*,*,#6682,.F.);
#6682 = EDGE_CURVE('',#6620,#6675,#6683,.T.);
#6683 = LINE('',#6684,#6685);
#6684 = CARTESIAN_POINT('',(-1.061E+03,220.,1.215E+03));
#6685 = VECTOR('',#6686,1.);
#6686 = DIRECTION('',(-1.,1.224646799147E-16,0.));
#6687 = PLANE('',#6688);
#6688 = AXIS2_PLACEMENT_3D('',#6689,#6690,#6691);
#6689 = CARTESIAN_POINT('',(-1.061E+03,780.,1.215E+03));
#6690 = DIRECTION('',(0.,0.,1.));
#6691 = DIRECTION('',(-1.,1.224646799147E-16,0.));
#6692 = ADVANCED_FACE('',(#6693),#6711,.T.);
#6693 = FACE_BOUND('',#6694,.T.);
#6694 = EDGE_LOOP('',(#6695,#6703,#6704,#6705));
#6695 = ORIENTED_EDGE('',*,*,#6696,.F.);
#6696 = EDGE_CURVE('',#6612,#6697,#6699,.T.);
#6697 = VERTEX_POINT('',#6698);
#6698 = CARTESIAN_POINT('',(-1.099E+03,220.,845.));
#6699 = LINE('',#6700,#6701);
#6700 = CARTESIAN_POINT('',(-1.061E+03,220.,845.));
#6701 = VECTOR('',#6702,1.);
#6702 = DIRECTION('',(-1.,1.224646799147E-16,0.));
#6703 = ORIENTED_EDGE('',*,*,#6619,.T.);
#6704 = ORIENTED_EDGE('',*,*,#6682,.T.);
#6705 = ORIENTED_EDGE('',*,*,#6706,.F.);
#6706 = EDGE_CURVE('',#6697,#6675,#6707,.T.);
#6707 = LINE('',#6708,#6709);
#6708 = CARTESIAN_POINT('',(-1.099E+03,220.,845.));
#6709 = VECTOR('',#6710,1.);
#6710 = DIRECTION('',(0.,0.,1.));
#6711 = PLANE('',#6712);
#6712 = AXIS2_PLACEMENT_3D('',#6713,#6714,#6715);
#6713 = CARTESIAN_POINT('',(-1.061E+03,220.,845.));
#6714 = DIRECTION('',(-1.224646799147E-16,-1.,0.));
#6715 = DIRECTION('',(0.,0.,1.));
#6716 = ADVANCED_FACE('',(#6717),#6736,.F.);
#6717 = FACE_BOUND('',#6718,.F.);
#6718 = EDGE_LOOP('',(#6719,#6720,#6721,#6729));
#6719 = ORIENTED_EDGE('',*,*,#6595,.F.);
#6720 = ORIENTED_EDGE('',*,*,#6641,.T.);
#6721 = ORIENTED_EDGE('',*,*,#6722,.T.);
#6722 = EDGE_CURVE('',#6642,#6723,#6725,.T.);
#6723 = VERTEX_POINT('',#6724);
#6724 = CARTESIAN_POINT('',(-1.099E+03,540.79215610874,845.));
#6725 = LINE('',#6726,#6727);
#6726 = CARTESIAN_POINT('',(-1.099E+03,780.,845.));
#6727 = VECTOR('',#6728,1.);
#6728 = DIRECTION('',(-1.224646799147E-16,-1.,0.));
#6729 = ORIENTED_EDGE('',*,*,#6730,.F.);
#6730 = EDGE_CURVE('',#6596,#6723,#6731,.T.);
#6731 = CIRCLE('',#6732,45.);
#6732 = AXIS2_PLACEMENT_3D('',#6733,#6734,#6735);
#6733 = CARTESIAN_POINT('',(-1.08E+03,500.,845.));
#6734 = DIRECTION('',(0.,0.,1.));
#6735 = DIRECTION('',(1.,0.,0.));
#6736 = PLANE('',#6737);
#6737 = AXIS2_PLACEMENT_3D('',#6738,#6739,#6740);
#6738 = CARTESIAN_POINT('',(-1.061E+03,780.,845.));
#6739 = DIRECTION('',(0.,0.,1.));
#6740 = DIRECTION('',(-1.,1.224646799147E-16,0.));
#6741 = ADVANCED_FACE('',(#6742),#6761,.T.);
#6742 = FACE_BOUND('',#6743,.T.);
#6743 = EDGE_LOOP('',(#6744,#6753,#6760));
#6744 = ORIENTED_EDGE('',*,*,#6745,.T.);
#6745 = EDGE_CURVE('',#6604,#6746,#6748,.T.);
#6746 = VERTEX_POINT('',#6747);
#6747 = CARTESIAN_POINT('',(-1.035E+03,500.,845.));
#6748 = CIRCLE('',#6749,45.);
#6749 = AXIS2_PLACEMENT_3D('',#6750,#6751,#6752);
#6750 = CARTESIAN_POINT('',(-1.08E+03,500.,845.));
#6751 = DIRECTION('',(0.,0.,1.));
#6752 = DIRECTION('',(1.,0.,0.));
#6753 = ORIENTED_EDGE('',*,*,#6754,.T.);
#6754 = EDGE_CURVE('',#6746,#6596,#6755,.T.);
#6755 = CIRCLE('',#6756,45.);
#6756 = AXIS2_PLACEMENT_3D('',#6757,#6758,#6759);
#6757 = CARTESIAN_POINT('',(-1.08E+03,500.,845.));
#6758 = DIRECTION('',(0.,0.,1.));
#6759 = DIRECTION('',(1.,0.,0.));
#6760 = ORIENTED_EDGE('',*,*,#6603,.T.);
#6761 = PLANE('',#6762);
#6762 = AXIS2_PLACEMENT_3D('',#6763,#6764,#6765);
#6763 = CARTESIAN_POINT('',(-1.08E+03,500.,845.));
#6764 = DIRECTION('',(0.,0.,1.));
#6765 = DIRECTION('',(1.,0.,0.));
#6766 = ADVANCED_FACE('',(#6767),#6786,.F.);
#6767 = FACE_BOUND('',#6768,.F.);
#6768 = EDGE_LOOP('',(#6769,#6770,#6779,#6785));
#6769 = ORIENTED_EDGE('',*,*,#6611,.F.);
#6770 = ORIENTED_EDGE('',*,*,#6771,.F.);
#6771 = EDGE_CURVE('',#6772,#6604,#6774,.T.);
#6772 = VERTEX_POINT('',#6773);
#6773 = CARTESIAN_POINT('',(-1.099E+03,459.20784389125,845.));
#6774 = CIRCLE('',#6775,45.);
#6775 = AXIS2_PLACEMENT_3D('',#6776,#6777,#6778);
#6776 = CARTESIAN_POINT('',(-1.08E+03,500.,845.));
#6777 = DIRECTION('',(0.,0.,1.));
#6778 = DIRECTION('',(1.,0.,0.));
#6779 = ORIENTED_EDGE('',*,*,#6780,.T.);
#6780 = EDGE_CURVE('',#6772,#6697,#6781,.T.);
#6781 = LINE('',#6782,#6783);
#6782 = CARTESIAN_POINT('',(-1.099E+03,780.,845.));
#6783 = VECTOR('',#6784,1.);
#6784 = DIRECTION('',(-1.224646799147E-16,-1.,0.));
#6785 = ORIENTED_EDGE('',*,*,#6696,.F.);
#6786 = PLANE('',#6787);
#6787 = AXIS2_PLACEMENT_3D('',#6788,#6789,#6790);
#6788 = CARTESIAN_POINT('',(-1.061E+03,780.,845.));
#6789 = DIRECTION('',(0.,0.,1.));
#6790 = DIRECTION('',(-1.,1.224646799147E-16,0.));
#6791 = ADVANCED_FACE('',(#6792),#6805,.T.);
#6792 = FACE_BOUND('',#6793,.T.);
#6793 = EDGE_LOOP('',(#6794,#6795,#6796,#6802,#6803,#6804));
#6794 = ORIENTED_EDGE('',*,*,#6658,.F.);
#6795 = ORIENTED_EDGE('',*,*,#6722,.T.);
#6796 = ORIENTED_EDGE('',*,*,#6797,.T.);
#6797 = EDGE_CURVE('',#6723,#6772,#6798,.T.);
#6798 = LINE('',#6799,#6800);
#6799 = CARTESIAN_POINT('',(-1.099E+03,780.,845.));
#6800 = VECTOR('',#6801,1.);
#6801 = DIRECTION('',(-1.224646799147E-16,-1.,0.));
#6802 = ORIENTED_EDGE('',*,*,#6780,.T.);
#6803 = ORIENTED_EDGE('',*,*,#6706,.T.);
#6804 = ORIENTED_EDGE('',*,*,#6674,.F.);
#6805 = PLANE('',#6806);
#6806 = AXIS2_PLACEMENT_3D('',#6807,#6808,#6809);
#6807 = CARTESIAN_POINT('',(-1.099E+03,780.,845.));
#6808 = DIRECTION('',(-1.,1.224646799147E-16,0.));
#6809 = DIRECTION('',(0.,0.,1.));
#6810 = ADVANCED_FACE('',(#6811),#6840,.T.);
#6811 = FACE_BOUND('',#6812,.T.);
#6812 = EDGE_LOOP('',(#6813,#6821,#6822,#6823,#6830,#6831,#6832,#6833));
#6813 = ORIENTED_EDGE('',*,*,#6814,.T.);
#6814 = EDGE_CURVE('',#6815,#6746,#6817,.T.);
#6815 = VERTEX_POINT('',#6816);
#6816 = CARTESIAN_POINT('',(-1.035E+03,500.,750.));
#6817 = LINE('',#6818,#6819);
#6818 = CARTESIAN_POINT('',(-1.035E+03,500.,750.));
#6819 = VECTOR('',#6820,1.);
#6820 = DIRECTION('',(0.,0.,1.));
#6821 = ORIENTED_EDGE('',*,*,#6745,.F.);
#6822 = ORIENTED_EDGE('',*,*,#6771,.F.);
#6823 = ORIENTED_EDGE('',*,*,#6824,.F.);
#6824 = EDGE_CURVE('',#6723,#6772,#6825,.T.);
#6825 = CIRCLE('',#6826,45.);
#6826 = AXIS2_PLACEMENT_3D('',#6827,#6828,#6829);
#6827 = CARTESIAN_POINT('',(-1.08E+03,500.,845.));
#6828 = DIRECTION('',(0.,0.,1.));
#6829 = DIRECTION('',(1.,0.,0.));
#6830 = ORIENTED_EDGE('',*,*,#6730,.F.);
#6831 = ORIENTED_EDGE('',*,*,#6754,.F.);
#6832 = ORIENTED_EDGE('',*,*,#6814,.F.);
#6833 = ORIENTED_EDGE('',*,*,#6834,.T.);
#6834 = EDGE_CURVE('',#6815,#6815,#6835,.T.);
#6835 = CIRCLE('',#6836,45.);
#6836 = AXIS2_PLACEMENT_3D('',#6837,#6838,#6839);
#6837 = CARTESIAN_POINT('',(-1.08E+03,500.,750.));
#6838 = DIRECTION('',(0.,0.,1.));
#6839 = DIRECTION('',(1.,0.,0.));
#6840 = CYLINDRICAL_SURFACE('',#6841,45.);
#6841 = AXIS2_PLACEMENT_3D('',#6842,#6843,#6844);
#6842 = CARTESIAN_POINT('',(-1.08E+03,500.,750.));
#6843 = DIRECTION('',(0.,0.,1.));
#6844 = DIRECTION('',(1.,0.,0.));
#6845 = ADVANCED_FACE('',(#6846),#6850,.T.);
#6846 = FACE_BOUND('',#6847,.T.);
#6847 = EDGE_LOOP('',(#6848,#6849));
#6848 = ORIENTED_EDGE('',*,*,#6797,.F.);
#6849 = ORIENTED_EDGE('',*,*,#6824,.T.);
#6850 = PLANE('',#6851);
#6851 = AXIS2_PLACEMENT_3D('',#6852,#6853,#6854);
#6852 = CARTESIAN_POINT('',(-1.08E+03,500.,845.));
#6853 = DIRECTION('',(0.,0.,1.));
#6854 = DIRECTION('',(1.,0.,0.));
#6855 = ADVANCED_FACE('',(#6856),#6859,.F.);
#6856 = FACE_BOUND('',#6857,.T.);
#6857 = EDGE_LOOP('',(#6858));
#6858 = ORIENTED_EDGE('',*,*,#6834,.F.);
#6859 = PLANE('',#6860);
#6860 = AXIS2_PLACEMENT_3D('',#6861,#6862,#6863);
#6861 = CARTESIAN_POINT('',(-1.08E+03,500.,750.));
#6862 = DIRECTION('',(0.,0.,1.));
#6863 = DIRECTION('',(1.,0.,0.));
#6864 = MANIFOLD_SOLID_BREP('',#6865);
#6865 = CLOSED_SHELL('',(#6866,#6906,#6946,#6968,#6990,#7002));
#6866 = ADVANCED_FACE('',(#6867),#6901,.F.);
#6867 = FACE_BOUND('',#6868,.F.);
#6868 = EDGE_LOOP('',(#6869,#6879,#6887,#6895));
#6869 = ORIENTED_EDGE('',*,*,#6870,.F.);
#6870 = EDGE_CURVE('',#6871,#6873,#6875,.T.);
#6871 = VERTEX_POINT('',#6872);
#6872 = CARTESIAN_POINT('',(-1.099E+03,762.,863.));
#6873 = VERTEX_POINT('',#6874);
#6874 = CARTESIAN_POINT('',(-1.099E+03,762.,1.197E+03));
#6875 = LINE('',#6876,#6877);
#6876 = CARTESIAN_POINT('',(-1.099E+03,762.,863.));
#6877 = VECTOR('',#6878,1.);
#6878 = DIRECTION('',(0.,0.,1.));
#6879 = ORIENTED_EDGE('',*,*,#6880,.T.);
#6880 = EDGE_CURVE('',#6871,#6881,#6883,.T.);
#6881 = VERTEX_POINT('',#6882);
#6882 = CARTESIAN_POINT('',(-1.099E+03,238.,863.));
#6883 = LINE('',#6884,#6885);
#6884 = CARTESIAN_POINT('',(-1.099E+03,762.,863.));
#6885 = VECTOR('',#6886,1.);
#6886 = DIRECTION('',(0.,-1.,0.));
#6887 = ORIENTED_EDGE('',*,*,#6888,.T.);
#6888 = EDGE_CURVE('',#6881,#6889,#6891,.T.);
#6889 = VERTEX_POINT('',#6890);
#6890 = CARTESIAN_POINT('',(-1.099E+03,238.,1.197E+03));
#6891 = LINE('',#6892,#6893);
#6892 = CARTESIAN_POINT('',(-1.099E+03,238.,863.));
#6893 = VECTOR('',#6894,1.);
#6894 = DIRECTION('',(0.,0.,1.));
#6895 = ORIENTED_EDGE('',*,*,#6896,.F.);
#6896 = EDGE_CURVE('',#6873,#6889,#6897,.T.);
#6897 = LINE('',#6898,#6899);
#6898 = CARTESIAN_POINT('',(-1.099E+03,762.,1.197E+03));
#6899 = VECTOR('',#6900,1.);
#6900 = DIRECTION('',(0.,-1.,0.));
#6901 = PLANE('',#6902);
#6902 = AXIS2_PLACEMENT_3D('',#6903,#6904,#6905);
#6903 = CARTESIAN_POINT('',(-1.099E+03,762.,863.));
#6904 = DIRECTION('',(-1.,0.,0.));
#6905 = DIRECTION('',(0.,0.,1.));
#6906 = ADVANCED_FACE('',(#6907),#6941,.T.);
#6907 = FACE_BOUND('',#6908,.T.);
#6908 = EDGE_LOOP('',(#6909,#6919,#6927,#6935));
#6909 = ORIENTED_EDGE('',*,*,#6910,.F.);
#6910 = EDGE_CURVE('',#6911,#6913,#6915,.T.);
#6911 = VERTEX_POINT('',#6912);
#6912 = CARTESIAN_POINT('',(-1.102E+03,762.,863.));
#6913 = VERTEX_POINT('',#6914);
#6914 = CARTESIAN_POINT('',(-1.102E+03,762.,1.197E+03));
#6915 = LINE('',#6916,#6917);
#6916 = CARTESIAN_POINT('',(-1.102E+03,762.,863.));
#6917 = VECTOR('',#6918,1.);
#6918 = DIRECTION('',(0.,0.,1.));
#6919 = ORIENTED_EDGE('',*,*,#6920,.T.);
#6920 = EDGE_CURVE('',#6911,#6921,#6923,.T.);
#6921 = VERTEX_POINT('',#6922);
#6922 = CARTESIAN_POINT('',(-1.102E+03,238.,863.));
#6923 = LINE('',#6924,#6925);
#6924 = CARTESIAN_POINT('',(-1.102E+03,762.,863.));
#6925 = VECTOR('',#6926,1.);
#6926 = DIRECTION('',(0.,-1.,0.));
#6927 = ORIENTED_EDGE('',*,*,#6928,.T.);
#6928 = EDGE_CURVE('',#6921,#6929,#6931,.T.);
#6929 = VERTEX_POINT('',#6930);
#6930 = CARTESIAN_POINT('',(-1.102E+03,238.,1.197E+03));
#6931 = LINE('',#6932,#6933);
#6932 = CARTESIAN_POINT('',(-1.102E+03,238.,863.));
#6933 = VECTOR('',#6934,1.);
#6934 = DIRECTION('',(0.,0.,1.));
#6935 = ORIENTED_EDGE('',*,*,#6936,.F.);
#6936 = EDGE_CURVE('',#6913,#6929,#6937,.T.);
#6937 = LINE('',#6938,#6939);
#6938 = CARTESIAN_POINT('',(-1.102E+03,762.,1.197E+03));
#6939 = VECTOR('',#6940,1.);
#6940 = DIRECTION('',(0.,-1.,0.));
#6941 = PLANE('',#6942);
#6942 = AXIS2_PLACEMENT_3D('',#6943,#6944,#6945);
#6943 = CARTESIAN_POINT('',(-1.102E+03,762.,863.));
#6944 = DIRECTION('',(-1.,0.,0.));
#6945 = DIRECTION('',(0.,0.,1.));
#6946 = ADVANCED_FACE('',(#6947),#6963,.F.);
#6947 = FACE_BOUND('',#6948,.F.);
#6948 = EDGE_LOOP('',(#6949,#6955,#6956,#6962));
#6949 = ORIENTED_EDGE('',*,*,#6950,.F.);
#6950 = EDGE_CURVE('',#6871,#6911,#6951,.T.);
#6951 = LINE('',#6952,#6953);
#6952 = CARTESIAN_POINT('',(-1.099E+03,762.,863.));
#6953 = VECTOR('',#6954,1.);
#6954 = DIRECTION('',(-1.,0.,0.));
#6955 = ORIENTED_EDGE('',*,*,#6870,.T.);
#6956 = ORIENTED_EDGE('',*,*,#6957,.T.);
#6957 = EDGE_CURVE('',#6873,#6913,#6958,.T.);
#6958 = LINE('',#6959,#6960);
#6959 = CARTESIAN_POINT('',(-1.099E+03,762.,1.197E+03));
#6960 = VECTOR('',#6961,1.);
#6961 = DIRECTION('',(-1.,0.,0.));
#6962 = ORIENTED_EDGE('',*,*,#6910,.F.);
#6963 = PLANE('',#6964);
#6964 = AXIS2_PLACEMENT_3D('',#6965,#6966,#6967);
#6965 = CARTESIAN_POINT('',(-1.099E+03,762.,863.));
#6966 = DIRECTION('',(0.,-1.,0.));
#6967 = DIRECTION('',(0.,0.,1.));
#6968 = ADVANCED_FACE('',(#6969),#6985,.T.);
#6969 = FACE_BOUND('',#6970,.T.);
#6970 = EDGE_LOOP('',(#6971,#6977,#6978,#6984));
#6971 = ORIENTED_EDGE('',*,*,#6972,.F.);
#6972 = EDGE_CURVE('',#6881,#6921,#6973,.T.);
#6973 = LINE('',#6974,#6975);
#6974 = CARTESIAN_POINT('',(-1.099E+03,238.,863.));
#6975 = VECTOR('',#6976,1.);
#6976 = DIRECTION('',(-1.,0.,0.));
#6977 = ORIENTED_EDGE('',*,*,#6888,.T.);
#6978 = ORIENTED_EDGE('',*,*,#6979,.T.);
#6979 = EDGE_CURVE('',#6889,#6929,#6980,.T.);
#6980 = LINE('',#6981,#6982);
#6981 = CARTESIAN_POINT('',(-1.099E+03,238.,1.197E+03));
#6982 = VECTOR('',#6983,1.);
#6983 = DIRECTION('',(-1.,0.,0.));
#6984 = ORIENTED_EDGE('',*,*,#6928,.F.);
#6985 = PLANE('',#6986);
#6986 = AXIS2_PLACEMENT_3D('',#6987,#6988,#6989);
#6987 = CARTESIAN_POINT('',(-1.099E+03,238.,863.));
#6988 = DIRECTION('',(0.,-1.,0.));
#6989 = DIRECTION('',(0.,0.,1.));
#6990 = ADVANCED_FACE('',(#6991),#6997,.F.);
#6991 = FACE_BOUND('',#6992,.F.);
#6992 = EDGE_LOOP('',(#6993,#6994,#6995,#6996));
#6993 = ORIENTED_EDGE('',*,*,#6880,.F.);
#6994 = ORIENTED_EDGE('',*,*,#6950,.T.);
#6995 = ORIENTED_EDGE('',*,*,#6920,.T.);
#6996 = ORIENTED_EDGE('',*,*,#6972,.F.);
#6997 = PLANE('',#6998);
#6998 = AXIS2_PLACEMENT_3D('',#6999,#7000,#7001);
#6999 = CARTESIAN_POINT('',(-1.099E+03,762.,863.));
#7000 = DIRECTION('',(0.,0.,1.));
#7001 = DIRECTION('',(-1.,0.,0.));
#7002 = ADVANCED_FACE('',(#7003),#7009,.T.);
#7003 = FACE_BOUND('',#7004,.T.);
#7004 = EDGE_LOOP('',(#7005,#7006,#7007,#7008));
#7005 = ORIENTED_EDGE('',*,*,#6896,.F.);
#7006 = ORIENTED_EDGE('',*,*,#6957,.T.);
#7007 = ORIENTED_EDGE('',*,*,#6936,.T.);
#7008 = ORIENTED_EDGE('',*,*,#6979,.F.);
#7009 = PLANE('',#7010);
#7010 = AXIS2_PLACEMENT_3D('',#7011,#7012,#7013);
#7011 = CARTESIAN_POINT('',(-1.099E+03,762.,1.197E+03));
#7012 = DIRECTION('',(0.,0.,1.));
#7013 = DIRECTION('',(-1.,0.,0.));
#7014 = MANIFOLD_SOLID_BREP('',#7015);
#7015 = CLOSED_SHELL('',(#7016,#7072,#7103,#7127,#7151,#7176,#7192,#7217
    ,#7236,#7279,#7290));
#7016 = ADVANCED_FACE('',(#7017),#7067,.F.);
#7017 = FACE_BOUND('',#7018,.F.);
#7018 = EDGE_LOOP('',(#7019,#7029,#7037,#7045,#7053,#7061));
#7019 = ORIENTED_EDGE('',*,*,#7020,.F.);
#7020 = EDGE_CURVE('',#7021,#7023,#7025,.T.);
#7021 = VERTEX_POINT('',#7022);
#7022 = CARTESIAN_POINT('',(339.97441116742,1.028852953415E+03,845.));
#7023 = VERTEX_POINT('',#7024);
#7024 = CARTESIAN_POINT('',(339.97441116742,1.028852953415E+03,1.215E+03
    ));
#7025 = LINE('',#7026,#7027);
#7026 = CARTESIAN_POINT('',(339.97441116742,1.028852953415E+03,845.));
#7027 = VECTOR('',#7028,1.);
#7028 = DIRECTION('',(0.,0.,1.));
#7029 = ORIENTED_EDGE('',*,*,#7030,.T.);
#7030 = EDGE_CURVE('',#7021,#7031,#7033,.T.);
#7031 = VERTEX_POINT('',#7032);
#7032 = CARTESIAN_POINT('',(132.81434157309,1.148456875361E+03,845.));
#7033 = LINE('',#7034,#7035);
#7034 = CARTESIAN_POINT('',(339.97441116742,1.028852953415E+03,845.));
#7035 = VECTOR('',#7036,1.);
#7036 = DIRECTION('',(-0.866025403784,0.5,0.));
#7037 = ORIENTED_EDGE('',*,*,#7038,.T.);
#7038 = EDGE_CURVE('',#7031,#7039,#7041,.T.);
#7039 = VERTEX_POINT('',#7040);
#7040 = CARTESIAN_POINT('',(62.16025464247,1.18924903147E+03,845.));
#7041 = LINE('',#7042,#7043);
#7042 = CARTESIAN_POINT('',(339.97441116742,1.028852953415E+03,845.));
#7043 = VECTOR('',#7044,1.);
#7044 = DIRECTION('',(-0.866025403784,0.5,0.));
#7045 = ORIENTED_EDGE('',*,*,#7046,.T.);
#7046 = EDGE_CURVE('',#7039,#7047,#7049,.T.);
#7047 = VERTEX_POINT('',#7048);
#7048 = CARTESIAN_POINT('',(-144.9998149518,1.308852953415E+03,845.));
#7049 = LINE('',#7050,#7051);
#7050 = CARTESIAN_POINT('',(339.97441116742,1.028852953415E+03,845.));
#7051 = VECTOR('',#7052,1.);
#7052 = DIRECTION('',(-0.866025403784,0.5,0.));
#7053 = ORIENTED_EDGE('',*,*,#7054,.T.);
#7054 = EDGE_CURVE('',#7047,#7055,#7057,.T.);
#7055 = VERTEX_POINT('',#7056);
#7056 = CARTESIAN_POINT('',(-144.9998149518,1.308852953415E+03,1.215E+03
    ));
#7057 = LINE('',#7058,#7059);
#7058 = CARTESIAN_POINT('',(-144.9998149518,1.308852953415E+03,845.));
#7059 = VECTOR('',#7060,1.);
#7060 = DIRECTION('',(0.,0.,1.));
#7061 = ORIENTED_EDGE('',*,*,#7062,.F.);
#7062 = EDGE_CURVE('',#7023,#7055,#7063,.T.);
#7063 = LINE('',#7064,#7065);
#7064 = CARTESIAN_POINT('',(339.97441116742,1.028852953415E+03,1.215E+03
    ));
#7065 = VECTOR('',#7066,1.);
#7066 = DIRECTION('',(-0.866025403784,0.5,0.));
#7067 = PLANE('',#7068);
#7068 = AXIS2_PLACEMENT_3D('',#7069,#7070,#7071);
#7069 = CARTESIAN_POINT('',(339.97441116742,1.028852953415E+03,845.));
#7070 = DIRECTION('',(0.5,0.866025403784,0.));
#7071 = DIRECTION('',(0.,0.,1.));
#7072 = ADVANCED_FACE('',(#7073),#7098,.F.);
#7073 = FACE_BOUND('',#7074,.F.);
#7074 = EDGE_LOOP('',(#7075,#7083,#7084,#7092));
#7075 = ORIENTED_EDGE('',*,*,#7076,.F.);
#7076 = EDGE_CURVE('',#7021,#7077,#7079,.T.);
#7077 = VERTEX_POINT('',#7078);
#7078 = CARTESIAN_POINT('',(358.97441116742,1.061761918759E+03,845.));
#7079 = LINE('',#7080,#7081);
#7080 = CARTESIAN_POINT('',(339.97441116742,1.028852953415E+03,845.));
#7081 = VECTOR('',#7082,1.);
#7082 = DIRECTION('',(0.5,0.866025403784,0.));
#7083 = ORIENTED_EDGE('',*,*,#7020,.T.);
#7084 = ORIENTED_EDGE('',*,*,#7085,.T.);
#7085 = EDGE_CURVE('',#7023,#7086,#7088,.T.);
#7086 = VERTEX_POINT('',#7087);
#7087 = CARTESIAN_POINT('',(358.97441116742,1.061761918759E+03,1.215E+03
    ));
#7088 = LINE('',#7089,#7090);
#7089 = CARTESIAN_POINT('',(339.97441116742,1.028852953415E+03,1.215E+03
    ));
#7090 = VECTOR('',#7091,1.);
#7091 = DIRECTION('',(0.5,0.866025403784,0.));
#7092 = ORIENTED_EDGE('',*,*,#7093,.F.);
#7093 = EDGE_CURVE('',#7077,#7086,#7094,.T.);
#7094 = LINE('',#7095,#7096);
#7095 = CARTESIAN_POINT('',(358.97441116742,1.061761918759E+03,845.));
#7096 = VECTOR('',#7097,1.);
#7097 = DIRECTION('',(0.,0.,1.));
#7098 = PLANE('',#7099);
#7099 = AXIS2_PLACEMENT_3D('',#7100,#7101,#7102);
#7100 = CARTESIAN_POINT('',(339.97441116742,1.028852953415E+03,845.));
#7101 = DIRECTION('',(-0.866025403784,0.5,0.));
#7102 = DIRECTION('',(0.,0.,1.));
#7103 = ADVANCED_FACE('',(#7104),#7122,.T.);
#7104 = FACE_BOUND('',#7105,.T.);
#7105 = EDGE_LOOP('',(#7106,#7107,#7108,#7116));
#7106 = ORIENTED_EDGE('',*,*,#7062,.F.);
#7107 = ORIENTED_EDGE('',*,*,#7085,.T.);
#7108 = ORIENTED_EDGE('',*,*,#7109,.T.);
#7109 = EDGE_CURVE('',#7086,#7110,#7112,.T.);
#7110 = VERTEX_POINT('',#7111);
#7111 = CARTESIAN_POINT('',(-125.9998149518,1.341761918759E+03,1.215E+03
    ));
#7112 = LINE('',#7113,#7114);
#7113 = CARTESIAN_POINT('',(358.97441116742,1.061761918759E+03,1.215E+03
    ));
#7114 = VECTOR('',#7115,1.);
#7115 = DIRECTION('',(-0.866025403784,0.5,0.));
#7116 = ORIENTED_EDGE('',*,*,#7117,.F.);
#7117 = EDGE_CURVE('',#7055,#7110,#7118,.T.);
#7118 = LINE('',#7119,#7120);
#7119 = CARTESIAN_POINT('',(-144.9998149518,1.308852953415E+03,1.215E+03
    ));
#7120 = VECTOR('',#7121,1.);
#7121 = DIRECTION('',(0.5,0.866025403784,0.));
#7122 = PLANE('',#7123);
#7123 = AXIS2_PLACEMENT_3D('',#7124,#7125,#7126);
#7124 = CARTESIAN_POINT('',(339.97441116742,1.028852953415E+03,1.215E+03
    ));
#7125 = DIRECTION('',(0.,0.,1.));
#7126 = DIRECTION('',(0.5,0.866025403784,0.));
#7127 = ADVANCED_FACE('',(#7128),#7146,.T.);
#7128 = FACE_BOUND('',#7129,.T.);
#7129 = EDGE_LOOP('',(#7130,#7138,#7139,#7140));
#7130 = ORIENTED_EDGE('',*,*,#7131,.F.);
#7131 = EDGE_CURVE('',#7047,#7132,#7134,.T.);
#7132 = VERTEX_POINT('',#7133);
#7133 = CARTESIAN_POINT('',(-125.9998149518,1.341761918759E+03,845.));
#7134 = LINE('',#7135,#7136);
#7135 = CARTESIAN_POINT('',(-144.9998149518,1.308852953415E+03,845.));
#7136 = VECTOR('',#7137,1.);
#7137 = DIRECTION('',(0.5,0.866025403784,0.));
#7138 = ORIENTED_EDGE('',*,*,#7054,.T.);
#7139 = ORIENTED_EDGE('',*,*,#7117,.T.);
#7140 = ORIENTED_EDGE('',*,*,#7141,.F.);
#7141 = EDGE_CURVE('',#7132,#7110,#7142,.T.);
#7142 = LINE('',#7143,#7144);
#7143 = CARTESIAN_POINT('',(-125.9998149518,1.341761918759E+03,845.));
#7144 = VECTOR('',#7145,1.);
#7145 = DIRECTION('',(0.,0.,1.));
#7146 = PLANE('',#7147);
#7147 = AXIS2_PLACEMENT_3D('',#7148,#7149,#7150);
#7148 = CARTESIAN_POINT('',(-144.9998149518,1.308852953415E+03,845.));
#7149 = DIRECTION('',(-0.866025403784,0.5,0.));
#7150 = DIRECTION('',(0.,0.,1.));
#7151 = ADVANCED_FACE('',(#7152),#7171,.F.);
#7152 = FACE_BOUND('',#7153,.F.);
#7153 = EDGE_LOOP('',(#7154,#7155,#7156,#7164));
#7154 = ORIENTED_EDGE('',*,*,#7030,.F.);
#7155 = ORIENTED_EDGE('',*,*,#7076,.T.);
#7156 = ORIENTED_EDGE('',*,*,#7157,.T.);
#7157 = EDGE_CURVE('',#7077,#7158,#7160,.T.);
#7158 = VERTEX_POINT('',#7159);
#7159 = CARTESIAN_POINT('',(151.81434157309,1.181365840705E+03,845.));
#7160 = LINE('',#7161,#7162);
#7161 = CARTESIAN_POINT('',(358.97441116742,1.061761918759E+03,845.));
#7162 = VECTOR('',#7163,1.);
#7163 = DIRECTION('',(-0.866025403784,0.5,0.));
#7164 = ORIENTED_EDGE('',*,*,#7165,.F.);
#7165 = EDGE_CURVE('',#7031,#7158,#7166,.T.);
#7166 = CIRCLE('',#7167,45.);
#7167 = AXIS2_PLACEMENT_3D('',#7168,#7169,#7170);
#7168 = CARTESIAN_POINT('',(106.98729810778,1.185307436087E+03,845.));
#7169 = DIRECTION('',(0.,0.,1.));
#7170 = DIRECTION('',(1.,0.,0.));
#7171 = PLANE('',#7172);
#7172 = AXIS2_PLACEMENT_3D('',#7173,#7174,#7175);
#7173 = CARTESIAN_POINT('',(339.97441116742,1.028852953415E+03,845.));
#7174 = DIRECTION('',(0.,0.,1.));
#7175 = DIRECTION('',(0.5,0.866025403784,0.));
#7176 = ADVANCED_FACE('',(#7177),#7187,.T.);
#7177 = FACE_BOUND('',#7178,.T.);
#7178 = EDGE_LOOP('',(#7179,#7180));
#7179 = ORIENTED_EDGE('',*,*,#7038,.T.);
#7180 = ORIENTED_EDGE('',*,*,#7181,.T.);
#7181 = EDGE_CURVE('',#7039,#7031,#7182,.T.);
#7182 = CIRCLE('',#7183,45.);
#7183 = AXIS2_PLACEMENT_3D('',#7184,#7185,#7186);
#7184 = CARTESIAN_POINT('',(106.98729810778,1.185307436087E+03,845.));
#7185 = DIRECTION('',(0.,0.,1.));
#7186 = DIRECTION('',(1.,0.,0.));
#7187 = PLANE('',#7188);
#7188 = AXIS2_PLACEMENT_3D('',#7189,#7190,#7191);
#7189 = CARTESIAN_POINT('',(106.98729810778,1.185307436087E+03,845.));
#7190 = DIRECTION('',(0.,0.,1.));
#7191 = DIRECTION('',(1.,0.,0.));
#7192 = ADVANCED_FACE('',(#7193),#7212,.F.);
#7193 = FACE_BOUND('',#7194,.F.);
#7194 = EDGE_LOOP('',(#7195,#7196,#7205,#7211));
#7195 = ORIENTED_EDGE('',*,*,#7046,.F.);
#7196 = ORIENTED_EDGE('',*,*,#7197,.F.);
#7197 = EDGE_CURVE('',#7198,#7039,#7200,.T.);
#7198 = VERTEX_POINT('',#7199);
#7199 = CARTESIAN_POINT('',(81.160254642468,1.222157996813E+03,845.));
#7200 = CIRCLE('',#7201,45.);
#7201 = AXIS2_PLACEMENT_3D('',#7202,#7203,#7204);
#7202 = CARTESIAN_POINT('',(106.98729810778,1.185307436087E+03,845.));
#7203 = DIRECTION('',(0.,0.,1.));
#7204 = DIRECTION('',(1.,0.,0.));
#7205 = ORIENTED_EDGE('',*,*,#7206,.T.);
#7206 = EDGE_CURVE('',#7198,#7132,#7207,.T.);
#7207 = LINE('',#7208,#7209);
#7208 = CARTESIAN_POINT('',(358.97441116742,1.061761918759E+03,845.));
#7209 = VECTOR('',#7210,1.);
#7210 = DIRECTION('',(-0.866025403784,0.5,0.));
#7211 = ORIENTED_EDGE('',*,*,#7131,.F.);
#7212 = PLANE('',#7213);
#7213 = AXIS2_PLACEMENT_3D('',#7214,#7215,#7216);
#7214 = CARTESIAN_POINT('',(339.97441116742,1.028852953415E+03,845.));
#7215 = DIRECTION('',(0.,0.,1.));
#7216 = DIRECTION('',(0.5,0.866025403784,0.));
#7217 = ADVANCED_FACE('',(#7218),#7231,.T.);
#7218 = FACE_BOUND('',#7219,.T.);
#7219 = EDGE_LOOP('',(#7220,#7221,#7222,#7228,#7229,#7230));
#7220 = ORIENTED_EDGE('',*,*,#7093,.F.);
#7221 = ORIENTED_EDGE('',*,*,#7157,.T.);
#7222 = ORIENTED_EDGE('',*,*,#7223,.T.);
#7223 = EDGE_CURVE('',#7158,#7198,#7224,.T.);
#7224 = LINE('',#7225,#7226);
#7225 = CARTESIAN_POINT('',(358.97441116742,1.061761918759E+03,845.));
#7226 = VECTOR('',#7227,1.);
#7227 = DIRECTION('',(-0.866025403784,0.5,0.));
#7228 = ORIENTED_EDGE('',*,*,#7206,.T.);
#7229 = ORIENTED_EDGE('',*,*,#7141,.T.);
#7230 = ORIENTED_EDGE('',*,*,#7109,.F.);
#7231 = PLANE('',#7232);
#7232 = AXIS2_PLACEMENT_3D('',#7233,#7234,#7235);
#7233 = CARTESIAN_POINT('',(358.97441116742,1.061761918759E+03,845.));
#7234 = DIRECTION('',(0.5,0.866025403784,0.));
#7235 = DIRECTION('',(0.,0.,1.));
#7236 = ADVANCED_FACE('',(#7237),#7274,.T.);
#7237 = FACE_BOUND('',#7238,.T.);
#7238 = EDGE_LOOP('',(#7239,#7249,#7256,#7257,#7258,#7259,#7266,#7267));
#7239 = ORIENTED_EDGE('',*,*,#7240,.T.);
#7240 = EDGE_CURVE('',#7241,#7243,#7245,.T.);
#7241 = VERTEX_POINT('',#7242);
#7242 = CARTESIAN_POINT('',(151.98729810778,1.185307436087E+03,750.));
#7243 = VERTEX_POINT('',#7244);
#7244 = CARTESIAN_POINT('',(151.98729810778,1.185307436087E+03,845.));
#7245 = LINE('',#7246,#7247);
#7246 = CARTESIAN_POINT('',(151.98729810778,1.185307436087E+03,750.));
#7247 = VECTOR('',#7248,1.);
#7248 = DIRECTION('',(0.,0.,1.));
#7249 = ORIENTED_EDGE('',*,*,#7250,.F.);
#7250 = EDGE_CURVE('',#7158,#7243,#7251,.T.);
#7251 = CIRCLE('',#7252,45.);
#7252 = AXIS2_PLACEMENT_3D('',#7253,#7254,#7255);
#7253 = CARTESIAN_POINT('',(106.98729810778,1.185307436087E+03,845.));
#7254 = DIRECTION('',(0.,0.,1.));
#7255 = DIRECTION('',(1.,0.,0.));
#7256 = ORIENTED_EDGE('',*,*,#7165,.F.);
#7257 = ORIENTED_EDGE('',*,*,#7181,.F.);
#7258 = ORIENTED_EDGE('',*,*,#7197,.F.);
#7259 = ORIENTED_EDGE('',*,*,#7260,.F.);
#7260 = EDGE_CURVE('',#7243,#7198,#7261,.T.);
#7261 = CIRCLE('',#7262,45.);
#7262 = AXIS2_PLACEMENT_3D('',#7263,#7264,#7265);
#7263 = CARTESIAN_POINT('',(106.98729810778,1.185307436087E+03,845.));
#7264 = DIRECTION('',(0.,0.,1.));
#7265 = DIRECTION('',(1.,0.,0.));
#7266 = ORIENTED_EDGE('',*,*,#7240,.F.);
#7267 = ORIENTED_EDGE('',*,*,#7268,.T.);
#7268 = EDGE_CURVE('',#7241,#7241,#7269,.T.);
#7269 = CIRCLE('',#7270,45.);
#7270 = AXIS2_PLACEMENT_3D('',#7271,#7272,#7273);
#7271 = CARTESIAN_POINT('',(106.98729810778,1.185307436087E+03,750.));
#7272 = DIRECTION('',(0.,0.,1.));
#7273 = DIRECTION('',(1.,0.,0.));
#7274 = CYLINDRICAL_SURFACE('',#7275,45.);
#7275 = AXIS2_PLACEMENT_3D('',#7276,#7277,#7278);
#7276 = CARTESIAN_POINT('',(106.98729810778,1.185307436087E+03,750.));
#7277 = DIRECTION('',(0.,0.,1.));
#7278 = DIRECTION('',(1.,0.,0.));
#7279 = ADVANCED_FACE('',(#7280),#7285,.T.);
#7280 = FACE_BOUND('',#7281,.T.);
#7281 = EDGE_LOOP('',(#7282,#7283,#7284));
#7282 = ORIENTED_EDGE('',*,*,#7250,.T.);
#7283 = ORIENTED_EDGE('',*,*,#7260,.T.);
#7284 = ORIENTED_EDGE('',*,*,#7223,.F.);
#7285 = PLANE('',#7286);
#7286 = AXIS2_PLACEMENT_3D('',#7287,#7288,#7289);
#7287 = CARTESIAN_POINT('',(106.98729810778,1.185307436087E+03,845.));
#7288 = DIRECTION('',(0.,0.,1.));
#7289 = DIRECTION('',(1.,0.,0.));
#7290 = ADVANCED_FACE('',(#7291),#7294,.F.);
#7291 = FACE_BOUND('',#7292,.T.);
#7292 = EDGE_LOOP('',(#7293));
#7293 = ORIENTED_EDGE('',*,*,#7268,.F.);
#7294 = PLANE('',#7295);
#7295 = AXIS2_PLACEMENT_3D('',#7296,#7297,#7298);
#7296 = CARTESIAN_POINT('',(106.98729810778,1.185307436087E+03,750.));
#7297 = DIRECTION('',(0.,0.,1.));
#7298 = DIRECTION('',(1.,0.,0.));
#7299 = MANIFOLD_SOLID_BREP('',#7300);
#7300 = CLOSED_SHELL('',(#7301,#7341,#7381,#7403,#7425,#7437));
#7301 = ADVANCED_FACE('',(#7302),#7336,.F.);
#7302 = FACE_BOUND('',#7303,.F.);
#7303 = EDGE_LOOP('',(#7304,#7314,#7322,#7330));
#7304 = ORIENTED_EDGE('',*,*,#7305,.F.);
#7305 = EDGE_CURVE('',#7306,#7308,#7310,.T.);
#7306 = VERTEX_POINT('',#7307);
#7307 = CARTESIAN_POINT('',(343.3859538993,1.070761918759E+03,863.));
#7308 = VERTEX_POINT('',#7309);
#7309 = CARTESIAN_POINT('',(343.3859538993,1.070761918759E+03,1.197E+03)
  );
#7310 = LINE('',#7311,#7312);
#7311 = CARTESIAN_POINT('',(343.3859538993,1.070761918759E+03,863.));
#7312 = VECTOR('',#7313,1.);
#7313 = DIRECTION('',(0.,0.,1.));
#7314 = ORIENTED_EDGE('',*,*,#7315,.T.);
#7315 = EDGE_CURVE('',#7306,#7316,#7318,.T.);
#7316 = VERTEX_POINT('',#7317);
#7317 = CARTESIAN_POINT('',(-110.4113576837,1.332761918759E+03,863.));
#7318 = LINE('',#7319,#7320);
#7319 = CARTESIAN_POINT('',(343.3859538993,1.070761918759E+03,863.));
#7320 = VECTOR('',#7321,1.);
#7321 = DIRECTION('',(-0.866025403784,0.5,0.));
#7322 = ORIENTED_EDGE('',*,*,#7323,.T.);
#7323 = EDGE_CURVE('',#7316,#7324,#7326,.T.);
#7324 = VERTEX_POINT('',#7325);
#7325 = CARTESIAN_POINT('',(-110.4113576837,1.332761918759E+03,1.197E+03
    ));
#7326 = LINE('',#7327,#7328);
#7327 = CARTESIAN_POINT('',(-110.4113576837,1.332761918759E+03,863.));
#7328 = VECTOR('',#7329,1.);
#7329 = DIRECTION('',(0.,0.,1.));
#7330 = ORIENTED_EDGE('',*,*,#7331,.F.);
#7331 = EDGE_CURVE('',#7308,#7324,#7332,.T.);
#7332 = LINE('',#7333,#7334);
#7333 = CARTESIAN_POINT('',(343.3859538993,1.070761918759E+03,1.197E+03)
  );
#7334 = VECTOR('',#7335,1.);
#7335 = DIRECTION('',(-0.866025403784,0.5,0.));
#7336 = PLANE('',#7337);
#7337 = AXIS2_PLACEMENT_3D('',#7338,#7339,#7340);
#7338 = CARTESIAN_POINT('',(343.3859538993,1.070761918759E+03,863.));
#7339 = DIRECTION('',(0.5,0.866025403784,0.));
#7340 = DIRECTION('',(0.,0.,1.));
#7341 = ADVANCED_FACE('',(#7342),#7376,.T.);
#7342 = FACE_BOUND('',#7343,.T.);
#7343 = EDGE_LOOP('',(#7344,#7354,#7362,#7370));
#7344 = ORIENTED_EDGE('',*,*,#7345,.F.);
#7345 = EDGE_CURVE('',#7346,#7348,#7350,.T.);
#7346 = VERTEX_POINT('',#7347);
#7347 = CARTESIAN_POINT('',(344.8859538993,1.07335999497E+03,863.));
#7348 = VERTEX_POINT('',#7349);
#7349 = CARTESIAN_POINT('',(344.8859538993,1.07335999497E+03,1.197E+03)
  );
#7350 = LINE('',#7351,#7352);
#7351 = CARTESIAN_POINT('',(344.8859538993,1.07335999497E+03,863.));
#7352 = VECTOR('',#7353,1.);
#7353 = DIRECTION('',(0.,0.,1.));
#7354 = ORIENTED_EDGE('',*,*,#7355,.T.);
#7355 = EDGE_CURVE('',#7346,#7356,#7358,.T.);
#7356 = VERTEX_POINT('',#7357);
#7357 = CARTESIAN_POINT('',(-108.9113576837,1.33535999497E+03,863.));
#7358 = LINE('',#7359,#7360);
#7359 = CARTESIAN_POINT('',(344.8859538993,1.07335999497E+03,863.));
#7360 = VECTOR('',#7361,1.);
#7361 = DIRECTION('',(-0.866025403784,0.5,0.));
#7362 = ORIENTED_EDGE('',*,*,#7363,.T.);
#7363 = EDGE_CURVE('',#7356,#7364,#7366,.T.);
#7364 = VERTEX_POINT('',#7365);
#7365 = CARTESIAN_POINT('',(-108.9113576837,1.33535999497E+03,1.197E+03)
  );
#7366 = LINE('',#7367,#7368);
#7367 = CARTESIAN_POINT('',(-108.9113576837,1.33535999497E+03,863.));
#7368 = VECTOR('',#7369,1.);
#7369 = DIRECTION('',(0.,0.,1.));
#7370 = ORIENTED_EDGE('',*,*,#7371,.F.);
#7371 = EDGE_CURVE('',#7348,#7364,#7372,.T.);
#7372 = LINE('',#7373,#7374);
#7373 = CARTESIAN_POINT('',(344.8859538993,1.07335999497E+03,1.197E+03)
  );
#7374 = VECTOR('',#7375,1.);
#7375 = DIRECTION('',(-0.866025403784,0.5,0.));
#7376 = PLANE('',#7377);
#7377 = AXIS2_PLACEMENT_3D('',#7378,#7379,#7380);
#7378 = CARTESIAN_POINT('',(344.8859538993,1.07335999497E+03,863.));
#7379 = DIRECTION('',(0.5,0.866025403784,0.));
#7380 = DIRECTION('',(0.,0.,1.));
#7381 = ADVANCED_FACE('',(#7382),#7398,.F.);
#7382 = FACE_BOUND('',#7383,.F.);
#7383 = EDGE_LOOP('',(#7384,#7390,#7391,#7397));
#7384 = ORIENTED_EDGE('',*,*,#7385,.F.);
#7385 = EDGE_CURVE('',#7306,#7346,#7386,.T.);
#7386 = LINE('',#7387,#7388);
#7387 = CARTESIAN_POINT('',(343.3859538993,1.070761918759E+03,863.));
#7388 = VECTOR('',#7389,1.);
#7389 = DIRECTION('',(0.5,0.866025403784,0.));
#7390 = ORIENTED_EDGE('',*,*,#7305,.T.);
#7391 = ORIENTED_EDGE('',*,*,#7392,.T.);
#7392 = EDGE_CURVE('',#7308,#7348,#7393,.T.);
#7393 = LINE('',#7394,#7395);
#7394 = CARTESIAN_POINT('',(343.3859538993,1.070761918759E+03,1.197E+03)
  );
#7395 = VECTOR('',#7396,1.);
#7396 = DIRECTION('',(0.5,0.866025403784,0.));
#7397 = ORIENTED_EDGE('',*,*,#7345,.F.);
#7398 = PLANE('',#7399);
#7399 = AXIS2_PLACEMENT_3D('',#7400,#7401,#7402);
#7400 = CARTESIAN_POINT('',(343.3859538993,1.070761918759E+03,863.));
#7401 = DIRECTION('',(-0.866025403784,0.5,0.));
#7402 = DIRECTION('',(0.,0.,1.));
#7403 = ADVANCED_FACE('',(#7404),#7420,.T.);
#7404 = FACE_BOUND('',#7405,.T.);
#7405 = EDGE_LOOP('',(#7406,#7412,#7413,#7419));
#7406 = ORIENTED_EDGE('',*,*,#7407,.F.);
#7407 = EDGE_CURVE('',#7316,#7356,#7408,.T.);
#7408 = LINE('',#7409,#7410);
#7409 = CARTESIAN_POINT('',(-110.4113576837,1.332761918759E+03,863.));
#7410 = VECTOR('',#7411,1.);
#7411 = DIRECTION('',(0.5,0.866025403784,0.));
#7412 = ORIENTED_EDGE('',*,*,#7323,.T.);
#7413 = ORIENTED_EDGE('',*,*,#7414,.T.);
#7414 = EDGE_CURVE('',#7324,#7364,#7415,.T.);
#7415 = LINE('',#7416,#7417);
#7416 = CARTESIAN_POINT('',(-110.4113576837,1.332761918759E+03,1.197E+03
    ));
#7417 = VECTOR('',#7418,1.);
#7418 = DIRECTION('',(0.5,0.866025403784,0.));
#7419 = ORIENTED_EDGE('',*,*,#7363,.F.);
#7420 = PLANE('',#7421);
#7421 = AXIS2_PLACEMENT_3D('',#7422,#7423,#7424);
#7422 = CARTESIAN_POINT('',(-110.4113576837,1.332761918759E+03,863.));
#7423 = DIRECTION('',(-0.866025403784,0.5,0.));
#7424 = DIRECTION('',(0.,0.,1.));
#7425 = ADVANCED_FACE('',(#7426),#7432,.F.);
#7426 = FACE_BOUND('',#7427,.F.);
#7427 = EDGE_LOOP('',(#7428,#7429,#7430,#7431));
#7428 = ORIENTED_EDGE('',*,*,#7315,.F.);
#7429 = ORIENTED_EDGE('',*,*,#7385,.T.);
#7430 = ORIENTED_EDGE('',*,*,#7355,.T.);
#7431 = ORIENTED_EDGE('',*,*,#7407,.F.);
#7432 = PLANE('',#7433);
#7433 = AXIS2_PLACEMENT_3D('',#7434,#7435,#7436);
#7434 = CARTESIAN_POINT('',(343.3859538993,1.070761918759E+03,863.));
#7435 = DIRECTION('',(0.,0.,1.));
#7436 = DIRECTION('',(0.5,0.866025403784,0.));
#7437 = ADVANCED_FACE('',(#7438),#7444,.T.);
#7438 = FACE_BOUND('',#7439,.T.);
#7439 = EDGE_LOOP('',(#7440,#7441,#7442,#7443));
#7440 = ORIENTED_EDGE('',*,*,#7331,.F.);
#7441 = ORIENTED_EDGE('',*,*,#7392,.T.);
#7442 = ORIENTED_EDGE('',*,*,#7371,.T.);
#7443 = ORIENTED_EDGE('',*,*,#7414,.F.);
#7444 = PLANE('',#7445);
#7445 = AXIS2_PLACEMENT_3D('',#7446,#7447,#7448);
#7446 = CARTESIAN_POINT('',(343.3859538993,1.070761918759E+03,1.197E+03)
  );
#7447 = DIRECTION('',(0.,0.,1.));
#7448 = DIRECTION('',(0.5,0.866025403784,0.));
#7449 = MANIFOLD_SOLID_BREP('',#7450);
#7450 = CLOSED_SHELL('',(#7451,#7507,#7538,#7562,#7586,#7611,#7636,#7661
    ,#7680,#7715,#7725));
#7451 = ADVANCED_FACE('',(#7452),#7502,.F.);
#7452 = FACE_BOUND('',#7453,.F.);
#7453 = EDGE_LOOP('',(#7454,#7464,#7472,#7480,#7488,#7496));
#7454 = ORIENTED_EDGE('',*,*,#7455,.F.);
#7455 = EDGE_CURVE('',#7456,#7458,#7460,.T.);
#7456 = VERTEX_POINT('',#7457);
#7457 = CARTESIAN_POINT('',(-569.4582562299,-336.3306325798,845.));
#7458 = VERTEX_POINT('',#7459);
#7459 = CARTESIAN_POINT('',(-569.4582562299,-336.3306325798,1.215E+03));
#7460 = LINE('',#7461,#7462);
#7461 = CARTESIAN_POINT('',(-569.4582562299,-336.3306325798,845.));
#7462 = VECTOR('',#7463,1.);
#7463 = DIRECTION('',(0.,0.,1.));
#7464 = ORIENTED_EDGE('',*,*,#7465,.T.);
#7465 = EDGE_CURVE('',#7456,#7466,#7468,.T.);
#7466 = VERTEX_POINT('',#7467);
#7467 = CARTESIAN_POINT('',(-323.3270434653,-478.4345545254,845.));
#7468 = LINE('',#7469,#7470);
#7469 = CARTESIAN_POINT('',(-569.4582562299,-336.3306325798,845.));
#7470 = VECTOR('',#7471,1.);
#7471 = DIRECTION('',(0.866025403784,-0.5,0.));
#7472 = ORIENTED_EDGE('',*,*,#7473,.T.);
#7473 = EDGE_CURVE('',#7466,#7474,#7476,.T.);
#7474 = VERTEX_POINT('',#7475);
#7475 = CARTESIAN_POINT('',(-252.6729565346,-519.2267106342,845.));
#7476 = LINE('',#7477,#7478);
#7477 = CARTESIAN_POINT('',(-569.4582562299,-336.3306325798,845.));
#7478 = VECTOR('',#7479,1.);
#7479 = DIRECTION('',(0.866025403784,-0.5,0.));
#7480 = ORIENTED_EDGE('',*,*,#7481,.T.);
#7481 = EDGE_CURVE('',#7474,#7482,#7484,.T.);
#7482 = VERTEX_POINT('',#7483);
#7483 = CARTESIAN_POINT('',(-6.541743770058,-661.3306325798,845.));
#7484 = LINE('',#7485,#7486);
#7485 = CARTESIAN_POINT('',(-569.4582562299,-336.3306325798,845.));
#7486 = VECTOR('',#7487,1.);
#7487 = DIRECTION('',(0.866025403784,-0.5,0.));
#7488 = ORIENTED_EDGE('',*,*,#7489,.T.);
#7489 = EDGE_CURVE('',#7482,#7490,#7492,.T.);
#7490 = VERTEX_POINT('',#7491);
#7491 = CARTESIAN_POINT('',(-6.541743770058,-661.3306325798,1.215E+03));
#7492 = LINE('',#7493,#7494);
#7493 = CARTESIAN_POINT('',(-6.541743770058,-661.3306325798,845.));
#7494 = VECTOR('',#7495,1.);
#7495 = DIRECTION('',(0.,0.,1.));
#7496 = ORIENTED_EDGE('',*,*,#7497,.F.);
#7497 = EDGE_CURVE('',#7458,#7490,#7498,.T.);
#7498 = LINE('',#7499,#7500);
#7499 = CARTESIAN_POINT('',(-569.4582562299,-336.3306325798,1.215E+03));
#7500 = VECTOR('',#7501,1.);
#7501 = DIRECTION('',(0.866025403784,-0.5,0.));
#7502 = PLANE('',#7503);
#7503 = AXIS2_PLACEMENT_3D('',#7504,#7505,#7506);
#7504 = CARTESIAN_POINT('',(-569.4582562299,-336.3306325798,845.));
#7505 = DIRECTION('',(-0.5,-0.866025403784,0.));
#7506 = DIRECTION('',(0.,0.,1.));
#7507 = ADVANCED_FACE('',(#7508),#7533,.F.);
#7508 = FACE_BOUND('',#7509,.F.);
#7509 = EDGE_LOOP('',(#7510,#7518,#7519,#7527));
#7510 = ORIENTED_EDGE('',*,*,#7511,.F.);
#7511 = EDGE_CURVE('',#7456,#7512,#7514,.T.);
#7512 = VERTEX_POINT('',#7513);
#7513 = CARTESIAN_POINT('',(-588.4582562299,-369.2395979236,845.));
#7514 = LINE('',#7515,#7516);
#7515 = CARTESIAN_POINT('',(-569.4582562299,-336.3306325798,845.));
#7516 = VECTOR('',#7517,1.);
#7517 = DIRECTION('',(-0.5,-0.866025403784,0.));
#7518 = ORIENTED_EDGE('',*,*,#7455,.T.);
#7519 = ORIENTED_EDGE('',*,*,#7520,.T.);
#7520 = EDGE_CURVE('',#7458,#7521,#7523,.T.);
#7521 = VERTEX_POINT('',#7522);
#7522 = CARTESIAN_POINT('',(-588.4582562299,-369.2395979236,1.215E+03));
#7523 = LINE('',#7524,#7525);
#7524 = CARTESIAN_POINT('',(-569.4582562299,-336.3306325798,1.215E+03));
#7525 = VECTOR('',#7526,1.);
#7526 = DIRECTION('',(-0.5,-0.866025403784,0.));
#7527 = ORIENTED_EDGE('',*,*,#7528,.F.);
#7528 = EDGE_CURVE('',#7512,#7521,#7529,.T.);
#7529 = LINE('',#7530,#7531);
#7530 = CARTESIAN_POINT('',(-588.4582562299,-369.2395979236,845.));
#7531 = VECTOR('',#7532,1.);
#7532 = DIRECTION('',(0.,0.,1.));
#7533 = PLANE('',#7534);
#7534 = AXIS2_PLACEMENT_3D('',#7535,#7536,#7537);
#7535 = CARTESIAN_POINT('',(-569.4582562299,-336.3306325798,845.));
#7536 = DIRECTION('',(0.866025403784,-0.5,0.));
#7537 = DIRECTION('',(0.,0.,1.));
#7538 = ADVANCED_FACE('',(#7539),#7557,.T.);
#7539 = FACE_BOUND('',#7540,.T.);
#7540 = EDGE_LOOP('',(#7541,#7542,#7543,#7551));
#7541 = ORIENTED_EDGE('',*,*,#7497,.F.);
#7542 = ORIENTED_EDGE('',*,*,#7520,.T.);
#7543 = ORIENTED_EDGE('',*,*,#7544,.T.);
#7544 = EDGE_CURVE('',#7521,#7545,#7547,.T.);
#7545 = VERTEX_POINT('',#7546);
#7546 = CARTESIAN_POINT('',(-25.54174377005,-694.2395979236,1.215E+03));
#7547 = LINE('',#7548,#7549);
#7548 = CARTESIAN_POINT('',(-588.4582562299,-369.2395979236,1.215E+03));
#7549 = VECTOR('',#7550,1.);
#7550 = DIRECTION('',(0.866025403784,-0.5,0.));
#7551 = ORIENTED_EDGE('',*,*,#7552,.F.);
#7552 = EDGE_CURVE('',#7490,#7545,#7553,.T.);
#7553 = LINE('',#7554,#7555);
#7554 = CARTESIAN_POINT('',(-6.541743770058,-661.3306325798,1.215E+03));
#7555 = VECTOR('',#7556,1.);
#7556 = DIRECTION('',(-0.5,-0.866025403784,0.));
#7557 = PLANE('',#7558);
#7558 = AXIS2_PLACEMENT_3D('',#7559,#7560,#7561);
#7559 = CARTESIAN_POINT('',(-569.4582562299,-336.3306325798,1.215E+03));
#7560 = DIRECTION('',(0.,0.,1.));
#7561 = DIRECTION('',(-0.5,-0.866025403784,0.));
#7562 = ADVANCED_FACE('',(#7563),#7581,.T.);
#7563 = FACE_BOUND('',#7564,.T.);
#7564 = EDGE_LOOP('',(#7565,#7573,#7574,#7575));
#7565 = ORIENTED_EDGE('',*,*,#7566,.F.);
#7566 = EDGE_CURVE('',#7482,#7567,#7569,.T.);
#7567 = VERTEX_POINT('',#7568);
#7568 = CARTESIAN_POINT('',(-25.54174377005,-694.2395979236,845.));
#7569 = LINE('',#7570,#7571);
#7570 = CARTESIAN_POINT('',(-6.541743770058,-661.3306325798,845.));
#7571 = VECTOR('',#7572,1.);
#7572 = DIRECTION('',(-0.5,-0.866025403784,0.));
#7573 = ORIENTED_EDGE('',*,*,#7489,.T.);
#7574 = ORIENTED_EDGE('',*,*,#7552,.T.);
#7575 = ORIENTED_EDGE('',*,*,#7576,.F.);
#7576 = EDGE_CURVE('',#7567,#7545,#7577,.T.);
#7577 = LINE('',#7578,#7579);
#7578 = CARTESIAN_POINT('',(-25.54174377005,-694.2395979236,845.));
#7579 = VECTOR('',#7580,1.);
#7580 = DIRECTION('',(0.,0.,1.));
#7581 = PLANE('',#7582);
#7582 = AXIS2_PLACEMENT_3D('',#7583,#7584,#7585);
#7583 = CARTESIAN_POINT('',(-6.541743770058,-661.3306325798,845.));
#7584 = DIRECTION('',(0.866025403784,-0.5,0.));
#7585 = DIRECTION('',(0.,0.,1.));
#7586 = ADVANCED_FACE('',(#7587),#7606,.F.);
#7587 = FACE_BOUND('',#7588,.F.);
#7588 = EDGE_LOOP('',(#7589,#7590,#7591,#7599));
#7589 = ORIENTED_EDGE('',*,*,#7465,.F.);
#7590 = ORIENTED_EDGE('',*,*,#7511,.T.);
#7591 = ORIENTED_EDGE('',*,*,#7592,.T.);
#7592 = EDGE_CURVE('',#7512,#7593,#7595,.T.);
#7593 = VERTEX_POINT('',#7594);
#7594 = CARTESIAN_POINT('',(-342.3270434653,-511.3435198692,845.));
#7595 = LINE('',#7596,#7597);
#7596 = CARTESIAN_POINT('',(-588.4582562299,-369.2395979236,845.));
#7597 = VECTOR('',#7598,1.);
#7598 = DIRECTION('',(0.866025403784,-0.5,0.));
#7599 = ORIENTED_EDGE('',*,*,#7600,.F.);
#7600 = EDGE_CURVE('',#7466,#7593,#7601,.T.);
#7601 = CIRCLE('',#7602,45.);
#7602 = AXIS2_PLACEMENT_3D('',#7603,#7604,#7605);
#7603 = CARTESIAN_POINT('',(-297.5,-515.2851152517,845.));
#7604 = DIRECTION('',(0.,0.,1.));
#7605 = DIRECTION('',(1.,0.,0.));
#7606 = PLANE('',#7607);
#7607 = AXIS2_PLACEMENT_3D('',#7608,#7609,#7610);
#7608 = CARTESIAN_POINT('',(-569.4582562299,-336.3306325798,845.));
#7609 = DIRECTION('',(0.,0.,1.));
#7610 = DIRECTION('',(-0.5,-0.866025403784,0.));
#7611 = ADVANCED_FACE('',(#7612),#7631,.T.);
#7612 = FACE_BOUND('',#7613,.T.);
#7613 = EDGE_LOOP('',(#7614,#7623,#7630));
#7614 = ORIENTED_EDGE('',*,*,#7615,.T.);
#7615 = EDGE_CURVE('',#7474,#7616,#7618,.T.);
#7616 = VERTEX_POINT('',#7617);
#7617 = CARTESIAN_POINT('',(-252.5,-515.2851152517,845.));
#7618 = CIRCLE('',#7619,45.);
#7619 = AXIS2_PLACEMENT_3D('',#7620,#7621,#7622);
#7620 = CARTESIAN_POINT('',(-297.5,-515.2851152517,845.));
#7621 = DIRECTION('',(0.,0.,1.));
#7622 = DIRECTION('',(1.,0.,0.));
#7623 = ORIENTED_EDGE('',*,*,#7624,.T.);
#7624 = EDGE_CURVE('',#7616,#7466,#7625,.T.);
#7625 = CIRCLE('',#7626,45.);
#7626 = AXIS2_PLACEMENT_3D('',#7627,#7628,#7629);
#7627 = CARTESIAN_POINT('',(-297.5,-515.2851152517,845.));
#7628 = DIRECTION('',(0.,0.,1.));
#7629 = DIRECTION('',(1.,0.,0.));
#7630 = ORIENTED_EDGE('',*,*,#7473,.T.);
#7631 = PLANE('',#7632);
#7632 = AXIS2_PLACEMENT_3D('',#7633,#7634,#7635);
#7633 = CARTESIAN_POINT('',(-297.5,-515.2851152517,845.));
#7634 = DIRECTION('',(0.,0.,1.));
#7635 = DIRECTION('',(1.,0.,0.));
#7636 = ADVANCED_FACE('',(#7637),#7656,.F.);
#7637 = FACE_BOUND('',#7638,.F.);
#7638 = EDGE_LOOP('',(#7639,#7640,#7649,#7655));
#7639 = ORIENTED_EDGE('',*,*,#7481,.F.);
#7640 = ORIENTED_EDGE('',*,*,#7641,.F.);
#7641 = EDGE_CURVE('',#7642,#7474,#7644,.T.);
#7642 = VERTEX_POINT('',#7643);
#7643 = CARTESIAN_POINT('',(-271.6729565346,-552.135675978,845.));
#7644 = CIRCLE('',#7645,45.);
#7645 = AXIS2_PLACEMENT_3D('',#7646,#7647,#7648);
#7646 = CARTESIAN_POINT('',(-297.5,-515.2851152517,845.));
#7647 = DIRECTION('',(0.,0.,1.));
#7648 = DIRECTION('',(1.,0.,0.));
#7649 = ORIENTED_EDGE('',*,*,#7650,.T.);
#7650 = EDGE_CURVE('',#7642,#7567,#7651,.T.);
#7651 = LINE('',#7652,#7653);
#7652 = CARTESIAN_POINT('',(-588.4582562299,-369.2395979236,845.));
#7653 = VECTOR('',#7654,1.);
#7654 = DIRECTION('',(0.866025403784,-0.5,0.));
#7655 = ORIENTED_EDGE('',*,*,#7566,.F.);
#7656 = PLANE('',#7657);
#7657 = AXIS2_PLACEMENT_3D('',#7658,#7659,#7660);
#7658 = CARTESIAN_POINT('',(-569.4582562299,-336.3306325798,845.));
#7659 = DIRECTION('',(0.,0.,1.));
#7660 = DIRECTION('',(-0.5,-0.866025403784,0.));
#7661 = ADVANCED_FACE('',(#7662),#7675,.T.);
#7662 = FACE_BOUND('',#7663,.T.);
#7663 = EDGE_LOOP('',(#7664,#7665,#7666,#7672,#7673,#7674));
#7664 = ORIENTED_EDGE('',*,*,#7528,.F.);
#7665 = ORIENTED_EDGE('',*,*,#7592,.T.);
#7666 = ORIENTED_EDGE('',*,*,#7667,.T.);
#7667 = EDGE_CURVE('',#7593,#7642,#7668,.T.);
#7668 = LINE('',#7669,#7670);
#7669 = CARTESIAN_POINT('',(-588.4582562299,-369.2395979236,845.));
#7670 = VECTOR('',#7671,1.);
#7671 = DIRECTION('',(0.866025403784,-0.5,0.));
#7672 = ORIENTED_EDGE('',*,*,#7650,.T.);
#7673 = ORIENTED_EDGE('',*,*,#7576,.T.);
#7674 = ORIENTED_EDGE('',*,*,#7544,.F.);
#7675 = PLANE('',#7676);
#7676 = AXIS2_PLACEMENT_3D('',#7677,#7678,#7679);
#7677 = CARTESIAN_POINT('',(-588.4582562299,-369.2395979236,845.));
#7678 = DIRECTION('',(-0.5,-0.866025403784,0.));
#7679 = DIRECTION('',(0.,0.,1.));
#7680 = ADVANCED_FACE('',(#7681),#7710,.T.);
#7681 = FACE_BOUND('',#7682,.T.);
#7682 = EDGE_LOOP('',(#7683,#7691,#7692,#7693,#7700,#7701,#7702,#7703));
#7683 = ORIENTED_EDGE('',*,*,#7684,.T.);
#7684 = EDGE_CURVE('',#7685,#7616,#7687,.T.);
#7685 = VERTEX_POINT('',#7686);
#7686 = CARTESIAN_POINT('',(-252.5,-515.2851152517,750.));
#7687 = LINE('',#7688,#7689);
#7688 = CARTESIAN_POINT('',(-252.5,-515.2851152517,750.));
#7689 = VECTOR('',#7690,1.);
#7690 = DIRECTION('',(0.,0.,1.));
#7691 = ORIENTED_EDGE('',*,*,#7615,.F.);
#7692 = ORIENTED_EDGE('',*,*,#7641,.F.);
#7693 = ORIENTED_EDGE('',*,*,#7694,.F.);
#7694 = EDGE_CURVE('',#7593,#7642,#7695,.T.);
#7695 = CIRCLE('',#7696,45.);
#7696 = AXIS2_PLACEMENT_3D('',#7697,#7698,#7699);
#7697 = CARTESIAN_POINT('',(-297.5,-515.2851152517,845.));
#7698 = DIRECTION('',(0.,0.,1.));
#7699 = DIRECTION('',(1.,0.,0.));
#7700 = ORIENTED_EDGE('',*,*,#7600,.F.);
#7701 = ORIENTED_EDGE('',*,*,#7624,.F.);
#7702 = ORIENTED_EDGE('',*,*,#7684,.F.);
#7703 = ORIENTED_EDGE('',*,*,#7704,.T.);
#7704 = EDGE_CURVE('',#7685,#7685,#7705,.T.);
#7705 = CIRCLE('',#7706,45.);
#7706 = AXIS2_PLACEMENT_3D('',#7707,#7708,#7709);
#7707 = CARTESIAN_POINT('',(-297.5,-515.2851152517,750.));
#7708 = DIRECTION('',(0.,0.,1.));
#7709 = DIRECTION('',(1.,0.,0.));
#7710 = CYLINDRICAL_SURFACE('',#7711,45.);
#7711 = AXIS2_PLACEMENT_3D('',#7712,#7713,#7714);
#7712 = CARTESIAN_POINT('',(-297.5,-515.2851152517,750.));
#7713 = DIRECTION('',(0.,0.,1.));
#7714 = DIRECTION('',(1.,0.,0.));
#7715 = ADVANCED_FACE('',(#7716),#7720,.T.);
#7716 = FACE_BOUND('',#7717,.T.);
#7717 = EDGE_LOOP('',(#7718,#7719));
#7718 = ORIENTED_EDGE('',*,*,#7667,.F.);
#7719 = ORIENTED_EDGE('',*,*,#7694,.T.);
#7720 = PLANE('',#7721);
#7721 = AXIS2_PLACEMENT_3D('',#7722,#7723,#7724);
#7722 = CARTESIAN_POINT('',(-297.5,-515.2851152517,845.));
#7723 = DIRECTION('',(0.,0.,1.));
#7724 = DIRECTION('',(1.,0.,0.));
#7725 = ADVANCED_FACE('',(#7726),#7729,.F.);
#7726 = FACE_BOUND('',#7727,.T.);
#7727 = EDGE_LOOP('',(#7728));
#7728 = ORIENTED_EDGE('',*,*,#7704,.F.);
#7729 = PLANE('',#7730);
#7730 = AXIS2_PLACEMENT_3D('',#7731,#7732,#7733);
#7731 = CARTESIAN_POINT('',(-297.5,-515.2851152517,750.));
#7732 = DIRECTION('',(0.,0.,1.));
#7733 = DIRECTION('',(1.,0.,0.));
#7734 = MANIFOLD_SOLID_BREP('',#7735);
#7735 = CLOSED_SHELL('',(#7736,#7776,#7816,#7838,#7860,#7872));
#7736 = ADVANCED_FACE('',(#7737),#7771,.F.);
#7737 = FACE_BOUND('',#7738,.F.);
#7738 = EDGE_LOOP('',(#7739,#7749,#7757,#7765));
#7739 = ORIENTED_EDGE('',*,*,#7740,.F.);
#7740 = EDGE_CURVE('',#7741,#7743,#7745,.T.);
#7741 = VERTEX_POINT('',#7742);
#7742 = CARTESIAN_POINT('',(-572.8697989618,-378.2395979236,863.));
#7743 = VERTEX_POINT('',#7744);
#7744 = CARTESIAN_POINT('',(-572.8697989618,-378.2395979236,1.197E+03));
#7745 = LINE('',#7746,#7747);
#7746 = CARTESIAN_POINT('',(-572.8697989618,-378.2395979236,863.));
#7747 = VECTOR('',#7748,1.);
#7748 = DIRECTION('',(0.,0.,1.));
#7749 = ORIENTED_EDGE('',*,*,#7750,.T.);
#7750 = EDGE_CURVE('',#7741,#7751,#7753,.T.);
#7751 = VERTEX_POINT('',#7752);
#7752 = CARTESIAN_POINT('',(-41.13020103817,-685.2395979236,863.));
#7753 = LINE('',#7754,#7755);
#7754 = CARTESIAN_POINT('',(-572.8697989618,-378.2395979236,863.));
#7755 = VECTOR('',#7756,1.);
#7756 = DIRECTION('',(0.866025403784,-0.5,0.));
#7757 = ORIENTED_EDGE('',*,*,#7758,.T.);
#7758 = EDGE_CURVE('',#7751,#7759,#7761,.T.);
#7759 = VERTEX_POINT('',#7760);
#7760 = CARTESIAN_POINT('',(-41.13020103817,-685.2395979236,1.197E+03));
#7761 = LINE('',#7762,#7763);
#7762 = CARTESIAN_POINT('',(-41.13020103817,-685.2395979236,863.));
#7763 = VECTOR('',#7764,1.);
#7764 = DIRECTION('',(0.,0.,1.));
#7765 = ORIENTED_EDGE('',*,*,#7766,.F.);
#7766 = EDGE_CURVE('',#7743,#7759,#7767,.T.);
#7767 = LINE('',#7768,#7769);
#7768 = CARTESIAN_POINT('',(-572.8697989618,-378.2395979236,1.197E+03));
#7769 = VECTOR('',#7770,1.);
#7770 = DIRECTION('',(0.866025403784,-0.5,0.));
#7771 = PLANE('',#7772);
#7772 = AXIS2_PLACEMENT_3D('',#7773,#7774,#7775);
#7773 = CARTESIAN_POINT('',(-572.8697989618,-378.2395979236,863.));
#7774 = DIRECTION('',(-0.5,-0.866025403784,0.));
#7775 = DIRECTION('',(0.,0.,1.));
#7776 = ADVANCED_FACE('',(#7777),#7811,.T.);
#7777 = FACE_BOUND('',#7778,.T.);
#7778 = EDGE_LOOP('',(#7779,#7789,#7797,#7805));
#7779 = ORIENTED_EDGE('',*,*,#7780,.F.);
#7780 = EDGE_CURVE('',#7781,#7783,#7785,.T.);
#7781 = VERTEX_POINT('',#7782);
#7782 = CARTESIAN_POINT('',(-574.3697989618,-380.8376741349,863.));
#7783 = VERTEX_POINT('',#7784);
#7784 = CARTESIAN_POINT('',(-574.3697989618,-380.8376741349,1.197E+03));
#7785 = LINE('',#7786,#7787);
#7786 = CARTESIAN_POINT('',(-574.3697989618,-380.8376741349,863.));
#7787 = VECTOR('',#7788,1.);
#7788 = DIRECTION('',(0.,0.,1.));
#7789 = ORIENTED_EDGE('',*,*,#7790,.T.);
#7790 = EDGE_CURVE('',#7781,#7791,#7793,.T.);
#7791 = VERTEX_POINT('',#7792);
#7792 = CARTESIAN_POINT('',(-42.63020103817,-687.8376741349,863.));
#7793 = LINE('',#7794,#7795);
#7794 = CARTESIAN_POINT('',(-574.3697989618,-380.8376741349,863.));
#7795 = VECTOR('',#7796,1.);
#7796 = DIRECTION('',(0.866025403784,-0.5,0.));
#7797 = ORIENTED_EDGE('',*,*,#7798,.T.);
#7798 = EDGE_CURVE('',#7791,#7799,#7801,.T.);
#7799 = VERTEX_POINT('',#7800);
#7800 = CARTESIAN_POINT('',(-42.63020103817,-687.8376741349,1.197E+03));
#7801 = LINE('',#7802,#7803);
#7802 = CARTESIAN_POINT('',(-42.63020103817,-687.8376741349,863.));
#7803 = VECTOR('',#7804,1.);
#7804 = DIRECTION('',(0.,0.,1.));
#7805 = ORIENTED_EDGE('',*,*,#7806,.F.);
#7806 = EDGE_CURVE('',#7783,#7799,#7807,.T.);
#7807 = LINE('',#7808,#7809);
#7808 = CARTESIAN_POINT('',(-574.3697989618,-380.8376741349,1.197E+03));
#7809 = VECTOR('',#7810,1.);
#7810 = DIRECTION('',(0.866025403784,-0.5,0.));
#7811 = PLANE('',#7812);
#7812 = AXIS2_PLACEMENT_3D('',#7813,#7814,#7815);
#7813 = CARTESIAN_POINT('',(-574.3697989618,-380.8376741349,863.));
#7814 = DIRECTION('',(-0.5,-0.866025403784,0.));
#7815 = DIRECTION('',(0.,0.,1.));
#7816 = ADVANCED_FACE('',(#7817),#7833,.F.);
#7817 = FACE_BOUND('',#7818,.F.);
#7818 = EDGE_LOOP('',(#7819,#7825,#7826,#7832));
#7819 = ORIENTED_EDGE('',*,*,#7820,.F.);
#7820 = EDGE_CURVE('',#7741,#7781,#7821,.T.);
#7821 = LINE('',#7822,#7823);
#7822 = CARTESIAN_POINT('',(-572.8697989618,-378.2395979236,863.));
#7823 = VECTOR('',#7824,1.);
#7824 = DIRECTION('',(-0.5,-0.866025403784,0.));
#7825 = ORIENTED_EDGE('',*,*,#7740,.T.);
#7826 = ORIENTED_EDGE('',*,*,#7827,.T.);
#7827 = EDGE_CURVE('',#7743,#7783,#7828,.T.);
#7828 = LINE('',#7829,#7830);
#7829 = CARTESIAN_POINT('',(-572.8697989618,-378.2395979236,1.197E+03));
#7830 = VECTOR('',#7831,1.);
#7831 = DIRECTION('',(-0.5,-0.866025403784,0.));
#7832 = ORIENTED_EDGE('',*,*,#7780,.F.);
#7833 = PLANE('',#7834);
#7834 = AXIS2_PLACEMENT_3D('',#7835,#7836,#7837);
#7835 = CARTESIAN_POINT('',(-572.8697989618,-378.2395979236,863.));
#7836 = DIRECTION('',(0.866025403784,-0.5,0.));
#7837 = DIRECTION('',(0.,0.,1.));
#7838 = ADVANCED_FACE('',(#7839),#7855,.T.);
#7839 = FACE_BOUND('',#7840,.T.);
#7840 = EDGE_LOOP('',(#7841,#7847,#7848,#7854));
#7841 = ORIENTED_EDGE('',*,*,#7842,.F.);
#7842 = EDGE_CURVE('',#7751,#7791,#7843,.T.);
#7843 = LINE('',#7844,#7845);
#7844 = CARTESIAN_POINT('',(-41.13020103817,-685.2395979236,863.));
#7845 = VECTOR('',#7846,1.);
#7846 = DIRECTION('',(-0.5,-0.866025403784,0.));
#7847 = ORIENTED_EDGE('',*,*,#7758,.T.);
#7848 = ORIENTED_EDGE('',*,*,#7849,.T.);
#7849 = EDGE_CURVE('',#7759,#7799,#7850,.T.);
#7850 = LINE('',#7851,#7852);
#7851 = CARTESIAN_POINT('',(-41.13020103817,-685.2395979236,1.197E+03));
#7852 = VECTOR('',#7853,1.);
#7853 = DIRECTION('',(-0.5,-0.866025403784,0.));
#7854 = ORIENTED_EDGE('',*,*,#7798,.F.);
#7855 = PLANE('',#7856);
#7856 = AXIS2_PLACEMENT_3D('',#7857,#7858,#7859);
#7857 = CARTESIAN_POINT('',(-41.13020103817,-685.2395979236,863.));
#7858 = DIRECTION('',(0.866025403784,-0.5,0.));
#7859 = DIRECTION('',(0.,0.,1.));
#7860 = ADVANCED_FACE('',(#7861),#7867,.F.);
#7861 = FACE_BOUND('',#7862,.F.);
#7862 = EDGE_LOOP('',(#7863,#7864,#7865,#7866));
#7863 = ORIENTED_EDGE('',*,*,#7750,.F.);
#7864 = ORIENTED_EDGE('',*,*,#7820,.T.);
#7865 = ORIENTED_EDGE('',*,*,#7790,.T.);
#7866 = ORIENTED_EDGE('',*,*,#7842,.F.);
#7867 = PLANE('',#7868);
#7868 = AXIS2_PLACEMENT_3D('',#7869,#7870,#7871);
#7869 = CARTESIAN_POINT('',(-572.8697989618,-378.2395979236,863.));
#7870 = DIRECTION('',(0.,0.,1.));
#7871 = DIRECTION('',(-0.5,-0.866025403784,0.));
#7872 = ADVANCED_FACE('',(#7873),#7879,.T.);
#7873 = FACE_BOUND('',#7874,.T.);
#7874 = EDGE_LOOP('',(#7875,#7876,#7877,#7878));
#7875 = ORIENTED_EDGE('',*,*,#7766,.F.);
#7876 = ORIENTED_EDGE('',*,*,#7827,.T.);
#7877 = ORIENTED_EDGE('',*,*,#7806,.T.);
#7878 = ORIENTED_EDGE('',*,*,#7849,.F.);
#7879 = PLANE('',#7880);
#7880 = AXIS2_PLACEMENT_3D('',#7881,#7882,#7883);
#7881 = CARTESIAN_POINT('',(-572.8697989618,-378.2395979236,1.197E+03));
#7882 = DIRECTION('',(0.,0.,1.));
#7883 = DIRECTION('',(-0.5,-0.866025403784,0.));
#7884 = MANIFOLD_SOLID_BREP('',#7885);
#7885 = CLOSED_SHELL('',(#7886,#7942,#7973,#7997,#8021,#8046,#8062,#8087
    ,#8106,#8149,#8160));
#7886 = ADVANCED_FACE('',(#7887),#7937,.F.);
#7887 = FACE_BOUND('',#7888,.F.);
#7888 = EDGE_LOOP('',(#7889,#7899,#7907,#7915,#7923,#7931));
#7889 = ORIENTED_EDGE('',*,*,#7890,.F.);
#7890 = EDGE_CURVE('',#7891,#7893,#7895,.T.);
#7891 = VERTEX_POINT('',#7892);
#7892 = CARTESIAN_POINT('',(-144.9998149518,-1.308852953415E+03,845.));
#7893 = VERTEX_POINT('',#7894);
#7894 = CARTESIAN_POINT('',(-144.9998149518,-1.308852953415E+03,
    1.215E+03));
#7895 = LINE('',#7896,#7897);
#7896 = CARTESIAN_POINT('',(-144.9998149518,-1.308852953415E+03,845.));
#7897 = VECTOR('',#7898,1.);
#7898 = DIRECTION('',(0.,0.,1.));
#7899 = ORIENTED_EDGE('',*,*,#7900,.T.);
#7900 = EDGE_CURVE('',#7891,#7901,#7903,.T.);
#7901 = VERTEX_POINT('',#7902);
#7902 = CARTESIAN_POINT('',(62.16025464247,-1.18924903147E+03,845.));
#7903 = LINE('',#7904,#7905);
#7904 = CARTESIAN_POINT('',(-144.9998149518,-1.308852953415E+03,845.));
#7905 = VECTOR('',#7906,1.);
#7906 = DIRECTION('',(0.866025403784,0.5,0.));
#7907 = ORIENTED_EDGE('',*,*,#7908,.T.);
#7908 = EDGE_CURVE('',#7901,#7909,#7911,.T.);
#7909 = VERTEX_POINT('',#7910);
#7910 = CARTESIAN_POINT('',(132.81434157309,-1.148456875361E+03,845.));
#7911 = LINE('',#7912,#7913);
#7912 = CARTESIAN_POINT('',(-144.9998149518,-1.308852953415E+03,845.));
#7913 = VECTOR('',#7914,1.);
#7914 = DIRECTION('',(0.866025403784,0.5,0.));
#7915 = ORIENTED_EDGE('',*,*,#7916,.T.);
#7916 = EDGE_CURVE('',#7909,#7917,#7919,.T.);
#7917 = VERTEX_POINT('',#7918);
#7918 = CARTESIAN_POINT('',(339.97441116742,-1.028852953415E+03,845.));
#7919 = LINE('',#7920,#7921);
#7920 = CARTESIAN_POINT('',(-144.9998149518,-1.308852953415E+03,845.));
#7921 = VECTOR('',#7922,1.);
#7922 = DIRECTION('',(0.866025403784,0.5,0.));
#7923 = ORIENTED_EDGE('',*,*,#7924,.T.);
#7924 = EDGE_CURVE('',#7917,#7925,#7927,.T.);
#7925 = VERTEX_POINT('',#7926);
#7926 = CARTESIAN_POINT('',(339.97441116742,-1.028852953415E+03,
    1.215E+03));
#7927 = LINE('',#7928,#7929);
#7928 = CARTESIAN_POINT('',(339.97441116742,-1.028852953415E+03,845.));
#7929 = VECTOR('',#7930,1.);
#7930 = DIRECTION('',(0.,0.,1.));
#7931 = ORIENTED_EDGE('',*,*,#7932,.F.);
#7932 = EDGE_CURVE('',#7893,#7925,#7933,.T.);
#7933 = LINE('',#7934,#7935);
#7934 = CARTESIAN_POINT('',(-144.9998149518,-1.308852953415E+03,
    1.215E+03));
#7935 = VECTOR('',#7936,1.);
#7936 = DIRECTION('',(0.866025403784,0.5,0.));
#7937 = PLANE('',#7938);
#7938 = AXIS2_PLACEMENT_3D('',#7939,#7940,#7941);
#7939 = CARTESIAN_POINT('',(-144.9998149518,-1.308852953415E+03,845.));
#7940 = DIRECTION('',(0.5,-0.866025403784,0.));
#7941 = DIRECTION('',(0.,0.,1.));
#7942 = ADVANCED_FACE('',(#7943),#7968,.F.);
#7943 = FACE_BOUND('',#7944,.F.);
#7944 = EDGE_LOOP('',(#7945,#7953,#7954,#7962));
#7945 = ORIENTED_EDGE('',*,*,#7946,.F.);
#7946 = EDGE_CURVE('',#7891,#7947,#7949,.T.);
#7947 = VERTEX_POINT('',#7948);
#7948 = CARTESIAN_POINT('',(-125.9998149518,-1.341761918759E+03,845.));
#7949 = LINE('',#7950,#7951);
#7950 = CARTESIAN_POINT('',(-144.9998149518,-1.308852953415E+03,845.));
#7951 = VECTOR('',#7952,1.);
#7952 = DIRECTION('',(0.5,-0.866025403784,0.));
#7953 = ORIENTED_EDGE('',*,*,#7890,.T.);
#7954 = ORIENTED_EDGE('',*,*,#7955,.T.);
#7955 = EDGE_CURVE('',#7893,#7956,#7958,.T.);
#7956 = VERTEX_POINT('',#7957);
#7957 = CARTESIAN_POINT('',(-125.9998149518,-1.341761918759E+03,
    1.215E+03));
#7958 = LINE('',#7959,#7960);
#7959 = CARTESIAN_POINT('',(-144.9998149518,-1.308852953415E+03,
    1.215E+03));
#7960 = VECTOR('',#7961,1.);
#7961 = DIRECTION('',(0.5,-0.866025403784,0.));
#7962 = ORIENTED_EDGE('',*,*,#7963,.F.);
#7963 = EDGE_CURVE('',#7947,#7956,#7964,.T.);
#7964 = LINE('',#7965,#7966);
#7965 = CARTESIAN_POINT('',(-125.9998149518,-1.341761918759E+03,845.));
#7966 = VECTOR('',#7967,1.);
#7967 = DIRECTION('',(0.,0.,1.));
#7968 = PLANE('',#7969);
#7969 = AXIS2_PLACEMENT_3D('',#7970,#7971,#7972);
#7970 = CARTESIAN_POINT('',(-144.9998149518,-1.308852953415E+03,845.));
#7971 = DIRECTION('',(0.866025403784,0.5,0.));
#7972 = DIRECTION('',(0.,0.,1.));
#7973 = ADVANCED_FACE('',(#7974),#7992,.T.);
#7974 = FACE_BOUND('',#7975,.T.);
#7975 = EDGE_LOOP('',(#7976,#7977,#7978,#7986));
#7976 = ORIENTED_EDGE('',*,*,#7932,.F.);
#7977 = ORIENTED_EDGE('',*,*,#7955,.T.);
#7978 = ORIENTED_EDGE('',*,*,#7979,.T.);
#7979 = EDGE_CURVE('',#7956,#7980,#7982,.T.);
#7980 = VERTEX_POINT('',#7981);
#7981 = CARTESIAN_POINT('',(358.97441116742,-1.061761918759E+03,
    1.215E+03));
#7982 = LINE('',#7983,#7984);
#7983 = CARTESIAN_POINT('',(-125.9998149518,-1.341761918759E+03,
    1.215E+03));
#7984 = VECTOR('',#7985,1.);
#7985 = DIRECTION('',(0.866025403784,0.5,0.));
#7986 = ORIENTED_EDGE('',*,*,#7987,.F.);
#7987 = EDGE_CURVE('',#7925,#7980,#7988,.T.);
#7988 = LINE('',#7989,#7990);
#7989 = CARTESIAN_POINT('',(339.97441116742,-1.028852953415E+03,
    1.215E+03));
#7990 = VECTOR('',#7991,1.);
#7991 = DIRECTION('',(0.5,-0.866025403784,0.));
#7992 = PLANE('',#7993);
#7993 = AXIS2_PLACEMENT_3D('',#7994,#7995,#7996);
#7994 = CARTESIAN_POINT('',(-144.9998149518,-1.308852953415E+03,
    1.215E+03));
#7995 = DIRECTION('',(0.,0.,1.));
#7996 = DIRECTION('',(0.5,-0.866025403784,0.));
#7997 = ADVANCED_FACE('',(#7998),#8016,.T.);
#7998 = FACE_BOUND('',#7999,.T.);
#7999 = EDGE_LOOP('',(#8000,#8008,#8009,#8010));
#8000 = ORIENTED_EDGE('',*,*,#8001,.F.);
#8001 = EDGE_CURVE('',#7917,#8002,#8004,.T.);
#8002 = VERTEX_POINT('',#8003);
#8003 = CARTESIAN_POINT('',(358.97441116742,-1.061761918759E+03,845.));
#8004 = LINE('',#8005,#8006);
#8005 = CARTESIAN_POINT('',(339.97441116742,-1.028852953415E+03,845.));
#8006 = VECTOR('',#8007,1.);
#8007 = DIRECTION('',(0.5,-0.866025403784,0.));
#8008 = ORIENTED_EDGE('',*,*,#7924,.T.);
#8009 = ORIENTED_EDGE('',*,*,#7987,.T.);
#8010 = ORIENTED_EDGE('',*,*,#8011,.F.);
#8011 = EDGE_CURVE('',#8002,#7980,#8012,.T.);
#8012 = LINE('',#8013,#8014);
#8013 = CARTESIAN_POINT('',(358.97441116742,-1.061761918759E+03,845.));
#8014 = VECTOR('',#8015,1.);
#8015 = DIRECTION('',(0.,0.,1.));
#8016 = PLANE('',#8017);
#8017 = AXIS2_PLACEMENT_3D('',#8018,#8019,#8020);
#8018 = CARTESIAN_POINT('',(339.97441116742,-1.028852953415E+03,845.));
#8019 = DIRECTION('',(0.866025403784,0.5,0.));
#8020 = DIRECTION('',(0.,0.,1.));
#8021 = ADVANCED_FACE('',(#8022),#8041,.F.);
#8022 = FACE_BOUND('',#8023,.F.);
#8023 = EDGE_LOOP('',(#8024,#8025,#8026,#8034));
#8024 = ORIENTED_EDGE('',*,*,#7900,.F.);
#8025 = ORIENTED_EDGE('',*,*,#7946,.T.);
#8026 = ORIENTED_EDGE('',*,*,#8027,.T.);
#8027 = EDGE_CURVE('',#7947,#8028,#8030,.T.);
#8028 = VERTEX_POINT('',#8029);
#8029 = CARTESIAN_POINT('',(81.160254642468,-1.222157996813E+03,845.));
#8030 = LINE('',#8031,#8032);
#8031 = CARTESIAN_POINT('',(-125.9998149518,-1.341761918759E+03,845.));
#8032 = VECTOR('',#8033,1.);
#8033 = DIRECTION('',(0.866025403784,0.5,0.));
#8034 = ORIENTED_EDGE('',*,*,#8035,.F.);
#8035 = EDGE_CURVE('',#7901,#8028,#8036,.T.);
#8036 = CIRCLE('',#8037,45.);
#8037 = AXIS2_PLACEMENT_3D('',#8038,#8039,#8040);
#8038 = CARTESIAN_POINT('',(106.98729810778,-1.185307436087E+03,845.));
#8039 = DIRECTION('',(0.,0.,1.));
#8040 = DIRECTION('',(1.,0.,0.));
#8041 = PLANE('',#8042);
#8042 = AXIS2_PLACEMENT_3D('',#8043,#8044,#8045);
#8043 = CARTESIAN_POINT('',(-144.9998149518,-1.308852953415E+03,845.));
#8044 = DIRECTION('',(0.,0.,1.));
#8045 = DIRECTION('',(0.5,-0.866025403784,0.));
#8046 = ADVANCED_FACE('',(#8047),#8057,.T.);
#8047 = FACE_BOUND('',#8048,.T.);
#8048 = EDGE_LOOP('',(#8049,#8050));
#8049 = ORIENTED_EDGE('',*,*,#7908,.T.);
#8050 = ORIENTED_EDGE('',*,*,#8051,.T.);
#8051 = EDGE_CURVE('',#7909,#7901,#8052,.T.);
#8052 = CIRCLE('',#8053,45.);
#8053 = AXIS2_PLACEMENT_3D('',#8054,#8055,#8056);
#8054 = CARTESIAN_POINT('',(106.98729810778,-1.185307436087E+03,845.));
#8055 = DIRECTION('',(0.,0.,1.));
#8056 = DIRECTION('',(1.,0.,0.));
#8057 = PLANE('',#8058);
#8058 = AXIS2_PLACEMENT_3D('',#8059,#8060,#8061);
#8059 = CARTESIAN_POINT('',(106.98729810778,-1.185307436087E+03,845.));
#8060 = DIRECTION('',(0.,0.,1.));
#8061 = DIRECTION('',(1.,0.,0.));
#8062 = ADVANCED_FACE('',(#8063),#8082,.F.);
#8063 = FACE_BOUND('',#8064,.F.);
#8064 = EDGE_LOOP('',(#8065,#8066,#8075,#8081));
#8065 = ORIENTED_EDGE('',*,*,#7916,.F.);
#8066 = ORIENTED_EDGE('',*,*,#8067,.F.);
#8067 = EDGE_CURVE('',#8068,#7909,#8070,.T.);
#8068 = VERTEX_POINT('',#8069);
#8069 = CARTESIAN_POINT('',(151.81434157309,-1.181365840705E+03,845.));
#8070 = CIRCLE('',#8071,45.);
#8071 = AXIS2_PLACEMENT_3D('',#8072,#8073,#8074);
#8072 = CARTESIAN_POINT('',(106.98729810778,-1.185307436087E+03,845.));
#8073 = DIRECTION('',(0.,0.,1.));
#8074 = DIRECTION('',(1.,0.,0.));
#8075 = ORIENTED_EDGE('',*,*,#8076,.T.);
#8076 = EDGE_CURVE('',#8068,#8002,#8077,.T.);
#8077 = LINE('',#8078,#8079);
#8078 = CARTESIAN_POINT('',(-125.9998149518,-1.341761918759E+03,845.));
#8079 = VECTOR('',#8080,1.);
#8080 = DIRECTION('',(0.866025403784,0.5,0.));
#8081 = ORIENTED_EDGE('',*,*,#8001,.F.);
#8082 = PLANE('',#8083);
#8083 = AXIS2_PLACEMENT_3D('',#8084,#8085,#8086);
#8084 = CARTESIAN_POINT('',(-144.9998149518,-1.308852953415E+03,845.));
#8085 = DIRECTION('',(0.,0.,1.));
#8086 = DIRECTION('',(0.5,-0.866025403784,0.));
#8087 = ADVANCED_FACE('',(#8088),#8101,.T.);
#8088 = FACE_BOUND('',#8089,.T.);
#8089 = EDGE_LOOP('',(#8090,#8091,#8092,#8098,#8099,#8100));
#8090 = ORIENTED_EDGE('',*,*,#7963,.F.);
#8091 = ORIENTED_EDGE('',*,*,#8027,.T.);
#8092 = ORIENTED_EDGE('',*,*,#8093,.T.);
#8093 = EDGE_CURVE('',#8028,#8068,#8094,.T.);
#8094 = LINE('',#8095,#8096);
#8095 = CARTESIAN_POINT('',(-125.9998149518,-1.341761918759E+03,845.));
#8096 = VECTOR('',#8097,1.);
#8097 = DIRECTION('',(0.866025403784,0.5,0.));
#8098 = ORIENTED_EDGE('',*,*,#8076,.T.);
#8099 = ORIENTED_EDGE('',*,*,#8011,.T.);
#8100 = ORIENTED_EDGE('',*,*,#7979,.F.);
#8101 = PLANE('',#8102);
#8102 = AXIS2_PLACEMENT_3D('',#8103,#8104,#8105);
#8103 = CARTESIAN_POINT('',(-125.9998149518,-1.341761918759E+03,845.));
#8104 = DIRECTION('',(0.5,-0.866025403784,0.));
#8105 = DIRECTION('',(0.,0.,1.));
#8106 = ADVANCED_FACE('',(#8107),#8144,.T.);
#8107 = FACE_BOUND('',#8108,.T.);
#8108 = EDGE_LOOP('',(#8109,#8119,#8126,#8127,#8128,#8129,#8136,#8137));
#8109 = ORIENTED_EDGE('',*,*,#8110,.T.);
#8110 = EDGE_CURVE('',#8111,#8113,#8115,.T.);
#8111 = VERTEX_POINT('',#8112);
#8112 = CARTESIAN_POINT('',(151.98729810778,-1.185307436087E+03,750.));
#8113 = VERTEX_POINT('',#8114);
#8114 = CARTESIAN_POINT('',(151.98729810778,-1.185307436087E+03,845.));
#8115 = LINE('',#8116,#8117);
#8116 = CARTESIAN_POINT('',(151.98729810778,-1.185307436087E+03,750.));
#8117 = VECTOR('',#8118,1.);
#8118 = DIRECTION('',(0.,0.,1.));
#8119 = ORIENTED_EDGE('',*,*,#8120,.F.);
#8120 = EDGE_CURVE('',#8028,#8113,#8121,.T.);
#8121 = CIRCLE('',#8122,45.);
#8122 = AXIS2_PLACEMENT_3D('',#8123,#8124,#8125);
#8123 = CARTESIAN_POINT('',(106.98729810778,-1.185307436087E+03,845.));
#8124 = DIRECTION('',(0.,0.,1.));
#8125 = DIRECTION('',(1.,0.,0.));
#8126 = ORIENTED_EDGE('',*,*,#8035,.F.);
#8127 = ORIENTED_EDGE('',*,*,#8051,.F.);
#8128 = ORIENTED_EDGE('',*,*,#8067,.F.);
#8129 = ORIENTED_EDGE('',*,*,#8130,.F.);
#8130 = EDGE_CURVE('',#8113,#8068,#8131,.T.);
#8131 = CIRCLE('',#8132,45.);
#8132 = AXIS2_PLACEMENT_3D('',#8133,#8134,#8135);
#8133 = CARTESIAN_POINT('',(106.98729810778,-1.185307436087E+03,845.));
#8134 = DIRECTION('',(0.,0.,1.));
#8135 = DIRECTION('',(1.,0.,0.));
#8136 = ORIENTED_EDGE('',*,*,#8110,.F.);
#8137 = ORIENTED_EDGE('',*,*,#8138,.T.);
#8138 = EDGE_CURVE('',#8111,#8111,#8139,.T.);
#8139 = CIRCLE('',#8140,45.);
#8140 = AXIS2_PLACEMENT_3D('',#8141,#8142,#8143);
#8141 = CARTESIAN_POINT('',(106.98729810778,-1.185307436087E+03,750.));
#8142 = DIRECTION('',(0.,0.,1.));
#8143 = DIRECTION('',(1.,0.,0.));
#8144 = CYLINDRICAL_SURFACE('',#8145,45.);
#8145 = AXIS2_PLACEMENT_3D('',#8146,#8147,#8148);
#8146 = CARTESIAN_POINT('',(106.98729810778,-1.185307436087E+03,750.));
#8147 = DIRECTION('',(0.,0.,1.));
#8148 = DIRECTION('',(1.,0.,0.));
#8149 = ADVANCED_FACE('',(#8150),#8155,.T.);
#8150 = FACE_BOUND('',#8151,.T.);
#8151 = EDGE_LOOP('',(#8152,#8153,#8154));
#8152 = ORIENTED_EDGE('',*,*,#8120,.T.);
#8153 = ORIENTED_EDGE('',*,*,#8130,.T.);
#8154 = ORIENTED_EDGE('',*,*,#8093,.F.);
#8155 = PLANE('',#8156);
#8156 = AXIS2_PLACEMENT_3D('',#8157,#8158,#8159);
#8157 = CARTESIAN_POINT('',(106.98729810778,-1.185307436087E+03,845.));
#8158 = DIRECTION('',(0.,0.,1.));
#8159 = DIRECTION('',(1.,0.,0.));
#8160 = ADVANCED_FACE('',(#8161),#8164,.F.);
#8161 = FACE_BOUND('',#8162,.T.);
#8162 = EDGE_LOOP('',(#8163));
#8163 = ORIENTED_EDGE('',*,*,#8138,.F.);
#8164 = PLANE('',#8165);
#8165 = AXIS2_PLACEMENT_3D('',#8166,#8167,#8168);
#8166 = CARTESIAN_POINT('',(106.98729810778,-1.185307436087E+03,750.));
#8167 = DIRECTION('',(0.,0.,1.));
#8168 = DIRECTION('',(1.,0.,0.));
#8169 = MANIFOLD_SOLID_BREP('',#8170);
#8170 = CLOSED_SHELL('',(#8171,#8211,#8251,#8273,#8295,#8307));
#8171 = ADVANCED_FACE('',(#8172),#8206,.F.);
#8172 = FACE_BOUND('',#8173,.F.);
#8173 = EDGE_LOOP('',(#8174,#8184,#8192,#8200));
#8174 = ORIENTED_EDGE('',*,*,#8175,.F.);
#8175 = EDGE_CURVE('',#8176,#8178,#8180,.T.);
#8176 = VERTEX_POINT('',#8177);
#8177 = CARTESIAN_POINT('',(-110.4113576837,-1.332761918759E+03,863.));
#8178 = VERTEX_POINT('',#8179);
#8179 = CARTESIAN_POINT('',(-110.4113576837,-1.332761918759E+03,
    1.197E+03));
#8180 = LINE('',#8181,#8182);
#8181 = CARTESIAN_POINT('',(-110.4113576837,-1.332761918759E+03,863.));
#8182 = VECTOR('',#8183,1.);
#8183 = DIRECTION('',(0.,0.,1.));
#8184 = ORIENTED_EDGE('',*,*,#8185,.T.);
#8185 = EDGE_CURVE('',#8176,#8186,#8188,.T.);
#8186 = VERTEX_POINT('',#8187);
#8187 = CARTESIAN_POINT('',(343.3859538993,-1.070761918759E+03,863.));
#8188 = LINE('',#8189,#8190);
#8189 = CARTESIAN_POINT('',(-110.4113576837,-1.332761918759E+03,863.));
#8190 = VECTOR('',#8191,1.);
#8191 = DIRECTION('',(0.866025403784,0.5,0.));
#8192 = ORIENTED_EDGE('',*,*,#8193,.T.);
#8193 = EDGE_CURVE('',#8186,#8194,#8196,.T.);
#8194 = VERTEX_POINT('',#8195);
#8195 = CARTESIAN_POINT('',(343.3859538993,-1.070761918759E+03,1.197E+03
    ));
#8196 = LINE('',#8197,#8198);
#8197 = CARTESIAN_POINT('',(343.3859538993,-1.070761918759E+03,863.));
#8198 = VECTOR('',#8199,1.);
#8199 = DIRECTION('',(0.,0.,1.));
#8200 = ORIENTED_EDGE('',*,*,#8201,.F.);
#8201 = EDGE_CURVE('',#8178,#8194,#8202,.T.);
#8202 = LINE('',#8203,#8204);
#8203 = CARTESIAN_POINT('',(-110.4113576837,-1.332761918759E+03,
    1.197E+03));
#8204 = VECTOR('',#8205,1.);
#8205 = DIRECTION('',(0.866025403784,0.5,0.));
#8206 = PLANE('',#8207);
#8207 = AXIS2_PLACEMENT_3D('',#8208,#8209,#8210);
#8208 = CARTESIAN_POINT('',(-110.4113576837,-1.332761918759E+03,863.));
#8209 = DIRECTION('',(0.5,-0.866025403784,0.));
#8210 = DIRECTION('',(0.,0.,1.));
#8211 = ADVANCED_FACE('',(#8212),#8246,.T.);
#8212 = FACE_BOUND('',#8213,.T.);
#8213 = EDGE_LOOP('',(#8214,#8224,#8232,#8240));
#8214 = ORIENTED_EDGE('',*,*,#8215,.F.);
#8215 = EDGE_CURVE('',#8216,#8218,#8220,.T.);
#8216 = VERTEX_POINT('',#8217);
#8217 = CARTESIAN_POINT('',(-108.9113576837,-1.33535999497E+03,863.));
#8218 = VERTEX_POINT('',#8219);
#8219 = CARTESIAN_POINT('',(-108.9113576837,-1.33535999497E+03,1.197E+03
    ));
#8220 = LINE('',#8221,#8222);
#8221 = CARTESIAN_POINT('',(-108.9113576837,-1.33535999497E+03,863.));
#8222 = VECTOR('',#8223,1.);
#8223 = DIRECTION('',(0.,0.,1.));
#8224 = ORIENTED_EDGE('',*,*,#8225,.T.);
#8225 = EDGE_CURVE('',#8216,#8226,#8228,.T.);
#8226 = VERTEX_POINT('',#8227);
#8227 = CARTESIAN_POINT('',(344.8859538993,-1.07335999497E+03,863.));
#8228 = LINE('',#8229,#8230);
#8229 = CARTESIAN_POINT('',(-108.9113576837,-1.33535999497E+03,863.));
#8230 = VECTOR('',#8231,1.);
#8231 = DIRECTION('',(0.866025403784,0.5,0.));
#8232 = ORIENTED_EDGE('',*,*,#8233,.T.);
#8233 = EDGE_CURVE('',#8226,#8234,#8236,.T.);
#8234 = VERTEX_POINT('',#8235);
#8235 = CARTESIAN_POINT('',(344.8859538993,-1.07335999497E+03,1.197E+03)
  );
#8236 = LINE('',#8237,#8238);
#8237 = CARTESIAN_POINT('',(344.8859538993,-1.07335999497E+03,863.));
#8238 = VECTOR('',#8239,1.);
#8239 = DIRECTION('',(0.,0.,1.));
#8240 = ORIENTED_EDGE('',*,*,#8241,.F.);
#8241 = EDGE_CURVE('',#8218,#8234,#8242,.T.);
#8242 = LINE('',#8243,#8244);
#8243 = CARTESIAN_POINT('',(-108.9113576837,-1.33535999497E+03,1.197E+03
    ));
#8244 = VECTOR('',#8245,1.);
#8245 = DIRECTION('',(0.866025403784,0.5,0.));
#8246 = PLANE('',#8247);
#8247 = AXIS2_PLACEMENT_3D('',#8248,#8249,#8250);
#8248 = CARTESIAN_POINT('',(-108.9113576837,-1.33535999497E+03,863.));
#8249 = DIRECTION('',(0.5,-0.866025403784,0.));
#8250 = DIRECTION('',(0.,0.,1.));
#8251 = ADVANCED_FACE('',(#8252),#8268,.F.);
#8252 = FACE_BOUND('',#8253,.F.);
#8253 = EDGE_LOOP('',(#8254,#8260,#8261,#8267));
#8254 = ORIENTED_EDGE('',*,*,#8255,.F.);
#8255 = EDGE_CURVE('',#8176,#8216,#8256,.T.);
#8256 = LINE('',#8257,#8258);
#8257 = CARTESIAN_POINT('',(-110.4113576837,-1.332761918759E+03,863.));
#8258 = VECTOR('',#8259,1.);
#8259 = DIRECTION('',(0.5,-0.866025403784,0.));
#8260 = ORIENTED_EDGE('',*,*,#8175,.T.);
#8261 = ORIENTED_EDGE('',*,*,#8262,.T.);
#8262 = EDGE_CURVE('',#8178,#8218,#8263,.T.);
#8263 = LINE('',#8264,#8265);
#8264 = CARTESIAN_POINT('',(-110.4113576837,-1.332761918759E+03,
    1.197E+03));
#8265 = VECTOR('',#8266,1.);
#8266 = DIRECTION('',(0.5,-0.866025403784,0.));
#8267 = ORIENTED_EDGE('',*,*,#8215,.F.);
#8268 = PLANE('',#8269);
#8269 = AXIS2_PLACEMENT_3D('',#8270,#8271,#8272);
#8270 = CARTESIAN_POINT('',(-110.4113576837,-1.332761918759E+03,863.));
#8271 = DIRECTION('',(0.866025403784,0.5,0.));
#8272 = DIRECTION('',(0.,0.,1.));
#8273 = ADVANCED_FACE('',(#8274),#8290,.T.);
#8274 = FACE_BOUND('',#8275,.T.);
#8275 = EDGE_LOOP('',(#8276,#8282,#8283,#8289));
#8276 = ORIENTED_EDGE('',*,*,#8277,.F.);
#8277 = EDGE_CURVE('',#8186,#8226,#8278,.T.);
#8278 = LINE('',#8279,#8280);
#8279 = CARTESIAN_POINT('',(343.3859538993,-1.070761918759E+03,863.));
#8280 = VECTOR('',#8281,1.);
#8281 = DIRECTION('',(0.5,-0.866025403784,0.));
#8282 = ORIENTED_EDGE('',*,*,#8193,.T.);
#8283 = ORIENTED_EDGE('',*,*,#8284,.T.);
#8284 = EDGE_CURVE('',#8194,#8234,#8285,.T.);
#8285 = LINE('',#8286,#8287);
#8286 = CARTESIAN_POINT('',(343.3859538993,-1.070761918759E+03,1.197E+03
    ));
#8287 = VECTOR('',#8288,1.);
#8288 = DIRECTION('',(0.5,-0.866025403784,0.));
#8289 = ORIENTED_EDGE('',*,*,#8233,.F.);
#8290 = PLANE('',#8291);
#8291 = AXIS2_PLACEMENT_3D('',#8292,#8293,#8294);
#8292 = CARTESIAN_POINT('',(343.3859538993,-1.070761918759E+03,863.));
#8293 = DIRECTION('',(0.866025403784,0.5,0.));
#8294 = DIRECTION('',(0.,0.,1.));
#8295 = ADVANCED_FACE('',(#8296),#8302,.F.);
#8296 = FACE_BOUND('',#8297,.F.);
#8297 = EDGE_LOOP('',(#8298,#8299,#8300,#8301));
#8298 = ORIENTED_EDGE('',*,*,#8185,.F.);
#8299 = ORIENTED_EDGE('',*,*,#8255,.T.);
#8300 = ORIENTED_EDGE('',*,*,#8225,.T.);
#8301 = ORIENTED_EDGE('',*,*,#8277,.F.);
#8302 = PLANE('',#8303);
#8303 = AXIS2_PLACEMENT_3D('',#8304,#8305,#8306);
#8304 = CARTESIAN_POINT('',(-110.4113576837,-1.332761918759E+03,863.));
#8305 = DIRECTION('',(0.,0.,1.));
#8306 = DIRECTION('',(0.5,-0.866025403784,0.));
#8307 = ADVANCED_FACE('',(#8308),#8314,.T.);
#8308 = FACE_BOUND('',#8309,.T.);
#8309 = EDGE_LOOP('',(#8310,#8311,#8312,#8313));
#8310 = ORIENTED_EDGE('',*,*,#8201,.F.);
#8311 = ORIENTED_EDGE('',*,*,#8262,.T.);
#8312 = ORIENTED_EDGE('',*,*,#8241,.T.);
#8313 = ORIENTED_EDGE('',*,*,#8284,.F.);
#8314 = PLANE('',#8315);
#8315 = AXIS2_PLACEMENT_3D('',#8316,#8317,#8318);
#8316 = CARTESIAN_POINT('',(-110.4113576837,-1.332761918759E+03,
    1.197E+03));
#8317 = DIRECTION('',(0.,0.,1.));
#8318 = DIRECTION('',(0.5,-0.866025403784,0.));
#8319 = MANIFOLD_SOLID_BREP('',#8320);
#8320 = CLOSED_SHELL('',(#8321,#8377,#8408,#8432,#8456,#8481,#8506,#8531
    ,#8550,#8585,#8595));
#8321 = ADVANCED_FACE('',(#8322),#8372,.F.);
#8322 = FACE_BOUND('',#8323,.F.);
#8323 = EDGE_LOOP('',(#8324,#8334,#8342,#8350,#8358,#8366));
#8324 = ORIENTED_EDGE('',*,*,#8325,.F.);
#8325 = EDGE_CURVE('',#8326,#8328,#8330,.T.);
#8326 = VERTEX_POINT('',#8327);
#8327 = CARTESIAN_POINT('',(-1.061E+03,-220.,845.));
#8328 = VERTEX_POINT('',#8329);
#8329 = CARTESIAN_POINT('',(-1.061E+03,-220.,1.215E+03));
#8330 = LINE('',#8331,#8332);
#8331 = CARTESIAN_POINT('',(-1.061E+03,-220.,845.));
#8332 = VECTOR('',#8333,1.);
#8333 = DIRECTION('',(0.,0.,1.));
#8334 = ORIENTED_EDGE('',*,*,#8335,.T.);
#8335 = EDGE_CURVE('',#8326,#8336,#8338,.T.);
#8336 = VERTEX_POINT('',#8337);
#8337 = CARTESIAN_POINT('',(-1.061E+03,-459.2078438912,845.));
#8338 = LINE('',#8339,#8340);
#8339 = CARTESIAN_POINT('',(-1.061E+03,-220.,845.));
#8340 = VECTOR('',#8341,1.);
#8341 = DIRECTION('',(-1.224646799147E-16,-1.,0.));
#8342 = ORIENTED_EDGE('',*,*,#8343,.T.);
#8343 = EDGE_CURVE('',#8336,#8344,#8346,.T.);
#8344 = VERTEX_POINT('',#8345);
#8345 = CARTESIAN_POINT('',(-1.061E+03,-540.7921561087,845.));
#8346 = LINE('',#8347,#8348);
#8347 = CARTESIAN_POINT('',(-1.061E+03,-220.,845.));
#8348 = VECTOR('',#8349,1.);
#8349 = DIRECTION('',(-1.224646799147E-16,-1.,0.));
#8350 = ORIENTED_EDGE('',*,*,#8351,.T.);
#8351 = EDGE_CURVE('',#8344,#8352,#8354,.T.);
#8352 = VERTEX_POINT('',#8353);
#8353 = CARTESIAN_POINT('',(-1.061E+03,-780.,845.));
#8354 = LINE('',#8355,#8356);
#8355 = CARTESIAN_POINT('',(-1.061E+03,-220.,845.));
#8356 = VECTOR('',#8357,1.);
#8357 = DIRECTION('',(-1.224646799147E-16,-1.,0.));
#8358 = ORIENTED_EDGE('',*,*,#8359,.T.);
#8359 = EDGE_CURVE('',#8352,#8360,#8362,.T.);
#8360 = VERTEX_POINT('',#8361);
#8361 = CARTESIAN_POINT('',(-1.061E+03,-780.,1.215E+03));
#8362 = LINE('',#8363,#8364);
#8363 = CARTESIAN_POINT('',(-1.061E+03,-780.,845.));
#8364 = VECTOR('',#8365,1.);
#8365 = DIRECTION('',(0.,0.,1.));
#8366 = ORIENTED_EDGE('',*,*,#8367,.F.);
#8367 = EDGE_CURVE('',#8328,#8360,#8368,.T.);
#8368 = LINE('',#8369,#8370);
#8369 = CARTESIAN_POINT('',(-1.061E+03,-220.,1.215E+03));
#8370 = VECTOR('',#8371,1.);
#8371 = DIRECTION('',(-1.224646799147E-16,-1.,0.));
#8372 = PLANE('',#8373);
#8373 = AXIS2_PLACEMENT_3D('',#8374,#8375,#8376);
#8374 = CARTESIAN_POINT('',(-1.061E+03,-220.,845.));
#8375 = DIRECTION('',(-1.,1.224646799147E-16,0.));
#8376 = DIRECTION('',(0.,0.,1.));
#8377 = ADVANCED_FACE('',(#8378),#8403,.F.);
#8378 = FACE_BOUND('',#8379,.F.);
#8379 = EDGE_LOOP('',(#8380,#8388,#8389,#8397));
#8380 = ORIENTED_EDGE('',*,*,#8381,.F.);
#8381 = EDGE_CURVE('',#8326,#8382,#8384,.T.);
#8382 = VERTEX_POINT('',#8383);
#8383 = CARTESIAN_POINT('',(-1.099E+03,-220.,845.));
#8384 = LINE('',#8385,#8386);
#8385 = CARTESIAN_POINT('',(-1.061E+03,-220.,845.));
#8386 = VECTOR('',#8387,1.);
#8387 = DIRECTION('',(-1.,1.224646799147E-16,0.));
#8388 = ORIENTED_EDGE('',*,*,#8325,.T.);
#8389 = ORIENTED_EDGE('',*,*,#8390,.T.);
#8390 = EDGE_CURVE('',#8328,#8391,#8393,.T.);
#8391 = VERTEX_POINT('',#8392);
#8392 = CARTESIAN_POINT('',(-1.099E+03,-220.,1.215E+03));
#8393 = LINE('',#8394,#8395);
#8394 = CARTESIAN_POINT('',(-1.061E+03,-220.,1.215E+03));
#8395 = VECTOR('',#8396,1.);
#8396 = DIRECTION('',(-1.,1.224646799147E-16,0.));
#8397 = ORIENTED_EDGE('',*,*,#8398,.F.);
#8398 = EDGE_CURVE('',#8382,#8391,#8399,.T.);
#8399 = LINE('',#8400,#8401);
#8400 = CARTESIAN_POINT('',(-1.099E+03,-220.,845.));
#8401 = VECTOR('',#8402,1.);
#8402 = DIRECTION('',(0.,0.,1.));
#8403 = PLANE('',#8404);
#8404 = AXIS2_PLACEMENT_3D('',#8405,#8406,#8407);
#8405 = CARTESIAN_POINT('',(-1.061E+03,-220.,845.));
#8406 = DIRECTION('',(-1.224646799147E-16,-1.,0.));
#8407 = DIRECTION('',(0.,0.,1.));
#8408 = ADVANCED_FACE('',(#8409),#8427,.T.);
#8409 = FACE_BOUND('',#8410,.T.);
#8410 = EDGE_LOOP('',(#8411,#8412,#8413,#8421));
#8411 = ORIENTED_EDGE('',*,*,#8367,.F.);
#8412 = ORIENTED_EDGE('',*,*,#8390,.T.);
#8413 = ORIENTED_EDGE('',*,*,#8414,.T.);
#8414 = EDGE_CURVE('',#8391,#8415,#8417,.T.);
#8415 = VERTEX_POINT('',#8416);
#8416 = CARTESIAN_POINT('',(-1.099E+03,-780.,1.215E+03));
#8417 = LINE('',#8418,#8419);
#8418 = CARTESIAN_POINT('',(-1.099E+03,-220.,1.215E+03));
#8419 = VECTOR('',#8420,1.);
#8420 = DIRECTION('',(-1.224646799147E-16,-1.,0.));
#8421 = ORIENTED_EDGE('',*,*,#8422,.F.);
#8422 = EDGE_CURVE('',#8360,#8415,#8423,.T.);
#8423 = LINE('',#8424,#8425);
#8424 = CARTESIAN_POINT('',(-1.061E+03,-780.,1.215E+03));
#8425 = VECTOR('',#8426,1.);
#8426 = DIRECTION('',(-1.,1.224646799147E-16,0.));
#8427 = PLANE('',#8428);
#8428 = AXIS2_PLACEMENT_3D('',#8429,#8430,#8431);
#8429 = CARTESIAN_POINT('',(-1.061E+03,-220.,1.215E+03));
#8430 = DIRECTION('',(0.,0.,1.));
#8431 = DIRECTION('',(-1.,1.224646799147E-16,0.));
#8432 = ADVANCED_FACE('',(#8433),#8451,.T.);
#8433 = FACE_BOUND('',#8434,.T.);
#8434 = EDGE_LOOP('',(#8435,#8443,#8444,#8445));
#8435 = ORIENTED_EDGE('',*,*,#8436,.F.);
#8436 = EDGE_CURVE('',#8352,#8437,#8439,.T.);
#8437 = VERTEX_POINT('',#8438);
#8438 = CARTESIAN_POINT('',(-1.099E+03,-780.,845.));
#8439 = LINE('',#8440,#8441);
#8440 = CARTESIAN_POINT('',(-1.061E+03,-780.,845.));
#8441 = VECTOR('',#8442,1.);
#8442 = DIRECTION('',(-1.,1.224646799147E-16,0.));
#8443 = ORIENTED_EDGE('',*,*,#8359,.T.);
#8444 = ORIENTED_EDGE('',*,*,#8422,.T.);
#8445 = ORIENTED_EDGE('',*,*,#8446,.F.);
#8446 = EDGE_CURVE('',#8437,#8415,#8447,.T.);
#8447 = LINE('',#8448,#8449);
#8448 = CARTESIAN_POINT('',(-1.099E+03,-780.,845.));
#8449 = VECTOR('',#8450,1.);
#8450 = DIRECTION('',(0.,0.,1.));
#8451 = PLANE('',#8452);
#8452 = AXIS2_PLACEMENT_3D('',#8453,#8454,#8455);
#8453 = CARTESIAN_POINT('',(-1.061E+03,-780.,845.));
#8454 = DIRECTION('',(-1.224646799147E-16,-1.,0.));
#8455 = DIRECTION('',(0.,0.,1.));
#8456 = ADVANCED_FACE('',(#8457),#8476,.F.);
#8457 = FACE_BOUND('',#8458,.F.);
#8458 = EDGE_LOOP('',(#8459,#8460,#8461,#8469));
#8459 = ORIENTED_EDGE('',*,*,#8335,.F.);
#8460 = ORIENTED_EDGE('',*,*,#8381,.T.);
#8461 = ORIENTED_EDGE('',*,*,#8462,.T.);
#8462 = EDGE_CURVE('',#8382,#8463,#8465,.T.);
#8463 = VERTEX_POINT('',#8464);
#8464 = CARTESIAN_POINT('',(-1.099E+03,-459.2078438912,845.));
#8465 = LINE('',#8466,#8467);
#8466 = CARTESIAN_POINT('',(-1.099E+03,-220.,845.));
#8467 = VECTOR('',#8468,1.);
#8468 = DIRECTION('',(-1.224646799147E-16,-1.,0.));
#8469 = ORIENTED_EDGE('',*,*,#8470,.F.);
#8470 = EDGE_CURVE('',#8336,#8463,#8471,.T.);
#8471 = CIRCLE('',#8472,45.);
#8472 = AXIS2_PLACEMENT_3D('',#8473,#8474,#8475);
#8473 = CARTESIAN_POINT('',(-1.08E+03,-500.,845.));
#8474 = DIRECTION('',(0.,0.,1.));
#8475 = DIRECTION('',(1.,0.,0.));
#8476 = PLANE('',#8477);
#8477 = AXIS2_PLACEMENT_3D('',#8478,#8479,#8480);
#8478 = CARTESIAN_POINT('',(-1.061E+03,-220.,845.));
#8479 = DIRECTION('',(0.,0.,1.));
#8480 = DIRECTION('',(-1.,1.224646799147E-16,0.));
#8481 = ADVANCED_FACE('',(#8482),#8501,.T.);
#8482 = FACE_BOUND('',#8483,.T.);
#8483 = EDGE_LOOP('',(#8484,#8493,#8500));
#8484 = ORIENTED_EDGE('',*,*,#8485,.T.);
#8485 = EDGE_CURVE('',#8344,#8486,#8488,.T.);
#8486 = VERTEX_POINT('',#8487);
#8487 = CARTESIAN_POINT('',(-1.035E+03,-500.,845.));
#8488 = CIRCLE('',#8489,45.);
#8489 = AXIS2_PLACEMENT_3D('',#8490,#8491,#8492);
#8490 = CARTESIAN_POINT('',(-1.08E+03,-500.,845.));
#8491 = DIRECTION('',(0.,0.,1.));
#8492 = DIRECTION('',(1.,0.,0.));
#8493 = ORIENTED_EDGE('',*,*,#8494,.T.);
#8494 = EDGE_CURVE('',#8486,#8336,#8495,.T.);
#8495 = CIRCLE('',#8496,45.);
#8496 = AXIS2_PLACEMENT_3D('',#8497,#8498,#8499);
#8497 = CARTESIAN_POINT('',(-1.08E+03,-500.,845.));
#8498 = DIRECTION('',(0.,0.,1.));
#8499 = DIRECTION('',(1.,0.,0.));
#8500 = ORIENTED_EDGE('',*,*,#8343,.T.);
#8501 = PLANE('',#8502);
#8502 = AXIS2_PLACEMENT_3D('',#8503,#8504,#8505);
#8503 = CARTESIAN_POINT('',(-1.08E+03,-500.,845.));
#8504 = DIRECTION('',(0.,0.,1.));
#8505 = DIRECTION('',(1.,0.,0.));
#8506 = ADVANCED_FACE('',(#8507),#8526,.F.);
#8507 = FACE_BOUND('',#8508,.F.);
#8508 = EDGE_LOOP('',(#8509,#8510,#8519,#8525));
#8509 = ORIENTED_EDGE('',*,*,#8351,.F.);
#8510 = ORIENTED_EDGE('',*,*,#8511,.F.);
#8511 = EDGE_CURVE('',#8512,#8344,#8514,.T.);
#8512 = VERTEX_POINT('',#8513);
#8513 = CARTESIAN_POINT('',(-1.099E+03,-540.7921561087,845.));
#8514 = CIRCLE('',#8515,45.);
#8515 = AXIS2_PLACEMENT_3D('',#8516,#8517,#8518);
#8516 = CARTESIAN_POINT('',(-1.08E+03,-500.,845.));
#8517 = DIRECTION('',(0.,0.,1.));
#8518 = DIRECTION('',(1.,0.,0.));
#8519 = ORIENTED_EDGE('',*,*,#8520,.T.);
#8520 = EDGE_CURVE('',#8512,#8437,#8521,.T.);
#8521 = LINE('',#8522,#8523);
#8522 = CARTESIAN_POINT('',(-1.099E+03,-220.,845.));
#8523 = VECTOR('',#8524,1.);
#8524 = DIRECTION('',(-1.224646799147E-16,-1.,0.));
#8525 = ORIENTED_EDGE('',*,*,#8436,.F.);
#8526 = PLANE('',#8527);
#8527 = AXIS2_PLACEMENT_3D('',#8528,#8529,#8530);
#8528 = CARTESIAN_POINT('',(-1.061E+03,-220.,845.));
#8529 = DIRECTION('',(0.,0.,1.));
#8530 = DIRECTION('',(-1.,1.224646799147E-16,0.));
#8531 = ADVANCED_FACE('',(#8532),#8545,.T.);
#8532 = FACE_BOUND('',#8533,.T.);
#8533 = EDGE_LOOP('',(#8534,#8535,#8536,#8542,#8543,#8544));
#8534 = ORIENTED_EDGE('',*,*,#8398,.F.);
#8535 = ORIENTED_EDGE('',*,*,#8462,.T.);
#8536 = ORIENTED_EDGE('',*,*,#8537,.T.);
#8537 = EDGE_CURVE('',#8463,#8512,#8538,.T.);
#8538 = LINE('',#8539,#8540);
#8539 = CARTESIAN_POINT('',(-1.099E+03,-220.,845.));
#8540 = VECTOR('',#8541,1.);
#8541 = DIRECTION('',(-1.224646799147E-16,-1.,0.));
#8542 = ORIENTED_EDGE('',*,*,#8520,.T.);
#8543 = ORIENTED_EDGE('',*,*,#8446,.T.);
#8544 = ORIENTED_EDGE('',*,*,#8414,.F.);
#8545 = PLANE('',#8546);
#8546 = AXIS2_PLACEMENT_3D('',#8547,#8548,#8549);
#8547 = CARTESIAN_POINT('',(-1.099E+03,-220.,845.));
#8548 = DIRECTION('',(-1.,1.224646799147E-16,0.));
#8549 = DIRECTION('',(0.,0.,1.));
#8550 = ADVANCED_FACE('',(#8551),#8580,.T.);
#8551 = FACE_BOUND('',#8552,.T.);
#8552 = EDGE_LOOP('',(#8553,#8561,#8562,#8563,#8570,#8571,#8572,#8573));
#8553 = ORIENTED_EDGE('',*,*,#8554,.T.);
#8554 = EDGE_CURVE('',#8555,#8486,#8557,.T.);
#8555 = VERTEX_POINT('',#8556);
#8556 = CARTESIAN_POINT('',(-1.035E+03,-500.,750.));
#8557 = LINE('',#8558,#8559);
#8558 = CARTESIAN_POINT('',(-1.035E+03,-500.,750.));
#8559 = VECTOR('',#8560,1.);
#8560 = DIRECTION('',(0.,0.,1.));
#8561 = ORIENTED_EDGE('',*,*,#8485,.F.);
#8562 = ORIENTED_EDGE('',*,*,#8511,.F.);
#8563 = ORIENTED_EDGE('',*,*,#8564,.F.);
#8564 = EDGE_CURVE('',#8463,#8512,#8565,.T.);
#8565 = CIRCLE('',#8566,45.);
#8566 = AXIS2_PLACEMENT_3D('',#8567,#8568,#8569);
#8567 = CARTESIAN_POINT('',(-1.08E+03,-500.,845.));
#8568 = DIRECTION('',(0.,0.,1.));
#8569 = DIRECTION('',(1.,0.,0.));
#8570 = ORIENTED_EDGE('',*,*,#8470,.F.);
#8571 = ORIENTED_EDGE('',*,*,#8494,.F.);
#8572 = ORIENTED_EDGE('',*,*,#8554,.F.);
#8573 = ORIENTED_EDGE('',*,*,#8574,.T.);
#8574 = EDGE_CURVE('',#8555,#8555,#8575,.T.);
#8575 = CIRCLE('',#8576,45.);
#8576 = AXIS2_PLACEMENT_3D('',#8577,#8578,#8579);
#8577 = CARTESIAN_POINT('',(-1.08E+03,-500.,750.));
#8578 = DIRECTION('',(0.,0.,1.));
#8579 = DIRECTION('',(1.,0.,0.));
#8580 = CYLINDRICAL_SURFACE('',#8581,45.);
#8581 = AXIS2_PLACEMENT_3D('',#8582,#8583,#8584);
#8582 = CARTESIAN_POINT('',(-1.08E+03,-500.,750.));
#8583 = DIRECTION('',(0.,0.,1.));
#8584 = DIRECTION('',(1.,0.,0.));
#8585 = ADVANCED_FACE('',(#8586),#8590,.T.);
#8586 = FACE_BOUND('',#8587,.T.);
#8587 = EDGE_LOOP('',(#8588,#8589));
#8588 = ORIENTED_EDGE('',*,*,#8537,.F.);
#8589 = ORIENTED_EDGE('',*,*,#8564,.T.);
#8590 = PLANE('',#8591);
#8591 = AXIS2_PLACEMENT_3D('',#8592,#8593,#8594);
#8592 = CARTESIAN_POINT('',(-1.08E+03,-500.,845.));
#8593 = DIRECTION('',(0.,0.,1.));
#8594 = DIRECTION('',(1.,0.,0.));
#8595 = ADVANCED_FACE('',(#8596),#8599,.F.);
#8596 = FACE_BOUND('',#8597,.T.);
#8597 = EDGE_LOOP('',(#8598));
#8598 = ORIENTED_EDGE('',*,*,#8574,.F.);
#8599 = PLANE('',#8600);
#8600 = AXIS2_PLACEMENT_3D('',#8601,#8602,#8603);
#8601 = CARTESIAN_POINT('',(-1.08E+03,-500.,750.));
#8602 = DIRECTION('',(0.,0.,1.));
#8603 = DIRECTION('',(1.,0.,0.));
#8604 = MANIFOLD_SOLID_BREP('',#8605);
#8605 = CLOSED_SHELL('',(#8606,#8646,#8686,#8708,#8730,#8742));
#8606 = ADVANCED_FACE('',(#8607),#8641,.F.);
#8607 = FACE_BOUND('',#8608,.F.);
#8608 = EDGE_LOOP('',(#8609,#8619,#8627,#8635));
#8609 = ORIENTED_EDGE('',*,*,#8610,.F.);
#8610 = EDGE_CURVE('',#8611,#8613,#8615,.T.);
#8611 = VERTEX_POINT('',#8612);
#8612 = CARTESIAN_POINT('',(-1.099E+03,-238.,863.));
#8613 = VERTEX_POINT('',#8614);
#8614 = CARTESIAN_POINT('',(-1.099E+03,-238.,1.197E+03));
#8615 = LINE('',#8616,#8617);
#8616 = CARTESIAN_POINT('',(-1.099E+03,-238.,863.));
#8617 = VECTOR('',#8618,1.);
#8618 = DIRECTION('',(0.,0.,1.));
#8619 = ORIENTED_EDGE('',*,*,#8620,.T.);
#8620 = EDGE_CURVE('',#8611,#8621,#8623,.T.);
#8621 = VERTEX_POINT('',#8622);
#8622 = CARTESIAN_POINT('',(-1.099E+03,-762.,863.));
#8623 = LINE('',#8624,#8625);
#8624 = CARTESIAN_POINT('',(-1.099E+03,-238.,863.));
#8625 = VECTOR('',#8626,1.);
#8626 = DIRECTION('',(0.,-1.,0.));
#8627 = ORIENTED_EDGE('',*,*,#8628,.T.);
#8628 = EDGE_CURVE('',#8621,#8629,#8631,.T.);
#8629 = VERTEX_POINT('',#8630);
#8630 = CARTESIAN_POINT('',(-1.099E+03,-762.,1.197E+03));
#8631 = LINE('',#8632,#8633);
#8632 = CARTESIAN_POINT('',(-1.099E+03,-762.,863.));
#8633 = VECTOR('',#8634,1.);
#8634 = DIRECTION('',(0.,0.,1.));
#8635 = ORIENTED_EDGE('',*,*,#8636,.F.);
#8636 = EDGE_CURVE('',#8613,#8629,#8637,.T.);
#8637 = LINE('',#8638,#8639);
#8638 = CARTESIAN_POINT('',(-1.099E+03,-238.,1.197E+03));
#8639 = VECTOR('',#8640,1.);
#8640 = DIRECTION('',(0.,-1.,0.));
#8641 = PLANE('',#8642);
#8642 = AXIS2_PLACEMENT_3D('',#8643,#8644,#8645);
#8643 = CARTESIAN_POINT('',(-1.099E+03,-238.,863.));
#8644 = DIRECTION('',(-1.,0.,0.));
#8645 = DIRECTION('',(0.,0.,1.));
#8646 = ADVANCED_FACE('',(#8647),#8681,.T.);
#8647 = FACE_BOUND('',#8648,.T.);
#8648 = EDGE_LOOP('',(#8649,#8659,#8667,#8675));
#8649 = ORIENTED_EDGE('',*,*,#8650,.F.);
#8650 = EDGE_CURVE('',#8651,#8653,#8655,.T.);
#8651 = VERTEX_POINT('',#8652);
#8652 = CARTESIAN_POINT('',(-1.102E+03,-238.,863.));
#8653 = VERTEX_POINT('',#8654);
#8654 = CARTESIAN_POINT('',(-1.102E+03,-238.,1.197E+03));
#8655 = LINE('',#8656,#8657);
#8656 = CARTESIAN_POINT('',(-1.102E+03,-238.,863.));
#8657 = VECTOR('',#8658,1.);
#8658 = DIRECTION('',(0.,0.,1.));
#8659 = ORIENTED_EDGE('',*,*,#8660,.T.);
#8660 = EDGE_CURVE('',#8651,#8661,#8663,.T.);
#8661 = VERTEX_POINT('',#8662);
#8662 = CARTESIAN_POINT('',(-1.102E+03,-762.,863.));
#8663 = LINE('',#8664,#8665);
#8664 = CARTESIAN_POINT('',(-1.102E+03,-238.,863.));
#8665 = VECTOR('',#8666,1.);
#8666 = DIRECTION('',(0.,-1.,0.));
#8667 = ORIENTED_EDGE('',*,*,#8668,.T.);
#8668 = EDGE_CURVE('',#8661,#8669,#8671,.T.);
#8669 = VERTEX_POINT('',#8670);
#8670 = CARTESIAN_POINT('',(-1.102E+03,-762.,1.197E+03));
#8671 = LINE('',#8672,#8673);
#8672 = CARTESIAN_POINT('',(-1.102E+03,-762.,863.));
#8673 = VECTOR('',#8674,1.);
#8674 = DIRECTION('',(0.,0.,1.));
#8675 = ORIENTED_EDGE('',*,*,#8676,.F.);
#8676 = EDGE_CURVE('',#8653,#8669,#8677,.T.);
#8677 = LINE('',#8678,#8679);
#8678 = CARTESIAN_POINT('',(-1.102E+03,-238.,1.197E+03));
#8679 = VECTOR('',#8680,1.);
#8680 = DIRECTION('',(0.,-1.,0.));
#8681 = PLANE('',#8682);
#8682 = AXIS2_PLACEMENT_3D('',#8683,#8684,#8685);
#8683 = CARTESIAN_POINT('',(-1.102E+03,-238.,863.));
#8684 = DIRECTION('',(-1.,0.,0.));
#8685 = DIRECTION('',(0.,0.,1.));
#8686 = ADVANCED_FACE('',(#8687),#8703,.F.);
#8687 = FACE_BOUND('',#8688,.F.);
#8688 = EDGE_LOOP('',(#8689,#8695,#8696,#8702));
#8689 = ORIENTED_EDGE('',*,*,#8690,.F.);
#8690 = EDGE_CURVE('',#8611,#8651,#8691,.T.);
#8691 = LINE('',#8692,#8693);
#8692 = CARTESIAN_POINT('',(-1.099E+03,-238.,863.));
#8693 = VECTOR('',#8694,1.);
#8694 = DIRECTION('',(-1.,0.,0.));
#8695 = ORIENTED_EDGE('',*,*,#8610,.T.);
#8696 = ORIENTED_EDGE('',*,*,#8697,.T.);
#8697 = EDGE_CURVE('',#8613,#8653,#8698,.T.);
#8698 = LINE('',#8699,#8700);
#8699 = CARTESIAN_POINT('',(-1.099E+03,-238.,1.197E+03));
#8700 = VECTOR('',#8701,1.);
#8701 = DIRECTION('',(-1.,0.,0.));
#8702 = ORIENTED_EDGE('',*,*,#8650,.F.);
#8703 = PLANE('',#8704);
#8704 = AXIS2_PLACEMENT_3D('',#8705,#8706,#8707);
#8705 = CARTESIAN_POINT('',(-1.099E+03,-238.,863.));
#8706 = DIRECTION('',(0.,-1.,0.));
#8707 = DIRECTION('',(0.,0.,1.));
#8708 = ADVANCED_FACE('',(#8709),#8725,.T.);
#8709 = FACE_BOUND('',#8710,.T.);
#8710 = EDGE_LOOP('',(#8711,#8717,#8718,#8724));
#8711 = ORIENTED_EDGE('',*,*,#8712,.F.);
#8712 = EDGE_CURVE('',#8621,#8661,#8713,.T.);
#8713 = LINE('',#8714,#8715);
#8714 = CARTESIAN_POINT('',(-1.099E+03,-762.,863.));
#8715 = VECTOR('',#8716,1.);
#8716 = DIRECTION('',(-1.,0.,0.));
#8717 = ORIENTED_EDGE('',*,*,#8628,.T.);
#8718 = ORIENTED_EDGE('',*,*,#8719,.T.);
#8719 = EDGE_CURVE('',#8629,#8669,#8720,.T.);
#8720 = LINE('',#8721,#8722);
#8721 = CARTESIAN_POINT('',(-1.099E+03,-762.,1.197E+03));
#8722 = VECTOR('',#8723,1.);
#8723 = DIRECTION('',(-1.,0.,0.));
#8724 = ORIENTED_EDGE('',*,*,#8668,.F.);
#8725 = PLANE('',#8726);
#8726 = AXIS2_PLACEMENT_3D('',#8727,#8728,#8729);
#8727 = CARTESIAN_POINT('',(-1.099E+03,-762.,863.));
#8728 = DIRECTION('',(0.,-1.,0.));
#8729 = DIRECTION('',(0.,0.,1.));
#8730 = ADVANCED_FACE('',(#8731),#8737,.F.);
#8731 = FACE_BOUND('',#8732,.F.);
#8732 = EDGE_LOOP('',(#8733,#8734,#8735,#8736));
#8733 = ORIENTED_EDGE('',*,*,#8620,.F.);
#8734 = ORIENTED_EDGE('',*,*,#8690,.T.);
#8735 = ORIENTED_EDGE('',*,*,#8660,.T.);
#8736 = ORIENTED_EDGE('',*,*,#8712,.F.);
#8737 = PLANE('',#8738);
#8738 = AXIS2_PLACEMENT_3D('',#8739,#8740,#8741);
#8739 = CARTESIAN_POINT('',(-1.099E+03,-238.,863.));
#8740 = DIRECTION('',(0.,0.,1.));
#8741 = DIRECTION('',(-1.,0.,0.));
#8742 = ADVANCED_FACE('',(#8743),#8749,.T.);
#8743 = FACE_BOUND('',#8744,.T.);
#8744 = EDGE_LOOP('',(#8745,#8746,#8747,#8748));
#8745 = ORIENTED_EDGE('',*,*,#8636,.F.);
#8746 = ORIENTED_EDGE('',*,*,#8697,.T.);
#8747 = ORIENTED_EDGE('',*,*,#8676,.T.);
#8748 = ORIENTED_EDGE('',*,*,#8719,.F.);
#8749 = PLANE('',#8750);
#8750 = AXIS2_PLACEMENT_3D('',#8751,#8752,#8753);
#8751 = CARTESIAN_POINT('',(-1.099E+03,-238.,1.197E+03));
#8752 = DIRECTION('',(0.,0.,1.));
#8753 = DIRECTION('',(-1.,0.,0.));
#8754 = MANIFOLD_SOLID_BREP('',#8755);
#8755 = CLOSED_SHELL('',(#8756,#8796,#8836,#8858,#8880,#8892));
#8756 = ADVANCED_FACE('',(#8757),#8791,.F.);
#8757 = FACE_BOUND('',#8758,.F.);
#8758 = EDGE_LOOP('',(#8759,#8769,#8777,#8785));
#8759 = ORIENTED_EDGE('',*,*,#8760,.F.);
#8760 = EDGE_CURVE('',#8761,#8763,#8765,.T.);
#8761 = VERTEX_POINT('',#8762);
#8762 = CARTESIAN_POINT('',(302.32050807568,483.63448015713,700.));
#8763 = VERTEX_POINT('',#8764);
#8764 = CARTESIAN_POINT('',(302.32050807568,483.63448015713,1.42E+03));
#8765 = LINE('',#8766,#8767);
#8766 = CARTESIAN_POINT('',(302.32050807568,483.63448015713,700.));
#8767 = VECTOR('',#8768,1.);
#8768 = DIRECTION('',(0.,0.,1.));
#8769 = ORIENTED_EDGE('',*,*,#8770,.T.);
#8770 = EDGE_CURVE('',#8761,#8771,#8773,.T.);
#8771 = VERTEX_POINT('',#8772);
#8772 = CARTESIAN_POINT('',(267.67949192431,503.63448015713,700.));
#8773 = LINE('',#8774,#8775);
#8774 = CARTESIAN_POINT('',(302.32050807568,483.63448015713,700.));
#8775 = VECTOR('',#8776,1.);
#8776 = DIRECTION('',(-0.866025403784,0.5,0.));
#8777 = ORIENTED_EDGE('',*,*,#8778,.T.);
#8778 = EDGE_CURVE('',#8771,#8779,#8781,.T.);
#8779 = VERTEX_POINT('',#8780);
#8780 = CARTESIAN_POINT('',(267.67949192431,503.63448015713,1.42E+03));
#8781 = LINE('',#8782,#8783);
#8782 = CARTESIAN_POINT('',(267.67949192431,503.63448015713,700.));
#8783 = VECTOR('',#8784,1.);
#8784 = DIRECTION('',(0.,0.,1.));
#8785 = ORIENTED_EDGE('',*,*,#8786,.F.);
#8786 = EDGE_CURVE('',#8763,#8779,#8787,.T.);
#8787 = LINE('',#8788,#8789);
#8788 = CARTESIAN_POINT('',(302.32050807568,483.63448015713,1.42E+03));
#8789 = VECTOR('',#8790,1.);
#8790 = DIRECTION('',(-0.866025403784,0.5,0.));
#8791 = PLANE('',#8792);
#8792 = AXIS2_PLACEMENT_3D('',#8793,#8794,#8795);
#8793 = CARTESIAN_POINT('',(302.32050807568,483.63448015713,700.));
#8794 = DIRECTION('',(0.5,0.866025403784,0.));
#8795 = DIRECTION('',(0.,0.,1.));
#8796 = ADVANCED_FACE('',(#8797),#8831,.T.);
#8797 = FACE_BOUND('',#8798,.T.);
#8798 = EDGE_LOOP('',(#8799,#8809,#8817,#8825));
#8799 = ORIENTED_EDGE('',*,*,#8800,.F.);
#8800 = EDGE_CURVE('',#8801,#8803,#8805,.T.);
#8801 = VERTEX_POINT('',#8802);
#8802 = CARTESIAN_POINT('',(912.32050807568,1.540185472774E+03,700.));
#8803 = VERTEX_POINT('',#8804);
#8804 = CARTESIAN_POINT('',(912.32050807568,1.540185472774E+03,1.42E+03)
  );
#8805 = LINE('',#8806,#8807);
#8806 = CARTESIAN_POINT('',(912.32050807568,1.540185472774E+03,700.));
#8807 = VECTOR('',#8808,1.);
#8808 = DIRECTION('',(0.,0.,1.));
#8809 = ORIENTED_EDGE('',*,*,#8810,.T.);
#8810 = EDGE_CURVE('',#8801,#8811,#8813,.T.);
#8811 = VERTEX_POINT('',#8812);
#8812 = CARTESIAN_POINT('',(877.67949192431,1.560185472774E+03,700.));
#8813 = LINE('',#8814,#8815);
#8814 = CARTESIAN_POINT('',(912.32050807568,1.540185472774E+03,700.));
#8815 = VECTOR('',#8816,1.);
#8816 = DIRECTION('',(-0.866025403784,0.5,0.));
#8817 = ORIENTED_EDGE('',*,*,#8818,.T.);
#8818 = EDGE_CURVE('',#8811,#8819,#8821,.T.);
#8819 = VERTEX_POINT('',#8820);
#8820 = CARTESIAN_POINT('',(877.67949192431,1.560185472774E+03,1.42E+03)
  );
#8821 = LINE('',#8822,#8823);
#8822 = CARTESIAN_POINT('',(877.67949192431,1.560185472774E+03,700.));
#8823 = VECTOR('',#8824,1.);
#8824 = DIRECTION('',(0.,0.,1.));
#8825 = ORIENTED_EDGE('',*,*,#8826,.F.);
#8826 = EDGE_CURVE('',#8803,#8819,#8827,.T.);
#8827 = LINE('',#8828,#8829);
#8828 = CARTESIAN_POINT('',(912.32050807568,1.540185472774E+03,1.42E+03)
  );
#8829 = VECTOR('',#8830,1.);
#8830 = DIRECTION('',(-0.866025403784,0.5,0.));
#8831 = PLANE('',#8832);
#8832 = AXIS2_PLACEMENT_3D('',#8833,#8834,#8835);
#8833 = CARTESIAN_POINT('',(912.32050807568,1.540185472774E+03,700.));
#8834 = DIRECTION('',(0.5,0.866025403784,0.));
#8835 = DIRECTION('',(0.,0.,1.));
#8836 = ADVANCED_FACE('',(#8837),#8853,.F.);
#8837 = FACE_BOUND('',#8838,.F.);
#8838 = EDGE_LOOP('',(#8839,#8845,#8846,#8852));
#8839 = ORIENTED_EDGE('',*,*,#8840,.F.);
#8840 = EDGE_CURVE('',#8761,#8801,#8841,.T.);
#8841 = LINE('',#8842,#8843);
#8842 = CARTESIAN_POINT('',(302.32050807568,483.63448015713,700.));
#8843 = VECTOR('',#8844,1.);
#8844 = DIRECTION('',(0.5,0.866025403784,0.));
#8845 = ORIENTED_EDGE('',*,*,#8760,.T.);
#8846 = ORIENTED_EDGE('',*,*,#8847,.T.);
#8847 = EDGE_CURVE('',#8763,#8803,#8848,.T.);
#8848 = LINE('',#8849,#8850);
#8849 = CARTESIAN_POINT('',(302.32050807568,483.63448015713,1.42E+03));
#8850 = VECTOR('',#8851,1.);
#8851 = DIRECTION('',(0.5,0.866025403784,0.));
#8852 = ORIENTED_EDGE('',*,*,#8800,.F.);
#8853 = PLANE('',#8854);
#8854 = AXIS2_PLACEMENT_3D('',#8855,#8856,#8857);
#8855 = CARTESIAN_POINT('',(302.32050807568,483.63448015713,700.));
#8856 = DIRECTION('',(-0.866025403784,0.5,0.));
#8857 = DIRECTION('',(0.,0.,1.));
#8858 = ADVANCED_FACE('',(#8859),#8875,.T.);
#8859 = FACE_BOUND('',#8860,.T.);
#8860 = EDGE_LOOP('',(#8861,#8867,#8868,#8874));
#8861 = ORIENTED_EDGE('',*,*,#8862,.F.);
#8862 = EDGE_CURVE('',#8771,#8811,#8863,.T.);
#8863 = LINE('',#8864,#8865);
#8864 = CARTESIAN_POINT('',(267.67949192431,503.63448015713,700.));
#8865 = VECTOR('',#8866,1.);
#8866 = DIRECTION('',(0.5,0.866025403784,0.));
#8867 = ORIENTED_EDGE('',*,*,#8778,.T.);
#8868 = ORIENTED_EDGE('',*,*,#8869,.T.);
#8869 = EDGE_CURVE('',#8779,#8819,#8870,.T.);
#8870 = LINE('',#8871,#8872);
#8871 = CARTESIAN_POINT('',(267.67949192431,503.63448015713,1.42E+03));
#8872 = VECTOR('',#8873,1.);
#8873 = DIRECTION('',(0.5,0.866025403784,0.));
#8874 = ORIENTED_EDGE('',*,*,#8818,.F.);
#8875 = PLANE('',#8876);
#8876 = AXIS2_PLACEMENT_3D('',#8877,#8878,#8879);
#8877 = CARTESIAN_POINT('',(267.67949192431,503.63448015713,700.));
#8878 = DIRECTION('',(-0.866025403784,0.5,0.));
#8879 = DIRECTION('',(0.,0.,1.));
#8880 = ADVANCED_FACE('',(#8881),#8887,.F.);
#8881 = FACE_BOUND('',#8882,.F.);
#8882 = EDGE_LOOP('',(#8883,#8884,#8885,#8886));
#8883 = ORIENTED_EDGE('',*,*,#8770,.F.);
#8884 = ORIENTED_EDGE('',*,*,#8840,.T.);
#8885 = ORIENTED_EDGE('',*,*,#8810,.T.);
#8886 = ORIENTED_EDGE('',*,*,#8862,.F.);
#8887 = PLANE('',#8888);
#8888 = AXIS2_PLACEMENT_3D('',#8889,#8890,#8891);
#8889 = CARTESIAN_POINT('',(302.32050807568,483.63448015713,700.));
#8890 = DIRECTION('',(0.,0.,1.));
#8891 = DIRECTION('',(0.5,0.866025403784,0.));
#8892 = ADVANCED_FACE('',(#8893),#8899,.T.);
#8893 = FACE_BOUND('',#8894,.T.);
#8894 = EDGE_LOOP('',(#8895,#8896,#8897,#8898));
#8895 = ORIENTED_EDGE('',*,*,#8786,.F.);
#8896 = ORIENTED_EDGE('',*,*,#8847,.T.);
#8897 = ORIENTED_EDGE('',*,*,#8826,.T.);
#8898 = ORIENTED_EDGE('',*,*,#8869,.F.);
#8899 = PLANE('',#8900);
#8900 = AXIS2_PLACEMENT_3D('',#8901,#8902,#8903);
#8901 = CARTESIAN_POINT('',(302.32050807568,483.63448015713,1.42E+03));
#8902 = DIRECTION('',(0.,0.,1.));
#8903 = DIRECTION('',(0.5,0.866025403784,0.));
#8904 = MANIFOLD_SOLID_BREP('',#8905);
#8905 = CLOSED_SHELL('',(#8906,#8946,#8986,#9008,#9030,#9042));
#8906 = ADVANCED_FACE('',(#8907),#8941,.F.);
#8907 = FACE_BOUND('',#8908,.F.);
#8908 = EDGE_LOOP('',(#8909,#8919,#8927,#8935));
#8909 = ORIENTED_EDGE('',*,*,#8910,.F.);
#8910 = EDGE_CURVE('',#8911,#8913,#8915,.T.);
#8911 = VERTEX_POINT('',#8912);
#8912 = CARTESIAN_POINT('',(-570.,20.,700.));
#8913 = VERTEX_POINT('',#8914);
#8914 = CARTESIAN_POINT('',(-570.,20.,1.42E+03));
#8915 = LINE('',#8916,#8917);
#8916 = CARTESIAN_POINT('',(-570.,20.,700.));
#8917 = VECTOR('',#8918,1.);
#8918 = DIRECTION('',(0.,0.,1.));
#8919 = ORIENTED_EDGE('',*,*,#8920,.T.);
#8920 = EDGE_CURVE('',#8911,#8921,#8923,.T.);
#8921 = VERTEX_POINT('',#8922);
#8922 = CARTESIAN_POINT('',(-570.,-20.,700.));
#8923 = LINE('',#8924,#8925);
#8924 = CARTESIAN_POINT('',(-570.,20.,700.));
#8925 = VECTOR('',#8926,1.);
#8926 = DIRECTION('',(0.,-1.,0.));
#8927 = ORIENTED_EDGE('',*,*,#8928,.T.);
#8928 = EDGE_CURVE('',#8921,#8929,#8931,.T.);
#8929 = VERTEX_POINT('',#8930);
#8930 = CARTESIAN_POINT('',(-570.,-20.,1.42E+03));
#8931 = LINE('',#8932,#8933);
#8932 = CARTESIAN_POINT('',(-570.,-20.,700.));
#8933 = VECTOR('',#8934,1.);
#8934 = DIRECTION('',(0.,0.,1.));
#8935 = ORIENTED_EDGE('',*,*,#8936,.F.);
#8936 = EDGE_CURVE('',#8913,#8929,#8937,.T.);
#8937 = LINE('',#8938,#8939);
#8938 = CARTESIAN_POINT('',(-570.,20.,1.42E+03));
#8939 = VECTOR('',#8940,1.);
#8940 = DIRECTION('',(0.,-1.,0.));
#8941 = PLANE('',#8942);
#8942 = AXIS2_PLACEMENT_3D('',#8943,#8944,#8945);
#8943 = CARTESIAN_POINT('',(-570.,20.,700.));
#8944 = DIRECTION('',(-1.,0.,0.));
#8945 = DIRECTION('',(0.,0.,1.));
#8946 = ADVANCED_FACE('',(#8947),#8981,.T.);
#8947 = FACE_BOUND('',#8948,.T.);
#8948 = EDGE_LOOP('',(#8949,#8959,#8967,#8975));
#8949 = ORIENTED_EDGE('',*,*,#8950,.F.);
#8950 = EDGE_CURVE('',#8951,#8953,#8955,.T.);
#8951 = VERTEX_POINT('',#8952);
#8952 = CARTESIAN_POINT('',(-1.79E+03,20.,700.));
#8953 = VERTEX_POINT('',#8954);
#8954 = CARTESIAN_POINT('',(-1.79E+03,20.,1.42E+03));
#8955 = LINE('',#8956,#8957);
#8956 = CARTESIAN_POINT('',(-1.79E+03,20.,700.));
#8957 = VECTOR('',#8958,1.);
#8958 = DIRECTION('',(0.,0.,1.));
#8959 = ORIENTED_EDGE('',*,*,#8960,.T.);
#8960 = EDGE_CURVE('',#8951,#8961,#8963,.T.);
#8961 = VERTEX_POINT('',#8962);
#8962 = CARTESIAN_POINT('',(-1.79E+03,-20.,700.));
#8963 = LINE('',#8964,#8965);
#8964 = CARTESIAN_POINT('',(-1.79E+03,20.,700.));
#8965 = VECTOR('',#8966,1.);
#8966 = DIRECTION('',(0.,-1.,0.));
#8967 = ORIENTED_EDGE('',*,*,#8968,.T.);
#8968 = EDGE_CURVE('',#8961,#8969,#8971,.T.);
#8969 = VERTEX_POINT('',#8970);
#8970 = CARTESIAN_POINT('',(-1.79E+03,-20.,1.42E+03));
#8971 = LINE('',#8972,#8973);
#8972 = CARTESIAN_POINT('',(-1.79E+03,-20.,700.));
#8973 = VECTOR('',#8974,1.);
#8974 = DIRECTION('',(0.,0.,1.));
#8975 = ORIENTED_EDGE('',*,*,#8976,.F.);
#8976 = EDGE_CURVE('',#8953,#8969,#8977,.T.);
#8977 = LINE('',#8978,#8979);
#8978 = CARTESIAN_POINT('',(-1.79E+03,20.,1.42E+03));
#8979 = VECTOR('',#8980,1.);
#8980 = DIRECTION('',(0.,-1.,0.));
#8981 = PLANE('',#8982);
#8982 = AXIS2_PLACEMENT_3D('',#8983,#8984,#8985);
#8983 = CARTESIAN_POINT('',(-1.79E+03,20.,700.));
#8984 = DIRECTION('',(-1.,0.,0.));
#8985 = DIRECTION('',(0.,0.,1.));
#8986 = ADVANCED_FACE('',(#8987),#9003,.F.);
#8987 = FACE_BOUND('',#8988,.F.);
#8988 = EDGE_LOOP('',(#8989,#8995,#8996,#9002));
#8989 = ORIENTED_EDGE('',*,*,#8990,.F.);
#8990 = EDGE_CURVE('',#8911,#8951,#8991,.T.);
#8991 = LINE('',#8992,#8993);
#8992 = CARTESIAN_POINT('',(-570.,20.,700.));
#8993 = VECTOR('',#8994,1.);
#8994 = DIRECTION('',(-1.,0.,0.));
#8995 = ORIENTED_EDGE('',*,*,#8910,.T.);
#8996 = ORIENTED_EDGE('',*,*,#8997,.T.);
#8997 = EDGE_CURVE('',#8913,#8953,#8998,.T.);
#8998 = LINE('',#8999,#9000);
#8999 = CARTESIAN_POINT('',(-570.,20.,1.42E+03));
#9000 = VECTOR('',#9001,1.);
#9001 = DIRECTION('',(-1.,0.,0.));
#9002 = ORIENTED_EDGE('',*,*,#8950,.F.);
#9003 = PLANE('',#9004);
#9004 = AXIS2_PLACEMENT_3D('',#9005,#9006,#9007);
#9005 = CARTESIAN_POINT('',(-570.,20.,700.));
#9006 = DIRECTION('',(0.,-1.,0.));
#9007 = DIRECTION('',(0.,0.,1.));
#9008 = ADVANCED_FACE('',(#9009),#9025,.T.);
#9009 = FACE_BOUND('',#9010,.T.);
#9010 = EDGE_LOOP('',(#9011,#9017,#9018,#9024));
#9011 = ORIENTED_EDGE('',*,*,#9012,.F.);
#9012 = EDGE_CURVE('',#8921,#8961,#9013,.T.);
#9013 = LINE('',#9014,#9015);
#9014 = CARTESIAN_POINT('',(-570.,-20.,700.));
#9015 = VECTOR('',#9016,1.);
#9016 = DIRECTION('',(-1.,0.,0.));
#9017 = ORIENTED_EDGE('',*,*,#8928,.T.);
#9018 = ORIENTED_EDGE('',*,*,#9019,.T.);
#9019 = EDGE_CURVE('',#8929,#8969,#9020,.T.);
#9020 = LINE('',#9021,#9022);
#9021 = CARTESIAN_POINT('',(-570.,-20.,1.42E+03));
#9022 = VECTOR('',#9023,1.);
#9023 = DIRECTION('',(-1.,0.,0.));
#9024 = ORIENTED_EDGE('',*,*,#8968,.F.);
#9025 = PLANE('',#9026);
#9026 = AXIS2_PLACEMENT_3D('',#9027,#9028,#9029);
#9027 = CARTESIAN_POINT('',(-570.,-20.,700.));
#9028 = DIRECTION('',(0.,-1.,0.));
#9029 = DIRECTION('',(0.,0.,1.));
#9030 = ADVANCED_FACE('',(#9031),#9037,.F.);
#9031 = FACE_BOUND('',#9032,.F.);
#9032 = EDGE_LOOP('',(#9033,#9034,#9035,#9036));
#9033 = ORIENTED_EDGE('',*,*,#8920,.F.);
#9034 = ORIENTED_EDGE('',*,*,#8990,.T.);
#9035 = ORIENTED_EDGE('',*,*,#8960,.T.);
#9036 = ORIENTED_EDGE('',*,*,#9012,.F.);
#9037 = PLANE('',#9038);
#9038 = AXIS2_PLACEMENT_3D('',#9039,#9040,#9041);
#9039 = CARTESIAN_POINT('',(-570.,20.,700.));
#9040 = DIRECTION('',(0.,0.,1.));
#9041 = DIRECTION('',(-1.,0.,0.));
#9042 = ADVANCED_FACE('',(#9043),#9049,.T.);
#9043 = FACE_BOUND('',#9044,.T.);
#9044 = EDGE_LOOP('',(#9045,#9046,#9047,#9048));
#9045 = ORIENTED_EDGE('',*,*,#8936,.F.);
#9046 = ORIENTED_EDGE('',*,*,#8997,.T.);
#9047 = ORIENTED_EDGE('',*,*,#8976,.T.);
#9048 = ORIENTED_EDGE('',*,*,#9019,.F.);
#9049 = PLANE('',#9050);
#9050 = AXIS2_PLACEMENT_3D('',#9051,#9052,#9053);
#9051 = CARTESIAN_POINT('',(-570.,20.,1.42E+03));
#9052 = DIRECTION('',(0.,0.,1.));
#9053 = DIRECTION('',(-1.,0.,0.));
#9054 = MANIFOLD_SOLID_BREP('',#9055);
#9055 = CLOSED_SHELL('',(#9056,#9096,#9136,#9158,#9180,#9192));
#9056 = ADVANCED_FACE('',(#9057),#9091,.F.);
#9057 = FACE_BOUND('',#9058,.F.);
#9058 = EDGE_LOOP('',(#9059,#9069,#9077,#9085));
#9059 = ORIENTED_EDGE('',*,*,#9060,.F.);
#9060 = EDGE_CURVE('',#9061,#9063,#9065,.T.);
#9061 = VERTEX_POINT('',#9062);
#9062 = CARTESIAN_POINT('',(267.67949192431,-503.6344801571,700.));
#9063 = VERTEX_POINT('',#9064);
#9064 = CARTESIAN_POINT('',(267.67949192431,-503.6344801571,1.42E+03));
#9065 = LINE('',#9066,#9067);
#9066 = CARTESIAN_POINT('',(267.67949192431,-503.6344801571,700.));
#9067 = VECTOR('',#9068,1.);
#9068 = DIRECTION('',(0.,0.,1.));
#9069 = ORIENTED_EDGE('',*,*,#9070,.T.);
#9070 = EDGE_CURVE('',#9061,#9071,#9073,.T.);
#9071 = VERTEX_POINT('',#9072);
#9072 = CARTESIAN_POINT('',(302.32050807568,-483.6344801571,700.));
#9073 = LINE('',#9074,#9075);
#9074 = CARTESIAN_POINT('',(267.67949192431,-503.6344801571,700.));
#9075 = VECTOR('',#9076,1.);
#9076 = DIRECTION('',(0.866025403784,0.5,0.));
#9077 = ORIENTED_EDGE('',*,*,#9078,.T.);
#9078 = EDGE_CURVE('',#9071,#9079,#9081,.T.);
#9079 = VERTEX_POINT('',#9080);
#9080 = CARTESIAN_POINT('',(302.32050807568,-483.6344801571,1.42E+03));
#9081 = LINE('',#9082,#9083);
#9082 = CARTESIAN_POINT('',(302.32050807568,-483.6344801571,700.));
#9083 = VECTOR('',#9084,1.);
#9084 = DIRECTION('',(0.,0.,1.));
#9085 = ORIENTED_EDGE('',*,*,#9086,.F.);
#9086 = EDGE_CURVE('',#9063,#9079,#9087,.T.);
#9087 = LINE('',#9088,#9089);
#9088 = CARTESIAN_POINT('',(267.67949192431,-503.6344801571,1.42E+03));
#9089 = VECTOR('',#9090,1.);
#9090 = DIRECTION('',(0.866025403784,0.5,0.));
#9091 = PLANE('',#9092);
#9092 = AXIS2_PLACEMENT_3D('',#9093,#9094,#9095);
#9093 = CARTESIAN_POINT('',(267.67949192431,-503.6344801571,700.));
#9094 = DIRECTION('',(0.5,-0.866025403784,0.));
#9095 = DIRECTION('',(0.,0.,1.));
#9096 = ADVANCED_FACE('',(#9097),#9131,.T.);
#9097 = FACE_BOUND('',#9098,.T.);
#9098 = EDGE_LOOP('',(#9099,#9109,#9117,#9125));
#9099 = ORIENTED_EDGE('',*,*,#9100,.F.);
#9100 = EDGE_CURVE('',#9101,#9103,#9105,.T.);
#9101 = VERTEX_POINT('',#9102);
#9102 = CARTESIAN_POINT('',(877.67949192431,-1.560185472774E+03,700.));
#9103 = VERTEX_POINT('',#9104);
#9104 = CARTESIAN_POINT('',(877.67949192431,-1.560185472774E+03,1.42E+03
    ));
#9105 = LINE('',#9106,#9107);
#9106 = CARTESIAN_POINT('',(877.67949192431,-1.560185472774E+03,700.));
#9107 = VECTOR('',#9108,1.);
#9108 = DIRECTION('',(0.,0.,1.));
#9109 = ORIENTED_EDGE('',*,*,#9110,.T.);
#9110 = EDGE_CURVE('',#9101,#9111,#9113,.T.);
#9111 = VERTEX_POINT('',#9112);
#9112 = CARTESIAN_POINT('',(912.32050807568,-1.540185472774E+03,700.));
#9113 = LINE('',#9114,#9115);
#9114 = CARTESIAN_POINT('',(877.67949192431,-1.560185472774E+03,700.));
#9115 = VECTOR('',#9116,1.);
#9116 = DIRECTION('',(0.866025403784,0.5,0.));
#9117 = ORIENTED_EDGE('',*,*,#9118,.T.);
#9118 = EDGE_CURVE('',#9111,#9119,#9121,.T.);
#9119 = VERTEX_POINT('',#9120);
#9120 = CARTESIAN_POINT('',(912.32050807568,-1.540185472774E+03,1.42E+03
    ));
#9121 = LINE('',#9122,#9123);
#9122 = CARTESIAN_POINT('',(912.32050807568,-1.540185472774E+03,700.));
#9123 = VECTOR('',#9124,1.);
#9124 = DIRECTION('',(0.,0.,1.));
#9125 = ORIENTED_EDGE('',*,*,#9126,.F.);
#9126 = EDGE_CURVE('',#9103,#9119,#9127,.T.);
#9127 = LINE('',#9128,#9129);
#9128 = CARTESIAN_POINT('',(877.67949192431,-1.560185472774E+03,1.42E+03
    ));
#9129 = VECTOR('',#9130,1.);
#9130 = DIRECTION('',(0.866025403784,0.5,0.));
#9131 = PLANE('',#9132);
#9132 = AXIS2_PLACEMENT_3D('',#9133,#9134,#9135);
#9133 = CARTESIAN_POINT('',(877.67949192431,-1.560185472774E+03,700.));
#9134 = DIRECTION('',(0.5,-0.866025403784,0.));
#9135 = DIRECTION('',(0.,0.,1.));
#9136 = ADVANCED_FACE('',(#9137),#9153,.F.);
#9137 = FACE_BOUND('',#9138,.F.);
#9138 = EDGE_LOOP('',(#9139,#9145,#9146,#9152));
#9139 = ORIENTED_EDGE('',*,*,#9140,.F.);
#9140 = EDGE_CURVE('',#9061,#9101,#9141,.T.);
#9141 = LINE('',#9142,#9143);
#9142 = CARTESIAN_POINT('',(267.67949192431,-503.6344801571,700.));
#9143 = VECTOR('',#9144,1.);
#9144 = DIRECTION('',(0.5,-0.866025403784,0.));
#9145 = ORIENTED_EDGE('',*,*,#9060,.T.);
#9146 = ORIENTED_EDGE('',*,*,#9147,.T.);
#9147 = EDGE_CURVE('',#9063,#9103,#9148,.T.);
#9148 = LINE('',#9149,#9150);
#9149 = CARTESIAN_POINT('',(267.67949192431,-503.6344801571,1.42E+03));
#9150 = VECTOR('',#9151,1.);
#9151 = DIRECTION('',(0.5,-0.866025403784,0.));
#9152 = ORIENTED_EDGE('',*,*,#9100,.F.);
#9153 = PLANE('',#9154);
#9154 = AXIS2_PLACEMENT_3D('',#9155,#9156,#9157);
#9155 = CARTESIAN_POINT('',(267.67949192431,-503.6344801571,700.));
#9156 = DIRECTION('',(0.866025403784,0.5,0.));
#9157 = DIRECTION('',(0.,0.,1.));
#9158 = ADVANCED_FACE('',(#9159),#9175,.T.);
#9159 = FACE_BOUND('',#9160,.T.);
#9160 = EDGE_LOOP('',(#9161,#9167,#9168,#9174));
#9161 = ORIENTED_EDGE('',*,*,#9162,.F.);
#9162 = EDGE_CURVE('',#9071,#9111,#9163,.T.);
#9163 = LINE('',#9164,#9165);
#9164 = CARTESIAN_POINT('',(302.32050807568,-483.6344801571,700.));
#9165 = VECTOR('',#9166,1.);
#9166 = DIRECTION('',(0.5,-0.866025403784,0.));
#9167 = ORIENTED_EDGE('',*,*,#9078,.T.);
#9168 = ORIENTED_EDGE('',*,*,#9169,.T.);
#9169 = EDGE_CURVE('',#9079,#9119,#9170,.T.);
#9170 = LINE('',#9171,#9172);
#9171 = CARTESIAN_POINT('',(302.32050807568,-483.6344801571,1.42E+03));
#9172 = VECTOR('',#9173,1.);
#9173 = DIRECTION('',(0.5,-0.866025403784,0.));
#9174 = ORIENTED_EDGE('',*,*,#9118,.F.);
#9175 = PLANE('',#9176);
#9176 = AXIS2_PLACEMENT_3D('',#9177,#9178,#9179);
#9177 = CARTESIAN_POINT('',(302.32050807568,-483.6344801571,700.));
#9178 = DIRECTION('',(0.866025403784,0.5,0.));
#9179 = DIRECTION('',(0.,0.,1.));
#9180 = ADVANCED_FACE('',(#9181),#9187,.F.);
#9181 = FACE_BOUND('',#9182,.F.);
#9182 = EDGE_LOOP('',(#9183,#9184,#9185,#9186));
#9183 = ORIENTED_EDGE('',*,*,#9070,.F.);
#9184 = ORIENTED_EDGE('',*,*,#9140,.T.);
#9185 = ORIENTED_EDGE('',*,*,#9110,.T.);
#9186 = ORIENTED_EDGE('',*,*,#9162,.F.);
#9187 = PLANE('',#9188);
#9188 = AXIS2_PLACEMENT_3D('',#9189,#9190,#9191);
#9189 = CARTESIAN_POINT('',(267.67949192431,-503.6344801571,700.));
#9190 = DIRECTION('',(0.,0.,1.));
#9191 = DIRECTION('',(0.5,-0.866025403784,0.));
#9192 = ADVANCED_FACE('',(#9193),#9199,.T.);
#9193 = FACE_BOUND('',#9194,.T.);
#9194 = EDGE_LOOP('',(#9195,#9196,#9197,#9198));
#9195 = ORIENTED_EDGE('',*,*,#9086,.F.);
#9196 = ORIENTED_EDGE('',*,*,#9147,.T.);
#9197 = ORIENTED_EDGE('',*,*,#9126,.T.);
#9198 = ORIENTED_EDGE('',*,*,#9169,.F.);
#9199 = PLANE('',#9200);
#9200 = AXIS2_PLACEMENT_3D('',#9201,#9202,#9203);
#9201 = CARTESIAN_POINT('',(267.67949192431,-503.6344801571,1.42E+03));
#9202 = DIRECTION('',(0.,0.,1.));
#9203 = DIRECTION('',(0.5,-0.866025403784,0.));
#9204 = ( GEOMETRIC_REPRESENTATION_CONTEXT(3) 
GLOBAL_UNCERTAINTY_ASSIGNED_CONTEXT((#9208)) 
GLOBAL_UNIT_ASSIGNED_CONTEXT((#9205,#9206,#9207)) REPRESENTATION_CONTEXT
('Context #1','3D Context with UNIT and UNCERTAINTY') );
#9205 = ( LENGTH_UNIT() NAMED_UNIT(*) SI_UNIT(.MILLI.,.METRE.) );
#9206 = ( NAMED_UNIT(*) PLANE_ANGLE_UNIT() SI_UNIT($,.RADIAN.) );
#9207 = ( NAMED_UNIT(*) SI_UNIT($,.STERADIAN.) SOLID_ANGLE_UNIT() );
#9208 = UNCERTAINTY_MEASURE_WITH_UNIT(LENGTH_MEASURE(1.E-07),#9205,
  'distance_accuracy_value','confusion accuracy');
#9209 = PRODUCT_RELATED_PRODUCT_CATEGORY('part',$,(#7));
ENDSEC;
END-ISO-10303-21;
