ISO-10303-21;
HEADER;
FILE_DESCRIPTION(('FreeCAD Model'),'2;1');
FILE_NAME('Open CASCADE Shape Model','2026-09-16T17:50:10',('FreeCAD'),(
    'FreeCAD'),'Open CASCADE STEP processor 7.8','FreeCAD','Unknown');
FILE_SCHEMA(('AUTOMOTIVE_DESIGN { 1 0 10303 214 1 1 1 1 }'));
ENDSEC;
DATA;
#1 = APPLICATION_PROTOCOL_DEFINITION('international standard',
  'automotive_design',2000,#2);
#2 = APPLICATION_CONTEXT(
  'core data for automotive mechanical design processes');
#3 = SHAPE_DEFINITION_REPRESENTATION(#4,#10);
#4 = PRODUCT_DEFINITION_SHAPE('','',#5);
#5 = PRODUCT_DEFINITION('design','',#6,#9);
#6 = PRODUCT_DEFINITION_FORMATION('','',#7);
#7 = PRODUCT('Open CASCADE STEP translator 7.8 2',
  'Open CASCADE STEP translator 7.8 2','',(#8));
#8 = PRODUCT_CONTEXT('',#2,'mechanical');
#9 = PRODUCT_DEFINITION_CONTEXT('part definition',#2,'design');
#10 = SHAPE_REPRESENTATION('',(#11,#15,#231,#348,#498,#648,#798,#851,
    #904,#957,#1010,#1063,#1116,#1169,#1222,#1275,#1328,#1381,#1434,
    #1487,#1540,#1593,#1646,#1699,#1752,#2042,#2095,#2385,#2438,#2728,
    #2781,#3071,#3124,#3414,#3467,#3757,#3810,#4100,#4153,#4443,#4496,
    #4786,#4839,#5055,#5345,#5635),#5925);
#11 = AXIS2_PLACEMENT_3D('',#12,#13,#14);
#12 = CARTESIAN_POINT('',(0.,0.,0.));
#13 = DIRECTION('',(0.,0.,1.));
#14 = DIRECTION('',(1.,0.,-0.));
#15 = MANIFOLD_SOLID_BREP('',#16);
#16 = CLOSED_SHELL('',(#17,#57,#88,#119,#150,#181,#203,#217));
#17 = ADVANCED_FACE('',(#18),#52,.F.);
#18 = FACE_BOUND('',#19,.F.);
#19 = EDGE_LOOP('',(#20,#30,#38,#46));
#20 = ORIENTED_EDGE('',*,*,#21,.T.);
#21 = EDGE_CURVE('',#22,#24,#26,.T.);
#22 = VERTEX_POINT('',#23);
#23 = CARTESIAN_POINT('',(372.3909236273,215.,0.));
#24 = VERTEX_POINT('',#25);
#25 = CARTESIAN_POINT('',(372.3909236273,215.,100.));
#26 = LINE('',#27,#28);
#27 = CARTESIAN_POINT('',(372.3909236273,215.,0.));
#28 = VECTOR('',#29,1.);
#29 = DIRECTION('',(0.,0.,1.));
#30 = ORIENTED_EDGE('',*,*,#31,.T.);
#31 = EDGE_CURVE('',#24,#32,#34,.T.);
#32 = VERTEX_POINT('',#33);
#33 = CARTESIAN_POINT('',(2.632990618167E-14,430.,100.));
#34 = LINE('',#35,#36);
#35 = CARTESIAN_POINT('',(372.3909236273,215.,100.));
#36 = VECTOR('',#37,1.);
#37 = DIRECTION('',(-0.866025403784,0.5,0.));
#38 = ORIENTED_EDGE('',*,*,#39,.F.);
#39 = EDGE_CURVE('',#40,#32,#42,.T.);
#40 = VERTEX_POINT('',#41);
#41 = CARTESIAN_POINT('',(2.632990618167E-14,430.,0.));
#42 = LINE('',#43,#44);
#43 = CARTESIAN_POINT('',(2.632990618167E-14,430.,0.));
#44 = VECTOR('',#45,1.);
#45 = DIRECTION('',(0.,0.,1.));
#46 = ORIENTED_EDGE('',*,*,#47,.F.);
#47 = EDGE_CURVE('',#22,#40,#48,.T.);
#48 = LINE('',#49,#50);
#49 = CARTESIAN_POINT('',(372.3909236273,215.,0.));
#50 = VECTOR('',#51,1.);
#51 = DIRECTION('',(-0.866025403784,0.5,0.));
#52 = PLANE('',#53);
#53 = AXIS2_PLACEMENT_3D('',#54,#55,#56);
#54 = CARTESIAN_POINT('',(372.3909236273,215.,0.));
#55 = DIRECTION('',(-0.5,-0.866025403784,0.));
#56 = DIRECTION('',(-0.866025403784,0.5,0.));
#57 = ADVANCED_FACE('',(#58),#83,.F.);
#58 = FACE_BOUND('',#59,.F.);
#59 = EDGE_LOOP('',(#60,#61,#69,#77));
#60 = ORIENTED_EDGE('',*,*,#39,.T.);
#61 = ORIENTED_EDGE('',*,*,#62,.T.);
#62 = EDGE_CURVE('',#32,#63,#65,.T.);
#63 = VERTEX_POINT('',#64);
#64 = CARTESIAN_POINT('',(-372.3909236273,215.,100.));
#65 = LINE('',#66,#67);
#66 = CARTESIAN_POINT('',(2.632990618167E-14,430.,100.));
#67 = VECTOR('',#68,1.);
#68 = DIRECTION('',(-0.866025403784,-0.5,0.));
#69 = ORIENTED_EDGE('',*,*,#70,.F.);
#70 = EDGE_CURVE('',#71,#63,#73,.T.);
#71 = VERTEX_POINT('',#72);
#72 = CARTESIAN_POINT('',(-372.3909236273,215.,0.));
#73 = LINE('',#74,#75);
#74 = CARTESIAN_POINT('',(-372.3909236273,215.,0.));
#75 = VECTOR('',#76,1.);
#76 = DIRECTION('',(0.,0.,1.));
#77 = ORIENTED_EDGE('',*,*,#78,.F.);
#78 = EDGE_CURVE('',#40,#71,#79,.T.);
#79 = LINE('',#80,#81);
#80 = CARTESIAN_POINT('',(2.632990618167E-14,430.,0.));
#81 = VECTOR('',#82,1.);
#82 = DIRECTION('',(-0.866025403784,-0.5,0.));
#83 = PLANE('',#84);
#84 = AXIS2_PLACEMENT_3D('',#85,#86,#87);
#85 = CARTESIAN_POINT('',(2.632990618167E-14,430.,0.));
#86 = DIRECTION('',(0.5,-0.866025403784,0.));
#87 = DIRECTION('',(-0.866025403784,-0.5,0.));
#88 = ADVANCED_FACE('',(#89),#114,.F.);
#89 = FACE_BOUND('',#90,.F.);
#90 = EDGE_LOOP('',(#91,#92,#100,#108));
#91 = ORIENTED_EDGE('',*,*,#70,.T.);
#92 = ORIENTED_EDGE('',*,*,#93,.T.);
#93 = EDGE_CURVE('',#63,#94,#96,.T.);
#94 = VERTEX_POINT('',#95);
#95 = CARTESIAN_POINT('',(-372.3909236273,-215.,100.));
#96 = LINE('',#97,#98);
#97 = CARTESIAN_POINT('',(-372.3909236273,215.,100.));
#98 = VECTOR('',#99,1.);
#99 = DIRECTION('',(1.321939973507E-16,-1.,0.));
#100 = ORIENTED_EDGE('',*,*,#101,.F.);
#101 = EDGE_CURVE('',#102,#94,#104,.T.);
#102 = VERTEX_POINT('',#103);
#103 = CARTESIAN_POINT('',(-372.3909236273,-215.,0.));
#104 = LINE('',#105,#106);
#105 = CARTESIAN_POINT('',(-372.3909236273,-215.,0.));
#106 = VECTOR('',#107,1.);
#107 = DIRECTION('',(0.,0.,1.));
#108 = ORIENTED_EDGE('',*,*,#109,.F.);
#109 = EDGE_CURVE('',#71,#102,#110,.T.);
#110 = LINE('',#111,#112);
#111 = CARTESIAN_POINT('',(-372.3909236273,215.,0.));
#112 = VECTOR('',#113,1.);
#113 = DIRECTION('',(1.321939973507E-16,-1.,0.));
#114 = PLANE('',#115);
#115 = AXIS2_PLACEMENT_3D('',#116,#117,#118);
#116 = CARTESIAN_POINT('',(-372.3909236273,215.,0.));
#117 = DIRECTION('',(1.,1.321939973507E-16,0.));
#118 = DIRECTION('',(1.321939973507E-16,-1.,0.));
#119 = ADVANCED_FACE('',(#120),#145,.F.);
#120 = FACE_BOUND('',#121,.F.);
#121 = EDGE_LOOP('',(#122,#123,#131,#139));
#122 = ORIENTED_EDGE('',*,*,#101,.T.);
#123 = ORIENTED_EDGE('',*,*,#124,.T.);
#124 = EDGE_CURVE('',#94,#125,#127,.T.);
#125 = VERTEX_POINT('',#126);
#126 = CARTESIAN_POINT('',(-7.8989718545E-14,-430.,100.));
#127 = LINE('',#128,#129);
#128 = CARTESIAN_POINT('',(-372.3909236273,-215.,100.));
#129 = VECTOR('',#130,1.);
#130 = DIRECTION('',(0.866025403784,-0.5,0.));
#131 = ORIENTED_EDGE('',*,*,#132,.F.);
#132 = EDGE_CURVE('',#133,#125,#135,.T.);
#133 = VERTEX_POINT('',#134);
#134 = CARTESIAN_POINT('',(-7.8989718545E-14,-430.,0.));
#135 = LINE('',#136,#137);
#136 = CARTESIAN_POINT('',(-7.8989718545E-14,-430.,0.));
#137 = VECTOR('',#138,1.);
#138 = DIRECTION('',(0.,0.,1.));
#139 = ORIENTED_EDGE('',*,*,#140,.F.);
#140 = EDGE_CURVE('',#102,#133,#141,.T.);
#141 = LINE('',#142,#143);
#142 = CARTESIAN_POINT('',(-372.3909236273,-215.,0.));
#143 = VECTOR('',#144,1.);
#144 = DIRECTION('',(0.866025403784,-0.5,0.));
#145 = PLANE('',#146);
#146 = AXIS2_PLACEMENT_3D('',#147,#148,#149);
#147 = CARTESIAN_POINT('',(-372.3909236273,-215.,0.));
#148 = DIRECTION('',(0.5,0.866025403784,0.));
#149 = DIRECTION('',(0.866025403784,-0.5,0.));
#150 = ADVANCED_FACE('',(#151),#176,.F.);
#151 = FACE_BOUND('',#152,.F.);
#152 = EDGE_LOOP('',(#153,#154,#162,#170));
#153 = ORIENTED_EDGE('',*,*,#132,.T.);
#154 = ORIENTED_EDGE('',*,*,#155,.T.);
#155 = EDGE_CURVE('',#125,#156,#158,.T.);
#156 = VERTEX_POINT('',#157);
#157 = CARTESIAN_POINT('',(372.3909236273,-215.,100.));
#158 = LINE('',#159,#160);
#159 = CARTESIAN_POINT('',(-7.8989718545E-14,-430.,100.));
#160 = VECTOR('',#161,1.);
#161 = DIRECTION('',(0.866025403784,0.5,0.));
#162 = ORIENTED_EDGE('',*,*,#163,.F.);
#163 = EDGE_CURVE('',#164,#156,#166,.T.);
#164 = VERTEX_POINT('',#165);
#165 = CARTESIAN_POINT('',(372.3909236273,-215.,0.));
#166 = LINE('',#167,#168);
#167 = CARTESIAN_POINT('',(372.3909236273,-215.,0.));
#168 = VECTOR('',#169,1.);
#169 = DIRECTION('',(0.,0.,1.));
#170 = ORIENTED_EDGE('',*,*,#171,.F.);
#171 = EDGE_CURVE('',#133,#164,#172,.T.);
#172 = LINE('',#173,#174);
#173 = CARTESIAN_POINT('',(-7.8989718545E-14,-430.,0.));
#174 = VECTOR('',#175,1.);
#175 = DIRECTION('',(0.866025403784,0.5,0.));
#176 = PLANE('',#177);
#177 = AXIS2_PLACEMENT_3D('',#178,#179,#180);
#178 = CARTESIAN_POINT('',(-7.8989718545E-14,-430.,0.));
#179 = DIRECTION('',(-0.5,0.866025403784,0.));
#180 = DIRECTION('',(0.866025403784,0.5,0.));
#181 = ADVANCED_FACE('',(#182),#198,.F.);
#182 = FACE_BOUND('',#183,.F.);
#183 = EDGE_LOOP('',(#184,#185,#191,#192));
#184 = ORIENTED_EDGE('',*,*,#163,.T.);
#185 = ORIENTED_EDGE('',*,*,#186,.T.);
#186 = EDGE_CURVE('',#156,#24,#187,.T.);
#187 = LINE('',#188,#189);
#188 = CARTESIAN_POINT('',(372.3909236273,-215.,100.));
#189 = VECTOR('',#190,1.);
#190 = DIRECTION('',(3.965819920521E-16,1.,0.));
#191 = ORIENTED_EDGE('',*,*,#21,.F.);
#192 = ORIENTED_EDGE('',*,*,#193,.F.);
#193 = EDGE_CURVE('',#164,#22,#194,.T.);
#194 = LINE('',#195,#196);
#195 = CARTESIAN_POINT('',(372.3909236273,-215.,0.));
#196 = VECTOR('',#197,1.);
#197 = DIRECTION('',(3.965819920521E-16,1.,0.));
#198 = PLANE('',#199);
#199 = AXIS2_PLACEMENT_3D('',#200,#201,#202);
#200 = CARTESIAN_POINT('',(372.3909236273,-215.,0.));
#201 = DIRECTION('',(-1.,3.965819920521E-16,0.));
#202 = DIRECTION('',(3.965819920521E-16,1.,0.));
#203 = ADVANCED_FACE('',(#204),#212,.F.);
#204 = FACE_BOUND('',#205,.F.);
#205 = EDGE_LOOP('',(#206,#207,#208,#209,#210,#211));
#206 = ORIENTED_EDGE('',*,*,#47,.T.);
#207 = ORIENTED_EDGE('',*,*,#78,.T.);
#208 = ORIENTED_EDGE('',*,*,#109,.T.);
#209 = ORIENTED_EDGE('',*,*,#140,.T.);
#210 = ORIENTED_EDGE('',*,*,#171,.T.);
#211 = ORIENTED_EDGE('',*,*,#193,.T.);
#212 = PLANE('',#213);
#213 = AXIS2_PLACEMENT_3D('',#214,#215,#216);
#214 = CARTESIAN_POINT('',(-2.16228314605E-14,4.736951571734E-15,0.));
#215 = DIRECTION('',(0.,0.,1.));
#216 = DIRECTION('',(1.,0.,0.));
#217 = ADVANCED_FACE('',(#218),#226,.T.);
#218 = FACE_BOUND('',#219,.T.);
#219 = EDGE_LOOP('',(#220,#221,#222,#223,#224,#225));
#220 = ORIENTED_EDGE('',*,*,#31,.T.);
#221 = ORIENTED_EDGE('',*,*,#62,.T.);
#222 = ORIENTED_EDGE('',*,*,#93,.T.);
#223 = ORIENTED_EDGE('',*,*,#124,.T.);
#224 = ORIENTED_EDGE('',*,*,#155,.T.);
#225 = ORIENTED_EDGE('',*,*,#186,.T.);
#226 = PLANE('',#227);
#227 = AXIS2_PLACEMENT_3D('',#228,#229,#230);
#228 = CARTESIAN_POINT('',(-2.16228314605E-14,4.736951571734E-15,100.));
#229 = DIRECTION('',(0.,0.,1.));
#230 = DIRECTION('',(1.,0.,0.));
#231 = MANIFOLD_SOLID_BREP('',#232);
#232 = CLOSED_SHELL('',(#233,#273,#304,#326,#337));
#233 = ADVANCED_FACE('',(#234),#268,.F.);
#234 = FACE_BOUND('',#235,.F.);
#235 = EDGE_LOOP('',(#236,#246,#254,#262));
#236 = ORIENTED_EDGE('',*,*,#237,.T.);
#237 = EDGE_CURVE('',#238,#240,#242,.T.);
#238 = VERTEX_POINT('',#239);
#239 = CARTESIAN_POINT('',(2.020667218593E-14,330.,100.));
#240 = VERTEX_POINT('',#241);
#241 = CARTESIAN_POINT('',(2.020667218593E-14,330.,780.));
#242 = LINE('',#243,#244);
#243 = CARTESIAN_POINT('',(2.020667218593E-14,330.,100.));
#244 = VECTOR('',#245,1.);
#245 = DIRECTION('',(0.,0.,1.));
#246 = ORIENTED_EDGE('',*,*,#247,.T.);
#247 = EDGE_CURVE('',#240,#248,#250,.T.);
#248 = VERTEX_POINT('',#249);
#249 = CARTESIAN_POINT('',(-285.7883832488,-165.,780.));
#250 = LINE('',#251,#252);
#251 = CARTESIAN_POINT('',(2.020667218593E-14,330.,780.));
#252 = VECTOR('',#253,1.);
#253 = DIRECTION('',(-0.5,-0.866025403784,0.));
#254 = ORIENTED_EDGE('',*,*,#255,.F.);
#255 = EDGE_CURVE('',#256,#248,#258,.T.);
#256 = VERTEX_POINT('',#257);
#257 = CARTESIAN_POINT('',(-285.7883832488,-165.,100.));
#258 = LINE('',#259,#260);
#259 = CARTESIAN_POINT('',(-285.7883832488,-165.,100.));
#260 = VECTOR('',#261,1.);
#261 = DIRECTION('',(0.,0.,1.));
#262 = ORIENTED_EDGE('',*,*,#263,.F.);
#263 = EDGE_CURVE('',#238,#256,#264,.T.);
#264 = LINE('',#265,#266);
#265 = CARTESIAN_POINT('',(2.020667218593E-14,330.,100.));
#266 = VECTOR('',#267,1.);
#267 = DIRECTION('',(-0.5,-0.866025403784,0.));
#268 = PLANE('',#269);
#269 = AXIS2_PLACEMENT_3D('',#270,#271,#272);
#270 = CARTESIAN_POINT('',(2.020667218593E-14,330.,100.));
#271 = DIRECTION('',(0.866025403784,-0.5,0.));
#272 = DIRECTION('',(-0.5,-0.866025403784,0.));
#273 = ADVANCED_FACE('',(#274),#299,.F.);
#274 = FACE_BOUND('',#275,.F.);
#275 = EDGE_LOOP('',(#276,#277,#285,#293));
#276 = ORIENTED_EDGE('',*,*,#255,.T.);
#277 = ORIENTED_EDGE('',*,*,#278,.T.);
#278 = EDGE_CURVE('',#248,#279,#281,.T.);
#279 = VERTEX_POINT('',#280);
#280 = CARTESIAN_POINT('',(285.78838324886,-165.,780.));
#281 = LINE('',#282,#283);
#282 = CARTESIAN_POINT('',(-285.7883832488,-165.,780.));
#283 = VECTOR('',#284,1.);
#284 = DIRECTION('',(1.,-1.989003829148E-16,0.));
#285 = ORIENTED_EDGE('',*,*,#286,.F.);
#286 = EDGE_CURVE('',#287,#279,#289,.T.);
#287 = VERTEX_POINT('',#288);
#288 = CARTESIAN_POINT('',(285.78838324886,-165.,100.));
#289 = LINE('',#290,#291);
#290 = CARTESIAN_POINT('',(285.78838324886,-165.,100.));
#291 = VECTOR('',#292,1.);
#292 = DIRECTION('',(0.,0.,1.));
#293 = ORIENTED_EDGE('',*,*,#294,.F.);
#294 = EDGE_CURVE('',#256,#287,#295,.T.);
#295 = LINE('',#296,#297);
#296 = CARTESIAN_POINT('',(-285.7883832488,-165.,100.));
#297 = VECTOR('',#298,1.);
#298 = DIRECTION('',(1.,-1.989003829148E-16,0.));
#299 = PLANE('',#300);
#300 = AXIS2_PLACEMENT_3D('',#301,#302,#303);
#301 = CARTESIAN_POINT('',(-285.7883832488,-165.,100.));
#302 = DIRECTION('',(1.989003829148E-16,1.,0.));
#303 = DIRECTION('',(1.,-1.989003829148E-16,0.));
#304 = ADVANCED_FACE('',(#305),#321,.F.);
#305 = FACE_BOUND('',#306,.F.);
#306 = EDGE_LOOP('',(#307,#308,#314,#315));
#307 = ORIENTED_EDGE('',*,*,#286,.T.);
#308 = ORIENTED_EDGE('',*,*,#309,.T.);
#309 = EDGE_CURVE('',#279,#240,#310,.T.);
#310 = LINE('',#311,#312);
#311 = CARTESIAN_POINT('',(285.78838324886,-165.,780.));
#312 = VECTOR('',#313,1.);
#313 = DIRECTION('',(-0.5,0.866025403784,0.));
#314 = ORIENTED_EDGE('',*,*,#237,.F.);
#315 = ORIENTED_EDGE('',*,*,#316,.F.);
#316 = EDGE_CURVE('',#287,#238,#317,.T.);
#317 = LINE('',#318,#319);
#318 = CARTESIAN_POINT('',(285.78838324886,-165.,100.));
#319 = VECTOR('',#320,1.);
#320 = DIRECTION('',(-0.5,0.866025403784,0.));
#321 = PLANE('',#322);
#322 = AXIS2_PLACEMENT_3D('',#323,#324,#325);
#323 = CARTESIAN_POINT('',(285.78838324886,-165.,100.));
#324 = DIRECTION('',(-0.866025403784,-0.5,0.));
#325 = DIRECTION('',(-0.5,0.866025403784,0.));
#326 = ADVANCED_FACE('',(#327),#332,.F.);
#327 = FACE_BOUND('',#328,.F.);
#328 = EDGE_LOOP('',(#329,#330,#331));
#329 = ORIENTED_EDGE('',*,*,#263,.T.);
#330 = ORIENTED_EDGE('',*,*,#294,.T.);
#331 = ORIENTED_EDGE('',*,*,#316,.T.);
#332 = PLANE('',#333);
#333 = AXIS2_PLACEMENT_3D('',#334,#335,#336);
#334 = CARTESIAN_POINT('',(-3.957993284483E-14,-4.646937436563E-14,100.)
  );
#335 = DIRECTION('',(0.,0.,1.));
#336 = DIRECTION('',(1.,0.,0.));
#337 = ADVANCED_FACE('',(#338),#343,.T.);
#338 = FACE_BOUND('',#339,.T.);
#339 = EDGE_LOOP('',(#340,#341,#342));
#340 = ORIENTED_EDGE('',*,*,#247,.T.);
#341 = ORIENTED_EDGE('',*,*,#278,.T.);
#342 = ORIENTED_EDGE('',*,*,#309,.T.);
#343 = PLANE('',#344);
#344 = AXIS2_PLACEMENT_3D('',#345,#346,#347);
#345 = CARTESIAN_POINT('',(-3.957993284483E-14,-4.646937436563E-14,780.)
  );
#346 = DIRECTION('',(0.,0.,1.));
#347 = DIRECTION('',(1.,0.,0.));
#348 = MANIFOLD_SOLID_BREP('',#349);
#349 = CLOSED_SHELL('',(#350,#390,#430,#452,#474,#486));
#350 = ADVANCED_FACE('',(#351),#385,.F.);
#351 = FACE_BOUND('',#352,.F.);
#352 = EDGE_LOOP('',(#353,#363,#371,#379));
#353 = ORIENTED_EDGE('',*,*,#354,.F.);
#354 = EDGE_CURVE('',#355,#357,#359,.T.);
#355 = VERTEX_POINT('',#356);
#356 = CARTESIAN_POINT('',(162.7211431703,191.84128743664,28.));
#357 = VERTEX_POINT('',#358);
#358 = CARTESIAN_POINT('',(162.7211431703,191.84128743664,83.));
#359 = LINE('',#360,#361);
#360 = CARTESIAN_POINT('',(162.7211431703,191.84128743664,28.));
#361 = VECTOR('',#362,1.);
#362 = DIRECTION('',(0.,0.,1.));
#363 = ORIENTED_EDGE('',*,*,#364,.T.);
#364 = EDGE_CURVE('',#355,#365,#367,.T.);
#365 = VERTEX_POINT('',#366);
#366 = CARTESIAN_POINT('',(84.7788568297,236.84128743664,28.));
#367 = LINE('',#368,#369);
#368 = CARTESIAN_POINT('',(162.7211431703,191.84128743664,28.));
#369 = VECTOR('',#370,1.);
#370 = DIRECTION('',(-0.866025403784,0.5,0.));
#371 = ORIENTED_EDGE('',*,*,#372,.T.);
#372 = EDGE_CURVE('',#365,#373,#375,.T.);
#373 = VERTEX_POINT('',#374);
#374 = CARTESIAN_POINT('',(84.7788568297,236.84128743664,83.));
#375 = LINE('',#376,#377);
#376 = CARTESIAN_POINT('',(84.7788568297,236.84128743664,28.));
#377 = VECTOR('',#378,1.);
#378 = DIRECTION('',(0.,0.,1.));
#379 = ORIENTED_EDGE('',*,*,#380,.F.);
#380 = EDGE_CURVE('',#357,#373,#381,.T.);
#381 = LINE('',#382,#383);
#382 = CARTESIAN_POINT('',(162.7211431703,191.84128743664,83.));
#383 = VECTOR('',#384,1.);
#384 = DIRECTION('',(-0.866025403784,0.5,0.));
#385 = PLANE('',#386);
#386 = AXIS2_PLACEMENT_3D('',#387,#388,#389);
#387 = CARTESIAN_POINT('',(162.7211431703,191.84128743664,28.));
#388 = DIRECTION('',(0.5,0.866025403784,0.));
#389 = DIRECTION('',(0.,0.,1.));
#390 = ADVANCED_FACE('',(#391),#425,.T.);
#391 = FACE_BOUND('',#392,.T.);
#392 = EDGE_LOOP('',(#393,#403,#411,#419));
#393 = ORIENTED_EDGE('',*,*,#394,.F.);
#394 = EDGE_CURVE('',#395,#397,#399,.T.);
#395 = VERTEX_POINT('',#396);
#396 = CARTESIAN_POINT('',(687.7211431703,1.10116796141E+03,28.));
#397 = VERTEX_POINT('',#398);
#398 = CARTESIAN_POINT('',(687.7211431703,1.10116796141E+03,83.));
#399 = LINE('',#400,#401);
#400 = CARTESIAN_POINT('',(687.7211431703,1.10116796141E+03,28.));
#401 = VECTOR('',#402,1.);
#402 = DIRECTION('',(0.,0.,1.));
#403 = ORIENTED_EDGE('',*,*,#404,.T.);
#404 = EDGE_CURVE('',#395,#405,#407,.T.);
#405 = VERTEX_POINT('',#406);
#406 = CARTESIAN_POINT('',(609.7788568297,1.14616796141E+03,28.));
#407 = LINE('',#408,#409);
#408 = CARTESIAN_POINT('',(687.7211431703,1.10116796141E+03,28.));
#409 = VECTOR('',#410,1.);
#410 = DIRECTION('',(-0.866025403784,0.5,0.));
#411 = ORIENTED_EDGE('',*,*,#412,.T.);
#412 = EDGE_CURVE('',#405,#413,#415,.T.);
#413 = VERTEX_POINT('',#414);
#414 = CARTESIAN_POINT('',(609.7788568297,1.14616796141E+03,83.));
#415 = LINE('',#416,#417);
#416 = CARTESIAN_POINT('',(609.7788568297,1.14616796141E+03,28.));
#417 = VECTOR('',#418,1.);
#418 = DIRECTION('',(0.,0.,1.));
#419 = ORIENTED_EDGE('',*,*,#420,.F.);
#420 = EDGE_CURVE('',#397,#413,#421,.T.);
#421 = LINE('',#422,#423);
#422 = CARTESIAN_POINT('',(687.7211431703,1.10116796141E+03,83.));
#423 = VECTOR('',#424,1.);
#424 = DIRECTION('',(-0.866025403784,0.5,0.));
#425 = PLANE('',#426);
#426 = AXIS2_PLACEMENT_3D('',#427,#428,#429);
#427 = CARTESIAN_POINT('',(687.7211431703,1.10116796141E+03,28.));
#428 = DIRECTION('',(0.5,0.866025403784,0.));
#429 = DIRECTION('',(0.,0.,1.));
#430 = ADVANCED_FACE('',(#431),#447,.F.);
#431 = FACE_BOUND('',#432,.F.);
#432 = EDGE_LOOP('',(#433,#439,#440,#446));
#433 = ORIENTED_EDGE('',*,*,#434,.F.);
#434 = EDGE_CURVE('',#355,#395,#435,.T.);
#435 = LINE('',#436,#437);
#436 = CARTESIAN_POINT('',(162.7211431703,191.84128743664,28.));
#437 = VECTOR('',#438,1.);
#438 = DIRECTION('',(0.5,0.866025403784,0.));
#439 = ORIENTED_EDGE('',*,*,#354,.T.);
#440 = ORIENTED_EDGE('',*,*,#441,.T.);
#441 = EDGE_CURVE('',#357,#397,#442,.T.);
#442 = LINE('',#443,#444);
#443 = CARTESIAN_POINT('',(162.7211431703,191.84128743664,83.));
#444 = VECTOR('',#445,1.);
#445 = DIRECTION('',(0.5,0.866025403784,0.));
#446 = ORIENTED_EDGE('',*,*,#394,.F.);
#447 = PLANE('',#448);
#448 = AXIS2_PLACEMENT_3D('',#449,#450,#451);
#449 = CARTESIAN_POINT('',(162.7211431703,191.84128743664,28.));
#450 = DIRECTION('',(-0.866025403784,0.5,0.));
#451 = DIRECTION('',(0.,0.,1.));
#452 = ADVANCED_FACE('',(#453),#469,.T.);
#453 = FACE_BOUND('',#454,.T.);
#454 = EDGE_LOOP('',(#455,#461,#462,#468));
#455 = ORIENTED_EDGE('',*,*,#456,.F.);
#456 = EDGE_CURVE('',#365,#405,#457,.T.);
#457 = LINE('',#458,#459);
#458 = CARTESIAN_POINT('',(84.7788568297,236.84128743664,28.));
#459 = VECTOR('',#460,1.);
#460 = DIRECTION('',(0.5,0.866025403784,0.));
#461 = ORIENTED_EDGE('',*,*,#372,.T.);
#462 = ORIENTED_EDGE('',*,*,#463,.T.);
#463 = EDGE_CURVE('',#373,#413,#464,.T.);
#464 = LINE('',#465,#466);
#465 = CARTESIAN_POINT('',(84.7788568297,236.84128743664,83.));
#466 = VECTOR('',#467,1.);
#467 = DIRECTION('',(0.5,0.866025403784,0.));
#468 = ORIENTED_EDGE('',*,*,#412,.F.);
#469 = PLANE('',#470);
#470 = AXIS2_PLACEMENT_3D('',#471,#472,#473);
#471 = CARTESIAN_POINT('',(84.7788568297,236.84128743664,28.));
#472 = DIRECTION('',(-0.866025403784,0.5,0.));
#473 = DIRECTION('',(0.,0.,1.));
#474 = ADVANCED_FACE('',(#475),#481,.F.);
#475 = FACE_BOUND('',#476,.F.);
#476 = EDGE_LOOP('',(#477,#478,#479,#480));
#477 = ORIENTED_EDGE('',*,*,#364,.F.);
#478 = ORIENTED_EDGE('',*,*,#434,.T.);
#479 = ORIENTED_EDGE('',*,*,#404,.T.);
#480 = ORIENTED_EDGE('',*,*,#456,.F.);
#481 = PLANE('',#482);
#482 = AXIS2_PLACEMENT_3D('',#483,#484,#485);
#483 = CARTESIAN_POINT('',(162.7211431703,191.84128743664,28.));
#484 = DIRECTION('',(0.,0.,1.));
#485 = DIRECTION('',(0.5,0.866025403784,0.));
#486 = ADVANCED_FACE('',(#487),#493,.T.);
#487 = FACE_BOUND('',#488,.T.);
#488 = EDGE_LOOP('',(#489,#490,#491,#492));
#489 = ORIENTED_EDGE('',*,*,#380,.F.);
#490 = ORIENTED_EDGE('',*,*,#441,.T.);
#491 = ORIENTED_EDGE('',*,*,#420,.T.);
#492 = ORIENTED_EDGE('',*,*,#463,.F.);
#493 = PLANE('',#494);
#494 = AXIS2_PLACEMENT_3D('',#495,#496,#497);
#495 = CARTESIAN_POINT('',(162.7211431703,191.84128743664,83.));
#496 = DIRECTION('',(0.,0.,1.));
#497 = DIRECTION('',(0.5,0.866025403784,0.));
#498 = MANIFOLD_SOLID_BREP('',#499);
#499 = CLOSED_SHELL('',(#500,#540,#580,#602,#624,#636));
#500 = ADVANCED_FACE('',(#501),#535,.F.);
#501 = FACE_BOUND('',#502,.F.);
#502 = EDGE_LOOP('',(#503,#513,#521,#529));
#503 = ORIENTED_EDGE('',*,*,#504,.F.);
#504 = EDGE_CURVE('',#505,#507,#509,.T.);
#505 = VERTEX_POINT('',#506);
#506 = CARTESIAN_POINT('',(-247.5,45.,28.));
#507 = VERTEX_POINT('',#508);
#508 = CARTESIAN_POINT('',(-247.5,45.,83.));
#509 = LINE('',#510,#511);
#510 = CARTESIAN_POINT('',(-247.5,45.,28.));
#511 = VECTOR('',#512,1.);
#512 = DIRECTION('',(0.,0.,1.));
#513 = ORIENTED_EDGE('',*,*,#514,.T.);
#514 = EDGE_CURVE('',#505,#515,#517,.T.);
#515 = VERTEX_POINT('',#516);
#516 = CARTESIAN_POINT('',(-247.5,-45.,28.));
#517 = LINE('',#518,#519);
#518 = CARTESIAN_POINT('',(-247.5,45.,28.));
#519 = VECTOR('',#520,1.);
#520 = DIRECTION('',(0.,-1.,0.));
#521 = ORIENTED_EDGE('',*,*,#522,.T.);
#522 = EDGE_CURVE('',#515,#523,#525,.T.);
#523 = VERTEX_POINT('',#524);
#524 = CARTESIAN_POINT('',(-247.5,-45.,83.));
#525 = LINE('',#526,#527);
#526 = CARTESIAN_POINT('',(-247.5,-45.,28.));
#527 = VECTOR('',#528,1.);
#528 = DIRECTION('',(0.,0.,1.));
#529 = ORIENTED_EDGE('',*,*,#530,.F.);
#530 = EDGE_CURVE('',#507,#523,#531,.T.);
#531 = LINE('',#532,#533);
#532 = CARTESIAN_POINT('',(-247.5,45.,83.));
#533 = VECTOR('',#534,1.);
#534 = DIRECTION('',(0.,-1.,0.));
#535 = PLANE('',#536);
#536 = AXIS2_PLACEMENT_3D('',#537,#538,#539);
#537 = CARTESIAN_POINT('',(-247.5,45.,28.));
#538 = DIRECTION('',(-1.,0.,0.));
#539 = DIRECTION('',(0.,0.,1.));
#540 = ADVANCED_FACE('',(#541),#575,.T.);
#541 = FACE_BOUND('',#542,.T.);
#542 = EDGE_LOOP('',(#543,#553,#561,#569));
#543 = ORIENTED_EDGE('',*,*,#544,.F.);
#544 = EDGE_CURVE('',#545,#547,#549,.T.);
#545 = VERTEX_POINT('',#546);
#546 = CARTESIAN_POINT('',(-1.2975E+03,45.,28.));
#547 = VERTEX_POINT('',#548);
#548 = CARTESIAN_POINT('',(-1.2975E+03,45.,83.));
#549 = LINE('',#550,#551);
#550 = CARTESIAN_POINT('',(-1.2975E+03,45.,28.));
#551 = VECTOR('',#552,1.);
#552 = DIRECTION('',(0.,0.,1.));
#553 = ORIENTED_EDGE('',*,*,#554,.T.);
#554 = EDGE_CURVE('',#545,#555,#557,.T.);
#555 = VERTEX_POINT('',#556);
#556 = CARTESIAN_POINT('',(-1.2975E+03,-45.,28.));
#557 = LINE('',#558,#559);
#558 = CARTESIAN_POINT('',(-1.2975E+03,45.,28.));
#559 = VECTOR('',#560,1.);
#560 = DIRECTION('',(0.,-1.,0.));
#561 = ORIENTED_EDGE('',*,*,#562,.T.);
#562 = EDGE_CURVE('',#555,#563,#565,.T.);
#563 = VERTEX_POINT('',#564);
#564 = CARTESIAN_POINT('',(-1.2975E+03,-45.,83.));
#565 = LINE('',#566,#567);
#566 = CARTESIAN_POINT('',(-1.2975E+03,-45.,28.));
#567 = VECTOR('',#568,1.);
#568 = DIRECTION('',(0.,0.,1.));
#569 = ORIENTED_EDGE('',*,*,#570,.F.);
#570 = EDGE_CURVE('',#547,#563,#571,.T.);
#571 = LINE('',#572,#573);
#572 = CARTESIAN_POINT('',(-1.2975E+03,45.,83.));
#573 = VECTOR('',#574,1.);
#574 = DIRECTION('',(0.,-1.,0.));
#575 = PLANE('',#576);
#576 = AXIS2_PLACEMENT_3D('',#577,#578,#579);
#577 = CARTESIAN_POINT('',(-1.2975E+03,45.,28.));
#578 = DIRECTION('',(-1.,0.,0.));
#579 = DIRECTION('',(0.,0.,1.));
#580 = ADVANCED_FACE('',(#581),#597,.F.);
#581 = FACE_BOUND('',#582,.F.);
#582 = EDGE_LOOP('',(#583,#589,#590,#596));
#583 = ORIENTED_EDGE('',*,*,#584,.F.);
#584 = EDGE_CURVE('',#505,#545,#585,.T.);
#585 = LINE('',#586,#587);
#586 = CARTESIAN_POINT('',(-247.5,45.,28.));
#587 = VECTOR('',#588,1.);
#588 = DIRECTION('',(-1.,0.,0.));
#589 = ORIENTED_EDGE('',*,*,#504,.T.);
#590 = ORIENTED_EDGE('',*,*,#591,.T.);
#591 = EDGE_CURVE('',#507,#547,#592,.T.);
#592 = LINE('',#593,#594);
#593 = CARTESIAN_POINT('',(-247.5,45.,83.));
#594 = VECTOR('',#595,1.);
#595 = DIRECTION('',(-1.,0.,0.));
#596 = ORIENTED_EDGE('',*,*,#544,.F.);
#597 = PLANE('',#598);
#598 = AXIS2_PLACEMENT_3D('',#599,#600,#601);
#599 = CARTESIAN_POINT('',(-247.5,45.,28.));
#600 = DIRECTION('',(0.,-1.,0.));
#601 = DIRECTION('',(0.,0.,1.));
#602 = ADVANCED_FACE('',(#603),#619,.T.);
#603 = FACE_BOUND('',#604,.T.);
#604 = EDGE_LOOP('',(#605,#611,#612,#618));
#605 = ORIENTED_EDGE('',*,*,#606,.F.);
#606 = EDGE_CURVE('',#515,#555,#607,.T.);
#607 = LINE('',#608,#609);
#608 = CARTESIAN_POINT('',(-247.5,-45.,28.));
#609 = VECTOR('',#610,1.);
#610 = DIRECTION('',(-1.,0.,0.));
#611 = ORIENTED_EDGE('',*,*,#522,.T.);
#612 = ORIENTED_EDGE('',*,*,#613,.T.);
#613 = EDGE_CURVE('',#523,#563,#614,.T.);
#614 = LINE('',#615,#616);
#615 = CARTESIAN_POINT('',(-247.5,-45.,83.));
#616 = VECTOR('',#617,1.);
#617 = DIRECTION('',(-1.,0.,0.));
#618 = ORIENTED_EDGE('',*,*,#562,.F.);
#619 = PLANE('',#620);
#620 = AXIS2_PLACEMENT_3D('',#621,#622,#623);
#621 = CARTESIAN_POINT('',(-247.5,-45.,28.));
#622 = DIRECTION('',(0.,-1.,0.));
#623 = DIRECTION('',(0.,0.,1.));
#624 = ADVANCED_FACE('',(#625),#631,.F.);
#625 = FACE_BOUND('',#626,.F.);
#626 = EDGE_LOOP('',(#627,#628,#629,#630));
#627 = ORIENTED_EDGE('',*,*,#514,.F.);
#628 = ORIENTED_EDGE('',*,*,#584,.T.);
#629 = ORIENTED_EDGE('',*,*,#554,.T.);
#630 = ORIENTED_EDGE('',*,*,#606,.F.);
#631 = PLANE('',#632);
#632 = AXIS2_PLACEMENT_3D('',#633,#634,#635);
#633 = CARTESIAN_POINT('',(-247.5,45.,28.));
#634 = DIRECTION('',(0.,0.,1.));
#635 = DIRECTION('',(-1.,0.,0.));
#636 = ADVANCED_FACE('',(#637),#643,.T.);
#637 = FACE_BOUND('',#638,.T.);
#638 = EDGE_LOOP('',(#639,#640,#641,#642));
#639 = ORIENTED_EDGE('',*,*,#530,.F.);
#640 = ORIENTED_EDGE('',*,*,#591,.T.);
#641 = ORIENTED_EDGE('',*,*,#570,.T.);
#642 = ORIENTED_EDGE('',*,*,#613,.F.);
#643 = PLANE('',#644);
#644 = AXIS2_PLACEMENT_3D('',#645,#646,#647);
#645 = CARTESIAN_POINT('',(-247.5,45.,83.));
#646 = DIRECTION('',(0.,0.,1.));
#647 = DIRECTION('',(-1.,0.,0.));
#648 = MANIFOLD_SOLID_BREP('',#649);
#649 = CLOSED_SHELL('',(#650,#690,#730,#752,#774,#786));
#650 = ADVANCED_FACE('',(#651),#685,.F.);
#651 = FACE_BOUND('',#652,.F.);
#652 = EDGE_LOOP('',(#653,#663,#671,#679));
#653 = ORIENTED_EDGE('',*,*,#654,.F.);
#654 = EDGE_CURVE('',#655,#657,#659,.T.);
#655 = VERTEX_POINT('',#656);
#656 = CARTESIAN_POINT('',(84.7788568297,-236.8412874366,28.));
#657 = VERTEX_POINT('',#658);
#658 = CARTESIAN_POINT('',(84.7788568297,-236.8412874366,83.));
#659 = LINE('',#660,#661);
#660 = CARTESIAN_POINT('',(84.7788568297,-236.8412874366,28.));
#661 = VECTOR('',#662,1.);
#662 = DIRECTION('',(0.,0.,1.));
#663 = ORIENTED_EDGE('',*,*,#664,.T.);
#664 = EDGE_CURVE('',#655,#665,#667,.T.);
#665 = VERTEX_POINT('',#666);
#666 = CARTESIAN_POINT('',(162.7211431703,-191.8412874366,28.));
#667 = LINE('',#668,#669);
#668 = CARTESIAN_POINT('',(84.7788568297,-236.8412874366,28.));
#669 = VECTOR('',#670,1.);
#670 = DIRECTION('',(0.866025403784,0.5,0.));
#671 = ORIENTED_EDGE('',*,*,#672,.T.);
#672 = EDGE_CURVE('',#665,#673,#675,.T.);
#673 = VERTEX_POINT('',#674);
#674 = CARTESIAN_POINT('',(162.7211431703,-191.8412874366,83.));
#675 = LINE('',#676,#677);
#676 = CARTESIAN_POINT('',(162.7211431703,-191.8412874366,28.));
#677 = VECTOR('',#678,1.);
#678 = DIRECTION('',(0.,0.,1.));
#679 = ORIENTED_EDGE('',*,*,#680,.F.);
#680 = EDGE_CURVE('',#657,#673,#681,.T.);
#681 = LINE('',#682,#683);
#682 = CARTESIAN_POINT('',(84.7788568297,-236.8412874366,83.));
#683 = VECTOR('',#684,1.);
#684 = DIRECTION('',(0.866025403784,0.5,0.));
#685 = PLANE('',#686);
#686 = AXIS2_PLACEMENT_3D('',#687,#688,#689);
#687 = CARTESIAN_POINT('',(84.7788568297,-236.8412874366,28.));
#688 = DIRECTION('',(0.5,-0.866025403784,0.));
#689 = DIRECTION('',(0.,0.,1.));
#690 = ADVANCED_FACE('',(#691),#725,.T.);
#691 = FACE_BOUND('',#692,.T.);
#692 = EDGE_LOOP('',(#693,#703,#711,#719));
#693 = ORIENTED_EDGE('',*,*,#694,.F.);
#694 = EDGE_CURVE('',#695,#697,#699,.T.);
#695 = VERTEX_POINT('',#696);
#696 = CARTESIAN_POINT('',(609.7788568297,-1.14616796141E+03,28.));
#697 = VERTEX_POINT('',#698);
#698 = CARTESIAN_POINT('',(609.7788568297,-1.14616796141E+03,83.));
#699 = LINE('',#700,#701);
#700 = CARTESIAN_POINT('',(609.7788568297,-1.14616796141E+03,28.));
#701 = VECTOR('',#702,1.);
#702 = DIRECTION('',(0.,0.,1.));
#703 = ORIENTED_EDGE('',*,*,#704,.T.);
#704 = EDGE_CURVE('',#695,#705,#707,.T.);
#705 = VERTEX_POINT('',#706);
#706 = CARTESIAN_POINT('',(687.7211431703,-1.10116796141E+03,28.));
#707 = LINE('',#708,#709);
#708 = CARTESIAN_POINT('',(609.7788568297,-1.14616796141E+03,28.));
#709 = VECTOR('',#710,1.);
#710 = DIRECTION('',(0.866025403784,0.5,0.));
#711 = ORIENTED_EDGE('',*,*,#712,.T.);
#712 = EDGE_CURVE('',#705,#713,#715,.T.);
#713 = VERTEX_POINT('',#714);
#714 = CARTESIAN_POINT('',(687.7211431703,-1.10116796141E+03,83.));
#715 = LINE('',#716,#717);
#716 = CARTESIAN_POINT('',(687.7211431703,-1.10116796141E+03,28.));
#717 = VECTOR('',#718,1.);
#718 = DIRECTION('',(0.,0.,1.));
#719 = ORIENTED_EDGE('',*,*,#720,.F.);
#720 = EDGE_CURVE('',#697,#713,#721,.T.);
#721 = LINE('',#722,#723);
#722 = CARTESIAN_POINT('',(609.7788568297,-1.14616796141E+03,83.));
#723 = VECTOR('',#724,1.);
#724 = DIRECTION('',(0.866025403784,0.5,0.));
#725 = PLANE('',#726);
#726 = AXIS2_PLACEMENT_3D('',#727,#728,#729);
#727 = CARTESIAN_POINT('',(609.7788568297,-1.14616796141E+03,28.));
#728 = DIRECTION('',(0.5,-0.866025403784,0.));
#729 = DIRECTION('',(0.,0.,1.));
#730 = ADVANCED_FACE('',(#731),#747,.F.);
#731 = FACE_BOUND('',#732,.F.);
#732 = EDGE_LOOP('',(#733,#739,#740,#746));
#733 = ORIENTED_EDGE('',*,*,#734,.F.);
#734 = EDGE_CURVE('',#655,#695,#735,.T.);
#735 = LINE('',#736,#737);
#736 = CARTESIAN_POINT('',(84.7788568297,-236.8412874366,28.));
#737 = VECTOR('',#738,1.);
#738 = DIRECTION('',(0.5,-0.866025403784,0.));
#739 = ORIENTED_EDGE('',*,*,#654,.T.);
#740 = ORIENTED_EDGE('',*,*,#741,.T.);
#741 = EDGE_CURVE('',#657,#697,#742,.T.);
#742 = LINE('',#743,#744);
#743 = CARTESIAN_POINT('',(84.7788568297,-236.8412874366,83.));
#744 = VECTOR('',#745,1.);
#745 = DIRECTION('',(0.5,-0.866025403784,0.));
#746 = ORIENTED_EDGE('',*,*,#694,.F.);
#747 = PLANE('',#748);
#748 = AXIS2_PLACEMENT_3D('',#749,#750,#751);
#749 = CARTESIAN_POINT('',(84.7788568297,-236.8412874366,28.));
#750 = DIRECTION('',(0.866025403784,0.5,0.));
#751 = DIRECTION('',(0.,0.,1.));
#752 = ADVANCED_FACE('',(#753),#769,.T.);
#753 = FACE_BOUND('',#754,.T.);
#754 = EDGE_LOOP('',(#755,#761,#762,#768));
#755 = ORIENTED_EDGE('',*,*,#756,.F.);
#756 = EDGE_CURVE('',#665,#705,#757,.T.);
#757 = LINE('',#758,#759);
#758 = CARTESIAN_POINT('',(162.7211431703,-191.8412874366,28.));
#759 = VECTOR('',#760,1.);
#760 = DIRECTION('',(0.5,-0.866025403784,0.));
#761 = ORIENTED_EDGE('',*,*,#672,.T.);
#762 = ORIENTED_EDGE('',*,*,#763,.T.);
#763 = EDGE_CURVE('',#673,#713,#764,.T.);
#764 = LINE('',#765,#766);
#765 = CARTESIAN_POINT('',(162.7211431703,-191.8412874366,83.));
#766 = VECTOR('',#767,1.);
#767 = DIRECTION('',(0.5,-0.866025403784,0.));
#768 = ORIENTED_EDGE('',*,*,#712,.F.);
#769 = PLANE('',#770);
#770 = AXIS2_PLACEMENT_3D('',#771,#772,#773);
#771 = CARTESIAN_POINT('',(162.7211431703,-191.8412874366,28.));
#772 = DIRECTION('',(0.866025403784,0.5,0.));
#773 = DIRECTION('',(0.,0.,1.));
#774 = ADVANCED_FACE('',(#775),#781,.F.);
#775 = FACE_BOUND('',#776,.F.);
#776 = EDGE_LOOP('',(#777,#778,#779,#780));
#777 = ORIENTED_EDGE('',*,*,#664,.F.);
#778 = ORIENTED_EDGE('',*,*,#734,.T.);
#779 = ORIENTED_EDGE('',*,*,#704,.T.);
#780 = ORIENTED_EDGE('',*,*,#756,.F.);
#781 = PLANE('',#782);
#782 = AXIS2_PLACEMENT_3D('',#783,#784,#785);
#783 = CARTESIAN_POINT('',(84.7788568297,-236.8412874366,28.));
#784 = DIRECTION('',(0.,0.,1.));
#785 = DIRECTION('',(0.5,-0.866025403784,0.));
#786 = ADVANCED_FACE('',(#787),#793,.T.);
#787 = FACE_BOUND('',#788,.T.);
#788 = EDGE_LOOP('',(#789,#790,#791,#792));
#789 = ORIENTED_EDGE('',*,*,#680,.F.);
#790 = ORIENTED_EDGE('',*,*,#741,.T.);
#791 = ORIENTED_EDGE('',*,*,#720,.T.);
#792 = ORIENTED_EDGE('',*,*,#763,.F.);
#793 = PLANE('',#794);
#794 = AXIS2_PLACEMENT_3D('',#795,#796,#797);
#795 = CARTESIAN_POINT('',(84.7788568297,-236.8412874366,83.));
#796 = DIRECTION('',(0.,0.,1.));
#797 = DIRECTION('',(0.5,-0.866025403784,0.));
#798 = MANIFOLD_SOLID_BREP('',#799);
#799 = CLOSED_SHELL('',(#800,#833,#842));
#800 = ADVANCED_FACE('',(#801),#828,.T.);
#801 = FACE_BOUND('',#802,.T.);
#802 = EDGE_LOOP('',(#803,#812,#820,#827));
#803 = ORIENTED_EDGE('',*,*,#804,.F.);
#804 = EDGE_CURVE('',#805,#805,#807,.T.);
#805 = VERTEX_POINT('',#806);
#806 = CARTESIAN_POINT('',(1.163E+03,-3.673940397442E-14,28.));
#807 = CIRCLE('',#808,150.);
#808 = AXIS2_PLACEMENT_3D('',#809,#810,#811);
#809 = CARTESIAN_POINT('',(1.013E+03,0.,28.));
#810 = DIRECTION('',(0.,0.,1.));
#811 = DIRECTION('',(1.,0.,0.));
#812 = ORIENTED_EDGE('',*,*,#813,.F.);
#813 = EDGE_CURVE('',#814,#805,#816,.T.);
#814 = VERTEX_POINT('',#815);
#815 = CARTESIAN_POINT('',(1.163E+03,-3.673940397442E-14,0.));
#816 = LINE('',#817,#818);
#817 = CARTESIAN_POINT('',(1.163E+03,-3.673940397442E-14,0.));
#818 = VECTOR('',#819,1.);
#819 = DIRECTION('',(0.,0.,1.));
#820 = ORIENTED_EDGE('',*,*,#821,.T.);
#821 = EDGE_CURVE('',#814,#814,#822,.T.);
#822 = CIRCLE('',#823,150.);
#823 = AXIS2_PLACEMENT_3D('',#824,#825,#826);
#824 = CARTESIAN_POINT('',(1.013E+03,0.,0.));
#825 = DIRECTION('',(0.,0.,1.));
#826 = DIRECTION('',(1.,0.,0.));
#827 = ORIENTED_EDGE('',*,*,#813,.T.);
#828 = CYLINDRICAL_SURFACE('',#829,150.);
#829 = AXIS2_PLACEMENT_3D('',#830,#831,#832);
#830 = CARTESIAN_POINT('',(1.013E+03,0.,0.));
#831 = DIRECTION('',(0.,0.,1.));
#832 = DIRECTION('',(1.,0.,0.));
#833 = ADVANCED_FACE('',(#834),#837,.T.);
#834 = FACE_BOUND('',#835,.T.);
#835 = EDGE_LOOP('',(#836));
#836 = ORIENTED_EDGE('',*,*,#804,.T.);
#837 = PLANE('',#838);
#838 = AXIS2_PLACEMENT_3D('',#839,#840,#841);
#839 = CARTESIAN_POINT('',(1.013E+03,0.,28.));
#840 = DIRECTION('',(0.,0.,1.));
#841 = DIRECTION('',(1.,0.,0.));
#842 = ADVANCED_FACE('',(#843),#846,.F.);
#843 = FACE_BOUND('',#844,.T.);
#844 = EDGE_LOOP('',(#845));
#845 = ORIENTED_EDGE('',*,*,#821,.F.);
#846 = PLANE('',#847);
#847 = AXIS2_PLACEMENT_3D('',#848,#849,#850);
#848 = CARTESIAN_POINT('',(1.013E+03,0.,0.));
#849 = DIRECTION('',(0.,0.,1.));
#850 = DIRECTION('',(1.,0.,0.));
#851 = MANIFOLD_SOLID_BREP('',#852);
#852 = CLOSED_SHELL('',(#853,#886,#895));
#853 = ADVANCED_FACE('',(#854),#881,.T.);
#854 = FACE_BOUND('',#855,.T.);
#855 = EDGE_LOOP('',(#856,#865,#873,#880));
#856 = ORIENTED_EDGE('',*,*,#857,.F.);
#857 = EDGE_CURVE('',#858,#858,#860,.T.);
#858 = VERTEX_POINT('',#859);
#859 = CARTESIAN_POINT('',(1.0705E+03,-1.408343819019E-14,458.));
#860 = CIRCLE('',#861,57.5);
#861 = AXIS2_PLACEMENT_3D('',#862,#863,#864);
#862 = CARTESIAN_POINT('',(1.013E+03,0.,458.));
#863 = DIRECTION('',(0.,0.,1.));
#864 = DIRECTION('',(1.,0.,0.));
#865 = ORIENTED_EDGE('',*,*,#866,.F.);
#866 = EDGE_CURVE('',#867,#858,#869,.T.);
#867 = VERTEX_POINT('',#868);
#868 = CARTESIAN_POINT('',(1.0705E+03,-1.408343819019E-14,28.));
#869 = LINE('',#870,#871);
#870 = CARTESIAN_POINT('',(1.0705E+03,-1.408343819019E-14,28.));
#871 = VECTOR('',#872,1.);
#872 = DIRECTION('',(0.,0.,1.));
#873 = ORIENTED_EDGE('',*,*,#874,.T.);
#874 = EDGE_CURVE('',#867,#867,#875,.T.);
#875 = CIRCLE('',#876,57.5);
#876 = AXIS2_PLACEMENT_3D('',#877,#878,#879);
#877 = CARTESIAN_POINT('',(1.013E+03,0.,28.));
#878 = DIRECTION('',(0.,0.,1.));
#879 = DIRECTION('',(1.,0.,0.));
#880 = ORIENTED_EDGE('',*,*,#866,.T.);
#881 = CYLINDRICAL_SURFACE('',#882,57.5);
#882 = AXIS2_PLACEMENT_3D('',#883,#884,#885);
#883 = CARTESIAN_POINT('',(1.013E+03,0.,28.));
#884 = DIRECTION('',(0.,0.,1.));
#885 = DIRECTION('',(1.,0.,0.));
#886 = ADVANCED_FACE('',(#887),#890,.T.);
#887 = FACE_BOUND('',#888,.T.);
#888 = EDGE_LOOP('',(#889));
#889 = ORIENTED_EDGE('',*,*,#857,.T.);
#890 = PLANE('',#891);
#891 = AXIS2_PLACEMENT_3D('',#892,#893,#894);
#892 = CARTESIAN_POINT('',(1.013E+03,0.,458.));
#893 = DIRECTION('',(0.,0.,1.));
#894 = DIRECTION('',(1.,0.,0.));
#895 = ADVANCED_FACE('',(#896),#899,.F.);
#896 = FACE_BOUND('',#897,.T.);
#897 = EDGE_LOOP('',(#898));
#898 = ORIENTED_EDGE('',*,*,#874,.F.);
#899 = PLANE('',#900);
#900 = AXIS2_PLACEMENT_3D('',#901,#902,#903);
#901 = CARTESIAN_POINT('',(1.013E+03,0.,28.));
#902 = DIRECTION('',(0.,0.,1.));
#903 = DIRECTION('',(1.,0.,0.));
#904 = MANIFOLD_SOLID_BREP('',#905);
#905 = CLOSED_SHELL('',(#906,#939,#948));
#906 = ADVANCED_FACE('',(#907),#934,.T.);
#907 = FACE_BOUND('',#908,.T.);
#908 = EDGE_LOOP('',(#909,#918,#926,#933));
#909 = ORIENTED_EDGE('',*,*,#910,.F.);
#910 = EDGE_CURVE('',#911,#911,#913,.T.);
#911 = VERTEX_POINT('',#912);
#912 = CARTESIAN_POINT('',(1.243012701892E+03,893.15353299545,28.));
#913 = CIRCLE('',#914,150.);
#914 = AXIS2_PLACEMENT_3D('',#915,#916,#917);
#915 = CARTESIAN_POINT('',(1.093012701892E+03,893.15353299545,28.));
#916 = DIRECTION('',(0.,0.,1.));
#917 = DIRECTION('',(1.,0.,0.));
#918 = ORIENTED_EDGE('',*,*,#919,.F.);
#919 = EDGE_CURVE('',#920,#911,#922,.T.);
#920 = VERTEX_POINT('',#921);
#921 = CARTESIAN_POINT('',(1.243012701892E+03,893.15353299545,0.));
#922 = LINE('',#923,#924);
#923 = CARTESIAN_POINT('',(1.243012701892E+03,893.15353299545,0.));
#924 = VECTOR('',#925,1.);
#925 = DIRECTION('',(0.,0.,1.));
#926 = ORIENTED_EDGE('',*,*,#927,.T.);
#927 = EDGE_CURVE('',#920,#920,#928,.T.);
#928 = CIRCLE('',#929,150.);
#929 = AXIS2_PLACEMENT_3D('',#930,#931,#932);
#930 = CARTESIAN_POINT('',(1.093012701892E+03,893.15353299545,0.));
#931 = DIRECTION('',(0.,0.,1.));
#932 = DIRECTION('',(1.,0.,0.));
#933 = ORIENTED_EDGE('',*,*,#919,.T.);
#934 = CYLINDRICAL_SURFACE('',#935,150.);
#935 = AXIS2_PLACEMENT_3D('',#936,#937,#938);
#936 = CARTESIAN_POINT('',(1.093012701892E+03,893.15353299545,0.));
#937 = DIRECTION('',(0.,0.,1.));
#938 = DIRECTION('',(1.,0.,0.));
#939 = ADVANCED_FACE('',(#940),#943,.T.);
#940 = FACE_BOUND('',#941,.T.);
#941 = EDGE_LOOP('',(#942));
#942 = ORIENTED_EDGE('',*,*,#910,.T.);
#943 = PLANE('',#944);
#944 = AXIS2_PLACEMENT_3D('',#945,#946,#947);
#945 = CARTESIAN_POINT('',(1.093012701892E+03,893.15353299545,28.));
#946 = DIRECTION('',(0.,0.,1.));
#947 = DIRECTION('',(1.,0.,0.));
#948 = ADVANCED_FACE('',(#949),#952,.F.);
#949 = FACE_BOUND('',#950,.T.);
#950 = EDGE_LOOP('',(#951));
#951 = ORIENTED_EDGE('',*,*,#927,.F.);
#952 = PLANE('',#953);
#953 = AXIS2_PLACEMENT_3D('',#954,#955,#956);
#954 = CARTESIAN_POINT('',(1.093012701892E+03,893.15353299545,0.));
#955 = DIRECTION('',(0.,0.,1.));
#956 = DIRECTION('',(1.,0.,0.));
#957 = MANIFOLD_SOLID_BREP('',#958);
#958 = CLOSED_SHELL('',(#959,#992,#1001));
#959 = ADVANCED_FACE('',(#960),#987,.T.);
#960 = FACE_BOUND('',#961,.T.);
#961 = EDGE_LOOP('',(#962,#971,#979,#986));
#962 = ORIENTED_EDGE('',*,*,#963,.F.);
#963 = EDGE_CURVE('',#964,#964,#966,.T.);
#964 = VERTEX_POINT('',#965);
#965 = CARTESIAN_POINT('',(1.150512701892E+03,893.15353299545,458.));
#966 = CIRCLE('',#967,57.5);
#967 = AXIS2_PLACEMENT_3D('',#968,#969,#970);
#968 = CARTESIAN_POINT('',(1.093012701892E+03,893.15353299545,458.));
#969 = DIRECTION('',(0.,0.,1.));
#970 = DIRECTION('',(1.,0.,0.));
#971 = ORIENTED_EDGE('',*,*,#972,.F.);
#972 = EDGE_CURVE('',#973,#964,#975,.T.);
#973 = VERTEX_POINT('',#974);
#974 = CARTESIAN_POINT('',(1.150512701892E+03,893.15353299545,28.));
#975 = LINE('',#976,#977);
#976 = CARTESIAN_POINT('',(1.150512701892E+03,893.15353299545,28.));
#977 = VECTOR('',#978,1.);
#978 = DIRECTION('',(0.,0.,1.));
#979 = ORIENTED_EDGE('',*,*,#980,.T.);
#980 = EDGE_CURVE('',#973,#973,#981,.T.);
#981 = CIRCLE('',#982,57.5);
#982 = AXIS2_PLACEMENT_3D('',#983,#984,#985);
#983 = CARTESIAN_POINT('',(1.093012701892E+03,893.15353299545,28.));
#984 = DIRECTION('',(0.,0.,1.));
#985 = DIRECTION('',(1.,0.,0.));
#986 = ORIENTED_EDGE('',*,*,#972,.T.);
#987 = CYLINDRICAL_SURFACE('',#988,57.5);
#988 = AXIS2_PLACEMENT_3D('',#989,#990,#991);
#989 = CARTESIAN_POINT('',(1.093012701892E+03,893.15353299545,28.));
#990 = DIRECTION('',(0.,0.,1.));
#991 = DIRECTION('',(1.,0.,0.));
#992 = ADVANCED_FACE('',(#993),#996,.T.);
#993 = FACE_BOUND('',#994,.T.);
#994 = EDGE_LOOP('',(#995));
#995 = ORIENTED_EDGE('',*,*,#963,.T.);
#996 = PLANE('',#997);
#997 = AXIS2_PLACEMENT_3D('',#998,#999,#1000);
#998 = CARTESIAN_POINT('',(1.093012701892E+03,893.15353299545,458.));
#999 = DIRECTION('',(0.,0.,1.));
#1000 = DIRECTION('',(1.,0.,0.));
#1001 = ADVANCED_FACE('',(#1002),#1005,.F.);
#1002 = FACE_BOUND('',#1003,.T.);
#1003 = EDGE_LOOP('',(#1004));
#1004 = ORIENTED_EDGE('',*,*,#980,.F.);
#1005 = PLANE('',#1006);
#1006 = AXIS2_PLACEMENT_3D('',#1007,#1008,#1009);
#1007 = CARTESIAN_POINT('',(1.093012701892E+03,893.15353299545,28.));
#1008 = DIRECTION('',(0.,0.,1.));
#1009 = DIRECTION('',(1.,0.,0.));
#1010 = MANIFOLD_SOLID_BREP('',#1011);
#1011 = CLOSED_SHELL('',(#1012,#1045,#1054));
#1012 = ADVANCED_FACE('',(#1013),#1040,.T.);
#1013 = FACE_BOUND('',#1014,.T.);
#1014 = EDGE_LOOP('',(#1015,#1024,#1032,#1039));
#1015 = ORIENTED_EDGE('',*,*,#1016,.F.);
#1016 = EDGE_CURVE('',#1017,#1017,#1019,.T.);
#1017 = VERTEX_POINT('',#1018);
#1018 = CARTESIAN_POINT('',(1.243012701892E+03,-893.1535329954,28.));
#1019 = CIRCLE('',#1020,150.);
#1020 = AXIS2_PLACEMENT_3D('',#1021,#1022,#1023);
#1021 = CARTESIAN_POINT('',(1.093012701892E+03,-893.1535329954,28.));
#1022 = DIRECTION('',(0.,0.,1.));
#1023 = DIRECTION('',(1.,0.,0.));
#1024 = ORIENTED_EDGE('',*,*,#1025,.F.);
#1025 = EDGE_CURVE('',#1026,#1017,#1028,.T.);
#1026 = VERTEX_POINT('',#1027);
#1027 = CARTESIAN_POINT('',(1.243012701892E+03,-893.1535329954,0.));
#1028 = LINE('',#1029,#1030);
#1029 = CARTESIAN_POINT('',(1.243012701892E+03,-893.1535329954,0.));
#1030 = VECTOR('',#1031,1.);
#1031 = DIRECTION('',(0.,0.,1.));
#1032 = ORIENTED_EDGE('',*,*,#1033,.T.);
#1033 = EDGE_CURVE('',#1026,#1026,#1034,.T.);
#1034 = CIRCLE('',#1035,150.);
#1035 = AXIS2_PLACEMENT_3D('',#1036,#1037,#1038);
#1036 = CARTESIAN_POINT('',(1.093012701892E+03,-893.1535329954,0.));
#1037 = DIRECTION('',(0.,0.,1.));
#1038 = DIRECTION('',(1.,0.,0.));
#1039 = ORIENTED_EDGE('',*,*,#1025,.T.);
#1040 = CYLINDRICAL_SURFACE('',#1041,150.);
#1041 = AXIS2_PLACEMENT_3D('',#1042,#1043,#1044);
#1042 = CARTESIAN_POINT('',(1.093012701892E+03,-893.1535329954,0.));
#1043 = DIRECTION('',(0.,0.,1.));
#1044 = DIRECTION('',(1.,0.,0.));
#1045 = ADVANCED_FACE('',(#1046),#1049,.T.);
#1046 = FACE_BOUND('',#1047,.T.);
#1047 = EDGE_LOOP('',(#1048));
#1048 = ORIENTED_EDGE('',*,*,#1016,.T.);
#1049 = PLANE('',#1050);
#1050 = AXIS2_PLACEMENT_3D('',#1051,#1052,#1053);
#1051 = CARTESIAN_POINT('',(1.093012701892E+03,-893.1535329954,28.));
#1052 = DIRECTION('',(0.,0.,1.));
#1053 = DIRECTION('',(1.,0.,0.));
#1054 = ADVANCED_FACE('',(#1055),#1058,.F.);
#1055 = FACE_BOUND('',#1056,.T.);
#1056 = EDGE_LOOP('',(#1057));
#1057 = ORIENTED_EDGE('',*,*,#1033,.F.);
#1058 = PLANE('',#1059);
#1059 = AXIS2_PLACEMENT_3D('',#1060,#1061,#1062);
#1060 = CARTESIAN_POINT('',(1.093012701892E+03,-893.1535329954,0.));
#1061 = DIRECTION('',(0.,0.,1.));
#1062 = DIRECTION('',(1.,0.,0.));
#1063 = MANIFOLD_SOLID_BREP('',#1064);
#1064 = CLOSED_SHELL('',(#1065,#1098,#1107));
#1065 = ADVANCED_FACE('',(#1066),#1093,.T.);
#1066 = FACE_BOUND('',#1067,.T.);
#1067 = EDGE_LOOP('',(#1068,#1077,#1085,#1092));
#1068 = ORIENTED_EDGE('',*,*,#1069,.F.);
#1069 = EDGE_CURVE('',#1070,#1070,#1072,.T.);
#1070 = VERTEX_POINT('',#1071);
#1071 = CARTESIAN_POINT('',(1.150512701892E+03,-893.1535329954,458.));
#1072 = CIRCLE('',#1073,57.5);
#1073 = AXIS2_PLACEMENT_3D('',#1074,#1075,#1076);
#1074 = CARTESIAN_POINT('',(1.093012701892E+03,-893.1535329954,458.));
#1075 = DIRECTION('',(0.,0.,1.));
#1076 = DIRECTION('',(1.,0.,0.));
#1077 = ORIENTED_EDGE('',*,*,#1078,.F.);
#1078 = EDGE_CURVE('',#1079,#1070,#1081,.T.);
#1079 = VERTEX_POINT('',#1080);
#1080 = CARTESIAN_POINT('',(1.150512701892E+03,-893.1535329954,28.));
#1081 = LINE('',#1082,#1083);
#1082 = CARTESIAN_POINT('',(1.150512701892E+03,-893.1535329954,28.));
#1083 = VECTOR('',#1084,1.);
#1084 = DIRECTION('',(0.,0.,1.));
#1085 = ORIENTED_EDGE('',*,*,#1086,.T.);
#1086 = EDGE_CURVE('',#1079,#1079,#1087,.T.);
#1087 = CIRCLE('',#1088,57.5);
#1088 = AXIS2_PLACEMENT_3D('',#1089,#1090,#1091);
#1089 = CARTESIAN_POINT('',(1.093012701892E+03,-893.1535329954,28.));
#1090 = DIRECTION('',(0.,0.,1.));
#1091 = DIRECTION('',(1.,0.,0.));
#1092 = ORIENTED_EDGE('',*,*,#1078,.T.);
#1093 = CYLINDRICAL_SURFACE('',#1094,57.5);
#1094 = AXIS2_PLACEMENT_3D('',#1095,#1096,#1097);
#1095 = CARTESIAN_POINT('',(1.093012701892E+03,-893.1535329954,28.));
#1096 = DIRECTION('',(0.,0.,1.));
#1097 = DIRECTION('',(1.,0.,0.));
#1098 = ADVANCED_FACE('',(#1099),#1102,.T.);
#1099 = FACE_BOUND('',#1100,.T.);
#1100 = EDGE_LOOP('',(#1101));
#1101 = ORIENTED_EDGE('',*,*,#1069,.T.);
#1102 = PLANE('',#1103);
#1103 = AXIS2_PLACEMENT_3D('',#1104,#1105,#1106);
#1104 = CARTESIAN_POINT('',(1.093012701892E+03,-893.1535329954,458.));
#1105 = DIRECTION('',(0.,0.,1.));
#1106 = DIRECTION('',(1.,0.,0.));
#1107 = ADVANCED_FACE('',(#1108),#1111,.F.);
#1108 = FACE_BOUND('',#1109,.T.);
#1109 = EDGE_LOOP('',(#1110));
#1110 = ORIENTED_EDGE('',*,*,#1086,.F.);
#1111 = PLANE('',#1112);
#1112 = AXIS2_PLACEMENT_3D('',#1113,#1114,#1115);
#1113 = CARTESIAN_POINT('',(1.093012701892E+03,-893.1535329954,28.));
#1114 = DIRECTION('',(0.,0.,1.));
#1115 = DIRECTION('',(1.,0.,0.));
#1116 = MANIFOLD_SOLID_BREP('',#1117);
#1117 = CLOSED_SHELL('',(#1118,#1151,#1160));
#1118 = ADVANCED_FACE('',(#1119),#1146,.T.);
#1119 = FACE_BOUND('',#1120,.T.);
#1120 = EDGE_LOOP('',(#1121,#1130,#1138,#1145));
#1121 = ORIENTED_EDGE('',*,*,#1122,.F.);
#1122 = EDGE_CURVE('',#1123,#1123,#1125,.T.);
#1123 = VERTEX_POINT('',#1124);
#1124 = CARTESIAN_POINT('',(-356.5,877.28373403363,28.));
#1125 = CIRCLE('',#1126,150.);
#1126 = AXIS2_PLACEMENT_3D('',#1127,#1128,#1129);
#1127 = CARTESIAN_POINT('',(-506.5,877.28373403363,28.));
#1128 = DIRECTION('',(0.,0.,1.));
#1129 = DIRECTION('',(1.,0.,0.));
#1130 = ORIENTED_EDGE('',*,*,#1131,.F.);
#1131 = EDGE_CURVE('',#1132,#1123,#1134,.T.);
#1132 = VERTEX_POINT('',#1133);
#1133 = CARTESIAN_POINT('',(-356.5,877.28373403363,0.));
#1134 = LINE('',#1135,#1136);
#1135 = CARTESIAN_POINT('',(-356.5,877.28373403363,0.));
#1136 = VECTOR('',#1137,1.);
#1137 = DIRECTION('',(0.,0.,1.));
#1138 = ORIENTED_EDGE('',*,*,#1139,.T.);
#1139 = EDGE_CURVE('',#1132,#1132,#1140,.T.);
#1140 = CIRCLE('',#1141,150.);
#1141 = AXIS2_PLACEMENT_3D('',#1142,#1143,#1144);
#1142 = CARTESIAN_POINT('',(-506.5,877.28373403363,0.));
#1143 = DIRECTION('',(0.,0.,1.));
#1144 = DIRECTION('',(1.,0.,0.));
#1145 = ORIENTED_EDGE('',*,*,#1131,.T.);
#1146 = CYLINDRICAL_SURFACE('',#1147,150.);
#1147 = AXIS2_PLACEMENT_3D('',#1148,#1149,#1150);
#1148 = CARTESIAN_POINT('',(-506.5,877.28373403363,0.));
#1149 = DIRECTION('',(0.,0.,1.));
#1150 = DIRECTION('',(1.,0.,0.));
#1151 = ADVANCED_FACE('',(#1152),#1155,.T.);
#1152 = FACE_BOUND('',#1153,.T.);
#1153 = EDGE_LOOP('',(#1154));
#1154 = ORIENTED_EDGE('',*,*,#1122,.T.);
#1155 = PLANE('',#1156);
#1156 = AXIS2_PLACEMENT_3D('',#1157,#1158,#1159);
#1157 = CARTESIAN_POINT('',(-506.5,877.28373403363,28.));
#1158 = DIRECTION('',(0.,0.,1.));
#1159 = DIRECTION('',(1.,0.,0.));
#1160 = ADVANCED_FACE('',(#1161),#1164,.F.);
#1161 = FACE_BOUND('',#1162,.T.);
#1162 = EDGE_LOOP('',(#1163));
#1163 = ORIENTED_EDGE('',*,*,#1139,.F.);
#1164 = PLANE('',#1165);
#1165 = AXIS2_PLACEMENT_3D('',#1166,#1167,#1168);
#1166 = CARTESIAN_POINT('',(-506.5,877.28373403363,0.));
#1167 = DIRECTION('',(0.,0.,1.));
#1168 = DIRECTION('',(1.,0.,0.));
#1169 = MANIFOLD_SOLID_BREP('',#1170);
#1170 = CLOSED_SHELL('',(#1171,#1204,#1213));
#1171 = ADVANCED_FACE('',(#1172),#1199,.T.);
#1172 = FACE_BOUND('',#1173,.T.);
#1173 = EDGE_LOOP('',(#1174,#1183,#1191,#1198));
#1174 = ORIENTED_EDGE('',*,*,#1175,.F.);
#1175 = EDGE_CURVE('',#1176,#1176,#1178,.T.);
#1176 = VERTEX_POINT('',#1177);
#1177 = CARTESIAN_POINT('',(-449.,877.28373403363,458.));
#1178 = CIRCLE('',#1179,57.5);
#1179 = AXIS2_PLACEMENT_3D('',#1180,#1181,#1182);
#1180 = CARTESIAN_POINT('',(-506.5,877.28373403363,458.));
#1181 = DIRECTION('',(0.,0.,1.));
#1182 = DIRECTION('',(1.,0.,0.));
#1183 = ORIENTED_EDGE('',*,*,#1184,.F.);
#1184 = EDGE_CURVE('',#1185,#1176,#1187,.T.);
#1185 = VERTEX_POINT('',#1186);
#1186 = CARTESIAN_POINT('',(-449.,877.28373403363,28.));
#1187 = LINE('',#1188,#1189);
#1188 = CARTESIAN_POINT('',(-449.,877.28373403363,28.));
#1189 = VECTOR('',#1190,1.);
#1190 = DIRECTION('',(0.,0.,1.));
#1191 = ORIENTED_EDGE('',*,*,#1192,.T.);
#1192 = EDGE_CURVE('',#1185,#1185,#1193,.T.);
#1193 = CIRCLE('',#1194,57.5);
#1194 = AXIS2_PLACEMENT_3D('',#1195,#1196,#1197);
#1195 = CARTESIAN_POINT('',(-506.5,877.28373403363,28.));
#1196 = DIRECTION('',(0.,0.,1.));
#1197 = DIRECTION('',(1.,0.,0.));
#1198 = ORIENTED_EDGE('',*,*,#1184,.T.);
#1199 = CYLINDRICAL_SURFACE('',#1200,57.5);
#1200 = AXIS2_PLACEMENT_3D('',#1201,#1202,#1203);
#1201 = CARTESIAN_POINT('',(-506.5,877.28373403363,28.));
#1202 = DIRECTION('',(0.,0.,1.));
#1203 = DIRECTION('',(1.,0.,0.));
#1204 = ADVANCED_FACE('',(#1205),#1208,.T.);
#1205 = FACE_BOUND('',#1206,.T.);
#1206 = EDGE_LOOP('',(#1207));
#1207 = ORIENTED_EDGE('',*,*,#1175,.T.);
#1208 = PLANE('',#1209);
#1209 = AXIS2_PLACEMENT_3D('',#1210,#1211,#1212);
#1210 = CARTESIAN_POINT('',(-506.5,877.28373403363,458.));
#1211 = DIRECTION('',(0.,0.,1.));
#1212 = DIRECTION('',(1.,0.,0.));
#1213 = ADVANCED_FACE('',(#1214),#1217,.F.);
#1214 = FACE_BOUND('',#1215,.T.);
#1215 = EDGE_LOOP('',(#1216));
#1216 = ORIENTED_EDGE('',*,*,#1192,.F.);
#1217 = PLANE('',#1218);
#1218 = AXIS2_PLACEMENT_3D('',#1219,#1220,#1221);
#1219 = CARTESIAN_POINT('',(-506.5,877.28373403363,28.));
#1220 = DIRECTION('',(0.,0.,1.));
#1221 = DIRECTION('',(1.,0.,0.));
#1222 = MANIFOLD_SOLID_BREP('',#1223);
#1223 = CLOSED_SHELL('',(#1224,#1257,#1266));
#1224 = ADVANCED_FACE('',(#1225),#1252,.T.);
#1225 = FACE_BOUND('',#1226,.T.);
#1226 = EDGE_LOOP('',(#1227,#1236,#1244,#1251));
#1227 = ORIENTED_EDGE('',*,*,#1228,.F.);
#1228 = EDGE_CURVE('',#1229,#1229,#1231,.T.);
#1229 = VERTEX_POINT('',#1230);
#1230 = CARTESIAN_POINT('',(-1.17E+03,500.,28.));
#1231 = CIRCLE('',#1232,150.);
#1232 = AXIS2_PLACEMENT_3D('',#1233,#1234,#1235);
#1233 = CARTESIAN_POINT('',(-1.32E+03,500.,28.));
#1234 = DIRECTION('',(0.,0.,1.));
#1235 = DIRECTION('',(1.,0.,0.));
#1236 = ORIENTED_EDGE('',*,*,#1237,.F.);
#1237 = EDGE_CURVE('',#1238,#1229,#1240,.T.);
#1238 = VERTEX_POINT('',#1239);
#1239 = CARTESIAN_POINT('',(-1.17E+03,500.,0.));
#1240 = LINE('',#1241,#1242);
#1241 = CARTESIAN_POINT('',(-1.17E+03,500.,0.));
#1242 = VECTOR('',#1243,1.);
#1243 = DIRECTION('',(0.,0.,1.));
#1244 = ORIENTED_EDGE('',*,*,#1245,.T.);
#1245 = EDGE_CURVE('',#1238,#1238,#1246,.T.);
#1246 = CIRCLE('',#1247,150.);
#1247 = AXIS2_PLACEMENT_3D('',#1248,#1249,#1250);
#1248 = CARTESIAN_POINT('',(-1.32E+03,500.,0.));
#1249 = DIRECTION('',(0.,0.,1.));
#1250 = DIRECTION('',(1.,0.,0.));
#1251 = ORIENTED_EDGE('',*,*,#1237,.T.);
#1252 = CYLINDRICAL_SURFACE('',#1253,150.);
#1253 = AXIS2_PLACEMENT_3D('',#1254,#1255,#1256);
#1254 = CARTESIAN_POINT('',(-1.32E+03,500.,0.));
#1255 = DIRECTION('',(0.,0.,1.));
#1256 = DIRECTION('',(1.,0.,0.));
#1257 = ADVANCED_FACE('',(#1258),#1261,.T.);
#1258 = FACE_BOUND('',#1259,.T.);
#1259 = EDGE_LOOP('',(#1260));
#1260 = ORIENTED_EDGE('',*,*,#1228,.T.);
#1261 = PLANE('',#1262);
#1262 = AXIS2_PLACEMENT_3D('',#1263,#1264,#1265);
#1263 = CARTESIAN_POINT('',(-1.32E+03,500.,28.));
#1264 = DIRECTION('',(0.,0.,1.));
#1265 = DIRECTION('',(1.,0.,0.));
#1266 = ADVANCED_FACE('',(#1267),#1270,.F.);
#1267 = FACE_BOUND('',#1268,.T.);
#1268 = EDGE_LOOP('',(#1269));
#1269 = ORIENTED_EDGE('',*,*,#1245,.F.);
#1270 = PLANE('',#1271);
#1271 = AXIS2_PLACEMENT_3D('',#1272,#1273,#1274);
#1272 = CARTESIAN_POINT('',(-1.32E+03,500.,0.));
#1273 = DIRECTION('',(0.,0.,1.));
#1274 = DIRECTION('',(1.,0.,0.));
#1275 = MANIFOLD_SOLID_BREP('',#1276);
#1276 = CLOSED_SHELL('',(#1277,#1310,#1319));
#1277 = ADVANCED_FACE('',(#1278),#1305,.T.);
#1278 = FACE_BOUND('',#1279,.T.);
#1279 = EDGE_LOOP('',(#1280,#1289,#1297,#1304));
#1280 = ORIENTED_EDGE('',*,*,#1281,.F.);
#1281 = EDGE_CURVE('',#1282,#1282,#1284,.T.);
#1282 = VERTEX_POINT('',#1283);
#1283 = CARTESIAN_POINT('',(-1.2625E+03,500.,458.));
#1284 = CIRCLE('',#1285,57.5);
#1285 = AXIS2_PLACEMENT_3D('',#1286,#1287,#1288);
#1286 = CARTESIAN_POINT('',(-1.32E+03,500.,458.));
#1287 = DIRECTION('',(0.,0.,1.));
#1288 = DIRECTION('',(1.,0.,0.));
#1289 = ORIENTED_EDGE('',*,*,#1290,.F.);
#1290 = EDGE_CURVE('',#1291,#1282,#1293,.T.);
#1291 = VERTEX_POINT('',#1292);
#1292 = CARTESIAN_POINT('',(-1.2625E+03,500.,28.));
#1293 = LINE('',#1294,#1295);
#1294 = CARTESIAN_POINT('',(-1.2625E+03,500.,28.));
#1295 = VECTOR('',#1296,1.);
#1296 = DIRECTION('',(0.,0.,1.));
#1297 = ORIENTED_EDGE('',*,*,#1298,.T.);
#1298 = EDGE_CURVE('',#1291,#1291,#1299,.T.);
#1299 = CIRCLE('',#1300,57.5);
#1300 = AXIS2_PLACEMENT_3D('',#1301,#1302,#1303);
#1301 = CARTESIAN_POINT('',(-1.32E+03,500.,28.));
#1302 = DIRECTION('',(0.,0.,1.));
#1303 = DIRECTION('',(1.,0.,0.));
#1304 = ORIENTED_EDGE('',*,*,#1290,.T.);
#1305 = CYLINDRICAL_SURFACE('',#1306,57.5);
#1306 = AXIS2_PLACEMENT_3D('',#1307,#1308,#1309);
#1307 = CARTESIAN_POINT('',(-1.32E+03,500.,28.));
#1308 = DIRECTION('',(0.,0.,1.));
#1309 = DIRECTION('',(1.,0.,0.));
#1310 = ADVANCED_FACE('',(#1311),#1314,.T.);
#1311 = FACE_BOUND('',#1312,.T.);
#1312 = EDGE_LOOP('',(#1313));
#1313 = ORIENTED_EDGE('',*,*,#1281,.T.);
#1314 = PLANE('',#1315);
#1315 = AXIS2_PLACEMENT_3D('',#1316,#1317,#1318);
#1316 = CARTESIAN_POINT('',(-1.32E+03,500.,458.));
#1317 = DIRECTION('',(0.,0.,1.));
#1318 = DIRECTION('',(1.,0.,0.));
#1319 = ADVANCED_FACE('',(#1320),#1323,.F.);
#1320 = FACE_BOUND('',#1321,.T.);
#1321 = EDGE_LOOP('',(#1322));
#1322 = ORIENTED_EDGE('',*,*,#1298,.F.);
#1323 = PLANE('',#1324);
#1324 = AXIS2_PLACEMENT_3D('',#1325,#1326,#1327);
#1325 = CARTESIAN_POINT('',(-1.32E+03,500.,28.));
#1326 = DIRECTION('',(0.,0.,1.));
#1327 = DIRECTION('',(1.,0.,0.));
#1328 = MANIFOLD_SOLID_BREP('',#1329);
#1329 = CLOSED_SHELL('',(#1330,#1363,#1372));
#1330 = ADVANCED_FACE('',(#1331),#1358,.T.);
#1331 = FACE_BOUND('',#1332,.T.);
#1332 = EDGE_LOOP('',(#1333,#1342,#1350,#1357));
#1333 = ORIENTED_EDGE('',*,*,#1334,.F.);
#1334 = EDGE_CURVE('',#1335,#1335,#1337,.T.);
#1335 = VERTEX_POINT('',#1336);
#1336 = CARTESIAN_POINT('',(376.98729810778,1.393153532995E+03,28.));
#1337 = CIRCLE('',#1338,150.);
#1338 = AXIS2_PLACEMENT_3D('',#1339,#1340,#1341);
#1339 = CARTESIAN_POINT('',(226.98729810778,1.393153532995E+03,28.));
#1340 = DIRECTION('',(0.,0.,1.));
#1341 = DIRECTION('',(1.,0.,0.));
#1342 = ORIENTED_EDGE('',*,*,#1343,.F.);
#1343 = EDGE_CURVE('',#1344,#1335,#1346,.T.);
#1344 = VERTEX_POINT('',#1345);
#1345 = CARTESIAN_POINT('',(376.98729810778,1.393153532995E+03,0.));
#1346 = LINE('',#1347,#1348);
#1347 = CARTESIAN_POINT('',(376.98729810778,1.393153532995E+03,0.));
#1348 = VECTOR('',#1349,1.);
#1349 = DIRECTION('',(0.,0.,1.));
#1350 = ORIENTED_EDGE('',*,*,#1351,.T.);
#1351 = EDGE_CURVE('',#1344,#1344,#1352,.T.);
#1352 = CIRCLE('',#1353,150.);
#1353 = AXIS2_PLACEMENT_3D('',#1354,#1355,#1356);
#1354 = CARTESIAN_POINT('',(226.98729810778,1.393153532995E+03,0.));
#1355 = DIRECTION('',(0.,0.,1.));
#1356 = DIRECTION('',(1.,0.,0.));
#1357 = ORIENTED_EDGE('',*,*,#1343,.T.);
#1358 = CYLINDRICAL_SURFACE('',#1359,150.);
#1359 = AXIS2_PLACEMENT_3D('',#1360,#1361,#1362);
#1360 = CARTESIAN_POINT('',(226.98729810778,1.393153532995E+03,0.));
#1361 = DIRECTION('',(0.,0.,1.));
#1362 = DIRECTION('',(1.,0.,0.));
#1363 = ADVANCED_FACE('',(#1364),#1367,.T.);
#1364 = FACE_BOUND('',#1365,.T.);
#1365 = EDGE_LOOP('',(#1366));
#1366 = ORIENTED_EDGE('',*,*,#1334,.T.);
#1367 = PLANE('',#1368);
#1368 = AXIS2_PLACEMENT_3D('',#1369,#1370,#1371);
#1369 = CARTESIAN_POINT('',(226.98729810778,1.393153532995E+03,28.));
#1370 = DIRECTION('',(0.,0.,1.));
#1371 = DIRECTION('',(1.,0.,0.));
#1372 = ADVANCED_FACE('',(#1373),#1376,.F.);
#1373 = FACE_BOUND('',#1374,.T.);
#1374 = EDGE_LOOP('',(#1375));
#1375 = ORIENTED_EDGE('',*,*,#1351,.F.);
#1376 = PLANE('',#1377);
#1377 = AXIS2_PLACEMENT_3D('',#1378,#1379,#1380);
#1378 = CARTESIAN_POINT('',(226.98729810778,1.393153532995E+03,0.));
#1379 = DIRECTION('',(0.,0.,1.));
#1380 = DIRECTION('',(1.,0.,0.));
#1381 = MANIFOLD_SOLID_BREP('',#1382);
#1382 = CLOSED_SHELL('',(#1383,#1416,#1425));
#1383 = ADVANCED_FACE('',(#1384),#1411,.T.);
#1384 = FACE_BOUND('',#1385,.T.);
#1385 = EDGE_LOOP('',(#1386,#1395,#1403,#1410));
#1386 = ORIENTED_EDGE('',*,*,#1387,.F.);
#1387 = EDGE_CURVE('',#1388,#1388,#1390,.T.);
#1388 = VERTEX_POINT('',#1389);
#1389 = CARTESIAN_POINT('',(284.48729810778,1.393153532995E+03,458.));
#1390 = CIRCLE('',#1391,57.5);
#1391 = AXIS2_PLACEMENT_3D('',#1392,#1393,#1394);
#1392 = CARTESIAN_POINT('',(226.98729810778,1.393153532995E+03,458.));
#1393 = DIRECTION('',(0.,0.,1.));
#1394 = DIRECTION('',(1.,0.,0.));
#1395 = ORIENTED_EDGE('',*,*,#1396,.F.);
#1396 = EDGE_CURVE('',#1397,#1388,#1399,.T.);
#1397 = VERTEX_POINT('',#1398);
#1398 = CARTESIAN_POINT('',(284.48729810778,1.393153532995E+03,28.));
#1399 = LINE('',#1400,#1401);
#1400 = CARTESIAN_POINT('',(284.48729810778,1.393153532995E+03,28.));
#1401 = VECTOR('',#1402,1.);
#1402 = DIRECTION('',(0.,0.,1.));
#1403 = ORIENTED_EDGE('',*,*,#1404,.T.);
#1404 = EDGE_CURVE('',#1397,#1397,#1405,.T.);
#1405 = CIRCLE('',#1406,57.5);
#1406 = AXIS2_PLACEMENT_3D('',#1407,#1408,#1409);
#1407 = CARTESIAN_POINT('',(226.98729810778,1.393153532995E+03,28.));
#1408 = DIRECTION('',(0.,0.,1.));
#1409 = DIRECTION('',(1.,0.,0.));
#1410 = ORIENTED_EDGE('',*,*,#1396,.T.);
#1411 = CYLINDRICAL_SURFACE('',#1412,57.5);
#1412 = AXIS2_PLACEMENT_3D('',#1413,#1414,#1415);
#1413 = CARTESIAN_POINT('',(226.98729810778,1.393153532995E+03,28.));
#1414 = DIRECTION('',(0.,0.,1.));
#1415 = DIRECTION('',(1.,0.,0.));
#1416 = ADVANCED_FACE('',(#1417),#1420,.T.);
#1417 = FACE_BOUND('',#1418,.T.);
#1418 = EDGE_LOOP('',(#1419));
#1419 = ORIENTED_EDGE('',*,*,#1387,.T.);
#1420 = PLANE('',#1421);
#1421 = AXIS2_PLACEMENT_3D('',#1422,#1423,#1424);
#1422 = CARTESIAN_POINT('',(226.98729810778,1.393153532995E+03,458.));
#1423 = DIRECTION('',(0.,0.,1.));
#1424 = DIRECTION('',(1.,0.,0.));
#1425 = ADVANCED_FACE('',(#1426),#1429,.F.);
#1426 = FACE_BOUND('',#1427,.T.);
#1427 = EDGE_LOOP('',(#1428));
#1428 = ORIENTED_EDGE('',*,*,#1404,.F.);
#1429 = PLANE('',#1430);
#1430 = AXIS2_PLACEMENT_3D('',#1431,#1432,#1433);
#1431 = CARTESIAN_POINT('',(226.98729810778,1.393153532995E+03,28.));
#1432 = DIRECTION('',(0.,0.,1.));
#1433 = DIRECTION('',(1.,0.,0.));
#1434 = MANIFOLD_SOLID_BREP('',#1435);
#1435 = CLOSED_SHELL('',(#1436,#1469,#1478));
#1436 = ADVANCED_FACE('',(#1437),#1464,.T.);
#1437 = FACE_BOUND('',#1438,.T.);
#1438 = EDGE_LOOP('',(#1439,#1448,#1456,#1463));
#1439 = ORIENTED_EDGE('',*,*,#1440,.F.);
#1440 = EDGE_CURVE('',#1441,#1441,#1443,.T.);
#1441 = VERTEX_POINT('',#1442);
#1442 = CARTESIAN_POINT('',(-356.5,-877.2837340336,28.));
#1443 = CIRCLE('',#1444,150.);
#1444 = AXIS2_PLACEMENT_3D('',#1445,#1446,#1447);
#1445 = CARTESIAN_POINT('',(-506.5,-877.2837340336,28.));
#1446 = DIRECTION('',(0.,0.,1.));
#1447 = DIRECTION('',(1.,0.,0.));
#1448 = ORIENTED_EDGE('',*,*,#1449,.F.);
#1449 = EDGE_CURVE('',#1450,#1441,#1452,.T.);
#1450 = VERTEX_POINT('',#1451);
#1451 = CARTESIAN_POINT('',(-356.5,-877.2837340336,0.));
#1452 = LINE('',#1453,#1454);
#1453 = CARTESIAN_POINT('',(-356.5,-877.2837340336,0.));
#1454 = VECTOR('',#1455,1.);
#1455 = DIRECTION('',(0.,0.,1.));
#1456 = ORIENTED_EDGE('',*,*,#1457,.T.);
#1457 = EDGE_CURVE('',#1450,#1450,#1458,.T.);
#1458 = CIRCLE('',#1459,150.);
#1459 = AXIS2_PLACEMENT_3D('',#1460,#1461,#1462);
#1460 = CARTESIAN_POINT('',(-506.5,-877.2837340336,0.));
#1461 = DIRECTION('',(0.,0.,1.));
#1462 = DIRECTION('',(1.,0.,0.));
#1463 = ORIENTED_EDGE('',*,*,#1449,.T.);
#1464 = CYLINDRICAL_SURFACE('',#1465,150.);
#1465 = AXIS2_PLACEMENT_3D('',#1466,#1467,#1468);
#1466 = CARTESIAN_POINT('',(-506.5,-877.2837340336,0.));
#1467 = DIRECTION('',(0.,0.,1.));
#1468 = DIRECTION('',(1.,0.,0.));
#1469 = ADVANCED_FACE('',(#1470),#1473,.T.);
#1470 = FACE_BOUND('',#1471,.T.);
#1471 = EDGE_LOOP('',(#1472));
#1472 = ORIENTED_EDGE('',*,*,#1440,.T.);
#1473 = PLANE('',#1474);
#1474 = AXIS2_PLACEMENT_3D('',#1475,#1476,#1477);
#1475 = CARTESIAN_POINT('',(-506.5,-877.2837340336,28.));
#1476 = DIRECTION('',(0.,0.,1.));
#1477 = DIRECTION('',(1.,0.,0.));
#1478 = ADVANCED_FACE('',(#1479),#1482,.F.);
#1479 = FACE_BOUND('',#1480,.T.);
#1480 = EDGE_LOOP('',(#1481));
#1481 = ORIENTED_EDGE('',*,*,#1457,.F.);
#1482 = PLANE('',#1483);
#1483 = AXIS2_PLACEMENT_3D('',#1484,#1485,#1486);
#1484 = CARTESIAN_POINT('',(-506.5,-877.2837340336,0.));
#1485 = DIRECTION('',(0.,0.,1.));
#1486 = DIRECTION('',(1.,0.,0.));
#1487 = MANIFOLD_SOLID_BREP('',#1488);
#1488 = CLOSED_SHELL('',(#1489,#1522,#1531));
#1489 = ADVANCED_FACE('',(#1490),#1517,.T.);
#1490 = FACE_BOUND('',#1491,.T.);
#1491 = EDGE_LOOP('',(#1492,#1501,#1509,#1516));
#1492 = ORIENTED_EDGE('',*,*,#1493,.F.);
#1493 = EDGE_CURVE('',#1494,#1494,#1496,.T.);
#1494 = VERTEX_POINT('',#1495);
#1495 = CARTESIAN_POINT('',(-449.,-877.2837340336,458.));
#1496 = CIRCLE('',#1497,57.5);
#1497 = AXIS2_PLACEMENT_3D('',#1498,#1499,#1500);
#1498 = CARTESIAN_POINT('',(-506.5,-877.2837340336,458.));
#1499 = DIRECTION('',(0.,0.,1.));
#1500 = DIRECTION('',(1.,0.,0.));
#1501 = ORIENTED_EDGE('',*,*,#1502,.F.);
#1502 = EDGE_CURVE('',#1503,#1494,#1505,.T.);
#1503 = VERTEX_POINT('',#1504);
#1504 = CARTESIAN_POINT('',(-449.,-877.2837340336,28.));
#1505 = LINE('',#1506,#1507);
#1506 = CARTESIAN_POINT('',(-449.,-877.2837340336,28.));
#1507 = VECTOR('',#1508,1.);
#1508 = DIRECTION('',(0.,0.,1.));
#1509 = ORIENTED_EDGE('',*,*,#1510,.T.);
#1510 = EDGE_CURVE('',#1503,#1503,#1511,.T.);
#1511 = CIRCLE('',#1512,57.5);
#1512 = AXIS2_PLACEMENT_3D('',#1513,#1514,#1515);
#1513 = CARTESIAN_POINT('',(-506.5,-877.2837340336,28.));
#1514 = DIRECTION('',(0.,0.,1.));
#1515 = DIRECTION('',(1.,0.,0.));
#1516 = ORIENTED_EDGE('',*,*,#1502,.T.);
#1517 = CYLINDRICAL_SURFACE('',#1518,57.5);
#1518 = AXIS2_PLACEMENT_3D('',#1519,#1520,#1521);
#1519 = CARTESIAN_POINT('',(-506.5,-877.2837340336,28.));
#1520 = DIRECTION('',(0.,0.,1.));
#1521 = DIRECTION('',(1.,0.,0.));
#1522 = ADVANCED_FACE('',(#1523),#1526,.T.);
#1523 = FACE_BOUND('',#1524,.T.);
#1524 = EDGE_LOOP('',(#1525));
#1525 = ORIENTED_EDGE('',*,*,#1493,.T.);
#1526 = PLANE('',#1527);
#1527 = AXIS2_PLACEMENT_3D('',#1528,#1529,#1530);
#1528 = CARTESIAN_POINT('',(-506.5,-877.2837340336,458.));
#1529 = DIRECTION('',(0.,0.,1.));
#1530 = DIRECTION('',(1.,0.,0.));
#1531 = ADVANCED_FACE('',(#1532),#1535,.F.);
#1532 = FACE_BOUND('',#1533,.T.);
#1533 = EDGE_LOOP('',(#1534));
#1534 = ORIENTED_EDGE('',*,*,#1510,.F.);
#1535 = PLANE('',#1536);
#1536 = AXIS2_PLACEMENT_3D('',#1537,#1538,#1539);
#1537 = CARTESIAN_POINT('',(-506.5,-877.2837340336,28.));
#1538 = DIRECTION('',(0.,0.,1.));
#1539 = DIRECTION('',(1.,0.,0.));
#1540 = MANIFOLD_SOLID_BREP('',#1541);
#1541 = CLOSED_SHELL('',(#1542,#1575,#1584));
#1542 = ADVANCED_FACE('',(#1543),#1570,.T.);
#1543 = FACE_BOUND('',#1544,.T.);
#1544 = EDGE_LOOP('',(#1545,#1554,#1562,#1569));
#1545 = ORIENTED_EDGE('',*,*,#1546,.F.);
#1546 = EDGE_CURVE('',#1547,#1547,#1549,.T.);
#1547 = VERTEX_POINT('',#1548);
#1548 = CARTESIAN_POINT('',(376.98729810778,-1.393153532995E+03,28.));
#1549 = CIRCLE('',#1550,150.);
#1550 = AXIS2_PLACEMENT_3D('',#1551,#1552,#1553);
#1551 = CARTESIAN_POINT('',(226.98729810778,-1.393153532995E+03,28.));
#1552 = DIRECTION('',(0.,0.,1.));
#1553 = DIRECTION('',(1.,0.,0.));
#1554 = ORIENTED_EDGE('',*,*,#1555,.F.);
#1555 = EDGE_CURVE('',#1556,#1547,#1558,.T.);
#1556 = VERTEX_POINT('',#1557);
#1557 = CARTESIAN_POINT('',(376.98729810778,-1.393153532995E+03,0.));
#1558 = LINE('',#1559,#1560);
#1559 = CARTESIAN_POINT('',(376.98729810778,-1.393153532995E+03,0.));
#1560 = VECTOR('',#1561,1.);
#1561 = DIRECTION('',(0.,0.,1.));
#1562 = ORIENTED_EDGE('',*,*,#1563,.T.);
#1563 = EDGE_CURVE('',#1556,#1556,#1564,.T.);
#1564 = CIRCLE('',#1565,150.);
#1565 = AXIS2_PLACEMENT_3D('',#1566,#1567,#1568);
#1566 = CARTESIAN_POINT('',(226.98729810778,-1.393153532995E+03,0.));
#1567 = DIRECTION('',(0.,0.,1.));
#1568 = DIRECTION('',(1.,0.,0.));
#1569 = ORIENTED_EDGE('',*,*,#1555,.T.);
#1570 = CYLINDRICAL_SURFACE('',#1571,150.);
#1571 = AXIS2_PLACEMENT_3D('',#1572,#1573,#1574);
#1572 = CARTESIAN_POINT('',(226.98729810778,-1.393153532995E+03,0.));
#1573 = DIRECTION('',(0.,0.,1.));
#1574 = DIRECTION('',(1.,0.,0.));
#1575 = ADVANCED_FACE('',(#1576),#1579,.T.);
#1576 = FACE_BOUND('',#1577,.T.);
#1577 = EDGE_LOOP('',(#1578));
#1578 = ORIENTED_EDGE('',*,*,#1546,.T.);
#1579 = PLANE('',#1580);
#1580 = AXIS2_PLACEMENT_3D('',#1581,#1582,#1583);
#1581 = CARTESIAN_POINT('',(226.98729810778,-1.393153532995E+03,28.));
#1582 = DIRECTION('',(0.,0.,1.));
#1583 = DIRECTION('',(1.,0.,0.));
#1584 = ADVANCED_FACE('',(#1585),#1588,.F.);
#1585 = FACE_BOUND('',#1586,.T.);
#1586 = EDGE_LOOP('',(#1587));
#1587 = ORIENTED_EDGE('',*,*,#1563,.F.);
#1588 = PLANE('',#1589);
#1589 = AXIS2_PLACEMENT_3D('',#1590,#1591,#1592);
#1590 = CARTESIAN_POINT('',(226.98729810778,-1.393153532995E+03,0.));
#1591 = DIRECTION('',(0.,0.,1.));
#1592 = DIRECTION('',(1.,0.,0.));
#1593 = MANIFOLD_SOLID_BREP('',#1594);
#1594 = CLOSED_SHELL('',(#1595,#1628,#1637));
#1595 = ADVANCED_FACE('',(#1596),#1623,.T.);
#1596 = FACE_BOUND('',#1597,.T.);
#1597 = EDGE_LOOP('',(#1598,#1607,#1615,#1622));
#1598 = ORIENTED_EDGE('',*,*,#1599,.F.);
#1599 = EDGE_CURVE('',#1600,#1600,#1602,.T.);
#1600 = VERTEX_POINT('',#1601);
#1601 = CARTESIAN_POINT('',(284.48729810778,-1.393153532995E+03,458.));
#1602 = CIRCLE('',#1603,57.5);
#1603 = AXIS2_PLACEMENT_3D('',#1604,#1605,#1606);
#1604 = CARTESIAN_POINT('',(226.98729810778,-1.393153532995E+03,458.));
#1605 = DIRECTION('',(0.,0.,1.));
#1606 = DIRECTION('',(1.,0.,0.));
#1607 = ORIENTED_EDGE('',*,*,#1608,.F.);
#1608 = EDGE_CURVE('',#1609,#1600,#1611,.T.);
#1609 = VERTEX_POINT('',#1610);
#1610 = CARTESIAN_POINT('',(284.48729810778,-1.393153532995E+03,28.));
#1611 = LINE('',#1612,#1613);
#1612 = CARTESIAN_POINT('',(284.48729810778,-1.393153532995E+03,28.));
#1613 = VECTOR('',#1614,1.);
#1614 = DIRECTION('',(0.,0.,1.));
#1615 = ORIENTED_EDGE('',*,*,#1616,.T.);
#1616 = EDGE_CURVE('',#1609,#1609,#1617,.T.);
#1617 = CIRCLE('',#1618,57.5);
#1618 = AXIS2_PLACEMENT_3D('',#1619,#1620,#1621);
#1619 = CARTESIAN_POINT('',(226.98729810778,-1.393153532995E+03,28.));
#1620 = DIRECTION('',(0.,0.,1.));
#1621 = DIRECTION('',(1.,0.,0.));
#1622 = ORIENTED_EDGE('',*,*,#1608,.T.);
#1623 = CYLINDRICAL_SURFACE('',#1624,57.5);
#1624 = AXIS2_PLACEMENT_3D('',#1625,#1626,#1627);
#1625 = CARTESIAN_POINT('',(226.98729810778,-1.393153532995E+03,28.));
#1626 = DIRECTION('',(0.,0.,1.));
#1627 = DIRECTION('',(1.,0.,0.));
#1628 = ADVANCED_FACE('',(#1629),#1632,.T.);
#1629 = FACE_BOUND('',#1630,.T.);
#1630 = EDGE_LOOP('',(#1631));
#1631 = ORIENTED_EDGE('',*,*,#1599,.T.);
#1632 = PLANE('',#1633);
#1633 = AXIS2_PLACEMENT_3D('',#1634,#1635,#1636);
#1634 = CARTESIAN_POINT('',(226.98729810778,-1.393153532995E+03,458.));
#1635 = DIRECTION('',(0.,0.,1.));
#1636 = DIRECTION('',(1.,0.,0.));
#1637 = ADVANCED_FACE('',(#1638),#1641,.F.);
#1638 = FACE_BOUND('',#1639,.T.);
#1639 = EDGE_LOOP('',(#1640));
#1640 = ORIENTED_EDGE('',*,*,#1616,.F.);
#1641 = PLANE('',#1642);
#1642 = AXIS2_PLACEMENT_3D('',#1643,#1644,#1645);
#1643 = CARTESIAN_POINT('',(226.98729810778,-1.393153532995E+03,28.));
#1644 = DIRECTION('',(0.,0.,1.));
#1645 = DIRECTION('',(1.,0.,0.));
#1646 = MANIFOLD_SOLID_BREP('',#1647);
#1647 = CLOSED_SHELL('',(#1648,#1681,#1690));
#1648 = ADVANCED_FACE('',(#1649),#1676,.T.);
#1649 = FACE_BOUND('',#1650,.T.);
#1650 = EDGE_LOOP('',(#1651,#1660,#1668,#1675));
#1651 = ORIENTED_EDGE('',*,*,#1652,.F.);
#1652 = EDGE_CURVE('',#1653,#1653,#1655,.T.);
#1653 = VERTEX_POINT('',#1654);
#1654 = CARTESIAN_POINT('',(-1.17E+03,-500.,28.));
#1655 = CIRCLE('',#1656,150.);
#1656 = AXIS2_PLACEMENT_3D('',#1657,#1658,#1659);
#1657 = CARTESIAN_POINT('',(-1.32E+03,-500.,28.));
#1658 = DIRECTION('',(0.,0.,1.));
#1659 = DIRECTION('',(1.,0.,0.));
#1660 = ORIENTED_EDGE('',*,*,#1661,.F.);
#1661 = EDGE_CURVE('',#1662,#1653,#1664,.T.);
#1662 = VERTEX_POINT('',#1663);
#1663 = CARTESIAN_POINT('',(-1.17E+03,-500.,0.));
#1664 = LINE('',#1665,#1666);
#1665 = CARTESIAN_POINT('',(-1.17E+03,-500.,0.));
#1666 = VECTOR('',#1667,1.);
#1667 = DIRECTION('',(0.,0.,1.));
#1668 = ORIENTED_EDGE('',*,*,#1669,.T.);
#1669 = EDGE_CURVE('',#1662,#1662,#1670,.T.);
#1670 = CIRCLE('',#1671,150.);
#1671 = AXIS2_PLACEMENT_3D('',#1672,#1673,#1674);
#1672 = CARTESIAN_POINT('',(-1.32E+03,-500.,0.));
#1673 = DIRECTION('',(0.,0.,1.));
#1674 = DIRECTION('',(1.,0.,0.));
#1675 = ORIENTED_EDGE('',*,*,#1661,.T.);
#1676 = CYLINDRICAL_SURFACE('',#1677,150.);
#1677 = AXIS2_PLACEMENT_3D('',#1678,#1679,#1680);
#1678 = CARTESIAN_POINT('',(-1.32E+03,-500.,0.));
#1679 = DIRECTION('',(0.,0.,1.));
#1680 = DIRECTION('',(1.,0.,0.));
#1681 = ADVANCED_FACE('',(#1682),#1685,.T.);
#1682 = FACE_BOUND('',#1683,.T.);
#1683 = EDGE_LOOP('',(#1684));
#1684 = ORIENTED_EDGE('',*,*,#1652,.T.);
#1685 = PLANE('',#1686);
#1686 = AXIS2_PLACEMENT_3D('',#1687,#1688,#1689);
#1687 = CARTESIAN_POINT('',(-1.32E+03,-500.,28.));
#1688 = DIRECTION('',(0.,0.,1.));
#1689 = DIRECTION('',(1.,0.,0.));
#1690 = ADVANCED_FACE('',(#1691),#1694,.F.);
#1691 = FACE_BOUND('',#1692,.T.);
#1692 = EDGE_LOOP('',(#1693));
#1693 = ORIENTED_EDGE('',*,*,#1669,.F.);
#1694 = PLANE('',#1695);
#1695 = AXIS2_PLACEMENT_3D('',#1696,#1697,#1698);
#1696 = CARTESIAN_POINT('',(-1.32E+03,-500.,0.));
#1697 = DIRECTION('',(0.,0.,1.));
#1698 = DIRECTION('',(1.,0.,0.));
#1699 = MANIFOLD_SOLID_BREP('',#1700);
#1700 = CLOSED_SHELL('',(#1701,#1734,#1743));
#1701 = ADVANCED_FACE('',(#1702),#1729,.T.);
#1702 = FACE_BOUND('',#1703,.T.);
#1703 = EDGE_LOOP('',(#1704,#1713,#1721,#1728));
#1704 = ORIENTED_EDGE('',*,*,#1705,.F.);
#1705 = EDGE_CURVE('',#1706,#1706,#1708,.T.);
#1706 = VERTEX_POINT('',#1707);
#1707 = CARTESIAN_POINT('',(-1.2625E+03,-500.,458.));
#1708 = CIRCLE('',#1709,57.5);
#1709 = AXIS2_PLACEMENT_3D('',#1710,#1711,#1712);
#1710 = CARTESIAN_POINT('',(-1.32E+03,-500.,458.));
#1711 = DIRECTION('',(0.,0.,1.));
#1712 = DIRECTION('',(1.,0.,0.));
#1713 = ORIENTED_EDGE('',*,*,#1714,.F.);
#1714 = EDGE_CURVE('',#1715,#1706,#1717,.T.);
#1715 = VERTEX_POINT('',#1716);
#1716 = CARTESIAN_POINT('',(-1.2625E+03,-500.,28.));
#1717 = LINE('',#1718,#1719);
#1718 = CARTESIAN_POINT('',(-1.2625E+03,-500.,28.));
#1719 = VECTOR('',#1720,1.);
#1720 = DIRECTION('',(0.,0.,1.));
#1721 = ORIENTED_EDGE('',*,*,#1722,.T.);
#1722 = EDGE_CURVE('',#1715,#1715,#1723,.T.);
#1723 = CIRCLE('',#1724,57.5);
#1724 = AXIS2_PLACEMENT_3D('',#1725,#1726,#1727);
#1725 = CARTESIAN_POINT('',(-1.32E+03,-500.,28.));
#1726 = DIRECTION('',(0.,0.,1.));
#1727 = DIRECTION('',(1.,0.,0.));
#1728 = ORIENTED_EDGE('',*,*,#1714,.T.);
#1729 = CYLINDRICAL_SURFACE('',#1730,57.5);
#1730 = AXIS2_PLACEMENT_3D('',#1731,#1732,#1733);
#1731 = CARTESIAN_POINT('',(-1.32E+03,-500.,28.));
#1732 = DIRECTION('',(0.,0.,1.));
#1733 = DIRECTION('',(1.,0.,0.));
#1734 = ADVANCED_FACE('',(#1735),#1738,.T.);
#1735 = FACE_BOUND('',#1736,.T.);
#1736 = EDGE_LOOP('',(#1737));
#1737 = ORIENTED_EDGE('',*,*,#1705,.T.);
#1738 = PLANE('',#1739);
#1739 = AXIS2_PLACEMENT_3D('',#1740,#1741,#1742);
#1740 = CARTESIAN_POINT('',(-1.32E+03,-500.,458.));
#1741 = DIRECTION('',(0.,0.,1.));
#1742 = DIRECTION('',(1.,0.,0.));
#1743 = ADVANCED_FACE('',(#1744),#1747,.F.);
#1744 = FACE_BOUND('',#1745,.T.);
#1745 = EDGE_LOOP('',(#1746));
#1746 = ORIENTED_EDGE('',*,*,#1722,.F.);
#1747 = PLANE('',#1748);
#1748 = AXIS2_PLACEMENT_3D('',#1749,#1750,#1751);
#1749 = CARTESIAN_POINT('',(-1.32E+03,-500.,28.));
#1750 = DIRECTION('',(0.,0.,1.));
#1751 = DIRECTION('',(1.,0.,0.));
#1752 = MANIFOLD_SOLID_BREP('',#1753);
#1753 = CLOSED_SHELL('',(#1754,#1796,#1827,#1858,#1891,#1924,#1955,#1986
    ,#2010,#2026));
#1754 = ADVANCED_FACE('',(#1755),#1791,.T.);
#1755 = FACE_BOUND('',#1756,.T.);
#1756 = EDGE_LOOP('',(#1757,#1768,#1776,#1785));
#1757 = ORIENTED_EDGE('',*,*,#1758,.F.);
#1758 = EDGE_CURVE('',#1759,#1761,#1763,.T.);
#1759 = VERTEX_POINT('',#1760);
#1760 = CARTESIAN_POINT('',(520.,-510.,700.));
#1761 = VERTEX_POINT('',#1762);
#1762 = CARTESIAN_POINT('',(660.,-650.,700.));
#1763 = CIRCLE('',#1764,140.);
#1764 = AXIS2_PLACEMENT_3D('',#1765,#1766,#1767);
#1765 = CARTESIAN_POINT('',(660.,-510.,700.));
#1766 = DIRECTION('',(0.,0.,1.));
#1767 = DIRECTION('',(1.,0.,0.));
#1768 = ORIENTED_EDGE('',*,*,#1769,.F.);
#1769 = EDGE_CURVE('',#1770,#1759,#1772,.T.);
#1770 = VERTEX_POINT('',#1771);
#1771 = CARTESIAN_POINT('',(520.,-510.,660.));
#1772 = LINE('',#1773,#1774);
#1773 = CARTESIAN_POINT('',(520.,-510.,660.));
#1774 = VECTOR('',#1775,1.);
#1775 = DIRECTION('',(0.,0.,1.));
#1776 = ORIENTED_EDGE('',*,*,#1777,.T.);
#1777 = EDGE_CURVE('',#1770,#1778,#1780,.T.);
#1778 = VERTEX_POINT('',#1779);
#1779 = CARTESIAN_POINT('',(660.,-650.,660.));
#1780 = CIRCLE('',#1781,140.);
#1781 = AXIS2_PLACEMENT_3D('',#1782,#1783,#1784);
#1782 = CARTESIAN_POINT('',(660.,-510.,660.));
#1783 = DIRECTION('',(0.,0.,1.));
#1784 = DIRECTION('',(1.,0.,0.));
#1785 = ORIENTED_EDGE('',*,*,#1786,.T.);
#1786 = EDGE_CURVE('',#1778,#1761,#1787,.T.);
#1787 = LINE('',#1788,#1789);
#1788 = CARTESIAN_POINT('',(660.,-650.,660.));
#1789 = VECTOR('',#1790,1.);
#1790 = DIRECTION('',(0.,0.,1.));
#1791 = CYLINDRICAL_SURFACE('',#1792,140.);
#1792 = AXIS2_PLACEMENT_3D('',#1793,#1794,#1795);
#1793 = CARTESIAN_POINT('',(660.,-510.,660.));
#1794 = DIRECTION('',(0.,0.,1.));
#1795 = DIRECTION('',(1.,0.,0.));
#1796 = ADVANCED_FACE('',(#1797),#1822,.F.);
#1797 = FACE_BOUND('',#1798,.F.);
#1798 = EDGE_LOOP('',(#1799,#1807,#1808,#1816));
#1799 = ORIENTED_EDGE('',*,*,#1800,.F.);
#1800 = EDGE_CURVE('',#1778,#1801,#1803,.T.);
#1801 = VERTEX_POINT('',#1802);
#1802 = CARTESIAN_POINT('',(1.23E+03,-650.,660.));
#1803 = LINE('',#1804,#1805);
#1804 = CARTESIAN_POINT('',(660.,-650.,660.));
#1805 = VECTOR('',#1806,1.);
#1806 = DIRECTION('',(1.,0.,0.));
#1807 = ORIENTED_EDGE('',*,*,#1786,.T.);
#1808 = ORIENTED_EDGE('',*,*,#1809,.T.);
#1809 = EDGE_CURVE('',#1761,#1810,#1812,.T.);
#1810 = VERTEX_POINT('',#1811);
#1811 = CARTESIAN_POINT('',(1.23E+03,-650.,700.));
#1812 = LINE('',#1813,#1814);
#1813 = CARTESIAN_POINT('',(660.,-650.,700.));
#1814 = VECTOR('',#1815,1.);
#1815 = DIRECTION('',(1.,0.,0.));
#1816 = ORIENTED_EDGE('',*,*,#1817,.F.);
#1817 = EDGE_CURVE('',#1801,#1810,#1818,.T.);
#1818 = LINE('',#1819,#1820);
#1819 = CARTESIAN_POINT('',(1.23E+03,-650.,660.));
#1820 = VECTOR('',#1821,1.);
#1821 = DIRECTION('',(0.,0.,1.));
#1822 = PLANE('',#1823);
#1823 = AXIS2_PLACEMENT_3D('',#1824,#1825,#1826);
#1824 = CARTESIAN_POINT('',(660.,-650.,660.));
#1825 = DIRECTION('',(0.,1.,0.));
#1826 = DIRECTION('',(0.,0.,1.));
#1827 = ADVANCED_FACE('',(#1828),#1853,.F.);
#1828 = FACE_BOUND('',#1829,.F.);
#1829 = EDGE_LOOP('',(#1830,#1831,#1839,#1847));
#1830 = ORIENTED_EDGE('',*,*,#1769,.F.);
#1831 = ORIENTED_EDGE('',*,*,#1832,.T.);
#1832 = EDGE_CURVE('',#1770,#1833,#1835,.T.);
#1833 = VERTEX_POINT('',#1834);
#1834 = CARTESIAN_POINT('',(520.,510.,660.));
#1835 = LINE('',#1836,#1837);
#1836 = CARTESIAN_POINT('',(520.,-510.,660.));
#1837 = VECTOR('',#1838,1.);
#1838 = DIRECTION('',(0.,1.,0.));
#1839 = ORIENTED_EDGE('',*,*,#1840,.T.);
#1840 = EDGE_CURVE('',#1833,#1841,#1843,.T.);
#1841 = VERTEX_POINT('',#1842);
#1842 = CARTESIAN_POINT('',(520.,510.,700.));
#1843 = LINE('',#1844,#1845);
#1844 = CARTESIAN_POINT('',(520.,510.,660.));
#1845 = VECTOR('',#1846,1.);
#1846 = DIRECTION('',(0.,0.,1.));
#1847 = ORIENTED_EDGE('',*,*,#1848,.F.);
#1848 = EDGE_CURVE('',#1759,#1841,#1849,.T.);
#1849 = LINE('',#1850,#1851);
#1850 = CARTESIAN_POINT('',(520.,-510.,700.));
#1851 = VECTOR('',#1852,1.);
#1852 = DIRECTION('',(0.,1.,0.));
#1853 = PLANE('',#1854);
#1854 = AXIS2_PLACEMENT_3D('',#1855,#1856,#1857);
#1855 = CARTESIAN_POINT('',(520.,-510.,660.));
#1856 = DIRECTION('',(1.,0.,0.));
#1857 = DIRECTION('',(0.,0.,1.));
#1858 = ADVANCED_FACE('',(#1859),#1886,.T.);
#1859 = FACE_BOUND('',#1860,.T.);
#1860 = EDGE_LOOP('',(#1861,#1870,#1871,#1880));
#1861 = ORIENTED_EDGE('',*,*,#1862,.F.);
#1862 = EDGE_CURVE('',#1810,#1863,#1865,.T.);
#1863 = VERTEX_POINT('',#1864);
#1864 = CARTESIAN_POINT('',(1.37E+03,-510.,700.));
#1865 = CIRCLE('',#1866,140.);
#1866 = AXIS2_PLACEMENT_3D('',#1867,#1868,#1869);
#1867 = CARTESIAN_POINT('',(1.23E+03,-510.,700.));
#1868 = DIRECTION('',(0.,0.,1.));
#1869 = DIRECTION('',(1.,0.,0.));
#1870 = ORIENTED_EDGE('',*,*,#1817,.F.);
#1871 = ORIENTED_EDGE('',*,*,#1872,.T.);
#1872 = EDGE_CURVE('',#1801,#1873,#1875,.T.);
#1873 = VERTEX_POINT('',#1874);
#1874 = CARTESIAN_POINT('',(1.37E+03,-510.,660.));
#1875 = CIRCLE('',#1876,140.);
#1876 = AXIS2_PLACEMENT_3D('',#1877,#1878,#1879);
#1877 = CARTESIAN_POINT('',(1.23E+03,-510.,660.));
#1878 = DIRECTION('',(0.,0.,1.));
#1879 = DIRECTION('',(1.,0.,0.));
#1880 = ORIENTED_EDGE('',*,*,#1881,.T.);
#1881 = EDGE_CURVE('',#1873,#1863,#1882,.T.);
#1882 = LINE('',#1883,#1884);
#1883 = CARTESIAN_POINT('',(1.37E+03,-510.,660.));
#1884 = VECTOR('',#1885,1.);
#1885 = DIRECTION('',(0.,0.,1.));
#1886 = CYLINDRICAL_SURFACE('',#1887,140.);
#1887 = AXIS2_PLACEMENT_3D('',#1888,#1889,#1890);
#1888 = CARTESIAN_POINT('',(1.23E+03,-510.,660.));
#1889 = DIRECTION('',(0.,0.,1.));
#1890 = DIRECTION('',(1.,0.,0.));
#1891 = ADVANCED_FACE('',(#1892),#1919,.T.);
#1892 = FACE_BOUND('',#1893,.T.);
#1893 = EDGE_LOOP('',(#1894,#1903,#1911,#1918));
#1894 = ORIENTED_EDGE('',*,*,#1895,.F.);
#1895 = EDGE_CURVE('',#1896,#1841,#1898,.T.);
#1896 = VERTEX_POINT('',#1897);
#1897 = CARTESIAN_POINT('',(660.,650.,700.));
#1898 = CIRCLE('',#1899,140.);
#1899 = AXIS2_PLACEMENT_3D('',#1900,#1901,#1902);
#1900 = CARTESIAN_POINT('',(660.,510.,700.));
#1901 = DIRECTION('',(0.,0.,1.));
#1902 = DIRECTION('',(1.,0.,0.));
#1903 = ORIENTED_EDGE('',*,*,#1904,.F.);
#1904 = EDGE_CURVE('',#1905,#1896,#1907,.T.);
#1905 = VERTEX_POINT('',#1906);
#1906 = CARTESIAN_POINT('',(660.,650.,660.));
#1907 = LINE('',#1908,#1909);
#1908 = CARTESIAN_POINT('',(660.,650.,660.));
#1909 = VECTOR('',#1910,1.);
#1910 = DIRECTION('',(0.,0.,1.));
#1911 = ORIENTED_EDGE('',*,*,#1912,.T.);
#1912 = EDGE_CURVE('',#1905,#1833,#1913,.T.);
#1913 = CIRCLE('',#1914,140.);
#1914 = AXIS2_PLACEMENT_3D('',#1915,#1916,#1917);
#1915 = CARTESIAN_POINT('',(660.,510.,660.));
#1916 = DIRECTION('',(0.,0.,1.));
#1917 = DIRECTION('',(1.,0.,0.));
#1918 = ORIENTED_EDGE('',*,*,#1840,.T.);
#1919 = CYLINDRICAL_SURFACE('',#1920,140.);
#1920 = AXIS2_PLACEMENT_3D('',#1921,#1922,#1923);
#1921 = CARTESIAN_POINT('',(660.,510.,660.));
#1922 = DIRECTION('',(0.,0.,1.));
#1923 = DIRECTION('',(1.,0.,0.));
#1924 = ADVANCED_FACE('',(#1925),#1950,.T.);
#1925 = FACE_BOUND('',#1926,.T.);
#1926 = EDGE_LOOP('',(#1927,#1935,#1936,#1944));
#1927 = ORIENTED_EDGE('',*,*,#1928,.F.);
#1928 = EDGE_CURVE('',#1905,#1929,#1931,.T.);
#1929 = VERTEX_POINT('',#1930);
#1930 = CARTESIAN_POINT('',(1.23E+03,650.,660.));
#1931 = LINE('',#1932,#1933);
#1932 = CARTESIAN_POINT('',(660.,650.,660.));
#1933 = VECTOR('',#1934,1.);
#1934 = DIRECTION('',(1.,0.,0.));
#1935 = ORIENTED_EDGE('',*,*,#1904,.T.);
#1936 = ORIENTED_EDGE('',*,*,#1937,.T.);
#1937 = EDGE_CURVE('',#1896,#1938,#1940,.T.);
#1938 = VERTEX_POINT('',#1939);
#1939 = CARTESIAN_POINT('',(1.23E+03,650.,700.));
#1940 = LINE('',#1941,#1942);
#1941 = CARTESIAN_POINT('',(660.,650.,700.));
#1942 = VECTOR('',#1943,1.);
#1943 = DIRECTION('',(1.,0.,0.));
#1944 = ORIENTED_EDGE('',*,*,#1945,.F.);
#1945 = EDGE_CURVE('',#1929,#1938,#1946,.T.);
#1946 = LINE('',#1947,#1948);
#1947 = CARTESIAN_POINT('',(1.23E+03,650.,660.));
#1948 = VECTOR('',#1949,1.);
#1949 = DIRECTION('',(0.,0.,1.));
#1950 = PLANE('',#1951);
#1951 = AXIS2_PLACEMENT_3D('',#1952,#1953,#1954);
#1952 = CARTESIAN_POINT('',(660.,650.,660.));
#1953 = DIRECTION('',(0.,1.,0.));
#1954 = DIRECTION('',(0.,0.,1.));
#1955 = ADVANCED_FACE('',(#1956),#1981,.T.);
#1956 = FACE_BOUND('',#1957,.T.);
#1957 = EDGE_LOOP('',(#1958,#1959,#1967,#1975));
#1958 = ORIENTED_EDGE('',*,*,#1881,.F.);
#1959 = ORIENTED_EDGE('',*,*,#1960,.T.);
#1960 = EDGE_CURVE('',#1873,#1961,#1963,.T.);
#1961 = VERTEX_POINT('',#1962);
#1962 = CARTESIAN_POINT('',(1.37E+03,510.,660.));
#1963 = LINE('',#1964,#1965);
#1964 = CARTESIAN_POINT('',(1.37E+03,-510.,660.));
#1965 = VECTOR('',#1966,1.);
#1966 = DIRECTION('',(0.,1.,0.));
#1967 = ORIENTED_EDGE('',*,*,#1968,.T.);
#1968 = EDGE_CURVE('',#1961,#1969,#1971,.T.);
#1969 = VERTEX_POINT('',#1970);
#1970 = CARTESIAN_POINT('',(1.37E+03,510.,700.));
#1971 = LINE('',#1972,#1973);
#1972 = CARTESIAN_POINT('',(1.37E+03,510.,660.));
#1973 = VECTOR('',#1974,1.);
#1974 = DIRECTION('',(0.,0.,1.));
#1975 = ORIENTED_EDGE('',*,*,#1976,.F.);
#1976 = EDGE_CURVE('',#1863,#1969,#1977,.T.);
#1977 = LINE('',#1978,#1979);
#1978 = CARTESIAN_POINT('',(1.37E+03,-510.,700.));
#1979 = VECTOR('',#1980,1.);
#1980 = DIRECTION('',(0.,1.,0.));
#1981 = PLANE('',#1982);
#1982 = AXIS2_PLACEMENT_3D('',#1983,#1984,#1985);
#1983 = CARTESIAN_POINT('',(1.37E+03,-510.,660.));
#1984 = DIRECTION('',(1.,0.,0.));
#1985 = DIRECTION('',(0.,0.,1.));
#1986 = ADVANCED_FACE('',(#1987),#2005,.T.);
#1987 = FACE_BOUND('',#1988,.T.);
#1988 = EDGE_LOOP('',(#1989,#1996,#1997,#2004));
#1989 = ORIENTED_EDGE('',*,*,#1990,.F.);
#1990 = EDGE_CURVE('',#1969,#1938,#1991,.T.);
#1991 = CIRCLE('',#1992,140.);
#1992 = AXIS2_PLACEMENT_3D('',#1993,#1994,#1995);
#1993 = CARTESIAN_POINT('',(1.23E+03,510.,700.));
#1994 = DIRECTION('',(0.,0.,1.));
#1995 = DIRECTION('',(1.,0.,0.));
#1996 = ORIENTED_EDGE('',*,*,#1968,.F.);
#1997 = ORIENTED_EDGE('',*,*,#1998,.T.);
#1998 = EDGE_CURVE('',#1961,#1929,#1999,.T.);
#1999 = CIRCLE('',#2000,140.);
#2000 = AXIS2_PLACEMENT_3D('',#2001,#2002,#2003);
#2001 = CARTESIAN_POINT('',(1.23E+03,510.,660.));
#2002 = DIRECTION('',(0.,0.,1.));
#2003 = DIRECTION('',(1.,0.,0.));
#2004 = ORIENTED_EDGE('',*,*,#1945,.T.);
#2005 = CYLINDRICAL_SURFACE('',#2006,140.);
#2006 = AXIS2_PLACEMENT_3D('',#2007,#2008,#2009);
#2007 = CARTESIAN_POINT('',(1.23E+03,510.,660.));
#2008 = DIRECTION('',(0.,0.,1.));
#2009 = DIRECTION('',(1.,0.,0.));
#2010 = ADVANCED_FACE('',(#2011),#2021,.T.);
#2011 = FACE_BOUND('',#2012,.T.);
#2012 = EDGE_LOOP('',(#2013,#2014,#2015,#2016,#2017,#2018,#2019,#2020));
#2013 = ORIENTED_EDGE('',*,*,#1758,.T.);
#2014 = ORIENTED_EDGE('',*,*,#1809,.T.);
#2015 = ORIENTED_EDGE('',*,*,#1862,.T.);
#2016 = ORIENTED_EDGE('',*,*,#1976,.T.);
#2017 = ORIENTED_EDGE('',*,*,#1990,.T.);
#2018 = ORIENTED_EDGE('',*,*,#1937,.F.);
#2019 = ORIENTED_EDGE('',*,*,#1895,.T.);
#2020 = ORIENTED_EDGE('',*,*,#1848,.F.);
#2021 = PLANE('',#2022);
#2022 = AXIS2_PLACEMENT_3D('',#2023,#2024,#2025);
#2023 = CARTESIAN_POINT('',(945.,-2.874713605335E-14,700.));
#2024 = DIRECTION('',(0.,0.,1.));
#2025 = DIRECTION('',(1.,0.,0.));
#2026 = ADVANCED_FACE('',(#2027),#2037,.T.);
#2027 = FACE_BOUND('',#2028,.T.);
#2028 = EDGE_LOOP('',(#2029,#2030,#2031,#2032,#2033,#2034,#2035,#2036));
#2029 = ORIENTED_EDGE('',*,*,#1777,.F.);
#2030 = ORIENTED_EDGE('',*,*,#1832,.T.);
#2031 = ORIENTED_EDGE('',*,*,#1912,.F.);
#2032 = ORIENTED_EDGE('',*,*,#1928,.T.);
#2033 = ORIENTED_EDGE('',*,*,#1998,.F.);
#2034 = ORIENTED_EDGE('',*,*,#1960,.F.);
#2035 = ORIENTED_EDGE('',*,*,#1872,.F.);
#2036 = ORIENTED_EDGE('',*,*,#1800,.F.);
#2037 = PLANE('',#2038);
#2038 = AXIS2_PLACEMENT_3D('',#2039,#2040,#2041);
#2039 = CARTESIAN_POINT('',(945.,-1.437356802668E-14,660.));
#2040 = DIRECTION('',(-0.,-0.,-1.));
#2041 = DIRECTION('',(-1.,0.,0.));
#2042 = MANIFOLD_SOLID_BREP('',#2043);
#2043 = CLOSED_SHELL('',(#2044,#2077,#2086));
#2044 = ADVANCED_FACE('',(#2045),#2072,.T.);
#2045 = FACE_BOUND('',#2046,.T.);
#2046 = EDGE_LOOP('',(#2047,#2056,#2064,#2071));
#2047 = ORIENTED_EDGE('',*,*,#2048,.F.);
#2048 = EDGE_CURVE('',#2049,#2049,#2051,.T.);
#2049 = VERTEX_POINT('',#2050);
#2050 = CARTESIAN_POINT('',(1.056E+03,-1.053196247267E-14,660.));
#2051 = CIRCLE('',#2052,43.);
#2052 = AXIS2_PLACEMENT_3D('',#2053,#2054,#2055);
#2053 = CARTESIAN_POINT('',(1.013E+03,0.,660.));
#2054 = DIRECTION('',(0.,0.,1.));
#2055 = DIRECTION('',(1.,0.,0.));
#2056 = ORIENTED_EDGE('',*,*,#2057,.F.);
#2057 = EDGE_CURVE('',#2058,#2049,#2060,.T.);
#2058 = VERTEX_POINT('',#2059);
#2059 = CARTESIAN_POINT('',(1.056E+03,-1.053196247267E-14,301.));
#2060 = LINE('',#2061,#2062);
#2061 = CARTESIAN_POINT('',(1.056E+03,-1.053196247267E-14,301.));
#2062 = VECTOR('',#2063,1.);
#2063 = DIRECTION('',(0.,0.,1.));
#2064 = ORIENTED_EDGE('',*,*,#2065,.T.);
#2065 = EDGE_CURVE('',#2058,#2058,#2066,.T.);
#2066 = CIRCLE('',#2067,43.);
#2067 = AXIS2_PLACEMENT_3D('',#2068,#2069,#2070);
#2068 = CARTESIAN_POINT('',(1.013E+03,0.,301.));
#2069 = DIRECTION('',(0.,0.,1.));
#2070 = DIRECTION('',(1.,0.,0.));
#2071 = ORIENTED_EDGE('',*,*,#2057,.T.);
#2072 = CYLINDRICAL_SURFACE('',#2073,43.);
#2073 = AXIS2_PLACEMENT_3D('',#2074,#2075,#2076);
#2074 = CARTESIAN_POINT('',(1.013E+03,0.,301.));
#2075 = DIRECTION('',(0.,0.,1.));
#2076 = DIRECTION('',(1.,0.,0.));
#2077 = ADVANCED_FACE('',(#2078),#2081,.T.);
#2078 = FACE_BOUND('',#2079,.T.);
#2079 = EDGE_LOOP('',(#2080));
#2080 = ORIENTED_EDGE('',*,*,#2048,.T.);
#2081 = PLANE('',#2082);
#2082 = AXIS2_PLACEMENT_3D('',#2083,#2084,#2085);
#2083 = CARTESIAN_POINT('',(1.013E+03,0.,660.));
#2084 = DIRECTION('',(0.,0.,1.));
#2085 = DIRECTION('',(1.,0.,0.));
#2086 = ADVANCED_FACE('',(#2087),#2090,.F.);
#2087 = FACE_BOUND('',#2088,.T.);
#2088 = EDGE_LOOP('',(#2089));
#2089 = ORIENTED_EDGE('',*,*,#2065,.F.);
#2090 = PLANE('',#2091);
#2091 = AXIS2_PLACEMENT_3D('',#2092,#2093,#2094);
#2092 = CARTESIAN_POINT('',(1.013E+03,0.,301.));
#2093 = DIRECTION('',(0.,0.,1.));
#2094 = DIRECTION('',(1.,0.,0.));
#2095 = MANIFOLD_SOLID_BREP('',#2096);
#2096 = CLOSED_SHELL('',(#2097,#2139,#2170,#2201,#2234,#2267,#2298,#2329
    ,#2353,#2369));
#2097 = ADVANCED_FACE('',(#2098),#2134,.T.);
#2098 = FACE_BOUND('',#2099,.T.);
#2099 = EDGE_LOOP('',(#2100,#2111,#2119,#2128));
#2100 = ORIENTED_EDGE('',*,*,#2101,.F.);
#2101 = EDGE_CURVE('',#2102,#2104,#2106,.T.);
#2102 = VERTEX_POINT('',#2103);
#2103 = CARTESIAN_POINT('',(839.87803668695,34.711431702997,700.));
#2104 = VERTEX_POINT('',#2105);
#2105 = CARTESIAN_POINT('',(962.82032302755,67.653718043597,700.));
#2106 = CIRCLE('',#2107,90.);
#2107 = AXIS2_PLACEMENT_3D('',#2108,#2109,#2110);
#2108 = CARTESIAN_POINT('',(884.87803668695,112.65371804359,700.));
#2109 = DIRECTION('',(0.,-0.,1.));
#2110 = DIRECTION('',(0.5,0.866025403784,0.));
#2111 = ORIENTED_EDGE('',*,*,#2112,.F.);
#2112 = EDGE_CURVE('',#2113,#2102,#2115,.T.);
#2113 = VERTEX_POINT('',#2114);
#2114 = CARTESIAN_POINT('',(839.87803668695,34.711431702997,660.));
#2115 = LINE('',#2116,#2117);
#2116 = CARTESIAN_POINT('',(839.87803668695,34.711431702997,660.));
#2117 = VECTOR('',#2118,1.);
#2118 = DIRECTION('',(0.,0.,1.));
#2119 = ORIENTED_EDGE('',*,*,#2120,.T.);
#2120 = EDGE_CURVE('',#2113,#2121,#2123,.T.);
#2121 = VERTEX_POINT('',#2122);
#2122 = CARTESIAN_POINT('',(962.82032302755,67.653718043597,660.));
#2123 = CIRCLE('',#2124,90.);
#2124 = AXIS2_PLACEMENT_3D('',#2125,#2126,#2127);
#2125 = CARTESIAN_POINT('',(884.87803668695,112.65371804359,660.));
#2126 = DIRECTION('',(0.,-0.,1.));
#2127 = DIRECTION('',(0.5,0.866025403784,0.));
#2128 = ORIENTED_EDGE('',*,*,#2129,.T.);
#2129 = EDGE_CURVE('',#2121,#2104,#2130,.T.);
#2130 = LINE('',#2131,#2132);
#2131 = CARTESIAN_POINT('',(962.82032302755,67.653718043597,660.));
#2132 = VECTOR('',#2133,1.);
#2133 = DIRECTION('',(0.,0.,1.));
#2134 = CYLINDRICAL_SURFACE('',#2135,90.);
#2135 = AXIS2_PLACEMENT_3D('',#2136,#2137,#2138);
#2136 = CARTESIAN_POINT('',(884.87803668695,112.65371804359,660.));
#2137 = DIRECTION('',(0.,0.,1.));
#2138 = DIRECTION('',(0.5,0.866025403784,0.));
#2139 = ADVANCED_FACE('',(#2140),#2165,.F.);
#2140 = FACE_BOUND('',#2141,.F.);
#2141 = EDGE_LOOP('',(#2142,#2150,#2151,#2159));
#2142 = ORIENTED_EDGE('',*,*,#2143,.F.);
#2143 = EDGE_CURVE('',#2121,#2144,#2146,.T.);
#2144 = VERTEX_POINT('',#2145);
#2145 = CARTESIAN_POINT('',(1.622820323028E+03,1.210807251039E+03,660.)
  );
#2146 = LINE('',#2147,#2148);
#2147 = CARTESIAN_POINT('',(962.82032302755,67.653718043597,660.));
#2148 = VECTOR('',#2149,1.);
#2149 = DIRECTION('',(0.5,0.866025403784,0.));
#2150 = ORIENTED_EDGE('',*,*,#2129,.T.);
#2151 = ORIENTED_EDGE('',*,*,#2152,.T.);
#2152 = EDGE_CURVE('',#2104,#2153,#2155,.T.);
#2153 = VERTEX_POINT('',#2154);
#2154 = CARTESIAN_POINT('',(1.622820323028E+03,1.210807251039E+03,700.)
  );
#2155 = LINE('',#2156,#2157);
#2156 = CARTESIAN_POINT('',(962.82032302755,67.653718043597,700.));
#2157 = VECTOR('',#2158,1.);
#2158 = DIRECTION('',(0.5,0.866025403784,0.));
#2159 = ORIENTED_EDGE('',*,*,#2160,.F.);
#2160 = EDGE_CURVE('',#2144,#2153,#2161,.T.);
#2161 = LINE('',#2162,#2163);
#2162 = CARTESIAN_POINT('',(1.622820323028E+03,1.210807251039E+03,660.)
  );
#2163 = VECTOR('',#2164,1.);
#2164 = DIRECTION('',(0.,0.,1.));
#2165 = PLANE('',#2166);
#2166 = AXIS2_PLACEMENT_3D('',#2167,#2168,#2169);
#2167 = CARTESIAN_POINT('',(962.82032302755,67.653718043597,660.));
#2168 = DIRECTION('',(-0.866025403784,0.5,0.));
#2169 = DIRECTION('',(0.,0.,1.));
#2170 = ADVANCED_FACE('',(#2171),#2196,.F.);
#2171 = FACE_BOUND('',#2172,.F.);
#2172 = EDGE_LOOP('',(#2173,#2174,#2182,#2190));
#2173 = ORIENTED_EDGE('',*,*,#2112,.F.);
#2174 = ORIENTED_EDGE('',*,*,#2175,.T.);
#2175 = EDGE_CURVE('',#2113,#2176,#2178,.T.);
#2176 = VERTEX_POINT('',#2177);
#2177 = CARTESIAN_POINT('',(476.14736709748,244.71143170299,660.));
#2178 = LINE('',#2179,#2180);
#2179 = CARTESIAN_POINT('',(839.87803668695,34.711431702997,660.));
#2180 = VECTOR('',#2181,1.);
#2181 = DIRECTION('',(-0.866025403784,0.5,0.));
#2182 = ORIENTED_EDGE('',*,*,#2183,.T.);
#2183 = EDGE_CURVE('',#2176,#2184,#2186,.T.);
#2184 = VERTEX_POINT('',#2185);
#2185 = CARTESIAN_POINT('',(476.14736709748,244.71143170299,700.));
#2186 = LINE('',#2187,#2188);
#2187 = CARTESIAN_POINT('',(476.14736709748,244.71143170299,660.));
#2188 = VECTOR('',#2189,1.);
#2189 = DIRECTION('',(0.,0.,1.));
#2190 = ORIENTED_EDGE('',*,*,#2191,.F.);
#2191 = EDGE_CURVE('',#2102,#2184,#2192,.T.);
#2192 = LINE('',#2193,#2194);
#2193 = CARTESIAN_POINT('',(839.87803668695,34.711431702997,700.));
#2194 = VECTOR('',#2195,1.);
#2195 = DIRECTION('',(-0.866025403784,0.5,0.));
#2196 = PLANE('',#2197);
#2197 = AXIS2_PLACEMENT_3D('',#2198,#2199,#2200);
#2198 = CARTESIAN_POINT('',(839.87803668695,34.711431702997,660.));
#2199 = DIRECTION('',(0.5,0.866025403784,0.));
#2200 = DIRECTION('',(0.,0.,1.));
#2201 = ADVANCED_FACE('',(#2202),#2229,.T.);
#2202 = FACE_BOUND('',#2203,.T.);
#2203 = EDGE_LOOP('',(#2204,#2213,#2214,#2223));
#2204 = ORIENTED_EDGE('',*,*,#2205,.F.);
#2205 = EDGE_CURVE('',#2153,#2206,#2208,.T.);
#2206 = VERTEX_POINT('',#2207);
#2207 = CARTESIAN_POINT('',(1.589878036687E+03,1.33374953738E+03,700.));
#2208 = CIRCLE('',#2209,90.);
#2209 = AXIS2_PLACEMENT_3D('',#2210,#2211,#2212);
#2210 = CARTESIAN_POINT('',(1.544878036687E+03,1.255807251039E+03,700.)
  );
#2211 = DIRECTION('',(0.,-0.,1.));
#2212 = DIRECTION('',(0.5,0.866025403784,0.));
#2213 = ORIENTED_EDGE('',*,*,#2160,.F.);
#2214 = ORIENTED_EDGE('',*,*,#2215,.T.);
#2215 = EDGE_CURVE('',#2144,#2216,#2218,.T.);
#2216 = VERTEX_POINT('',#2217);
#2217 = CARTESIAN_POINT('',(1.589878036687E+03,1.33374953738E+03,660.));
#2218 = CIRCLE('',#2219,90.);
#2219 = AXIS2_PLACEMENT_3D('',#2220,#2221,#2222);
#2220 = CARTESIAN_POINT('',(1.544878036687E+03,1.255807251039E+03,660.)
  );
#2221 = DIRECTION('',(0.,-0.,1.));
#2222 = DIRECTION('',(0.5,0.866025403784,0.));
#2223 = ORIENTED_EDGE('',*,*,#2224,.T.);
#2224 = EDGE_CURVE('',#2216,#2206,#2225,.T.);
#2225 = LINE('',#2226,#2227);
#2226 = CARTESIAN_POINT('',(1.589878036687E+03,1.33374953738E+03,660.));
#2227 = VECTOR('',#2228,1.);
#2228 = DIRECTION('',(0.,0.,1.));
#2229 = CYLINDRICAL_SURFACE('',#2230,90.);
#2230 = AXIS2_PLACEMENT_3D('',#2231,#2232,#2233);
#2231 = CARTESIAN_POINT('',(1.544878036687E+03,1.255807251039E+03,660.)
  );
#2232 = DIRECTION('',(0.,0.,1.));
#2233 = DIRECTION('',(0.5,0.866025403784,0.));
#2234 = ADVANCED_FACE('',(#2235),#2262,.T.);
#2235 = FACE_BOUND('',#2236,.T.);
#2236 = EDGE_LOOP('',(#2237,#2246,#2254,#2261));
#2237 = ORIENTED_EDGE('',*,*,#2238,.F.);
#2238 = EDGE_CURVE('',#2239,#2184,#2241,.T.);
#2239 = VERTEX_POINT('',#2240);
#2240 = CARTESIAN_POINT('',(443.20508075688,367.65371804359,700.));
#2241 = CIRCLE('',#2242,90.);
#2242 = AXIS2_PLACEMENT_3D('',#2243,#2244,#2245);
#2243 = CARTESIAN_POINT('',(521.14736709748,322.65371804359,700.));
#2244 = DIRECTION('',(0.,-0.,1.));
#2245 = DIRECTION('',(0.5,0.866025403784,0.));
#2246 = ORIENTED_EDGE('',*,*,#2247,.F.);
#2247 = EDGE_CURVE('',#2248,#2239,#2250,.T.);
#2248 = VERTEX_POINT('',#2249);
#2249 = CARTESIAN_POINT('',(443.20508075688,367.65371804359,660.));
#2250 = LINE('',#2251,#2252);
#2251 = CARTESIAN_POINT('',(443.20508075688,367.65371804359,660.));
#2252 = VECTOR('',#2253,1.);
#2253 = DIRECTION('',(0.,0.,1.));
#2254 = ORIENTED_EDGE('',*,*,#2255,.T.);
#2255 = EDGE_CURVE('',#2248,#2176,#2256,.T.);
#2256 = CIRCLE('',#2257,90.);
#2257 = AXIS2_PLACEMENT_3D('',#2258,#2259,#2260);
#2258 = CARTESIAN_POINT('',(521.14736709748,322.65371804359,660.));
#2259 = DIRECTION('',(0.,-0.,1.));
#2260 = DIRECTION('',(0.5,0.866025403784,0.));
#2261 = ORIENTED_EDGE('',*,*,#2183,.T.);
#2262 = CYLINDRICAL_SURFACE('',#2263,90.);
#2263 = AXIS2_PLACEMENT_3D('',#2264,#2265,#2266);
#2264 = CARTESIAN_POINT('',(521.14736709748,322.65371804359,660.));
#2265 = DIRECTION('',(0.,0.,1.));
#2266 = DIRECTION('',(0.5,0.866025403784,0.));
#2267 = ADVANCED_FACE('',(#2268),#2293,.T.);
#2268 = FACE_BOUND('',#2269,.T.);
#2269 = EDGE_LOOP('',(#2270,#2278,#2279,#2287));
#2270 = ORIENTED_EDGE('',*,*,#2271,.F.);
#2271 = EDGE_CURVE('',#2248,#2272,#2274,.T.);
#2272 = VERTEX_POINT('',#2273);
#2273 = CARTESIAN_POINT('',(1.103205080757E+03,1.510807251039E+03,660.)
  );
#2274 = LINE('',#2275,#2276);
#2275 = CARTESIAN_POINT('',(443.20508075688,367.65371804359,660.));
#2276 = VECTOR('',#2277,1.);
#2277 = DIRECTION('',(0.5,0.866025403784,0.));
#2278 = ORIENTED_EDGE('',*,*,#2247,.T.);
#2279 = ORIENTED_EDGE('',*,*,#2280,.T.);
#2280 = EDGE_CURVE('',#2239,#2281,#2283,.T.);
#2281 = VERTEX_POINT('',#2282);
#2282 = CARTESIAN_POINT('',(1.103205080757E+03,1.510807251039E+03,700.)
  );
#2283 = LINE('',#2284,#2285);
#2284 = CARTESIAN_POINT('',(443.20508075688,367.65371804359,700.));
#2285 = VECTOR('',#2286,1.);
#2286 = DIRECTION('',(0.5,0.866025403784,0.));
#2287 = ORIENTED_EDGE('',*,*,#2288,.F.);
#2288 = EDGE_CURVE('',#2272,#2281,#2289,.T.);
#2289 = LINE('',#2290,#2291);
#2290 = CARTESIAN_POINT('',(1.103205080757E+03,1.510807251039E+03,660.)
  );
#2291 = VECTOR('',#2292,1.);
#2292 = DIRECTION('',(0.,0.,1.));
#2293 = PLANE('',#2294);
#2294 = AXIS2_PLACEMENT_3D('',#2295,#2296,#2297);
#2295 = CARTESIAN_POINT('',(443.20508075688,367.65371804359,660.));
#2296 = DIRECTION('',(-0.866025403784,0.5,0.));
#2297 = DIRECTION('',(0.,0.,1.));
#2298 = ADVANCED_FACE('',(#2299),#2324,.T.);
#2299 = FACE_BOUND('',#2300,.T.);
#2300 = EDGE_LOOP('',(#2301,#2302,#2310,#2318));
#2301 = ORIENTED_EDGE('',*,*,#2224,.F.);
#2302 = ORIENTED_EDGE('',*,*,#2303,.T.);
#2303 = EDGE_CURVE('',#2216,#2304,#2306,.T.);
#2304 = VERTEX_POINT('',#2305);
#2305 = CARTESIAN_POINT('',(1.226147367097E+03,1.54374953738E+03,660.));
#2306 = LINE('',#2307,#2308);
#2307 = CARTESIAN_POINT('',(1.589878036687E+03,1.33374953738E+03,660.));
#2308 = VECTOR('',#2309,1.);
#2309 = DIRECTION('',(-0.866025403784,0.5,0.));
#2310 = ORIENTED_EDGE('',*,*,#2311,.T.);
#2311 = EDGE_CURVE('',#2304,#2312,#2314,.T.);
#2312 = VERTEX_POINT('',#2313);
#2313 = CARTESIAN_POINT('',(1.226147367097E+03,1.54374953738E+03,700.));
#2314 = LINE('',#2315,#2316);
#2315 = CARTESIAN_POINT('',(1.226147367097E+03,1.54374953738E+03,660.));
#2316 = VECTOR('',#2317,1.);
#2317 = DIRECTION('',(0.,0.,1.));
#2318 = ORIENTED_EDGE('',*,*,#2319,.F.);
#2319 = EDGE_CURVE('',#2206,#2312,#2320,.T.);
#2320 = LINE('',#2321,#2322);
#2321 = CARTESIAN_POINT('',(1.589878036687E+03,1.33374953738E+03,700.));
#2322 = VECTOR('',#2323,1.);
#2323 = DIRECTION('',(-0.866025403784,0.5,0.));
#2324 = PLANE('',#2325);
#2325 = AXIS2_PLACEMENT_3D('',#2326,#2327,#2328);
#2326 = CARTESIAN_POINT('',(1.589878036687E+03,1.33374953738E+03,660.));
#2327 = DIRECTION('',(0.5,0.866025403784,0.));
#2328 = DIRECTION('',(0.,0.,1.));
#2329 = ADVANCED_FACE('',(#2330),#2348,.T.);
#2330 = FACE_BOUND('',#2331,.T.);
#2331 = EDGE_LOOP('',(#2332,#2339,#2340,#2347));
#2332 = ORIENTED_EDGE('',*,*,#2333,.F.);
#2333 = EDGE_CURVE('',#2312,#2281,#2334,.T.);
#2334 = CIRCLE('',#2335,90.);
#2335 = AXIS2_PLACEMENT_3D('',#2336,#2337,#2338);
#2336 = CARTESIAN_POINT('',(1.181147367097E+03,1.465807251039E+03,700.)
  );
#2337 = DIRECTION('',(0.,-0.,1.));
#2338 = DIRECTION('',(0.5,0.866025403784,0.));
#2339 = ORIENTED_EDGE('',*,*,#2311,.F.);
#2340 = ORIENTED_EDGE('',*,*,#2341,.T.);
#2341 = EDGE_CURVE('',#2304,#2272,#2342,.T.);
#2342 = CIRCLE('',#2343,90.);
#2343 = AXIS2_PLACEMENT_3D('',#2344,#2345,#2346);
#2344 = CARTESIAN_POINT('',(1.181147367097E+03,1.465807251039E+03,660.)
  );
#2345 = DIRECTION('',(0.,-0.,1.));
#2346 = DIRECTION('',(0.5,0.866025403784,0.));
#2347 = ORIENTED_EDGE('',*,*,#2288,.T.);
#2348 = CYLINDRICAL_SURFACE('',#2349,90.);
#2349 = AXIS2_PLACEMENT_3D('',#2350,#2351,#2352);
#2350 = CARTESIAN_POINT('',(1.181147367097E+03,1.465807251039E+03,660.)
  );
#2351 = DIRECTION('',(0.,0.,1.));
#2352 = DIRECTION('',(0.5,0.866025403784,0.));
#2353 = ADVANCED_FACE('',(#2354),#2364,.T.);
#2354 = FACE_BOUND('',#2355,.T.);
#2355 = EDGE_LOOP('',(#2356,#2357,#2358,#2359,#2360,#2361,#2362,#2363));
#2356 = ORIENTED_EDGE('',*,*,#2101,.T.);
#2357 = ORIENTED_EDGE('',*,*,#2152,.T.);
#2358 = ORIENTED_EDGE('',*,*,#2205,.T.);
#2359 = ORIENTED_EDGE('',*,*,#2319,.T.);
#2360 = ORIENTED_EDGE('',*,*,#2333,.T.);
#2361 = ORIENTED_EDGE('',*,*,#2280,.F.);
#2362 = ORIENTED_EDGE('',*,*,#2238,.T.);
#2363 = ORIENTED_EDGE('',*,*,#2191,.F.);
#2364 = PLANE('',#2365);
#2365 = AXIS2_PLACEMENT_3D('',#2366,#2367,#2368);
#2366 = CARTESIAN_POINT('',(1.033012701892E+03,789.23048454132,700.));
#2367 = DIRECTION('',(0.,0.,1.));
#2368 = DIRECTION('',(0.5,0.866025403784,0.));
#2369 = ADVANCED_FACE('',(#2370),#2380,.T.);
#2370 = FACE_BOUND('',#2371,.T.);
#2371 = EDGE_LOOP('',(#2372,#2373,#2374,#2375,#2376,#2377,#2378,#2379));
#2372 = ORIENTED_EDGE('',*,*,#2120,.F.);
#2373 = ORIENTED_EDGE('',*,*,#2175,.T.);
#2374 = ORIENTED_EDGE('',*,*,#2255,.F.);
#2375 = ORIENTED_EDGE('',*,*,#2271,.T.);
#2376 = ORIENTED_EDGE('',*,*,#2341,.F.);
#2377 = ORIENTED_EDGE('',*,*,#2303,.F.);
#2378 = ORIENTED_EDGE('',*,*,#2215,.F.);
#2379 = ORIENTED_EDGE('',*,*,#2143,.F.);
#2380 = PLANE('',#2381);
#2381 = AXIS2_PLACEMENT_3D('',#2382,#2383,#2384);
#2382 = CARTESIAN_POINT('',(1.033012701892E+03,789.23048454132,660.));
#2383 = DIRECTION('',(0.,-0.,-1.));
#2384 = DIRECTION('',(-0.5,-0.866025403784,0.));
#2385 = MANIFOLD_SOLID_BREP('',#2386);
#2386 = CLOSED_SHELL('',(#2387,#2420,#2429));
#2387 = ADVANCED_FACE('',(#2388),#2415,.T.);
#2388 = FACE_BOUND('',#2389,.T.);
#2389 = EDGE_LOOP('',(#2390,#2399,#2407,#2414));
#2390 = ORIENTED_EDGE('',*,*,#2391,.F.);
#2391 = EDGE_CURVE('',#2392,#2392,#2394,.T.);
#2392 = VERTEX_POINT('',#2393);
#2393 = CARTESIAN_POINT('',(1.136012701892E+03,893.15353299545,660.));
#2394 = CIRCLE('',#2395,43.);
#2395 = AXIS2_PLACEMENT_3D('',#2396,#2397,#2398);
#2396 = CARTESIAN_POINT('',(1.093012701892E+03,893.15353299545,660.));
#2397 = DIRECTION('',(0.,0.,1.));
#2398 = DIRECTION('',(1.,0.,0.));
#2399 = ORIENTED_EDGE('',*,*,#2400,.F.);
#2400 = EDGE_CURVE('',#2401,#2392,#2403,.T.);
#2401 = VERTEX_POINT('',#2402);
#2402 = CARTESIAN_POINT('',(1.136012701892E+03,893.15353299545,301.));
#2403 = LINE('',#2404,#2405);
#2404 = CARTESIAN_POINT('',(1.136012701892E+03,893.15353299545,301.));
#2405 = VECTOR('',#2406,1.);
#2406 = DIRECTION('',(0.,0.,1.));
#2407 = ORIENTED_EDGE('',*,*,#2408,.T.);
#2408 = EDGE_CURVE('',#2401,#2401,#2409,.T.);
#2409 = CIRCLE('',#2410,43.);
#2410 = AXIS2_PLACEMENT_3D('',#2411,#2412,#2413);
#2411 = CARTESIAN_POINT('',(1.093012701892E+03,893.15353299545,301.));
#2412 = DIRECTION('',(0.,0.,1.));
#2413 = DIRECTION('',(1.,0.,0.));
#2414 = ORIENTED_EDGE('',*,*,#2400,.T.);
#2415 = CYLINDRICAL_SURFACE('',#2416,43.);
#2416 = AXIS2_PLACEMENT_3D('',#2417,#2418,#2419);
#2417 = CARTESIAN_POINT('',(1.093012701892E+03,893.15353299545,301.));
#2418 = DIRECTION('',(0.,0.,1.));
#2419 = DIRECTION('',(1.,0.,0.));
#2420 = ADVANCED_FACE('',(#2421),#2424,.T.);
#2421 = FACE_BOUND('',#2422,.T.);
#2422 = EDGE_LOOP('',(#2423));
#2423 = ORIENTED_EDGE('',*,*,#2391,.T.);
#2424 = PLANE('',#2425);
#2425 = AXIS2_PLACEMENT_3D('',#2426,#2427,#2428);
#2426 = CARTESIAN_POINT('',(1.093012701892E+03,893.15353299545,660.));
#2427 = DIRECTION('',(0.,0.,1.));
#2428 = DIRECTION('',(1.,0.,0.));
#2429 = ADVANCED_FACE('',(#2430),#2433,.F.);
#2430 = FACE_BOUND('',#2431,.T.);
#2431 = EDGE_LOOP('',(#2432));
#2432 = ORIENTED_EDGE('',*,*,#2408,.F.);
#2433 = PLANE('',#2434);
#2434 = AXIS2_PLACEMENT_3D('',#2435,#2436,#2437);
#2435 = CARTESIAN_POINT('',(1.093012701892E+03,893.15353299545,301.));
#2436 = DIRECTION('',(0.,0.,1.));
#2437 = DIRECTION('',(1.,0.,0.));
#2438 = MANIFOLD_SOLID_BREP('',#2439);
#2439 = CLOSED_SHELL('',(#2440,#2482,#2513,#2544,#2577,#2610,#2641,#2672
    ,#2696,#2712));
#2440 = ADVANCED_FACE('',(#2441),#2477,.T.);
#2441 = FACE_BOUND('',#2442,.T.);
#2442 = EDGE_LOOP('',(#2443,#2454,#2462,#2471));
#2443 = ORIENTED_EDGE('',*,*,#2444,.F.);
#2444 = EDGE_CURVE('',#2445,#2447,#2449,.T.);
#2445 = VERTEX_POINT('',#2446);
#2446 = CARTESIAN_POINT('',(476.14736709748,-244.7114317029,700.));
#2447 = VERTEX_POINT('',#2448);
#2448 = CARTESIAN_POINT('',(443.20508075688,-367.6537180435,700.));
#2449 = CIRCLE('',#2450,90.);
#2450 = AXIS2_PLACEMENT_3D('',#2451,#2452,#2453);
#2451 = CARTESIAN_POINT('',(521.14736709748,-322.6537180435,700.));
#2452 = DIRECTION('',(-0.,0.,1.));
#2453 = DIRECTION('',(0.5,-0.866025403784,0.));
#2454 = ORIENTED_EDGE('',*,*,#2455,.F.);
#2455 = EDGE_CURVE('',#2456,#2445,#2458,.T.);
#2456 = VERTEX_POINT('',#2457);
#2457 = CARTESIAN_POINT('',(476.14736709748,-244.7114317029,660.));
#2458 = LINE('',#2459,#2460);
#2459 = CARTESIAN_POINT('',(476.14736709748,-244.7114317029,660.));
#2460 = VECTOR('',#2461,1.);
#2461 = DIRECTION('',(0.,0.,1.));
#2462 = ORIENTED_EDGE('',*,*,#2463,.T.);
#2463 = EDGE_CURVE('',#2456,#2464,#2466,.T.);
#2464 = VERTEX_POINT('',#2465);
#2465 = CARTESIAN_POINT('',(443.20508075688,-367.6537180435,660.));
#2466 = CIRCLE('',#2467,90.);
#2467 = AXIS2_PLACEMENT_3D('',#2468,#2469,#2470);
#2468 = CARTESIAN_POINT('',(521.14736709748,-322.6537180435,660.));
#2469 = DIRECTION('',(-0.,0.,1.));
#2470 = DIRECTION('',(0.5,-0.866025403784,0.));
#2471 = ORIENTED_EDGE('',*,*,#2472,.T.);
#2472 = EDGE_CURVE('',#2464,#2447,#2473,.T.);
#2473 = LINE('',#2474,#2475);
#2474 = CARTESIAN_POINT('',(443.20508075688,-367.6537180435,660.));
#2475 = VECTOR('',#2476,1.);
#2476 = DIRECTION('',(0.,0.,1.));
#2477 = CYLINDRICAL_SURFACE('',#2478,90.);
#2478 = AXIS2_PLACEMENT_3D('',#2479,#2480,#2481);
#2479 = CARTESIAN_POINT('',(521.14736709748,-322.6537180435,660.));
#2480 = DIRECTION('',(0.,0.,1.));
#2481 = DIRECTION('',(0.5,-0.866025403784,0.));
#2482 = ADVANCED_FACE('',(#2483),#2508,.F.);
#2483 = FACE_BOUND('',#2484,.F.);
#2484 = EDGE_LOOP('',(#2485,#2493,#2494,#2502));
#2485 = ORIENTED_EDGE('',*,*,#2486,.F.);
#2486 = EDGE_CURVE('',#2464,#2487,#2489,.T.);
#2487 = VERTEX_POINT('',#2488);
#2488 = CARTESIAN_POINT('',(1.103205080757E+03,-1.510807251039E+03,660.)
  );
#2489 = LINE('',#2490,#2491);
#2490 = CARTESIAN_POINT('',(443.20508075688,-367.6537180435,660.));
#2491 = VECTOR('',#2492,1.);
#2492 = DIRECTION('',(0.5,-0.866025403784,0.));
#2493 = ORIENTED_EDGE('',*,*,#2472,.T.);
#2494 = ORIENTED_EDGE('',*,*,#2495,.T.);
#2495 = EDGE_CURVE('',#2447,#2496,#2498,.T.);
#2496 = VERTEX_POINT('',#2497);
#2497 = CARTESIAN_POINT('',(1.103205080757E+03,-1.510807251039E+03,700.)
  );
#2498 = LINE('',#2499,#2500);
#2499 = CARTESIAN_POINT('',(443.20508075688,-367.6537180435,700.));
#2500 = VECTOR('',#2501,1.);
#2501 = DIRECTION('',(0.5,-0.866025403784,0.));
#2502 = ORIENTED_EDGE('',*,*,#2503,.F.);
#2503 = EDGE_CURVE('',#2487,#2496,#2504,.T.);
#2504 = LINE('',#2505,#2506);
#2505 = CARTESIAN_POINT('',(1.103205080757E+03,-1.510807251039E+03,660.)
  );
#2506 = VECTOR('',#2507,1.);
#2507 = DIRECTION('',(0.,0.,1.));
#2508 = PLANE('',#2509);
#2509 = AXIS2_PLACEMENT_3D('',#2510,#2511,#2512);
#2510 = CARTESIAN_POINT('',(443.20508075688,-367.6537180435,660.));
#2511 = DIRECTION('',(0.866025403784,0.5,0.));
#2512 = DIRECTION('',(0.,0.,1.));
#2513 = ADVANCED_FACE('',(#2514),#2539,.F.);
#2514 = FACE_BOUND('',#2515,.F.);
#2515 = EDGE_LOOP('',(#2516,#2517,#2525,#2533));
#2516 = ORIENTED_EDGE('',*,*,#2455,.F.);
#2517 = ORIENTED_EDGE('',*,*,#2518,.T.);
#2518 = EDGE_CURVE('',#2456,#2519,#2521,.T.);
#2519 = VERTEX_POINT('',#2520);
#2520 = CARTESIAN_POINT('',(839.87803668695,-34.71143170299,660.));
#2521 = LINE('',#2522,#2523);
#2522 = CARTESIAN_POINT('',(476.14736709748,-244.7114317029,660.));
#2523 = VECTOR('',#2524,1.);
#2524 = DIRECTION('',(0.866025403784,0.5,0.));
#2525 = ORIENTED_EDGE('',*,*,#2526,.T.);
#2526 = EDGE_CURVE('',#2519,#2527,#2529,.T.);
#2527 = VERTEX_POINT('',#2528);
#2528 = CARTESIAN_POINT('',(839.87803668695,-34.71143170299,700.));
#2529 = LINE('',#2530,#2531);
#2530 = CARTESIAN_POINT('',(839.87803668695,-34.71143170299,660.));
#2531 = VECTOR('',#2532,1.);
#2532 = DIRECTION('',(0.,0.,1.));
#2533 = ORIENTED_EDGE('',*,*,#2534,.F.);
#2534 = EDGE_CURVE('',#2445,#2527,#2535,.T.);
#2535 = LINE('',#2536,#2537);
#2536 = CARTESIAN_POINT('',(476.14736709748,-244.7114317029,700.));
#2537 = VECTOR('',#2538,1.);
#2538 = DIRECTION('',(0.866025403784,0.5,0.));
#2539 = PLANE('',#2540);
#2540 = AXIS2_PLACEMENT_3D('',#2541,#2542,#2543);
#2541 = CARTESIAN_POINT('',(476.14736709748,-244.7114317029,660.));
#2542 = DIRECTION('',(0.5,-0.866025403784,0.));
#2543 = DIRECTION('',(0.,0.,1.));
#2544 = ADVANCED_FACE('',(#2545),#2572,.T.);
#2545 = FACE_BOUND('',#2546,.T.);
#2546 = EDGE_LOOP('',(#2547,#2556,#2557,#2566));
#2547 = ORIENTED_EDGE('',*,*,#2548,.F.);
#2548 = EDGE_CURVE('',#2496,#2549,#2551,.T.);
#2549 = VERTEX_POINT('',#2550);
#2550 = CARTESIAN_POINT('',(1.226147367097E+03,-1.54374953738E+03,700.)
  );
#2551 = CIRCLE('',#2552,90.);
#2552 = AXIS2_PLACEMENT_3D('',#2553,#2554,#2555);
#2553 = CARTESIAN_POINT('',(1.181147367097E+03,-1.465807251039E+03,700.)
  );
#2554 = DIRECTION('',(-0.,0.,1.));
#2555 = DIRECTION('',(0.5,-0.866025403784,0.));
#2556 = ORIENTED_EDGE('',*,*,#2503,.F.);
#2557 = ORIENTED_EDGE('',*,*,#2558,.T.);
#2558 = EDGE_CURVE('',#2487,#2559,#2561,.T.);
#2559 = VERTEX_POINT('',#2560);
#2560 = CARTESIAN_POINT('',(1.226147367097E+03,-1.54374953738E+03,660.)
  );
#2561 = CIRCLE('',#2562,90.);
#2562 = AXIS2_PLACEMENT_3D('',#2563,#2564,#2565);
#2563 = CARTESIAN_POINT('',(1.181147367097E+03,-1.465807251039E+03,660.)
  );
#2564 = DIRECTION('',(-0.,0.,1.));
#2565 = DIRECTION('',(0.5,-0.866025403784,0.));
#2566 = ORIENTED_EDGE('',*,*,#2567,.T.);
#2567 = EDGE_CURVE('',#2559,#2549,#2568,.T.);
#2568 = LINE('',#2569,#2570);
#2569 = CARTESIAN_POINT('',(1.226147367097E+03,-1.54374953738E+03,660.)
  );
#2570 = VECTOR('',#2571,1.);
#2571 = DIRECTION('',(0.,0.,1.));
#2572 = CYLINDRICAL_SURFACE('',#2573,90.);
#2573 = AXIS2_PLACEMENT_3D('',#2574,#2575,#2576);
#2574 = CARTESIAN_POINT('',(1.181147367097E+03,-1.465807251039E+03,660.)
  );
#2575 = DIRECTION('',(0.,0.,1.));
#2576 = DIRECTION('',(0.5,-0.866025403784,0.));
#2577 = ADVANCED_FACE('',(#2578),#2605,.T.);
#2578 = FACE_BOUND('',#2579,.T.);
#2579 = EDGE_LOOP('',(#2580,#2589,#2597,#2604));
#2580 = ORIENTED_EDGE('',*,*,#2581,.F.);
#2581 = EDGE_CURVE('',#2582,#2527,#2584,.T.);
#2582 = VERTEX_POINT('',#2583);
#2583 = CARTESIAN_POINT('',(962.82032302755,-67.65371804359,700.));
#2584 = CIRCLE('',#2585,90.);
#2585 = AXIS2_PLACEMENT_3D('',#2586,#2587,#2588);
#2586 = CARTESIAN_POINT('',(884.87803668695,-112.6537180435,700.));
#2587 = DIRECTION('',(-0.,0.,1.));
#2588 = DIRECTION('',(0.5,-0.866025403784,0.));
#2589 = ORIENTED_EDGE('',*,*,#2590,.F.);
#2590 = EDGE_CURVE('',#2591,#2582,#2593,.T.);
#2591 = VERTEX_POINT('',#2592);
#2592 = CARTESIAN_POINT('',(962.82032302755,-67.65371804359,660.));
#2593 = LINE('',#2594,#2595);
#2594 = CARTESIAN_POINT('',(962.82032302755,-67.65371804359,660.));
#2595 = VECTOR('',#2596,1.);
#2596 = DIRECTION('',(0.,0.,1.));
#2597 = ORIENTED_EDGE('',*,*,#2598,.T.);
#2598 = EDGE_CURVE('',#2591,#2519,#2599,.T.);
#2599 = CIRCLE('',#2600,90.);
#2600 = AXIS2_PLACEMENT_3D('',#2601,#2602,#2603);
#2601 = CARTESIAN_POINT('',(884.87803668695,-112.6537180435,660.));
#2602 = DIRECTION('',(-0.,0.,1.));
#2603 = DIRECTION('',(0.5,-0.866025403784,0.));
#2604 = ORIENTED_EDGE('',*,*,#2526,.T.);
#2605 = CYLINDRICAL_SURFACE('',#2606,90.);
#2606 = AXIS2_PLACEMENT_3D('',#2607,#2608,#2609);
#2607 = CARTESIAN_POINT('',(884.87803668695,-112.6537180435,660.));
#2608 = DIRECTION('',(0.,0.,1.));
#2609 = DIRECTION('',(0.5,-0.866025403784,0.));
#2610 = ADVANCED_FACE('',(#2611),#2636,.T.);
#2611 = FACE_BOUND('',#2612,.T.);
#2612 = EDGE_LOOP('',(#2613,#2621,#2622,#2630));
#2613 = ORIENTED_EDGE('',*,*,#2614,.F.);
#2614 = EDGE_CURVE('',#2591,#2615,#2617,.T.);
#2615 = VERTEX_POINT('',#2616);
#2616 = CARTESIAN_POINT('',(1.622820323028E+03,-1.210807251039E+03,660.)
  );
#2617 = LINE('',#2618,#2619);
#2618 = CARTESIAN_POINT('',(962.82032302755,-67.65371804359,660.));
#2619 = VECTOR('',#2620,1.);
#2620 = DIRECTION('',(0.5,-0.866025403784,0.));
#2621 = ORIENTED_EDGE('',*,*,#2590,.T.);
#2622 = ORIENTED_EDGE('',*,*,#2623,.T.);
#2623 = EDGE_CURVE('',#2582,#2624,#2626,.T.);
#2624 = VERTEX_POINT('',#2625);
#2625 = CARTESIAN_POINT('',(1.622820323028E+03,-1.210807251039E+03,700.)
  );
#2626 = LINE('',#2627,#2628);
#2627 = CARTESIAN_POINT('',(962.82032302755,-67.65371804359,700.));
#2628 = VECTOR('',#2629,1.);
#2629 = DIRECTION('',(0.5,-0.866025403784,0.));
#2630 = ORIENTED_EDGE('',*,*,#2631,.F.);
#2631 = EDGE_CURVE('',#2615,#2624,#2632,.T.);
#2632 = LINE('',#2633,#2634);
#2633 = CARTESIAN_POINT('',(1.622820323028E+03,-1.210807251039E+03,660.)
  );
#2634 = VECTOR('',#2635,1.);
#2635 = DIRECTION('',(0.,0.,1.));
#2636 = PLANE('',#2637);
#2637 = AXIS2_PLACEMENT_3D('',#2638,#2639,#2640);
#2638 = CARTESIAN_POINT('',(962.82032302755,-67.65371804359,660.));
#2639 = DIRECTION('',(0.866025403784,0.5,0.));
#2640 = DIRECTION('',(0.,0.,1.));
#2641 = ADVANCED_FACE('',(#2642),#2667,.T.);
#2642 = FACE_BOUND('',#2643,.T.);
#2643 = EDGE_LOOP('',(#2644,#2645,#2653,#2661));
#2644 = ORIENTED_EDGE('',*,*,#2567,.F.);
#2645 = ORIENTED_EDGE('',*,*,#2646,.T.);
#2646 = EDGE_CURVE('',#2559,#2647,#2649,.T.);
#2647 = VERTEX_POINT('',#2648);
#2648 = CARTESIAN_POINT('',(1.589878036687E+03,-1.33374953738E+03,660.)
  );
#2649 = LINE('',#2650,#2651);
#2650 = CARTESIAN_POINT('',(1.226147367097E+03,-1.54374953738E+03,660.)
  );
#2651 = VECTOR('',#2652,1.);
#2652 = DIRECTION('',(0.866025403784,0.5,0.));
#2653 = ORIENTED_EDGE('',*,*,#2654,.T.);
#2654 = EDGE_CURVE('',#2647,#2655,#2657,.T.);
#2655 = VERTEX_POINT('',#2656);
#2656 = CARTESIAN_POINT('',(1.589878036687E+03,-1.33374953738E+03,700.)
  );
#2657 = LINE('',#2658,#2659);
#2658 = CARTESIAN_POINT('',(1.589878036687E+03,-1.33374953738E+03,660.)
  );
#2659 = VECTOR('',#2660,1.);
#2660 = DIRECTION('',(0.,0.,1.));
#2661 = ORIENTED_EDGE('',*,*,#2662,.F.);
#2662 = EDGE_CURVE('',#2549,#2655,#2663,.T.);
#2663 = LINE('',#2664,#2665);
#2664 = CARTESIAN_POINT('',(1.226147367097E+03,-1.54374953738E+03,700.)
  );
#2665 = VECTOR('',#2666,1.);
#2666 = DIRECTION('',(0.866025403784,0.5,0.));
#2667 = PLANE('',#2668);
#2668 = AXIS2_PLACEMENT_3D('',#2669,#2670,#2671);
#2669 = CARTESIAN_POINT('',(1.226147367097E+03,-1.54374953738E+03,660.)
  );
#2670 = DIRECTION('',(0.5,-0.866025403784,0.));
#2671 = DIRECTION('',(0.,0.,1.));
#2672 = ADVANCED_FACE('',(#2673),#2691,.T.);
#2673 = FACE_BOUND('',#2674,.T.);
#2674 = EDGE_LOOP('',(#2675,#2682,#2683,#2690));
#2675 = ORIENTED_EDGE('',*,*,#2676,.F.);
#2676 = EDGE_CURVE('',#2655,#2624,#2677,.T.);
#2677 = CIRCLE('',#2678,90.);
#2678 = AXIS2_PLACEMENT_3D('',#2679,#2680,#2681);
#2679 = CARTESIAN_POINT('',(1.544878036687E+03,-1.255807251039E+03,700.)
  );
#2680 = DIRECTION('',(-0.,0.,1.));
#2681 = DIRECTION('',(0.5,-0.866025403784,0.));
#2682 = ORIENTED_EDGE('',*,*,#2654,.F.);
#2683 = ORIENTED_EDGE('',*,*,#2684,.T.);
#2684 = EDGE_CURVE('',#2647,#2615,#2685,.T.);
#2685 = CIRCLE('',#2686,90.);
#2686 = AXIS2_PLACEMENT_3D('',#2687,#2688,#2689);
#2687 = CARTESIAN_POINT('',(1.544878036687E+03,-1.255807251039E+03,660.)
  );
#2688 = DIRECTION('',(-0.,0.,1.));
#2689 = DIRECTION('',(0.5,-0.866025403784,0.));
#2690 = ORIENTED_EDGE('',*,*,#2631,.T.);
#2691 = CYLINDRICAL_SURFACE('',#2692,90.);
#2692 = AXIS2_PLACEMENT_3D('',#2693,#2694,#2695);
#2693 = CARTESIAN_POINT('',(1.544878036687E+03,-1.255807251039E+03,660.)
  );
#2694 = DIRECTION('',(0.,0.,1.));
#2695 = DIRECTION('',(0.5,-0.866025403784,0.));
#2696 = ADVANCED_FACE('',(#2697),#2707,.T.);
#2697 = FACE_BOUND('',#2698,.T.);
#2698 = EDGE_LOOP('',(#2699,#2700,#2701,#2702,#2703,#2704,#2705,#2706));
#2699 = ORIENTED_EDGE('',*,*,#2444,.T.);
#2700 = ORIENTED_EDGE('',*,*,#2495,.T.);
#2701 = ORIENTED_EDGE('',*,*,#2548,.T.);
#2702 = ORIENTED_EDGE('',*,*,#2662,.T.);
#2703 = ORIENTED_EDGE('',*,*,#2676,.T.);
#2704 = ORIENTED_EDGE('',*,*,#2623,.F.);
#2705 = ORIENTED_EDGE('',*,*,#2581,.T.);
#2706 = ORIENTED_EDGE('',*,*,#2534,.F.);
#2707 = PLANE('',#2708);
#2708 = AXIS2_PLACEMENT_3D('',#2709,#2710,#2711);
#2709 = CARTESIAN_POINT('',(1.033012701892E+03,-789.2304845413,700.));
#2710 = DIRECTION('',(0.,0.,1.));
#2711 = DIRECTION('',(0.5,-0.866025403784,0.));
#2712 = ADVANCED_FACE('',(#2713),#2723,.T.);
#2713 = FACE_BOUND('',#2714,.T.);
#2714 = EDGE_LOOP('',(#2715,#2716,#2717,#2718,#2719,#2720,#2721,#2722));
#2715 = ORIENTED_EDGE('',*,*,#2463,.F.);
#2716 = ORIENTED_EDGE('',*,*,#2518,.T.);
#2717 = ORIENTED_EDGE('',*,*,#2598,.F.);
#2718 = ORIENTED_EDGE('',*,*,#2614,.T.);
#2719 = ORIENTED_EDGE('',*,*,#2684,.F.);
#2720 = ORIENTED_EDGE('',*,*,#2646,.F.);
#2721 = ORIENTED_EDGE('',*,*,#2558,.F.);
#2722 = ORIENTED_EDGE('',*,*,#2486,.F.);
#2723 = PLANE('',#2724);
#2724 = AXIS2_PLACEMENT_3D('',#2725,#2726,#2727);
#2725 = CARTESIAN_POINT('',(1.033012701892E+03,-789.2304845413,660.));
#2726 = DIRECTION('',(-0.,0.,-1.));
#2727 = DIRECTION('',(-0.5,0.866025403784,0.));
#2728 = MANIFOLD_SOLID_BREP('',#2729);
#2729 = CLOSED_SHELL('',(#2730,#2763,#2772));
#2730 = ADVANCED_FACE('',(#2731),#2758,.T.);
#2731 = FACE_BOUND('',#2732,.T.);
#2732 = EDGE_LOOP('',(#2733,#2742,#2750,#2757));
#2733 = ORIENTED_EDGE('',*,*,#2734,.F.);
#2734 = EDGE_CURVE('',#2735,#2735,#2737,.T.);
#2735 = VERTEX_POINT('',#2736);
#2736 = CARTESIAN_POINT('',(1.136012701892E+03,-893.1535329954,660.));
#2737 = CIRCLE('',#2738,43.);
#2738 = AXIS2_PLACEMENT_3D('',#2739,#2740,#2741);
#2739 = CARTESIAN_POINT('',(1.093012701892E+03,-893.1535329954,660.));
#2740 = DIRECTION('',(0.,0.,1.));
#2741 = DIRECTION('',(1.,0.,0.));
#2742 = ORIENTED_EDGE('',*,*,#2743,.F.);
#2743 = EDGE_CURVE('',#2744,#2735,#2746,.T.);
#2744 = VERTEX_POINT('',#2745);
#2745 = CARTESIAN_POINT('',(1.136012701892E+03,-893.1535329954,301.));
#2746 = LINE('',#2747,#2748);
#2747 = CARTESIAN_POINT('',(1.136012701892E+03,-893.1535329954,301.));
#2748 = VECTOR('',#2749,1.);
#2749 = DIRECTION('',(0.,0.,1.));
#2750 = ORIENTED_EDGE('',*,*,#2751,.T.);
#2751 = EDGE_CURVE('',#2744,#2744,#2752,.T.);
#2752 = CIRCLE('',#2753,43.);
#2753 = AXIS2_PLACEMENT_3D('',#2754,#2755,#2756);
#2754 = CARTESIAN_POINT('',(1.093012701892E+03,-893.1535329954,301.));
#2755 = DIRECTION('',(0.,0.,1.));
#2756 = DIRECTION('',(1.,0.,0.));
#2757 = ORIENTED_EDGE('',*,*,#2743,.T.);
#2758 = CYLINDRICAL_SURFACE('',#2759,43.);
#2759 = AXIS2_PLACEMENT_3D('',#2760,#2761,#2762);
#2760 = CARTESIAN_POINT('',(1.093012701892E+03,-893.1535329954,301.));
#2761 = DIRECTION('',(0.,0.,1.));
#2762 = DIRECTION('',(1.,0.,0.));
#2763 = ADVANCED_FACE('',(#2764),#2767,.T.);
#2764 = FACE_BOUND('',#2765,.T.);
#2765 = EDGE_LOOP('',(#2766));
#2766 = ORIENTED_EDGE('',*,*,#2734,.T.);
#2767 = PLANE('',#2768);
#2768 = AXIS2_PLACEMENT_3D('',#2769,#2770,#2771);
#2769 = CARTESIAN_POINT('',(1.093012701892E+03,-893.1535329954,660.));
#2770 = DIRECTION('',(0.,0.,1.));
#2771 = DIRECTION('',(1.,0.,0.));
#2772 = ADVANCED_FACE('',(#2773),#2776,.F.);
#2773 = FACE_BOUND('',#2774,.T.);
#2774 = EDGE_LOOP('',(#2775));
#2775 = ORIENTED_EDGE('',*,*,#2751,.F.);
#2776 = PLANE('',#2777);
#2777 = AXIS2_PLACEMENT_3D('',#2778,#2779,#2780);
#2778 = CARTESIAN_POINT('',(1.093012701892E+03,-893.1535329954,301.));
#2779 = DIRECTION('',(0.,0.,1.));
#2780 = DIRECTION('',(1.,0.,0.));
#2781 = MANIFOLD_SOLID_BREP('',#2782);
#2782 = CLOSED_SHELL('',(#2783,#2825,#2856,#2887,#2920,#2953,#2984,#3015
    ,#3039,#3055));
#2783 = ADVANCED_FACE('',(#2784),#2820,.T.);
#2784 = FACE_BOUND('',#2785,.T.);
#2785 = EDGE_LOOP('',(#2786,#2797,#2805,#2814));
#2786 = ORIENTED_EDGE('',*,*,#2787,.F.);
#2787 = EDGE_CURVE('',#2788,#2790,#2792,.T.);
#2788 = VERTEX_POINT('',#2789);
#2789 = CARTESIAN_POINT('',(181.67295593006,705.3332099679,700.));
#2790 = VERTEX_POINT('',#2791);
#2791 = CARTESIAN_POINT('',(232.91651245988,896.57676649772,700.));
#2792 = CIRCLE('',#2793,140.);
#2793 = AXIS2_PLACEMENT_3D('',#2794,#2795,#2796);
#2794 = CARTESIAN_POINT('',(111.67295593006,826.57676649773,700.));
#2795 = DIRECTION('',(0.,0.,1.));
#2796 = DIRECTION('',(-0.5,0.866025403784,0.));
#2797 = ORIENTED_EDGE('',*,*,#2798,.F.);
#2798 = EDGE_CURVE('',#2799,#2788,#2801,.T.);
#2799 = VERTEX_POINT('',#2800);
#2800 = CARTESIAN_POINT('',(181.67295593006,705.3332099679,660.));
#2801 = LINE('',#2802,#2803);
#2802 = CARTESIAN_POINT('',(181.67295593006,705.3332099679,660.));
#2803 = VECTOR('',#2804,1.);
#2804 = DIRECTION('',(0.,0.,1.));
#2805 = ORIENTED_EDGE('',*,*,#2806,.T.);
#2806 = EDGE_CURVE('',#2799,#2807,#2809,.T.);
#2807 = VERTEX_POINT('',#2808);
#2808 = CARTESIAN_POINT('',(232.91651245988,896.57676649772,660.));
#2809 = CIRCLE('',#2810,140.);
#2810 = AXIS2_PLACEMENT_3D('',#2811,#2812,#2813);
#2811 = CARTESIAN_POINT('',(111.67295593006,826.57676649773,660.));
#2812 = DIRECTION('',(0.,0.,1.));
#2813 = DIRECTION('',(-0.5,0.866025403784,0.));
#2814 = ORIENTED_EDGE('',*,*,#2815,.T.);
#2815 = EDGE_CURVE('',#2807,#2790,#2816,.T.);
#2816 = LINE('',#2817,#2818);
#2817 = CARTESIAN_POINT('',(232.91651245988,896.57676649772,660.));
#2818 = VECTOR('',#2819,1.);
#2819 = DIRECTION('',(0.,0.,1.));
#2820 = CYLINDRICAL_SURFACE('',#2821,140.);
#2821 = AXIS2_PLACEMENT_3D('',#2822,#2823,#2824);
#2822 = CARTESIAN_POINT('',(111.67295593006,826.57676649773,660.));
#2823 = DIRECTION('',(0.,0.,1.));
#2824 = DIRECTION('',(-0.5,0.866025403784,0.));
#2825 = ADVANCED_FACE('',(#2826),#2851,.F.);
#2826 = FACE_BOUND('',#2827,.F.);
#2827 = EDGE_LOOP('',(#2828,#2836,#2837,#2845));
#2828 = ORIENTED_EDGE('',*,*,#2829,.F.);
#2829 = EDGE_CURVE('',#2807,#2830,#2832,.T.);
#2830 = VERTEX_POINT('',#2831);
#2831 = CARTESIAN_POINT('',(-52.08348754011,1.390211246655E+03,660.));
#2832 = LINE('',#2833,#2834);
#2833 = CARTESIAN_POINT('',(232.91651245988,896.57676649772,660.));
#2834 = VECTOR('',#2835,1.);
#2835 = DIRECTION('',(-0.5,0.866025403784,0.));
#2836 = ORIENTED_EDGE('',*,*,#2815,.T.);
#2837 = ORIENTED_EDGE('',*,*,#2838,.T.);
#2838 = EDGE_CURVE('',#2790,#2839,#2841,.T.);
#2839 = VERTEX_POINT('',#2840);
#2840 = CARTESIAN_POINT('',(-52.08348754011,1.390211246655E+03,700.));
#2841 = LINE('',#2842,#2843);
#2842 = CARTESIAN_POINT('',(232.91651245988,896.57676649772,700.));
#2843 = VECTOR('',#2844,1.);
#2844 = DIRECTION('',(-0.5,0.866025403784,0.));
#2845 = ORIENTED_EDGE('',*,*,#2846,.F.);
#2846 = EDGE_CURVE('',#2830,#2839,#2847,.T.);
#2847 = LINE('',#2848,#2849);
#2848 = CARTESIAN_POINT('',(-52.08348754011,1.390211246655E+03,660.));
#2849 = VECTOR('',#2850,1.);
#2850 = DIRECTION('',(0.,0.,1.));
#2851 = PLANE('',#2852);
#2852 = AXIS2_PLACEMENT_3D('',#2853,#2854,#2855);
#2853 = CARTESIAN_POINT('',(232.91651245988,896.57676649772,660.));
#2854 = DIRECTION('',(-0.866025403784,-0.5,0.));
#2855 = DIRECTION('',(0.,0.,1.));
#2856 = ADVANCED_FACE('',(#2857),#2882,.F.);
#2857 = FACE_BOUND('',#2858,.F.);
#2858 = EDGE_LOOP('',(#2859,#2860,#2868,#2876));
#2859 = ORIENTED_EDGE('',*,*,#2798,.F.);
#2860 = ORIENTED_EDGE('',*,*,#2861,.T.);
#2861 = EDGE_CURVE('',#2799,#2862,#2864,.T.);
#2862 = VERTEX_POINT('',#2863);
#2863 = CARTESIAN_POINT('',(-701.67295593,195.3332099679,660.));
#2864 = LINE('',#2865,#2866);
#2865 = CARTESIAN_POINT('',(181.67295593006,705.3332099679,660.));
#2866 = VECTOR('',#2867,1.);
#2867 = DIRECTION('',(-0.866025403784,-0.5,0.));
#2868 = ORIENTED_EDGE('',*,*,#2869,.T.);
#2869 = EDGE_CURVE('',#2862,#2870,#2872,.T.);
#2870 = VERTEX_POINT('',#2871);
#2871 = CARTESIAN_POINT('',(-701.67295593,195.3332099679,700.));
#2872 = LINE('',#2873,#2874);
#2873 = CARTESIAN_POINT('',(-701.67295593,195.3332099679,660.));
#2874 = VECTOR('',#2875,1.);
#2875 = DIRECTION('',(0.,0.,1.));
#2876 = ORIENTED_EDGE('',*,*,#2877,.F.);
#2877 = EDGE_CURVE('',#2788,#2870,#2878,.T.);
#2878 = LINE('',#2879,#2880);
#2879 = CARTESIAN_POINT('',(181.67295593006,705.3332099679,700.));
#2880 = VECTOR('',#2881,1.);
#2881 = DIRECTION('',(-0.866025403784,-0.5,0.));
#2882 = PLANE('',#2883);
#2883 = AXIS2_PLACEMENT_3D('',#2884,#2885,#2886);
#2884 = CARTESIAN_POINT('',(181.67295593006,705.3332099679,660.));
#2885 = DIRECTION('',(-0.5,0.866025403784,0.));
#2886 = DIRECTION('',(0.,0.,1.));
#2887 = ADVANCED_FACE('',(#2888),#2915,.T.);
#2888 = FACE_BOUND('',#2889,.T.);
#2889 = EDGE_LOOP('',(#2890,#2899,#2900,#2909));
#2890 = ORIENTED_EDGE('',*,*,#2891,.F.);
#2891 = EDGE_CURVE('',#2839,#2892,#2894,.T.);
#2892 = VERTEX_POINT('',#2893);
#2893 = CARTESIAN_POINT('',(-243.3270440699,1.441454803185E+03,700.));
#2894 = CIRCLE('',#2895,140.);
#2895 = AXIS2_PLACEMENT_3D('',#2896,#2897,#2898);
#2896 = CARTESIAN_POINT('',(-173.3270440699,1.320211246655E+03,700.));
#2897 = DIRECTION('',(0.,0.,1.));
#2898 = DIRECTION('',(-0.5,0.866025403784,0.));
#2899 = ORIENTED_EDGE('',*,*,#2846,.F.);
#2900 = ORIENTED_EDGE('',*,*,#2901,.T.);
#2901 = EDGE_CURVE('',#2830,#2902,#2904,.T.);
#2902 = VERTEX_POINT('',#2903);
#2903 = CARTESIAN_POINT('',(-243.3270440699,1.441454803185E+03,660.));
#2904 = CIRCLE('',#2905,140.);
#2905 = AXIS2_PLACEMENT_3D('',#2906,#2907,#2908);
#2906 = CARTESIAN_POINT('',(-173.3270440699,1.320211246655E+03,660.));
#2907 = DIRECTION('',(0.,0.,1.));
#2908 = DIRECTION('',(-0.5,0.866025403784,0.));
#2909 = ORIENTED_EDGE('',*,*,#2910,.T.);
#2910 = EDGE_CURVE('',#2902,#2892,#2911,.T.);
#2911 = LINE('',#2912,#2913);
#2912 = CARTESIAN_POINT('',(-243.3270440699,1.441454803185E+03,660.));
#2913 = VECTOR('',#2914,1.);
#2914 = DIRECTION('',(0.,0.,1.));
#2915 = CYLINDRICAL_SURFACE('',#2916,140.);
#2916 = AXIS2_PLACEMENT_3D('',#2917,#2918,#2919);
#2917 = CARTESIAN_POINT('',(-173.3270440699,1.320211246655E+03,660.));
#2918 = DIRECTION('',(0.,0.,1.));
#2919 = DIRECTION('',(-0.5,0.866025403784,0.));
#2920 = ADVANCED_FACE('',(#2921),#2948,.T.);
#2921 = FACE_BOUND('',#2922,.T.);
#2922 = EDGE_LOOP('',(#2923,#2932,#2940,#2947));
#2923 = ORIENTED_EDGE('',*,*,#2924,.F.);
#2924 = EDGE_CURVE('',#2925,#2870,#2927,.T.);
#2925 = VERTEX_POINT('',#2926);
#2926 = CARTESIAN_POINT('',(-892.9165124598,246.57676649773,700.));
#2927 = CIRCLE('',#2928,140.);
#2928 = AXIS2_PLACEMENT_3D('',#2929,#2930,#2931);
#2929 = CARTESIAN_POINT('',(-771.67295593,316.57676649773,700.));
#2930 = DIRECTION('',(0.,0.,1.));
#2931 = DIRECTION('',(-0.5,0.866025403784,0.));
#2932 = ORIENTED_EDGE('',*,*,#2933,.F.);
#2933 = EDGE_CURVE('',#2934,#2925,#2936,.T.);
#2934 = VERTEX_POINT('',#2935);
#2935 = CARTESIAN_POINT('',(-892.9165124598,246.57676649773,660.));
#2936 = LINE('',#2937,#2938);
#2937 = CARTESIAN_POINT('',(-892.9165124598,246.57676649773,660.));
#2938 = VECTOR('',#2939,1.);
#2939 = DIRECTION('',(0.,0.,1.));
#2940 = ORIENTED_EDGE('',*,*,#2941,.T.);
#2941 = EDGE_CURVE('',#2934,#2862,#2942,.T.);
#2942 = CIRCLE('',#2943,140.);
#2943 = AXIS2_PLACEMENT_3D('',#2944,#2945,#2946);
#2944 = CARTESIAN_POINT('',(-771.67295593,316.57676649773,660.));
#2945 = DIRECTION('',(0.,0.,1.));
#2946 = DIRECTION('',(-0.5,0.866025403784,0.));
#2947 = ORIENTED_EDGE('',*,*,#2869,.T.);
#2948 = CYLINDRICAL_SURFACE('',#2949,140.);
#2949 = AXIS2_PLACEMENT_3D('',#2950,#2951,#2952);
#2950 = CARTESIAN_POINT('',(-771.67295593,316.57676649773,660.));
#2951 = DIRECTION('',(0.,0.,1.));
#2952 = DIRECTION('',(-0.5,0.866025403784,0.));
#2953 = ADVANCED_FACE('',(#2954),#2979,.T.);
#2954 = FACE_BOUND('',#2955,.T.);
#2955 = EDGE_LOOP('',(#2956,#2964,#2965,#2973));
#2956 = ORIENTED_EDGE('',*,*,#2957,.F.);
#2957 = EDGE_CURVE('',#2934,#2958,#2960,.T.);
#2958 = VERTEX_POINT('',#2959);
#2959 = CARTESIAN_POINT('',(-1.17791651246E+03,740.21124665486,660.));
#2960 = LINE('',#2961,#2962);
#2961 = CARTESIAN_POINT('',(-892.9165124598,246.57676649773,660.));
#2962 = VECTOR('',#2963,1.);
#2963 = DIRECTION('',(-0.5,0.866025403784,0.));
#2964 = ORIENTED_EDGE('',*,*,#2933,.T.);
#2965 = ORIENTED_EDGE('',*,*,#2966,.T.);
#2966 = EDGE_CURVE('',#2925,#2967,#2969,.T.);
#2967 = VERTEX_POINT('',#2968);
#2968 = CARTESIAN_POINT('',(-1.17791651246E+03,740.21124665486,700.));
#2969 = LINE('',#2970,#2971);
#2970 = CARTESIAN_POINT('',(-892.9165124598,246.57676649773,700.));
#2971 = VECTOR('',#2972,1.);
#2972 = DIRECTION('',(-0.5,0.866025403784,0.));
#2973 = ORIENTED_EDGE('',*,*,#2974,.F.);
#2974 = EDGE_CURVE('',#2958,#2967,#2975,.T.);
#2975 = LINE('',#2976,#2977);
#2976 = CARTESIAN_POINT('',(-1.17791651246E+03,740.21124665486,660.));
#2977 = VECTOR('',#2978,1.);
#2978 = DIRECTION('',(0.,0.,1.));
#2979 = PLANE('',#2980);
#2980 = AXIS2_PLACEMENT_3D('',#2981,#2982,#2983);
#2981 = CARTESIAN_POINT('',(-892.9165124598,246.57676649773,660.));
#2982 = DIRECTION('',(-0.866025403784,-0.5,0.));
#2983 = DIRECTION('',(0.,0.,1.));
#2984 = ADVANCED_FACE('',(#2985),#3010,.T.);
#2985 = FACE_BOUND('',#2986,.T.);
#2986 = EDGE_LOOP('',(#2987,#2988,#2996,#3004));
#2987 = ORIENTED_EDGE('',*,*,#2910,.F.);
#2988 = ORIENTED_EDGE('',*,*,#2989,.T.);
#2989 = EDGE_CURVE('',#2902,#2990,#2992,.T.);
#2990 = VERTEX_POINT('',#2991);
#2991 = CARTESIAN_POINT('',(-1.12667295593E+03,931.45480318468,660.));
#2992 = LINE('',#2993,#2994);
#2993 = CARTESIAN_POINT('',(-243.3270440699,1.441454803185E+03,660.));
#2994 = VECTOR('',#2995,1.);
#2995 = DIRECTION('',(-0.866025403784,-0.5,0.));
#2996 = ORIENTED_EDGE('',*,*,#2997,.T.);
#2997 = EDGE_CURVE('',#2990,#2998,#3000,.T.);
#2998 = VERTEX_POINT('',#2999);
#2999 = CARTESIAN_POINT('',(-1.12667295593E+03,931.45480318468,700.));
#3000 = LINE('',#3001,#3002);
#3001 = CARTESIAN_POINT('',(-1.12667295593E+03,931.45480318468,660.));
#3002 = VECTOR('',#3003,1.);
#3003 = DIRECTION('',(0.,0.,1.));
#3004 = ORIENTED_EDGE('',*,*,#3005,.F.);
#3005 = EDGE_CURVE('',#2892,#2998,#3006,.T.);
#3006 = LINE('',#3007,#3008);
#3007 = CARTESIAN_POINT('',(-243.3270440699,1.441454803185E+03,700.));
#3008 = VECTOR('',#3009,1.);
#3009 = DIRECTION('',(-0.866025403784,-0.5,0.));
#3010 = PLANE('',#3011);
#3011 = AXIS2_PLACEMENT_3D('',#3012,#3013,#3014);
#3012 = CARTESIAN_POINT('',(-243.3270440699,1.441454803185E+03,660.));
#3013 = DIRECTION('',(-0.5,0.866025403784,0.));
#3014 = DIRECTION('',(0.,0.,1.));
#3015 = ADVANCED_FACE('',(#3016),#3034,.T.);
#3016 = FACE_BOUND('',#3017,.T.);
#3017 = EDGE_LOOP('',(#3018,#3025,#3026,#3033));
#3018 = ORIENTED_EDGE('',*,*,#3019,.F.);
#3019 = EDGE_CURVE('',#2998,#2967,#3020,.T.);
#3020 = CIRCLE('',#3021,140.);
#3021 = AXIS2_PLACEMENT_3D('',#3022,#3023,#3024);
#3022 = CARTESIAN_POINT('',(-1.05667295593E+03,810.21124665486,700.));
#3023 = DIRECTION('',(0.,0.,1.));
#3024 = DIRECTION('',(-0.5,0.866025403784,0.));
#3025 = ORIENTED_EDGE('',*,*,#2997,.F.);
#3026 = ORIENTED_EDGE('',*,*,#3027,.T.);
#3027 = EDGE_CURVE('',#2990,#2958,#3028,.T.);
#3028 = CIRCLE('',#3029,140.);
#3029 = AXIS2_PLACEMENT_3D('',#3030,#3031,#3032);
#3030 = CARTESIAN_POINT('',(-1.05667295593E+03,810.21124665486,660.));
#3031 = DIRECTION('',(0.,0.,1.));
#3032 = DIRECTION('',(-0.5,0.866025403784,0.));
#3033 = ORIENTED_EDGE('',*,*,#2974,.T.);
#3034 = CYLINDRICAL_SURFACE('',#3035,140.);
#3035 = AXIS2_PLACEMENT_3D('',#3036,#3037,#3038);
#3036 = CARTESIAN_POINT('',(-1.05667295593E+03,810.21124665486,660.));
#3037 = DIRECTION('',(0.,0.,1.));
#3038 = DIRECTION('',(-0.5,0.866025403784,0.));
#3039 = ADVANCED_FACE('',(#3040),#3050,.T.);
#3040 = FACE_BOUND('',#3041,.T.);
#3041 = EDGE_LOOP('',(#3042,#3043,#3044,#3045,#3046,#3047,#3048,#3049));
#3042 = ORIENTED_EDGE('',*,*,#2787,.T.);
#3043 = ORIENTED_EDGE('',*,*,#2838,.T.);
#3044 = ORIENTED_EDGE('',*,*,#2891,.T.);
#3045 = ORIENTED_EDGE('',*,*,#3005,.T.);
#3046 = ORIENTED_EDGE('',*,*,#3019,.T.);
#3047 = ORIENTED_EDGE('',*,*,#2966,.F.);
#3048 = ORIENTED_EDGE('',*,*,#2924,.T.);
#3049 = ORIENTED_EDGE('',*,*,#2877,.F.);
#3050 = PLANE('',#3051);
#3051 = AXIS2_PLACEMENT_3D('',#3052,#3053,#3054);
#3052 = CARTESIAN_POINT('',(-472.5,818.39400657629,700.));
#3053 = DIRECTION('',(0.,0.,1.));
#3054 = DIRECTION('',(-0.5,0.866025403784,0.));
#3055 = ADVANCED_FACE('',(#3056),#3066,.T.);
#3056 = FACE_BOUND('',#3057,.T.);
#3057 = EDGE_LOOP('',(#3058,#3059,#3060,#3061,#3062,#3063,#3064,#3065));
#3058 = ORIENTED_EDGE('',*,*,#2806,.F.);
#3059 = ORIENTED_EDGE('',*,*,#2861,.T.);
#3060 = ORIENTED_EDGE('',*,*,#2941,.F.);
#3061 = ORIENTED_EDGE('',*,*,#2957,.T.);
#3062 = ORIENTED_EDGE('',*,*,#3027,.F.);
#3063 = ORIENTED_EDGE('',*,*,#2989,.F.);
#3064 = ORIENTED_EDGE('',*,*,#2901,.F.);
#3065 = ORIENTED_EDGE('',*,*,#2829,.F.);
#3066 = PLANE('',#3067);
#3067 = AXIS2_PLACEMENT_3D('',#3068,#3069,#3070);
#3068 = CARTESIAN_POINT('',(-472.5,818.39400657629,660.));
#3069 = DIRECTION('',(0.,0.,-1.));
#3070 = DIRECTION('',(0.5,-0.866025403784,0.));
#3071 = MANIFOLD_SOLID_BREP('',#3072);
#3072 = CLOSED_SHELL('',(#3073,#3106,#3115));
#3073 = ADVANCED_FACE('',(#3074),#3101,.T.);
#3074 = FACE_BOUND('',#3075,.T.);
#3075 = EDGE_LOOP('',(#3076,#3085,#3093,#3100));
#3076 = ORIENTED_EDGE('',*,*,#3077,.F.);
#3077 = EDGE_CURVE('',#3078,#3078,#3080,.T.);
#3078 = VERTEX_POINT('',#3079);
#3079 = CARTESIAN_POINT('',(-463.5,877.28373403363,660.));
#3080 = CIRCLE('',#3081,43.);
#3081 = AXIS2_PLACEMENT_3D('',#3082,#3083,#3084);
#3082 = CARTESIAN_POINT('',(-506.5,877.28373403363,660.));
#3083 = DIRECTION('',(0.,0.,1.));
#3084 = DIRECTION('',(1.,0.,0.));
#3085 = ORIENTED_EDGE('',*,*,#3086,.F.);
#3086 = EDGE_CURVE('',#3087,#3078,#3089,.T.);
#3087 = VERTEX_POINT('',#3088);
#3088 = CARTESIAN_POINT('',(-463.5,877.28373403363,301.));
#3089 = LINE('',#3090,#3091);
#3090 = CARTESIAN_POINT('',(-463.5,877.28373403363,301.));
#3091 = VECTOR('',#3092,1.);
#3092 = DIRECTION('',(0.,0.,1.));
#3093 = ORIENTED_EDGE('',*,*,#3094,.T.);
#3094 = EDGE_CURVE('',#3087,#3087,#3095,.T.);
#3095 = CIRCLE('',#3096,43.);
#3096 = AXIS2_PLACEMENT_3D('',#3097,#3098,#3099);
#3097 = CARTESIAN_POINT('',(-506.5,877.28373403363,301.));
#3098 = DIRECTION('',(0.,0.,1.));
#3099 = DIRECTION('',(1.,0.,0.));
#3100 = ORIENTED_EDGE('',*,*,#3086,.T.);
#3101 = CYLINDRICAL_SURFACE('',#3102,43.);
#3102 = AXIS2_PLACEMENT_3D('',#3103,#3104,#3105);
#3103 = CARTESIAN_POINT('',(-506.5,877.28373403363,301.));
#3104 = DIRECTION('',(0.,0.,1.));
#3105 = DIRECTION('',(1.,0.,0.));
#3106 = ADVANCED_FACE('',(#3107),#3110,.T.);
#3107 = FACE_BOUND('',#3108,.T.);
#3108 = EDGE_LOOP('',(#3109));
#3109 = ORIENTED_EDGE('',*,*,#3077,.T.);
#3110 = PLANE('',#3111);
#3111 = AXIS2_PLACEMENT_3D('',#3112,#3113,#3114);
#3112 = CARTESIAN_POINT('',(-506.5,877.28373403363,660.));
#3113 = DIRECTION('',(0.,0.,1.));
#3114 = DIRECTION('',(1.,0.,0.));
#3115 = ADVANCED_FACE('',(#3116),#3119,.F.);
#3116 = FACE_BOUND('',#3117,.T.);
#3117 = EDGE_LOOP('',(#3118));
#3118 = ORIENTED_EDGE('',*,*,#3094,.F.);
#3119 = PLANE('',#3120);
#3120 = AXIS2_PLACEMENT_3D('',#3121,#3122,#3123);
#3121 = CARTESIAN_POINT('',(-506.5,877.28373403363,301.));
#3122 = DIRECTION('',(0.,0.,1.));
#3123 = DIRECTION('',(1.,0.,0.));
#3124 = MANIFOLD_SOLID_BREP('',#3125);
#3125 = CLOSED_SHELL('',(#3126,#3168,#3199,#3230,#3263,#3296,#3327,#3358
    ,#3382,#3398));
#3126 = ADVANCED_FACE('',(#3127),#3163,.T.);
#3127 = FACE_BOUND('',#3128,.T.);
#3128 = EDGE_LOOP('',(#3129,#3140,#3148,#3157));
#3129 = ORIENTED_EDGE('',*,*,#3130,.F.);
#3130 = EDGE_CURVE('',#3131,#3133,#3135,.T.);
#3131 = VERTEX_POINT('',#3132);
#3132 = CARTESIAN_POINT('',(-450.,710.,700.));
#3133 = VERTEX_POINT('',#3134);
#3134 = CARTESIAN_POINT('',(-540.,800.,700.));
#3135 = CIRCLE('',#3136,90.);
#3136 = AXIS2_PLACEMENT_3D('',#3137,#3138,#3139);
#3137 = CARTESIAN_POINT('',(-540.,710.,700.));
#3138 = DIRECTION('',(0.,0.,1.));
#3139 = DIRECTION('',(-1.,0.,0.));
#3140 = ORIENTED_EDGE('',*,*,#3141,.F.);
#3141 = EDGE_CURVE('',#3142,#3131,#3144,.T.);
#3142 = VERTEX_POINT('',#3143);
#3143 = CARTESIAN_POINT('',(-450.,710.,660.));
#3144 = LINE('',#3145,#3146);
#3145 = CARTESIAN_POINT('',(-450.,710.,660.));
#3146 = VECTOR('',#3147,1.);
#3147 = DIRECTION('',(0.,0.,1.));
#3148 = ORIENTED_EDGE('',*,*,#3149,.T.);
#3149 = EDGE_CURVE('',#3142,#3150,#3152,.T.);
#3150 = VERTEX_POINT('',#3151);
#3151 = CARTESIAN_POINT('',(-540.,800.,660.));
#3152 = CIRCLE('',#3153,90.);
#3153 = AXIS2_PLACEMENT_3D('',#3154,#3155,#3156);
#3154 = CARTESIAN_POINT('',(-540.,710.,660.));
#3155 = DIRECTION('',(0.,0.,1.));
#3156 = DIRECTION('',(-1.,0.,0.));
#3157 = ORIENTED_EDGE('',*,*,#3158,.T.);
#3158 = EDGE_CURVE('',#3150,#3133,#3159,.T.);
#3159 = LINE('',#3160,#3161);
#3160 = CARTESIAN_POINT('',(-540.,800.,660.));
#3161 = VECTOR('',#3162,1.);
#3162 = DIRECTION('',(0.,0.,1.));
#3163 = CYLINDRICAL_SURFACE('',#3164,90.);
#3164 = AXIS2_PLACEMENT_3D('',#3165,#3166,#3167);
#3165 = CARTESIAN_POINT('',(-540.,710.,660.));
#3166 = DIRECTION('',(0.,0.,1.));
#3167 = DIRECTION('',(-1.,0.,0.));
#3168 = ADVANCED_FACE('',(#3169),#3194,.F.);
#3169 = FACE_BOUND('',#3170,.F.);
#3170 = EDGE_LOOP('',(#3171,#3179,#3180,#3188));
#3171 = ORIENTED_EDGE('',*,*,#3172,.F.);
#3172 = EDGE_CURVE('',#3150,#3173,#3175,.T.);
#3173 = VERTEX_POINT('',#3174);
#3174 = CARTESIAN_POINT('',(-1.86E+03,800.,660.));
#3175 = LINE('',#3176,#3177);
#3176 = CARTESIAN_POINT('',(-540.,800.,660.));
#3177 = VECTOR('',#3178,1.);
#3178 = DIRECTION('',(-1.,0.,0.));
#3179 = ORIENTED_EDGE('',*,*,#3158,.T.);
#3180 = ORIENTED_EDGE('',*,*,#3181,.T.);
#3181 = EDGE_CURVE('',#3133,#3182,#3184,.T.);
#3182 = VERTEX_POINT('',#3183);
#3183 = CARTESIAN_POINT('',(-1.86E+03,800.,700.));
#3184 = LINE('',#3185,#3186);
#3185 = CARTESIAN_POINT('',(-540.,800.,700.));
#3186 = VECTOR('',#3187,1.);
#3187 = DIRECTION('',(-1.,0.,0.));
#3188 = ORIENTED_EDGE('',*,*,#3189,.F.);
#3189 = EDGE_CURVE('',#3173,#3182,#3190,.T.);
#3190 = LINE('',#3191,#3192);
#3191 = CARTESIAN_POINT('',(-1.86E+03,800.,660.));
#3192 = VECTOR('',#3193,1.);
#3193 = DIRECTION('',(0.,0.,1.));
#3194 = PLANE('',#3195);
#3195 = AXIS2_PLACEMENT_3D('',#3196,#3197,#3198);
#3196 = CARTESIAN_POINT('',(-540.,800.,660.));
#3197 = DIRECTION('',(0.,-1.,0.));
#3198 = DIRECTION('',(0.,0.,1.));
#3199 = ADVANCED_FACE('',(#3200),#3225,.F.);
#3200 = FACE_BOUND('',#3201,.F.);
#3201 = EDGE_LOOP('',(#3202,#3203,#3211,#3219));
#3202 = ORIENTED_EDGE('',*,*,#3141,.F.);
#3203 = ORIENTED_EDGE('',*,*,#3204,.T.);
#3204 = EDGE_CURVE('',#3142,#3205,#3207,.T.);
#3205 = VERTEX_POINT('',#3206);
#3206 = CARTESIAN_POINT('',(-450.,290.,660.));
#3207 = LINE('',#3208,#3209);
#3208 = CARTESIAN_POINT('',(-450.,710.,660.));
#3209 = VECTOR('',#3210,1.);
#3210 = DIRECTION('',(0.,-1.,0.));
#3211 = ORIENTED_EDGE('',*,*,#3212,.T.);
#3212 = EDGE_CURVE('',#3205,#3213,#3215,.T.);
#3213 = VERTEX_POINT('',#3214);
#3214 = CARTESIAN_POINT('',(-450.,290.,700.));
#3215 = LINE('',#3216,#3217);
#3216 = CARTESIAN_POINT('',(-450.,290.,660.));
#3217 = VECTOR('',#3218,1.);
#3218 = DIRECTION('',(0.,0.,1.));
#3219 = ORIENTED_EDGE('',*,*,#3220,.F.);
#3220 = EDGE_CURVE('',#3131,#3213,#3221,.T.);
#3221 = LINE('',#3222,#3223);
#3222 = CARTESIAN_POINT('',(-450.,710.,700.));
#3223 = VECTOR('',#3224,1.);
#3224 = DIRECTION('',(0.,-1.,0.));
#3225 = PLANE('',#3226);
#3226 = AXIS2_PLACEMENT_3D('',#3227,#3228,#3229);
#3227 = CARTESIAN_POINT('',(-450.,710.,660.));
#3228 = DIRECTION('',(-1.,0.,0.));
#3229 = DIRECTION('',(0.,0.,1.));
#3230 = ADVANCED_FACE('',(#3231),#3258,.T.);
#3231 = FACE_BOUND('',#3232,.T.);
#3232 = EDGE_LOOP('',(#3233,#3242,#3243,#3252));
#3233 = ORIENTED_EDGE('',*,*,#3234,.F.);
#3234 = EDGE_CURVE('',#3182,#3235,#3237,.T.);
#3235 = VERTEX_POINT('',#3236);
#3236 = CARTESIAN_POINT('',(-1.95E+03,710.,700.));
#3237 = CIRCLE('',#3238,90.);
#3238 = AXIS2_PLACEMENT_3D('',#3239,#3240,#3241);
#3239 = CARTESIAN_POINT('',(-1.86E+03,710.,700.));
#3240 = DIRECTION('',(0.,0.,1.));
#3241 = DIRECTION('',(-1.,0.,0.));
#3242 = ORIENTED_EDGE('',*,*,#3189,.F.);
#3243 = ORIENTED_EDGE('',*,*,#3244,.T.);
#3244 = EDGE_CURVE('',#3173,#3245,#3247,.T.);
#3245 = VERTEX_POINT('',#3246);
#3246 = CARTESIAN_POINT('',(-1.95E+03,710.,660.));
#3247 = CIRCLE('',#3248,90.);
#3248 = AXIS2_PLACEMENT_3D('',#3249,#3250,#3251);
#3249 = CARTESIAN_POINT('',(-1.86E+03,710.,660.));
#3250 = DIRECTION('',(0.,0.,1.));
#3251 = DIRECTION('',(-1.,0.,0.));
#3252 = ORIENTED_EDGE('',*,*,#3253,.T.);
#3253 = EDGE_CURVE('',#3245,#3235,#3254,.T.);
#3254 = LINE('',#3255,#3256);
#3255 = CARTESIAN_POINT('',(-1.95E+03,710.,660.));
#3256 = VECTOR('',#3257,1.);
#3257 = DIRECTION('',(0.,0.,1.));
#3258 = CYLINDRICAL_SURFACE('',#3259,90.);
#3259 = AXIS2_PLACEMENT_3D('',#3260,#3261,#3262);
#3260 = CARTESIAN_POINT('',(-1.86E+03,710.,660.));
#3261 = DIRECTION('',(0.,0.,1.));
#3262 = DIRECTION('',(-1.,0.,0.));
#3263 = ADVANCED_FACE('',(#3264),#3291,.T.);
#3264 = FACE_BOUND('',#3265,.T.);
#3265 = EDGE_LOOP('',(#3266,#3275,#3283,#3290));
#3266 = ORIENTED_EDGE('',*,*,#3267,.F.);
#3267 = EDGE_CURVE('',#3268,#3213,#3270,.T.);
#3268 = VERTEX_POINT('',#3269);
#3269 = CARTESIAN_POINT('',(-540.,200.,700.));
#3270 = CIRCLE('',#3271,90.);
#3271 = AXIS2_PLACEMENT_3D('',#3272,#3273,#3274);
#3272 = CARTESIAN_POINT('',(-540.,290.,700.));
#3273 = DIRECTION('',(0.,0.,1.));
#3274 = DIRECTION('',(-1.,0.,0.));
#3275 = ORIENTED_EDGE('',*,*,#3276,.F.);
#3276 = EDGE_CURVE('',#3277,#3268,#3279,.T.);
#3277 = VERTEX_POINT('',#3278);
#3278 = CARTESIAN_POINT('',(-540.,200.,660.));
#3279 = LINE('',#3280,#3281);
#3280 = CARTESIAN_POINT('',(-540.,200.,660.));
#3281 = VECTOR('',#3282,1.);
#3282 = DIRECTION('',(0.,0.,1.));
#3283 = ORIENTED_EDGE('',*,*,#3284,.T.);
#3284 = EDGE_CURVE('',#3277,#3205,#3285,.T.);
#3285 = CIRCLE('',#3286,90.);
#3286 = AXIS2_PLACEMENT_3D('',#3287,#3288,#3289);
#3287 = CARTESIAN_POINT('',(-540.,290.,660.));
#3288 = DIRECTION('',(0.,0.,1.));
#3289 = DIRECTION('',(-1.,0.,0.));
#3290 = ORIENTED_EDGE('',*,*,#3212,.T.);
#3291 = CYLINDRICAL_SURFACE('',#3292,90.);
#3292 = AXIS2_PLACEMENT_3D('',#3293,#3294,#3295);
#3293 = CARTESIAN_POINT('',(-540.,290.,660.));
#3294 = DIRECTION('',(0.,0.,1.));
#3295 = DIRECTION('',(-1.,0.,0.));
#3296 = ADVANCED_FACE('',(#3297),#3322,.T.);
#3297 = FACE_BOUND('',#3298,.T.);
#3298 = EDGE_LOOP('',(#3299,#3307,#3308,#3316));
#3299 = ORIENTED_EDGE('',*,*,#3300,.F.);
#3300 = EDGE_CURVE('',#3277,#3301,#3303,.T.);
#3301 = VERTEX_POINT('',#3302);
#3302 = CARTESIAN_POINT('',(-1.86E+03,200.,660.));
#3303 = LINE('',#3304,#3305);
#3304 = CARTESIAN_POINT('',(-540.,200.,660.));
#3305 = VECTOR('',#3306,1.);
#3306 = DIRECTION('',(-1.,0.,0.));
#3307 = ORIENTED_EDGE('',*,*,#3276,.T.);
#3308 = ORIENTED_EDGE('',*,*,#3309,.T.);
#3309 = EDGE_CURVE('',#3268,#3310,#3312,.T.);
#3310 = VERTEX_POINT('',#3311);
#3311 = CARTESIAN_POINT('',(-1.86E+03,200.,700.));
#3312 = LINE('',#3313,#3314);
#3313 = CARTESIAN_POINT('',(-540.,200.,700.));
#3314 = VECTOR('',#3315,1.);
#3315 = DIRECTION('',(-1.,0.,0.));
#3316 = ORIENTED_EDGE('',*,*,#3317,.F.);
#3317 = EDGE_CURVE('',#3301,#3310,#3318,.T.);
#3318 = LINE('',#3319,#3320);
#3319 = CARTESIAN_POINT('',(-1.86E+03,200.,660.));
#3320 = VECTOR('',#3321,1.);
#3321 = DIRECTION('',(0.,0.,1.));
#3322 = PLANE('',#3323);
#3323 = AXIS2_PLACEMENT_3D('',#3324,#3325,#3326);
#3324 = CARTESIAN_POINT('',(-540.,200.,660.));
#3325 = DIRECTION('',(0.,-1.,0.));
#3326 = DIRECTION('',(0.,0.,1.));
#3327 = ADVANCED_FACE('',(#3328),#3353,.T.);
#3328 = FACE_BOUND('',#3329,.T.);
#3329 = EDGE_LOOP('',(#3330,#3331,#3339,#3347));
#3330 = ORIENTED_EDGE('',*,*,#3253,.F.);
#3331 = ORIENTED_EDGE('',*,*,#3332,.T.);
#3332 = EDGE_CURVE('',#3245,#3333,#3335,.T.);
#3333 = VERTEX_POINT('',#3334);
#3334 = CARTESIAN_POINT('',(-1.95E+03,290.,660.));
#3335 = LINE('',#3336,#3337);
#3336 = CARTESIAN_POINT('',(-1.95E+03,710.,660.));
#3337 = VECTOR('',#3338,1.);
#3338 = DIRECTION('',(0.,-1.,0.));
#3339 = ORIENTED_EDGE('',*,*,#3340,.T.);
#3340 = EDGE_CURVE('',#3333,#3341,#3343,.T.);
#3341 = VERTEX_POINT('',#3342);
#3342 = CARTESIAN_POINT('',(-1.95E+03,290.,700.));
#3343 = LINE('',#3344,#3345);
#3344 = CARTESIAN_POINT('',(-1.95E+03,290.,660.));
#3345 = VECTOR('',#3346,1.);
#3346 = DIRECTION('',(0.,0.,1.));
#3347 = ORIENTED_EDGE('',*,*,#3348,.F.);
#3348 = EDGE_CURVE('',#3235,#3341,#3349,.T.);
#3349 = LINE('',#3350,#3351);
#3350 = CARTESIAN_POINT('',(-1.95E+03,710.,700.));
#3351 = VECTOR('',#3352,1.);
#3352 = DIRECTION('',(0.,-1.,0.));
#3353 = PLANE('',#3354);
#3354 = AXIS2_PLACEMENT_3D('',#3355,#3356,#3357);
#3355 = CARTESIAN_POINT('',(-1.95E+03,710.,660.));
#3356 = DIRECTION('',(-1.,0.,0.));
#3357 = DIRECTION('',(0.,0.,1.));
#3358 = ADVANCED_FACE('',(#3359),#3377,.T.);
#3359 = FACE_BOUND('',#3360,.T.);
#3360 = EDGE_LOOP('',(#3361,#3368,#3369,#3376));
#3361 = ORIENTED_EDGE('',*,*,#3362,.F.);
#3362 = EDGE_CURVE('',#3341,#3310,#3363,.T.);
#3363 = CIRCLE('',#3364,90.);
#3364 = AXIS2_PLACEMENT_3D('',#3365,#3366,#3367);
#3365 = CARTESIAN_POINT('',(-1.86E+03,290.,700.));
#3366 = DIRECTION('',(0.,0.,1.));
#3367 = DIRECTION('',(-1.,0.,0.));
#3368 = ORIENTED_EDGE('',*,*,#3340,.F.);
#3369 = ORIENTED_EDGE('',*,*,#3370,.T.);
#3370 = EDGE_CURVE('',#3333,#3301,#3371,.T.);
#3371 = CIRCLE('',#3372,90.);
#3372 = AXIS2_PLACEMENT_3D('',#3373,#3374,#3375);
#3373 = CARTESIAN_POINT('',(-1.86E+03,290.,660.));
#3374 = DIRECTION('',(0.,0.,1.));
#3375 = DIRECTION('',(-1.,0.,0.));
#3376 = ORIENTED_EDGE('',*,*,#3317,.T.);
#3377 = CYLINDRICAL_SURFACE('',#3378,90.);
#3378 = AXIS2_PLACEMENT_3D('',#3379,#3380,#3381);
#3379 = CARTESIAN_POINT('',(-1.86E+03,290.,660.));
#3380 = DIRECTION('',(0.,0.,1.));
#3381 = DIRECTION('',(-1.,0.,0.));
#3382 = ADVANCED_FACE('',(#3383),#3393,.T.);
#3383 = FACE_BOUND('',#3384,.T.);
#3384 = EDGE_LOOP('',(#3385,#3386,#3387,#3388,#3389,#3390,#3391,#3392));
#3385 = ORIENTED_EDGE('',*,*,#3130,.T.);
#3386 = ORIENTED_EDGE('',*,*,#3181,.T.);
#3387 = ORIENTED_EDGE('',*,*,#3234,.T.);
#3388 = ORIENTED_EDGE('',*,*,#3348,.T.);
#3389 = ORIENTED_EDGE('',*,*,#3362,.T.);
#3390 = ORIENTED_EDGE('',*,*,#3309,.F.);
#3391 = ORIENTED_EDGE('',*,*,#3267,.T.);
#3392 = ORIENTED_EDGE('',*,*,#3220,.F.);
#3393 = PLANE('',#3394);
#3394 = AXIS2_PLACEMENT_3D('',#3395,#3396,#3397);
#3395 = CARTESIAN_POINT('',(-1.2E+03,500.,700.));
#3396 = DIRECTION('',(0.,0.,1.));
#3397 = DIRECTION('',(-1.,0.,0.));
#3398 = ADVANCED_FACE('',(#3399),#3409,.T.);
#3399 = FACE_BOUND('',#3400,.T.);
#3400 = EDGE_LOOP('',(#3401,#3402,#3403,#3404,#3405,#3406,#3407,#3408));
#3401 = ORIENTED_EDGE('',*,*,#3149,.F.);
#3402 = ORIENTED_EDGE('',*,*,#3204,.T.);
#3403 = ORIENTED_EDGE('',*,*,#3284,.F.);
#3404 = ORIENTED_EDGE('',*,*,#3300,.T.);
#3405 = ORIENTED_EDGE('',*,*,#3370,.F.);
#3406 = ORIENTED_EDGE('',*,*,#3332,.F.);
#3407 = ORIENTED_EDGE('',*,*,#3244,.F.);
#3408 = ORIENTED_EDGE('',*,*,#3172,.F.);
#3409 = PLANE('',#3410);
#3410 = AXIS2_PLACEMENT_3D('',#3411,#3412,#3413);
#3411 = CARTESIAN_POINT('',(-1.2E+03,500.,660.));
#3412 = DIRECTION('',(0.,0.,-1.));
#3413 = DIRECTION('',(1.,0.,0.));
#3414 = MANIFOLD_SOLID_BREP('',#3415);
#3415 = CLOSED_SHELL('',(#3416,#3449,#3458));
#3416 = ADVANCED_FACE('',(#3417),#3444,.T.);
#3417 = FACE_BOUND('',#3418,.T.);
#3418 = EDGE_LOOP('',(#3419,#3428,#3436,#3443));
#3419 = ORIENTED_EDGE('',*,*,#3420,.F.);
#3420 = EDGE_CURVE('',#3421,#3421,#3423,.T.);
#3421 = VERTEX_POINT('',#3422);
#3422 = CARTESIAN_POINT('',(-1.277E+03,500.,660.));
#3423 = CIRCLE('',#3424,43.);
#3424 = AXIS2_PLACEMENT_3D('',#3425,#3426,#3427);
#3425 = CARTESIAN_POINT('',(-1.32E+03,500.,660.));
#3426 = DIRECTION('',(0.,0.,1.));
#3427 = DIRECTION('',(1.,0.,0.));
#3428 = ORIENTED_EDGE('',*,*,#3429,.F.);
#3429 = EDGE_CURVE('',#3430,#3421,#3432,.T.);
#3430 = VERTEX_POINT('',#3431);
#3431 = CARTESIAN_POINT('',(-1.277E+03,500.,301.));
#3432 = LINE('',#3433,#3434);
#3433 = CARTESIAN_POINT('',(-1.277E+03,500.,301.));
#3434 = VECTOR('',#3435,1.);
#3435 = DIRECTION('',(0.,0.,1.));
#3436 = ORIENTED_EDGE('',*,*,#3437,.T.);
#3437 = EDGE_CURVE('',#3430,#3430,#3438,.T.);
#3438 = CIRCLE('',#3439,43.);
#3439 = AXIS2_PLACEMENT_3D('',#3440,#3441,#3442);
#3440 = CARTESIAN_POINT('',(-1.32E+03,500.,301.));
#3441 = DIRECTION('',(0.,0.,1.));
#3442 = DIRECTION('',(1.,0.,0.));
#3443 = ORIENTED_EDGE('',*,*,#3429,.T.);
#3444 = CYLINDRICAL_SURFACE('',#3445,43.);
#3445 = AXIS2_PLACEMENT_3D('',#3446,#3447,#3448);
#3446 = CARTESIAN_POINT('',(-1.32E+03,500.,301.));
#3447 = DIRECTION('',(0.,0.,1.));
#3448 = DIRECTION('',(1.,0.,0.));
#3449 = ADVANCED_FACE('',(#3450),#3453,.T.);
#3450 = FACE_BOUND('',#3451,.T.);
#3451 = EDGE_LOOP('',(#3452));
#3452 = ORIENTED_EDGE('',*,*,#3420,.T.);
#3453 = PLANE('',#3454);
#3454 = AXIS2_PLACEMENT_3D('',#3455,#3456,#3457);
#3455 = CARTESIAN_POINT('',(-1.32E+03,500.,660.));
#3456 = DIRECTION('',(0.,0.,1.));
#3457 = DIRECTION('',(1.,0.,0.));
#3458 = ADVANCED_FACE('',(#3459),#3462,.F.);
#3459 = FACE_BOUND('',#3460,.T.);
#3460 = EDGE_LOOP('',(#3461));
#3461 = ORIENTED_EDGE('',*,*,#3437,.F.);
#3462 = PLANE('',#3463);
#3463 = AXIS2_PLACEMENT_3D('',#3464,#3465,#3466);
#3464 = CARTESIAN_POINT('',(-1.32E+03,500.,301.));
#3465 = DIRECTION('',(0.,0.,1.));
#3466 = DIRECTION('',(1.,0.,0.));
#3467 = MANIFOLD_SOLID_BREP('',#3468);
#3468 = CLOSED_SHELL('',(#3469,#3511,#3542,#3573,#3606,#3639,#3670,#3701
    ,#3725,#3741));
#3469 = ADVANCED_FACE('',(#3470),#3506,.T.);
#3470 = FACE_BOUND('',#3471,.T.);
#3471 = EDGE_LOOP('',(#3472,#3483,#3491,#3500));
#3472 = ORIENTED_EDGE('',*,*,#3473,.F.);
#3473 = EDGE_CURVE('',#3474,#3476,#3478,.T.);
#3474 = VERTEX_POINT('',#3475);
#3475 = CARTESIAN_POINT('',(-26.14736709748,534.71143170299,700.));
#3476 = VERTEX_POINT('',#3477);
#3477 = CARTESIAN_POINT('',(96.794919243112,567.65371804359,700.));
#3478 = CIRCLE('',#3479,90.);
#3479 = AXIS2_PLACEMENT_3D('',#3480,#3481,#3482);
#3480 = CARTESIAN_POINT('',(18.852632902513,612.65371804359,700.));
#3481 = DIRECTION('',(0.,-0.,1.));
#3482 = DIRECTION('',(0.5,0.866025403784,0.));
#3483 = ORIENTED_EDGE('',*,*,#3484,.F.);
#3484 = EDGE_CURVE('',#3485,#3474,#3487,.T.);
#3485 = VERTEX_POINT('',#3486);
#3486 = CARTESIAN_POINT('',(-26.14736709748,534.71143170299,660.));
#3487 = LINE('',#3488,#3489);
#3488 = CARTESIAN_POINT('',(-26.14736709748,534.71143170299,660.));
#3489 = VECTOR('',#3490,1.);
#3490 = DIRECTION('',(0.,0.,1.));
#3491 = ORIENTED_EDGE('',*,*,#3492,.T.);
#3492 = EDGE_CURVE('',#3485,#3493,#3495,.T.);
#3493 = VERTEX_POINT('',#3494);
#3494 = CARTESIAN_POINT('',(96.794919243112,567.65371804359,660.));
#3495 = CIRCLE('',#3496,90.);
#3496 = AXIS2_PLACEMENT_3D('',#3497,#3498,#3499);
#3497 = CARTESIAN_POINT('',(18.852632902513,612.65371804359,660.));
#3498 = DIRECTION('',(0.,-0.,1.));
#3499 = DIRECTION('',(0.5,0.866025403784,0.));
#3500 = ORIENTED_EDGE('',*,*,#3501,.T.);
#3501 = EDGE_CURVE('',#3493,#3476,#3502,.T.);
#3502 = LINE('',#3503,#3504);
#3503 = CARTESIAN_POINT('',(96.794919243112,567.65371804359,660.));
#3504 = VECTOR('',#3505,1.);
#3505 = DIRECTION('',(0.,0.,1.));
#3506 = CYLINDRICAL_SURFACE('',#3507,90.);
#3507 = AXIS2_PLACEMENT_3D('',#3508,#3509,#3510);
#3508 = CARTESIAN_POINT('',(18.852632902513,612.65371804359,660.));
#3509 = DIRECTION('',(0.,0.,1.));
#3510 = DIRECTION('',(0.5,0.866025403784,0.));
#3511 = ADVANCED_FACE('',(#3512),#3537,.F.);
#3512 = FACE_BOUND('',#3513,.F.);
#3513 = EDGE_LOOP('',(#3514,#3522,#3523,#3531));
#3514 = ORIENTED_EDGE('',*,*,#3515,.F.);
#3515 = EDGE_CURVE('',#3493,#3516,#3518,.T.);
#3516 = VERTEX_POINT('',#3517);
#3517 = CARTESIAN_POINT('',(756.79491924311,1.710807251039E+03,660.));
#3518 = LINE('',#3519,#3520);
#3519 = CARTESIAN_POINT('',(96.794919243112,567.65371804359,660.));
#3520 = VECTOR('',#3521,1.);
#3521 = DIRECTION('',(0.5,0.866025403784,0.));
#3522 = ORIENTED_EDGE('',*,*,#3501,.T.);
#3523 = ORIENTED_EDGE('',*,*,#3524,.T.);
#3524 = EDGE_CURVE('',#3476,#3525,#3527,.T.);
#3525 = VERTEX_POINT('',#3526);
#3526 = CARTESIAN_POINT('',(756.79491924311,1.710807251039E+03,700.));
#3527 = LINE('',#3528,#3529);
#3528 = CARTESIAN_POINT('',(96.794919243112,567.65371804359,700.));
#3529 = VECTOR('',#3530,1.);
#3530 = DIRECTION('',(0.5,0.866025403784,0.));
#3531 = ORIENTED_EDGE('',*,*,#3532,.F.);
#3532 = EDGE_CURVE('',#3516,#3525,#3533,.T.);
#3533 = LINE('',#3534,#3535);
#3534 = CARTESIAN_POINT('',(756.79491924311,1.710807251039E+03,660.));
#3535 = VECTOR('',#3536,1.);
#3536 = DIRECTION('',(0.,0.,1.));
#3537 = PLANE('',#3538);
#3538 = AXIS2_PLACEMENT_3D('',#3539,#3540,#3541);
#3539 = CARTESIAN_POINT('',(96.794919243112,567.65371804359,660.));
#3540 = DIRECTION('',(-0.866025403784,0.5,0.));
#3541 = DIRECTION('',(0.,0.,1.));
#3542 = ADVANCED_FACE('',(#3543),#3568,.F.);
#3543 = FACE_BOUND('',#3544,.F.);
#3544 = EDGE_LOOP('',(#3545,#3546,#3554,#3562));
#3545 = ORIENTED_EDGE('',*,*,#3484,.F.);
#3546 = ORIENTED_EDGE('',*,*,#3547,.T.);
#3547 = EDGE_CURVE('',#3485,#3548,#3550,.T.);
#3548 = VERTEX_POINT('',#3549);
#3549 = CARTESIAN_POINT('',(-389.8780366869,744.71143170299,660.));
#3550 = LINE('',#3551,#3552);
#3551 = CARTESIAN_POINT('',(-26.14736709748,534.71143170299,660.));
#3552 = VECTOR('',#3553,1.);
#3553 = DIRECTION('',(-0.866025403784,0.5,0.));
#3554 = ORIENTED_EDGE('',*,*,#3555,.T.);
#3555 = EDGE_CURVE('',#3548,#3556,#3558,.T.);
#3556 = VERTEX_POINT('',#3557);
#3557 = CARTESIAN_POINT('',(-389.8780366869,744.71143170299,700.));
#3558 = LINE('',#3559,#3560);
#3559 = CARTESIAN_POINT('',(-389.8780366869,744.71143170299,660.));
#3560 = VECTOR('',#3561,1.);
#3561 = DIRECTION('',(0.,0.,1.));
#3562 = ORIENTED_EDGE('',*,*,#3563,.F.);
#3563 = EDGE_CURVE('',#3474,#3556,#3564,.T.);
#3564 = LINE('',#3565,#3566);
#3565 = CARTESIAN_POINT('',(-26.14736709748,534.71143170299,700.));
#3566 = VECTOR('',#3567,1.);
#3567 = DIRECTION('',(-0.866025403784,0.5,0.));
#3568 = PLANE('',#3569);
#3569 = AXIS2_PLACEMENT_3D('',#3570,#3571,#3572);
#3570 = CARTESIAN_POINT('',(-26.14736709748,534.71143170299,660.));
#3571 = DIRECTION('',(0.5,0.866025403784,0.));
#3572 = DIRECTION('',(0.,0.,1.));
#3573 = ADVANCED_FACE('',(#3574),#3601,.T.);
#3574 = FACE_BOUND('',#3575,.T.);
#3575 = EDGE_LOOP('',(#3576,#3585,#3586,#3595));
#3576 = ORIENTED_EDGE('',*,*,#3577,.F.);
#3577 = EDGE_CURVE('',#3525,#3578,#3580,.T.);
#3578 = VERTEX_POINT('',#3579);
#3579 = CARTESIAN_POINT('',(723.85263290251,1.83374953738E+03,700.));
#3580 = CIRCLE('',#3581,90.);
#3581 = AXIS2_PLACEMENT_3D('',#3582,#3583,#3584);
#3582 = CARTESIAN_POINT('',(678.85263290251,1.755807251039E+03,700.));
#3583 = DIRECTION('',(0.,-0.,1.));
#3584 = DIRECTION('',(0.5,0.866025403784,0.));
#3585 = ORIENTED_EDGE('',*,*,#3532,.F.);
#3586 = ORIENTED_EDGE('',*,*,#3587,.T.);
#3587 = EDGE_CURVE('',#3516,#3588,#3590,.T.);
#3588 = VERTEX_POINT('',#3589);
#3589 = CARTESIAN_POINT('',(723.85263290251,1.83374953738E+03,660.));
#3590 = CIRCLE('',#3591,90.);
#3591 = AXIS2_PLACEMENT_3D('',#3592,#3593,#3594);
#3592 = CARTESIAN_POINT('',(678.85263290251,1.755807251039E+03,660.));
#3593 = DIRECTION('',(0.,-0.,1.));
#3594 = DIRECTION('',(0.5,0.866025403784,0.));
#3595 = ORIENTED_EDGE('',*,*,#3596,.T.);
#3596 = EDGE_CURVE('',#3588,#3578,#3597,.T.);
#3597 = LINE('',#3598,#3599);
#3598 = CARTESIAN_POINT('',(723.85263290251,1.83374953738E+03,660.));
#3599 = VECTOR('',#3600,1.);
#3600 = DIRECTION('',(0.,0.,1.));
#3601 = CYLINDRICAL_SURFACE('',#3602,90.);
#3602 = AXIS2_PLACEMENT_3D('',#3603,#3604,#3605);
#3603 = CARTESIAN_POINT('',(678.85263290251,1.755807251039E+03,660.));
#3604 = DIRECTION('',(0.,0.,1.));
#3605 = DIRECTION('',(0.5,0.866025403784,0.));
#3606 = ADVANCED_FACE('',(#3607),#3634,.T.);
#3607 = FACE_BOUND('',#3608,.T.);
#3608 = EDGE_LOOP('',(#3609,#3618,#3626,#3633));
#3609 = ORIENTED_EDGE('',*,*,#3610,.F.);
#3610 = EDGE_CURVE('',#3611,#3556,#3613,.T.);
#3611 = VERTEX_POINT('',#3612);
#3612 = CARTESIAN_POINT('',(-422.8203230275,867.65371804359,700.));
#3613 = CIRCLE('',#3614,90.);
#3614 = AXIS2_PLACEMENT_3D('',#3615,#3616,#3617);
#3615 = CARTESIAN_POINT('',(-344.8780366869,822.65371804359,700.));
#3616 = DIRECTION('',(0.,-0.,1.));
#3617 = DIRECTION('',(0.5,0.866025403784,0.));
#3618 = ORIENTED_EDGE('',*,*,#3619,.F.);
#3619 = EDGE_CURVE('',#3620,#3611,#3622,.T.);
#3620 = VERTEX_POINT('',#3621);
#3621 = CARTESIAN_POINT('',(-422.8203230275,867.65371804359,660.));
#3622 = LINE('',#3623,#3624);
#3623 = CARTESIAN_POINT('',(-422.8203230275,867.65371804359,660.));
#3624 = VECTOR('',#3625,1.);
#3625 = DIRECTION('',(0.,0.,1.));
#3626 = ORIENTED_EDGE('',*,*,#3627,.T.);
#3627 = EDGE_CURVE('',#3620,#3548,#3628,.T.);
#3628 = CIRCLE('',#3629,90.);
#3629 = AXIS2_PLACEMENT_3D('',#3630,#3631,#3632);
#3630 = CARTESIAN_POINT('',(-344.8780366869,822.65371804359,660.));
#3631 = DIRECTION('',(0.,-0.,1.));
#3632 = DIRECTION('',(0.5,0.866025403784,0.));
#3633 = ORIENTED_EDGE('',*,*,#3555,.T.);
#3634 = CYLINDRICAL_SURFACE('',#3635,90.);
#3635 = AXIS2_PLACEMENT_3D('',#3636,#3637,#3638);
#3636 = CARTESIAN_POINT('',(-344.8780366869,822.65371804359,660.));
#3637 = DIRECTION('',(0.,0.,1.));
#3638 = DIRECTION('',(0.5,0.866025403784,0.));
#3639 = ADVANCED_FACE('',(#3640),#3665,.T.);
#3640 = FACE_BOUND('',#3641,.T.);
#3641 = EDGE_LOOP('',(#3642,#3650,#3651,#3659));
#3642 = ORIENTED_EDGE('',*,*,#3643,.F.);
#3643 = EDGE_CURVE('',#3620,#3644,#3646,.T.);
#3644 = VERTEX_POINT('',#3645);
#3645 = CARTESIAN_POINT('',(237.17967697244,2.010807251039E+03,660.));
#3646 = LINE('',#3647,#3648);
#3647 = CARTESIAN_POINT('',(-422.8203230275,867.65371804359,660.));
#3648 = VECTOR('',#3649,1.);
#3649 = DIRECTION('',(0.5,0.866025403784,0.));
#3650 = ORIENTED_EDGE('',*,*,#3619,.T.);
#3651 = ORIENTED_EDGE('',*,*,#3652,.T.);
#3652 = EDGE_CURVE('',#3611,#3653,#3655,.T.);
#3653 = VERTEX_POINT('',#3654);
#3654 = CARTESIAN_POINT('',(237.17967697244,2.010807251039E+03,700.));
#3655 = LINE('',#3656,#3657);
#3656 = CARTESIAN_POINT('',(-422.8203230275,867.65371804359,700.));
#3657 = VECTOR('',#3658,1.);
#3658 = DIRECTION('',(0.5,0.866025403784,0.));
#3659 = ORIENTED_EDGE('',*,*,#3660,.F.);
#3660 = EDGE_CURVE('',#3644,#3653,#3661,.T.);
#3661 = LINE('',#3662,#3663);
#3662 = CARTESIAN_POINT('',(237.17967697244,2.010807251039E+03,660.));
#3663 = VECTOR('',#3664,1.);
#3664 = DIRECTION('',(0.,0.,1.));
#3665 = PLANE('',#3666);
#3666 = AXIS2_PLACEMENT_3D('',#3667,#3668,#3669);
#3667 = CARTESIAN_POINT('',(-422.8203230275,867.65371804359,660.));
#3668 = DIRECTION('',(-0.866025403784,0.5,0.));
#3669 = DIRECTION('',(0.,0.,1.));
#3670 = ADVANCED_FACE('',(#3671),#3696,.T.);
#3671 = FACE_BOUND('',#3672,.T.);
#3672 = EDGE_LOOP('',(#3673,#3674,#3682,#3690));
#3673 = ORIENTED_EDGE('',*,*,#3596,.F.);
#3674 = ORIENTED_EDGE('',*,*,#3675,.T.);
#3675 = EDGE_CURVE('',#3588,#3676,#3678,.T.);
#3676 = VERTEX_POINT('',#3677);
#3677 = CARTESIAN_POINT('',(360.12196331304,2.04374953738E+03,660.));
#3678 = LINE('',#3679,#3680);
#3679 = CARTESIAN_POINT('',(723.85263290251,1.83374953738E+03,660.));
#3680 = VECTOR('',#3681,1.);
#3681 = DIRECTION('',(-0.866025403784,0.5,0.));
#3682 = ORIENTED_EDGE('',*,*,#3683,.T.);
#3683 = EDGE_CURVE('',#3676,#3684,#3686,.T.);
#3684 = VERTEX_POINT('',#3685);
#3685 = CARTESIAN_POINT('',(360.12196331304,2.04374953738E+03,700.));
#3686 = LINE('',#3687,#3688);
#3687 = CARTESIAN_POINT('',(360.12196331304,2.04374953738E+03,660.));
#3688 = VECTOR('',#3689,1.);
#3689 = DIRECTION('',(0.,0.,1.));
#3690 = ORIENTED_EDGE('',*,*,#3691,.F.);
#3691 = EDGE_CURVE('',#3578,#3684,#3692,.T.);
#3692 = LINE('',#3693,#3694);
#3693 = CARTESIAN_POINT('',(723.85263290251,1.83374953738E+03,700.));
#3694 = VECTOR('',#3695,1.);
#3695 = DIRECTION('',(-0.866025403784,0.5,0.));
#3696 = PLANE('',#3697);
#3697 = AXIS2_PLACEMENT_3D('',#3698,#3699,#3700);
#3698 = CARTESIAN_POINT('',(723.85263290251,1.83374953738E+03,660.));
#3699 = DIRECTION('',(0.5,0.866025403784,0.));
#3700 = DIRECTION('',(0.,0.,1.));
#3701 = ADVANCED_FACE('',(#3702),#3720,.T.);
#3702 = FACE_BOUND('',#3703,.T.);
#3703 = EDGE_LOOP('',(#3704,#3711,#3712,#3719));
#3704 = ORIENTED_EDGE('',*,*,#3705,.F.);
#3705 = EDGE_CURVE('',#3684,#3653,#3706,.T.);
#3706 = CIRCLE('',#3707,90.);
#3707 = AXIS2_PLACEMENT_3D('',#3708,#3709,#3710);
#3708 = CARTESIAN_POINT('',(315.12196331304,1.965807251039E+03,700.));
#3709 = DIRECTION('',(0.,-0.,1.));
#3710 = DIRECTION('',(0.5,0.866025403784,0.));
#3711 = ORIENTED_EDGE('',*,*,#3683,.F.);
#3712 = ORIENTED_EDGE('',*,*,#3713,.T.);
#3713 = EDGE_CURVE('',#3676,#3644,#3714,.T.);
#3714 = CIRCLE('',#3715,90.);
#3715 = AXIS2_PLACEMENT_3D('',#3716,#3717,#3718);
#3716 = CARTESIAN_POINT('',(315.12196331304,1.965807251039E+03,660.));
#3717 = DIRECTION('',(0.,-0.,1.));
#3718 = DIRECTION('',(0.5,0.866025403784,0.));
#3719 = ORIENTED_EDGE('',*,*,#3660,.T.);
#3720 = CYLINDRICAL_SURFACE('',#3721,90.);
#3721 = AXIS2_PLACEMENT_3D('',#3722,#3723,#3724);
#3722 = CARTESIAN_POINT('',(315.12196331304,1.965807251039E+03,660.));
#3723 = DIRECTION('',(0.,0.,1.));
#3724 = DIRECTION('',(0.5,0.866025403784,0.));
#3725 = ADVANCED_FACE('',(#3726),#3736,.T.);
#3726 = FACE_BOUND('',#3727,.T.);
#3727 = EDGE_LOOP('',(#3728,#3729,#3730,#3731,#3732,#3733,#3734,#3735));
#3728 = ORIENTED_EDGE('',*,*,#3473,.T.);
#3729 = ORIENTED_EDGE('',*,*,#3524,.T.);
#3730 = ORIENTED_EDGE('',*,*,#3577,.T.);
#3731 = ORIENTED_EDGE('',*,*,#3691,.T.);
#3732 = ORIENTED_EDGE('',*,*,#3705,.T.);
#3733 = ORIENTED_EDGE('',*,*,#3652,.F.);
#3734 = ORIENTED_EDGE('',*,*,#3610,.T.);
#3735 = ORIENTED_EDGE('',*,*,#3563,.F.);
#3736 = PLANE('',#3737);
#3737 = AXIS2_PLACEMENT_3D('',#3738,#3739,#3740);
#3738 = CARTESIAN_POINT('',(166.98729810778,1.289230484541E+03,700.));
#3739 = DIRECTION('',(0.,0.,1.));
#3740 = DIRECTION('',(0.5,0.866025403784,0.));
#3741 = ADVANCED_FACE('',(#3742),#3752,.T.);
#3742 = FACE_BOUND('',#3743,.T.);
#3743 = EDGE_LOOP('',(#3744,#3745,#3746,#3747,#3748,#3749,#3750,#3751));
#3744 = ORIENTED_EDGE('',*,*,#3492,.F.);
#3745 = ORIENTED_EDGE('',*,*,#3547,.T.);
#3746 = ORIENTED_EDGE('',*,*,#3627,.F.);
#3747 = ORIENTED_EDGE('',*,*,#3643,.T.);
#3748 = ORIENTED_EDGE('',*,*,#3713,.F.);
#3749 = ORIENTED_EDGE('',*,*,#3675,.F.);
#3750 = ORIENTED_EDGE('',*,*,#3587,.F.);
#3751 = ORIENTED_EDGE('',*,*,#3515,.F.);
#3752 = PLANE('',#3753);
#3753 = AXIS2_PLACEMENT_3D('',#3754,#3755,#3756);
#3754 = CARTESIAN_POINT('',(166.98729810778,1.289230484541E+03,660.));
#3755 = DIRECTION('',(0.,-0.,-1.));
#3756 = DIRECTION('',(-0.5,-0.866025403784,0.));
#3757 = MANIFOLD_SOLID_BREP('',#3758);
#3758 = CLOSED_SHELL('',(#3759,#3792,#3801));
#3759 = ADVANCED_FACE('',(#3760),#3787,.T.);
#3760 = FACE_BOUND('',#3761,.T.);
#3761 = EDGE_LOOP('',(#3762,#3771,#3779,#3786));
#3762 = ORIENTED_EDGE('',*,*,#3763,.F.);
#3763 = EDGE_CURVE('',#3764,#3764,#3766,.T.);
#3764 = VERTEX_POINT('',#3765);
#3765 = CARTESIAN_POINT('',(269.98729810778,1.393153532995E+03,660.));
#3766 = CIRCLE('',#3767,43.);
#3767 = AXIS2_PLACEMENT_3D('',#3768,#3769,#3770);
#3768 = CARTESIAN_POINT('',(226.98729810778,1.393153532995E+03,660.));
#3769 = DIRECTION('',(0.,0.,1.));
#3770 = DIRECTION('',(1.,0.,0.));
#3771 = ORIENTED_EDGE('',*,*,#3772,.F.);
#3772 = EDGE_CURVE('',#3773,#3764,#3775,.T.);
#3773 = VERTEX_POINT('',#3774);
#3774 = CARTESIAN_POINT('',(269.98729810778,1.393153532995E+03,301.));
#3775 = LINE('',#3776,#3777);
#3776 = CARTESIAN_POINT('',(269.98729810778,1.393153532995E+03,301.));
#3777 = VECTOR('',#3778,1.);
#3778 = DIRECTION('',(0.,0.,1.));
#3779 = ORIENTED_EDGE('',*,*,#3780,.T.);
#3780 = EDGE_CURVE('',#3773,#3773,#3781,.T.);
#3781 = CIRCLE('',#3782,43.);
#3782 = AXIS2_PLACEMENT_3D('',#3783,#3784,#3785);
#3783 = CARTESIAN_POINT('',(226.98729810778,1.393153532995E+03,301.));
#3784 = DIRECTION('',(0.,0.,1.));
#3785 = DIRECTION('',(1.,0.,0.));
#3786 = ORIENTED_EDGE('',*,*,#3772,.T.);
#3787 = CYLINDRICAL_SURFACE('',#3788,43.);
#3788 = AXIS2_PLACEMENT_3D('',#3789,#3790,#3791);
#3789 = CARTESIAN_POINT('',(226.98729810778,1.393153532995E+03,301.));
#3790 = DIRECTION('',(0.,0.,1.));
#3791 = DIRECTION('',(1.,0.,0.));
#3792 = ADVANCED_FACE('',(#3793),#3796,.T.);
#3793 = FACE_BOUND('',#3794,.T.);
#3794 = EDGE_LOOP('',(#3795));
#3795 = ORIENTED_EDGE('',*,*,#3763,.T.);
#3796 = PLANE('',#3797);
#3797 = AXIS2_PLACEMENT_3D('',#3798,#3799,#3800);
#3798 = CARTESIAN_POINT('',(226.98729810778,1.393153532995E+03,660.));
#3799 = DIRECTION('',(0.,0.,1.));
#3800 = DIRECTION('',(1.,0.,0.));
#3801 = ADVANCED_FACE('',(#3802),#3805,.F.);
#3802 = FACE_BOUND('',#3803,.T.);
#3803 = EDGE_LOOP('',(#3804));
#3804 = ORIENTED_EDGE('',*,*,#3780,.F.);
#3805 = PLANE('',#3806);
#3806 = AXIS2_PLACEMENT_3D('',#3807,#3808,#3809);
#3807 = CARTESIAN_POINT('',(226.98729810778,1.393153532995E+03,301.));
#3808 = DIRECTION('',(0.,0.,1.));
#3809 = DIRECTION('',(1.,0.,0.));
#3810 = MANIFOLD_SOLID_BREP('',#3811);
#3811 = CLOSED_SHELL('',(#3812,#3854,#3885,#3916,#3949,#3982,#4013,#4044
    ,#4068,#4084));
#3812 = ADVANCED_FACE('',(#3813),#3849,.T.);
#3813 = FACE_BOUND('',#3814,.T.);
#3814 = EDGE_LOOP('',(#3815,#3826,#3834,#3843));
#3815 = ORIENTED_EDGE('',*,*,#3816,.F.);
#3816 = EDGE_CURVE('',#3817,#3819,#3821,.T.);
#3817 = VERTEX_POINT('',#3818);
#3818 = CARTESIAN_POINT('',(-701.67295593,-195.3332099679,700.));
#3819 = VERTEX_POINT('',#3820);
#3820 = CARTESIAN_POINT('',(-892.9165124598,-246.5767664977,700.));
#3821 = CIRCLE('',#3822,140.);
#3822 = AXIS2_PLACEMENT_3D('',#3823,#3824,#3825);
#3823 = CARTESIAN_POINT('',(-771.67295593,-316.5767664977,700.));
#3824 = DIRECTION('',(0.,0.,1.));
#3825 = DIRECTION('',(-0.5,-0.866025403784,0.));
#3826 = ORIENTED_EDGE('',*,*,#3827,.F.);
#3827 = EDGE_CURVE('',#3828,#3817,#3830,.T.);
#3828 = VERTEX_POINT('',#3829);
#3829 = CARTESIAN_POINT('',(-701.67295593,-195.3332099679,660.));
#3830 = LINE('',#3831,#3832);
#3831 = CARTESIAN_POINT('',(-701.67295593,-195.3332099679,660.));
#3832 = VECTOR('',#3833,1.);
#3833 = DIRECTION('',(0.,0.,1.));
#3834 = ORIENTED_EDGE('',*,*,#3835,.T.);
#3835 = EDGE_CURVE('',#3828,#3836,#3838,.T.);
#3836 = VERTEX_POINT('',#3837);
#3837 = CARTESIAN_POINT('',(-892.9165124598,-246.5767664977,660.));
#3838 = CIRCLE('',#3839,140.);
#3839 = AXIS2_PLACEMENT_3D('',#3840,#3841,#3842);
#3840 = CARTESIAN_POINT('',(-771.67295593,-316.5767664977,660.));
#3841 = DIRECTION('',(0.,0.,1.));
#3842 = DIRECTION('',(-0.5,-0.866025403784,0.));
#3843 = ORIENTED_EDGE('',*,*,#3844,.T.);
#3844 = EDGE_CURVE('',#3836,#3819,#3845,.T.);
#3845 = LINE('',#3846,#3847);
#3846 = CARTESIAN_POINT('',(-892.9165124598,-246.5767664977,660.));
#3847 = VECTOR('',#3848,1.);
#3848 = DIRECTION('',(0.,0.,1.));
#3849 = CYLINDRICAL_SURFACE('',#3850,140.);
#3850 = AXIS2_PLACEMENT_3D('',#3851,#3852,#3853);
#3851 = CARTESIAN_POINT('',(-771.67295593,-316.5767664977,660.));
#3852 = DIRECTION('',(0.,0.,1.));
#3853 = DIRECTION('',(-0.5,-0.866025403784,0.));
#3854 = ADVANCED_FACE('',(#3855),#3880,.F.);
#3855 = FACE_BOUND('',#3856,.F.);
#3856 = EDGE_LOOP('',(#3857,#3865,#3866,#3874));
#3857 = ORIENTED_EDGE('',*,*,#3858,.F.);
#3858 = EDGE_CURVE('',#3836,#3859,#3861,.T.);
#3859 = VERTEX_POINT('',#3860);
#3860 = CARTESIAN_POINT('',(-1.17791651246E+03,-740.2112466548,660.));
#3861 = LINE('',#3862,#3863);
#3862 = CARTESIAN_POINT('',(-892.9165124598,-246.5767664977,660.));
#3863 = VECTOR('',#3864,1.);
#3864 = DIRECTION('',(-0.5,-0.866025403784,0.));
#3865 = ORIENTED_EDGE('',*,*,#3844,.T.);
#3866 = ORIENTED_EDGE('',*,*,#3867,.T.);
#3867 = EDGE_CURVE('',#3819,#3868,#3870,.T.);
#3868 = VERTEX_POINT('',#3869);
#3869 = CARTESIAN_POINT('',(-1.17791651246E+03,-740.2112466548,700.));
#3870 = LINE('',#3871,#3872);
#3871 = CARTESIAN_POINT('',(-892.9165124598,-246.5767664977,700.));
#3872 = VECTOR('',#3873,1.);
#3873 = DIRECTION('',(-0.5,-0.866025403784,0.));
#3874 = ORIENTED_EDGE('',*,*,#3875,.F.);
#3875 = EDGE_CURVE('',#3859,#3868,#3876,.T.);
#3876 = LINE('',#3877,#3878);
#3877 = CARTESIAN_POINT('',(-1.17791651246E+03,-740.2112466548,660.));
#3878 = VECTOR('',#3879,1.);
#3879 = DIRECTION('',(0.,0.,1.));
#3880 = PLANE('',#3881);
#3881 = AXIS2_PLACEMENT_3D('',#3882,#3883,#3884);
#3882 = CARTESIAN_POINT('',(-892.9165124598,-246.5767664977,660.));
#3883 = DIRECTION('',(0.866025403784,-0.5,0.));
#3884 = DIRECTION('',(0.,0.,1.));
#3885 = ADVANCED_FACE('',(#3886),#3911,.F.);
#3886 = FACE_BOUND('',#3887,.F.);
#3887 = EDGE_LOOP('',(#3888,#3889,#3897,#3905));
#3888 = ORIENTED_EDGE('',*,*,#3827,.F.);
#3889 = ORIENTED_EDGE('',*,*,#3890,.T.);
#3890 = EDGE_CURVE('',#3828,#3891,#3893,.T.);
#3891 = VERTEX_POINT('',#3892);
#3892 = CARTESIAN_POINT('',(181.67295593006,-705.3332099679,660.));
#3893 = LINE('',#3894,#3895);
#3894 = CARTESIAN_POINT('',(-701.67295593,-195.3332099679,660.));
#3895 = VECTOR('',#3896,1.);
#3896 = DIRECTION('',(0.866025403784,-0.5,0.));
#3897 = ORIENTED_EDGE('',*,*,#3898,.T.);
#3898 = EDGE_CURVE('',#3891,#3899,#3901,.T.);
#3899 = VERTEX_POINT('',#3900);
#3900 = CARTESIAN_POINT('',(181.67295593006,-705.3332099679,700.));
#3901 = LINE('',#3902,#3903);
#3902 = CARTESIAN_POINT('',(181.67295593006,-705.3332099679,660.));
#3903 = VECTOR('',#3904,1.);
#3904 = DIRECTION('',(0.,0.,1.));
#3905 = ORIENTED_EDGE('',*,*,#3906,.F.);
#3906 = EDGE_CURVE('',#3817,#3899,#3907,.T.);
#3907 = LINE('',#3908,#3909);
#3908 = CARTESIAN_POINT('',(-701.67295593,-195.3332099679,700.));
#3909 = VECTOR('',#3910,1.);
#3910 = DIRECTION('',(0.866025403784,-0.5,0.));
#3911 = PLANE('',#3912);
#3912 = AXIS2_PLACEMENT_3D('',#3913,#3914,#3915);
#3913 = CARTESIAN_POINT('',(-701.67295593,-195.3332099679,660.));
#3914 = DIRECTION('',(-0.5,-0.866025403784,0.));
#3915 = DIRECTION('',(0.,0.,1.));
#3916 = ADVANCED_FACE('',(#3917),#3944,.T.);
#3917 = FACE_BOUND('',#3918,.T.);
#3918 = EDGE_LOOP('',(#3919,#3928,#3929,#3938));
#3919 = ORIENTED_EDGE('',*,*,#3920,.F.);
#3920 = EDGE_CURVE('',#3868,#3921,#3923,.T.);
#3921 = VERTEX_POINT('',#3922);
#3922 = CARTESIAN_POINT('',(-1.12667295593E+03,-931.4548031846,700.));
#3923 = CIRCLE('',#3924,140.);
#3924 = AXIS2_PLACEMENT_3D('',#3925,#3926,#3927);
#3925 = CARTESIAN_POINT('',(-1.05667295593E+03,-810.2112466548,700.));
#3926 = DIRECTION('',(0.,0.,1.));
#3927 = DIRECTION('',(-0.5,-0.866025403784,0.));
#3928 = ORIENTED_EDGE('',*,*,#3875,.F.);
#3929 = ORIENTED_EDGE('',*,*,#3930,.T.);
#3930 = EDGE_CURVE('',#3859,#3931,#3933,.T.);
#3931 = VERTEX_POINT('',#3932);
#3932 = CARTESIAN_POINT('',(-1.12667295593E+03,-931.4548031846,660.));
#3933 = CIRCLE('',#3934,140.);
#3934 = AXIS2_PLACEMENT_3D('',#3935,#3936,#3937);
#3935 = CARTESIAN_POINT('',(-1.05667295593E+03,-810.2112466548,660.));
#3936 = DIRECTION('',(0.,0.,1.));
#3937 = DIRECTION('',(-0.5,-0.866025403784,0.));
#3938 = ORIENTED_EDGE('',*,*,#3939,.T.);
#3939 = EDGE_CURVE('',#3931,#3921,#3940,.T.);
#3940 = LINE('',#3941,#3942);
#3941 = CARTESIAN_POINT('',(-1.12667295593E+03,-931.4548031846,660.));
#3942 = VECTOR('',#3943,1.);
#3943 = DIRECTION('',(0.,0.,1.));
#3944 = CYLINDRICAL_SURFACE('',#3945,140.);
#3945 = AXIS2_PLACEMENT_3D('',#3946,#3947,#3948);
#3946 = CARTESIAN_POINT('',(-1.05667295593E+03,-810.2112466548,660.));
#3947 = DIRECTION('',(0.,0.,1.));
#3948 = DIRECTION('',(-0.5,-0.866025403784,0.));
#3949 = ADVANCED_FACE('',(#3950),#3977,.T.);
#3950 = FACE_BOUND('',#3951,.T.);
#3951 = EDGE_LOOP('',(#3952,#3961,#3969,#3976));
#3952 = ORIENTED_EDGE('',*,*,#3953,.F.);
#3953 = EDGE_CURVE('',#3954,#3899,#3956,.T.);
#3954 = VERTEX_POINT('',#3955);
#3955 = CARTESIAN_POINT('',(232.91651245988,-896.5767664977,700.));
#3956 = CIRCLE('',#3957,140.);
#3957 = AXIS2_PLACEMENT_3D('',#3958,#3959,#3960);
#3958 = CARTESIAN_POINT('',(111.67295593006,-826.5767664977,700.));
#3959 = DIRECTION('',(0.,0.,1.));
#3960 = DIRECTION('',(-0.5,-0.866025403784,0.));
#3961 = ORIENTED_EDGE('',*,*,#3962,.F.);
#3962 = EDGE_CURVE('',#3963,#3954,#3965,.T.);
#3963 = VERTEX_POINT('',#3964);
#3964 = CARTESIAN_POINT('',(232.91651245988,-896.5767664977,660.));
#3965 = LINE('',#3966,#3967);
#3966 = CARTESIAN_POINT('',(232.91651245988,-896.5767664977,660.));
#3967 = VECTOR('',#3968,1.);
#3968 = DIRECTION('',(0.,0.,1.));
#3969 = ORIENTED_EDGE('',*,*,#3970,.T.);
#3970 = EDGE_CURVE('',#3963,#3891,#3971,.T.);
#3971 = CIRCLE('',#3972,140.);
#3972 = AXIS2_PLACEMENT_3D('',#3973,#3974,#3975);
#3973 = CARTESIAN_POINT('',(111.67295593006,-826.5767664977,660.));
#3974 = DIRECTION('',(0.,0.,1.));
#3975 = DIRECTION('',(-0.5,-0.866025403784,0.));
#3976 = ORIENTED_EDGE('',*,*,#3898,.T.);
#3977 = CYLINDRICAL_SURFACE('',#3978,140.);
#3978 = AXIS2_PLACEMENT_3D('',#3979,#3980,#3981);
#3979 = CARTESIAN_POINT('',(111.67295593006,-826.5767664977,660.));
#3980 = DIRECTION('',(0.,0.,1.));
#3981 = DIRECTION('',(-0.5,-0.866025403784,0.));
#3982 = ADVANCED_FACE('',(#3983),#4008,.T.);
#3983 = FACE_BOUND('',#3984,.T.);
#3984 = EDGE_LOOP('',(#3985,#3993,#3994,#4002));
#3985 = ORIENTED_EDGE('',*,*,#3986,.F.);
#3986 = EDGE_CURVE('',#3963,#3987,#3989,.T.);
#3987 = VERTEX_POINT('',#3988);
#3988 = CARTESIAN_POINT('',(-52.08348754011,-1.390211246655E+03,660.));
#3989 = LINE('',#3990,#3991);
#3990 = CARTESIAN_POINT('',(232.91651245988,-896.5767664977,660.));
#3991 = VECTOR('',#3992,1.);
#3992 = DIRECTION('',(-0.5,-0.866025403784,0.));
#3993 = ORIENTED_EDGE('',*,*,#3962,.T.);
#3994 = ORIENTED_EDGE('',*,*,#3995,.T.);
#3995 = EDGE_CURVE('',#3954,#3996,#3998,.T.);
#3996 = VERTEX_POINT('',#3997);
#3997 = CARTESIAN_POINT('',(-52.08348754011,-1.390211246655E+03,700.));
#3998 = LINE('',#3999,#4000);
#3999 = CARTESIAN_POINT('',(232.91651245988,-896.5767664977,700.));
#4000 = VECTOR('',#4001,1.);
#4001 = DIRECTION('',(-0.5,-0.866025403784,0.));
#4002 = ORIENTED_EDGE('',*,*,#4003,.F.);
#4003 = EDGE_CURVE('',#3987,#3996,#4004,.T.);
#4004 = LINE('',#4005,#4006);
#4005 = CARTESIAN_POINT('',(-52.08348754011,-1.390211246655E+03,660.));
#4006 = VECTOR('',#4007,1.);
#4007 = DIRECTION('',(0.,0.,1.));
#4008 = PLANE('',#4009);
#4009 = AXIS2_PLACEMENT_3D('',#4010,#4011,#4012);
#4010 = CARTESIAN_POINT('',(232.91651245988,-896.5767664977,660.));
#4011 = DIRECTION('',(0.866025403784,-0.5,0.));
#4012 = DIRECTION('',(0.,0.,1.));
#4013 = ADVANCED_FACE('',(#4014),#4039,.T.);
#4014 = FACE_BOUND('',#4015,.T.);
#4015 = EDGE_LOOP('',(#4016,#4017,#4025,#4033));
#4016 = ORIENTED_EDGE('',*,*,#3939,.F.);
#4017 = ORIENTED_EDGE('',*,*,#4018,.T.);
#4018 = EDGE_CURVE('',#3931,#4019,#4021,.T.);
#4019 = VERTEX_POINT('',#4020);
#4020 = CARTESIAN_POINT('',(-243.3270440699,-1.441454803185E+03,660.));
#4021 = LINE('',#4022,#4023);
#4022 = CARTESIAN_POINT('',(-1.12667295593E+03,-931.4548031846,660.));
#4023 = VECTOR('',#4024,1.);
#4024 = DIRECTION('',(0.866025403784,-0.5,0.));
#4025 = ORIENTED_EDGE('',*,*,#4026,.T.);
#4026 = EDGE_CURVE('',#4019,#4027,#4029,.T.);
#4027 = VERTEX_POINT('',#4028);
#4028 = CARTESIAN_POINT('',(-243.3270440699,-1.441454803185E+03,700.));
#4029 = LINE('',#4030,#4031);
#4030 = CARTESIAN_POINT('',(-243.3270440699,-1.441454803185E+03,660.));
#4031 = VECTOR('',#4032,1.);
#4032 = DIRECTION('',(0.,0.,1.));
#4033 = ORIENTED_EDGE('',*,*,#4034,.F.);
#4034 = EDGE_CURVE('',#3921,#4027,#4035,.T.);
#4035 = LINE('',#4036,#4037);
#4036 = CARTESIAN_POINT('',(-1.12667295593E+03,-931.4548031846,700.));
#4037 = VECTOR('',#4038,1.);
#4038 = DIRECTION('',(0.866025403784,-0.5,0.));
#4039 = PLANE('',#4040);
#4040 = AXIS2_PLACEMENT_3D('',#4041,#4042,#4043);
#4041 = CARTESIAN_POINT('',(-1.12667295593E+03,-931.4548031846,660.));
#4042 = DIRECTION('',(-0.5,-0.866025403784,0.));
#4043 = DIRECTION('',(0.,0.,1.));
#4044 = ADVANCED_FACE('',(#4045),#4063,.T.);
#4045 = FACE_BOUND('',#4046,.T.);
#4046 = EDGE_LOOP('',(#4047,#4054,#4055,#4062));
#4047 = ORIENTED_EDGE('',*,*,#4048,.F.);
#4048 = EDGE_CURVE('',#4027,#3996,#4049,.T.);
#4049 = CIRCLE('',#4050,140.);
#4050 = AXIS2_PLACEMENT_3D('',#4051,#4052,#4053);
#4051 = CARTESIAN_POINT('',(-173.3270440699,-1.320211246655E+03,700.));
#4052 = DIRECTION('',(0.,0.,1.));
#4053 = DIRECTION('',(-0.5,-0.866025403784,0.));
#4054 = ORIENTED_EDGE('',*,*,#4026,.F.);
#4055 = ORIENTED_EDGE('',*,*,#4056,.T.);
#4056 = EDGE_CURVE('',#4019,#3987,#4057,.T.);
#4057 = CIRCLE('',#4058,140.);
#4058 = AXIS2_PLACEMENT_3D('',#4059,#4060,#4061);
#4059 = CARTESIAN_POINT('',(-173.3270440699,-1.320211246655E+03,660.));
#4060 = DIRECTION('',(0.,0.,1.));
#4061 = DIRECTION('',(-0.5,-0.866025403784,0.));
#4062 = ORIENTED_EDGE('',*,*,#4003,.T.);
#4063 = CYLINDRICAL_SURFACE('',#4064,140.);
#4064 = AXIS2_PLACEMENT_3D('',#4065,#4066,#4067);
#4065 = CARTESIAN_POINT('',(-173.3270440699,-1.320211246655E+03,660.));
#4066 = DIRECTION('',(0.,0.,1.));
#4067 = DIRECTION('',(-0.5,-0.866025403784,0.));
#4068 = ADVANCED_FACE('',(#4069),#4079,.T.);
#4069 = FACE_BOUND('',#4070,.T.);
#4070 = EDGE_LOOP('',(#4071,#4072,#4073,#4074,#4075,#4076,#4077,#4078));
#4071 = ORIENTED_EDGE('',*,*,#3816,.T.);
#4072 = ORIENTED_EDGE('',*,*,#3867,.T.);
#4073 = ORIENTED_EDGE('',*,*,#3920,.T.);
#4074 = ORIENTED_EDGE('',*,*,#4034,.T.);
#4075 = ORIENTED_EDGE('',*,*,#4048,.T.);
#4076 = ORIENTED_EDGE('',*,*,#3995,.F.);
#4077 = ORIENTED_EDGE('',*,*,#3953,.T.);
#4078 = ORIENTED_EDGE('',*,*,#3906,.F.);
#4079 = PLANE('',#4080);
#4080 = AXIS2_PLACEMENT_3D('',#4081,#4082,#4083);
#4081 = CARTESIAN_POINT('',(-472.5,-818.3940065762,700.));
#4082 = DIRECTION('',(0.,0.,1.));
#4083 = DIRECTION('',(-0.5,-0.866025403784,0.));
#4084 = ADVANCED_FACE('',(#4085),#4095,.T.);
#4085 = FACE_BOUND('',#4086,.T.);
#4086 = EDGE_LOOP('',(#4087,#4088,#4089,#4090,#4091,#4092,#4093,#4094));
#4087 = ORIENTED_EDGE('',*,*,#3835,.F.);
#4088 = ORIENTED_EDGE('',*,*,#3890,.T.);
#4089 = ORIENTED_EDGE('',*,*,#3970,.F.);
#4090 = ORIENTED_EDGE('',*,*,#3986,.T.);
#4091 = ORIENTED_EDGE('',*,*,#4056,.F.);
#4092 = ORIENTED_EDGE('',*,*,#4018,.F.);
#4093 = ORIENTED_EDGE('',*,*,#3930,.F.);
#4094 = ORIENTED_EDGE('',*,*,#3858,.F.);
#4095 = PLANE('',#4096);
#4096 = AXIS2_PLACEMENT_3D('',#4097,#4098,#4099);
#4097 = CARTESIAN_POINT('',(-472.5,-818.3940065762,660.));
#4098 = DIRECTION('',(0.,0.,-1.));
#4099 = DIRECTION('',(0.5,0.866025403784,0.));
#4100 = MANIFOLD_SOLID_BREP('',#4101);
#4101 = CLOSED_SHELL('',(#4102,#4135,#4144));
#4102 = ADVANCED_FACE('',(#4103),#4130,.T.);
#4103 = FACE_BOUND('',#4104,.T.);
#4104 = EDGE_LOOP('',(#4105,#4114,#4122,#4129));
#4105 = ORIENTED_EDGE('',*,*,#4106,.F.);
#4106 = EDGE_CURVE('',#4107,#4107,#4109,.T.);
#4107 = VERTEX_POINT('',#4108);
#4108 = CARTESIAN_POINT('',(-463.5,-877.2837340336,660.));
#4109 = CIRCLE('',#4110,43.);
#4110 = AXIS2_PLACEMENT_3D('',#4111,#4112,#4113);
#4111 = CARTESIAN_POINT('',(-506.5,-877.2837340336,660.));
#4112 = DIRECTION('',(0.,0.,1.));
#4113 = DIRECTION('',(1.,0.,0.));
#4114 = ORIENTED_EDGE('',*,*,#4115,.F.);
#4115 = EDGE_CURVE('',#4116,#4107,#4118,.T.);
#4116 = VERTEX_POINT('',#4117);
#4117 = CARTESIAN_POINT('',(-463.5,-877.2837340336,301.));
#4118 = LINE('',#4119,#4120);
#4119 = CARTESIAN_POINT('',(-463.5,-877.2837340336,301.));
#4120 = VECTOR('',#4121,1.);
#4121 = DIRECTION('',(0.,0.,1.));
#4122 = ORIENTED_EDGE('',*,*,#4123,.T.);
#4123 = EDGE_CURVE('',#4116,#4116,#4124,.T.);
#4124 = CIRCLE('',#4125,43.);
#4125 = AXIS2_PLACEMENT_3D('',#4126,#4127,#4128);
#4126 = CARTESIAN_POINT('',(-506.5,-877.2837340336,301.));
#4127 = DIRECTION('',(0.,0.,1.));
#4128 = DIRECTION('',(1.,0.,0.));
#4129 = ORIENTED_EDGE('',*,*,#4115,.T.);
#4130 = CYLINDRICAL_SURFACE('',#4131,43.);
#4131 = AXIS2_PLACEMENT_3D('',#4132,#4133,#4134);
#4132 = CARTESIAN_POINT('',(-506.5,-877.2837340336,301.));
#4133 = DIRECTION('',(0.,0.,1.));
#4134 = DIRECTION('',(1.,0.,0.));
#4135 = ADVANCED_FACE('',(#4136),#4139,.T.);
#4136 = FACE_BOUND('',#4137,.T.);
#4137 = EDGE_LOOP('',(#4138));
#4138 = ORIENTED_EDGE('',*,*,#4106,.T.);
#4139 = PLANE('',#4140);
#4140 = AXIS2_PLACEMENT_3D('',#4141,#4142,#4143);
#4141 = CARTESIAN_POINT('',(-506.5,-877.2837340336,660.));
#4142 = DIRECTION('',(0.,0.,1.));
#4143 = DIRECTION('',(1.,0.,0.));
#4144 = ADVANCED_FACE('',(#4145),#4148,.F.);
#4145 = FACE_BOUND('',#4146,.T.);
#4146 = EDGE_LOOP('',(#4147));
#4147 = ORIENTED_EDGE('',*,*,#4123,.F.);
#4148 = PLANE('',#4149);
#4149 = AXIS2_PLACEMENT_3D('',#4150,#4151,#4152);
#4150 = CARTESIAN_POINT('',(-506.5,-877.2837340336,301.));
#4151 = DIRECTION('',(0.,0.,1.));
#4152 = DIRECTION('',(1.,0.,0.));
#4153 = MANIFOLD_SOLID_BREP('',#4154);
#4154 = CLOSED_SHELL('',(#4155,#4197,#4228,#4259,#4292,#4325,#4356,#4387
    ,#4411,#4427));
#4155 = ADVANCED_FACE('',(#4156),#4192,.T.);
#4156 = FACE_BOUND('',#4157,.T.);
#4157 = EDGE_LOOP('',(#4158,#4169,#4177,#4186));
#4158 = ORIENTED_EDGE('',*,*,#4159,.F.);
#4159 = EDGE_CURVE('',#4160,#4162,#4164,.T.);
#4160 = VERTEX_POINT('',#4161);
#4161 = CARTESIAN_POINT('',(-389.8780366869,-744.7114317029,700.));
#4162 = VERTEX_POINT('',#4163);
#4163 = CARTESIAN_POINT('',(-422.8203230275,-867.6537180435,700.));
#4164 = CIRCLE('',#4165,90.);
#4165 = AXIS2_PLACEMENT_3D('',#4166,#4167,#4168);
#4166 = CARTESIAN_POINT('',(-344.8780366869,-822.6537180435,700.));
#4167 = DIRECTION('',(-0.,0.,1.));
#4168 = DIRECTION('',(0.5,-0.866025403784,0.));
#4169 = ORIENTED_EDGE('',*,*,#4170,.F.);
#4170 = EDGE_CURVE('',#4171,#4160,#4173,.T.);
#4171 = VERTEX_POINT('',#4172);
#4172 = CARTESIAN_POINT('',(-389.8780366869,-744.7114317029,660.));
#4173 = LINE('',#4174,#4175);
#4174 = CARTESIAN_POINT('',(-389.8780366869,-744.7114317029,660.));
#4175 = VECTOR('',#4176,1.);
#4176 = DIRECTION('',(0.,0.,1.));
#4177 = ORIENTED_EDGE('',*,*,#4178,.T.);
#4178 = EDGE_CURVE('',#4171,#4179,#4181,.T.);
#4179 = VERTEX_POINT('',#4180);
#4180 = CARTESIAN_POINT('',(-422.8203230275,-867.6537180435,660.));
#4181 = CIRCLE('',#4182,90.);
#4182 = AXIS2_PLACEMENT_3D('',#4183,#4184,#4185);
#4183 = CARTESIAN_POINT('',(-344.8780366869,-822.6537180435,660.));
#4184 = DIRECTION('',(-0.,0.,1.));
#4185 = DIRECTION('',(0.5,-0.866025403784,0.));
#4186 = ORIENTED_EDGE('',*,*,#4187,.T.);
#4187 = EDGE_CURVE('',#4179,#4162,#4188,.T.);
#4188 = LINE('',#4189,#4190);
#4189 = CARTESIAN_POINT('',(-422.8203230275,-867.6537180435,660.));
#4190 = VECTOR('',#4191,1.);
#4191 = DIRECTION('',(0.,0.,1.));
#4192 = CYLINDRICAL_SURFACE('',#4193,90.);
#4193 = AXIS2_PLACEMENT_3D('',#4194,#4195,#4196);
#4194 = CARTESIAN_POINT('',(-344.8780366869,-822.6537180435,660.));
#4195 = DIRECTION('',(0.,0.,1.));
#4196 = DIRECTION('',(0.5,-0.866025403784,0.));
#4197 = ADVANCED_FACE('',(#4198),#4223,.F.);
#4198 = FACE_BOUND('',#4199,.F.);
#4199 = EDGE_LOOP('',(#4200,#4208,#4209,#4217));
#4200 = ORIENTED_EDGE('',*,*,#4201,.F.);
#4201 = EDGE_CURVE('',#4179,#4202,#4204,.T.);
#4202 = VERTEX_POINT('',#4203);
#4203 = CARTESIAN_POINT('',(237.17967697244,-2.010807251039E+03,660.));
#4204 = LINE('',#4205,#4206);
#4205 = CARTESIAN_POINT('',(-422.8203230275,-867.6537180435,660.));
#4206 = VECTOR('',#4207,1.);
#4207 = DIRECTION('',(0.5,-0.866025403784,0.));
#4208 = ORIENTED_EDGE('',*,*,#4187,.T.);
#4209 = ORIENTED_EDGE('',*,*,#4210,.T.);
#4210 = EDGE_CURVE('',#4162,#4211,#4213,.T.);
#4211 = VERTEX_POINT('',#4212);
#4212 = CARTESIAN_POINT('',(237.17967697244,-2.010807251039E+03,700.));
#4213 = LINE('',#4214,#4215);
#4214 = CARTESIAN_POINT('',(-422.8203230275,-867.6537180435,700.));
#4215 = VECTOR('',#4216,1.);
#4216 = DIRECTION('',(0.5,-0.866025403784,0.));
#4217 = ORIENTED_EDGE('',*,*,#4218,.F.);
#4218 = EDGE_CURVE('',#4202,#4211,#4219,.T.);
#4219 = LINE('',#4220,#4221);
#4220 = CARTESIAN_POINT('',(237.17967697244,-2.010807251039E+03,660.));
#4221 = VECTOR('',#4222,1.);
#4222 = DIRECTION('',(0.,0.,1.));
#4223 = PLANE('',#4224);
#4224 = AXIS2_PLACEMENT_3D('',#4225,#4226,#4227);
#4225 = CARTESIAN_POINT('',(-422.8203230275,-867.6537180435,660.));
#4226 = DIRECTION('',(0.866025403784,0.5,0.));
#4227 = DIRECTION('',(0.,0.,1.));
#4228 = ADVANCED_FACE('',(#4229),#4254,.F.);
#4229 = FACE_BOUND('',#4230,.F.);
#4230 = EDGE_LOOP('',(#4231,#4232,#4240,#4248));
#4231 = ORIENTED_EDGE('',*,*,#4170,.F.);
#4232 = ORIENTED_EDGE('',*,*,#4233,.T.);
#4233 = EDGE_CURVE('',#4171,#4234,#4236,.T.);
#4234 = VERTEX_POINT('',#4235);
#4235 = CARTESIAN_POINT('',(-26.14736709748,-534.7114317029,660.));
#4236 = LINE('',#4237,#4238);
#4237 = CARTESIAN_POINT('',(-389.8780366869,-744.7114317029,660.));
#4238 = VECTOR('',#4239,1.);
#4239 = DIRECTION('',(0.866025403784,0.5,0.));
#4240 = ORIENTED_EDGE('',*,*,#4241,.T.);
#4241 = EDGE_CURVE('',#4234,#4242,#4244,.T.);
#4242 = VERTEX_POINT('',#4243);
#4243 = CARTESIAN_POINT('',(-26.14736709748,-534.7114317029,700.));
#4244 = LINE('',#4245,#4246);
#4245 = CARTESIAN_POINT('',(-26.14736709748,-534.7114317029,660.));
#4246 = VECTOR('',#4247,1.);
#4247 = DIRECTION('',(0.,0.,1.));
#4248 = ORIENTED_EDGE('',*,*,#4249,.F.);
#4249 = EDGE_CURVE('',#4160,#4242,#4250,.T.);
#4250 = LINE('',#4251,#4252);
#4251 = CARTESIAN_POINT('',(-389.8780366869,-744.7114317029,700.));
#4252 = VECTOR('',#4253,1.);
#4253 = DIRECTION('',(0.866025403784,0.5,0.));
#4254 = PLANE('',#4255);
#4255 = AXIS2_PLACEMENT_3D('',#4256,#4257,#4258);
#4256 = CARTESIAN_POINT('',(-389.8780366869,-744.7114317029,660.));
#4257 = DIRECTION('',(0.5,-0.866025403784,0.));
#4258 = DIRECTION('',(0.,0.,1.));
#4259 = ADVANCED_FACE('',(#4260),#4287,.T.);
#4260 = FACE_BOUND('',#4261,.T.);
#4261 = EDGE_LOOP('',(#4262,#4271,#4272,#4281));
#4262 = ORIENTED_EDGE('',*,*,#4263,.F.);
#4263 = EDGE_CURVE('',#4211,#4264,#4266,.T.);
#4264 = VERTEX_POINT('',#4265);
#4265 = CARTESIAN_POINT('',(360.12196331304,-2.04374953738E+03,700.));
#4266 = CIRCLE('',#4267,90.);
#4267 = AXIS2_PLACEMENT_3D('',#4268,#4269,#4270);
#4268 = CARTESIAN_POINT('',(315.12196331304,-1.965807251039E+03,700.));
#4269 = DIRECTION('',(-0.,0.,1.));
#4270 = DIRECTION('',(0.5,-0.866025403784,0.));
#4271 = ORIENTED_EDGE('',*,*,#4218,.F.);
#4272 = ORIENTED_EDGE('',*,*,#4273,.T.);
#4273 = EDGE_CURVE('',#4202,#4274,#4276,.T.);
#4274 = VERTEX_POINT('',#4275);
#4275 = CARTESIAN_POINT('',(360.12196331304,-2.04374953738E+03,660.));
#4276 = CIRCLE('',#4277,90.);
#4277 = AXIS2_PLACEMENT_3D('',#4278,#4279,#4280);
#4278 = CARTESIAN_POINT('',(315.12196331304,-1.965807251039E+03,660.));
#4279 = DIRECTION('',(-0.,0.,1.));
#4280 = DIRECTION('',(0.5,-0.866025403784,0.));
#4281 = ORIENTED_EDGE('',*,*,#4282,.T.);
#4282 = EDGE_CURVE('',#4274,#4264,#4283,.T.);
#4283 = LINE('',#4284,#4285);
#4284 = CARTESIAN_POINT('',(360.12196331304,-2.04374953738E+03,660.));
#4285 = VECTOR('',#4286,1.);
#4286 = DIRECTION('',(0.,0.,1.));
#4287 = CYLINDRICAL_SURFACE('',#4288,90.);
#4288 = AXIS2_PLACEMENT_3D('',#4289,#4290,#4291);
#4289 = CARTESIAN_POINT('',(315.12196331304,-1.965807251039E+03,660.));
#4290 = DIRECTION('',(0.,0.,1.));
#4291 = DIRECTION('',(0.5,-0.866025403784,0.));
#4292 = ADVANCED_FACE('',(#4293),#4320,.T.);
#4293 = FACE_BOUND('',#4294,.T.);
#4294 = EDGE_LOOP('',(#4295,#4304,#4312,#4319));
#4295 = ORIENTED_EDGE('',*,*,#4296,.F.);
#4296 = EDGE_CURVE('',#4297,#4242,#4299,.T.);
#4297 = VERTEX_POINT('',#4298);
#4298 = CARTESIAN_POINT('',(96.794919243112,-567.6537180435,700.));
#4299 = CIRCLE('',#4300,90.);
#4300 = AXIS2_PLACEMENT_3D('',#4301,#4302,#4303);
#4301 = CARTESIAN_POINT('',(18.852632902513,-612.6537180435,700.));
#4302 = DIRECTION('',(-0.,0.,1.));
#4303 = DIRECTION('',(0.5,-0.866025403784,0.));
#4304 = ORIENTED_EDGE('',*,*,#4305,.F.);
#4305 = EDGE_CURVE('',#4306,#4297,#4308,.T.);
#4306 = VERTEX_POINT('',#4307);
#4307 = CARTESIAN_POINT('',(96.794919243112,-567.6537180435,660.));
#4308 = LINE('',#4309,#4310);
#4309 = CARTESIAN_POINT('',(96.794919243112,-567.6537180435,660.));
#4310 = VECTOR('',#4311,1.);
#4311 = DIRECTION('',(0.,0.,1.));
#4312 = ORIENTED_EDGE('',*,*,#4313,.T.);
#4313 = EDGE_CURVE('',#4306,#4234,#4314,.T.);
#4314 = CIRCLE('',#4315,90.);
#4315 = AXIS2_PLACEMENT_3D('',#4316,#4317,#4318);
#4316 = CARTESIAN_POINT('',(18.852632902513,-612.6537180435,660.));
#4317 = DIRECTION('',(-0.,0.,1.));
#4318 = DIRECTION('',(0.5,-0.866025403784,0.));
#4319 = ORIENTED_EDGE('',*,*,#4241,.T.);
#4320 = CYLINDRICAL_SURFACE('',#4321,90.);
#4321 = AXIS2_PLACEMENT_3D('',#4322,#4323,#4324);
#4322 = CARTESIAN_POINT('',(18.852632902513,-612.6537180435,660.));
#4323 = DIRECTION('',(0.,0.,1.));
#4324 = DIRECTION('',(0.5,-0.866025403784,0.));
#4325 = ADVANCED_FACE('',(#4326),#4351,.T.);
#4326 = FACE_BOUND('',#4327,.T.);
#4327 = EDGE_LOOP('',(#4328,#4336,#4337,#4345));
#4328 = ORIENTED_EDGE('',*,*,#4329,.F.);
#4329 = EDGE_CURVE('',#4306,#4330,#4332,.T.);
#4330 = VERTEX_POINT('',#4331);
#4331 = CARTESIAN_POINT('',(756.79491924311,-1.710807251039E+03,660.));
#4332 = LINE('',#4333,#4334);
#4333 = CARTESIAN_POINT('',(96.794919243112,-567.6537180435,660.));
#4334 = VECTOR('',#4335,1.);
#4335 = DIRECTION('',(0.5,-0.866025403784,0.));
#4336 = ORIENTED_EDGE('',*,*,#4305,.T.);
#4337 = ORIENTED_EDGE('',*,*,#4338,.T.);
#4338 = EDGE_CURVE('',#4297,#4339,#4341,.T.);
#4339 = VERTEX_POINT('',#4340);
#4340 = CARTESIAN_POINT('',(756.79491924311,-1.710807251039E+03,700.));
#4341 = LINE('',#4342,#4343);
#4342 = CARTESIAN_POINT('',(96.794919243112,-567.6537180435,700.));
#4343 = VECTOR('',#4344,1.);
#4344 = DIRECTION('',(0.5,-0.866025403784,0.));
#4345 = ORIENTED_EDGE('',*,*,#4346,.F.);
#4346 = EDGE_CURVE('',#4330,#4339,#4347,.T.);
#4347 = LINE('',#4348,#4349);
#4348 = CARTESIAN_POINT('',(756.79491924311,-1.710807251039E+03,660.));
#4349 = VECTOR('',#4350,1.);
#4350 = DIRECTION('',(0.,0.,1.));
#4351 = PLANE('',#4352);
#4352 = AXIS2_PLACEMENT_3D('',#4353,#4354,#4355);
#4353 = CARTESIAN_POINT('',(96.794919243112,-567.6537180435,660.));
#4354 = DIRECTION('',(0.866025403784,0.5,0.));
#4355 = DIRECTION('',(0.,0.,1.));
#4356 = ADVANCED_FACE('',(#4357),#4382,.T.);
#4357 = FACE_BOUND('',#4358,.T.);
#4358 = EDGE_LOOP('',(#4359,#4360,#4368,#4376));
#4359 = ORIENTED_EDGE('',*,*,#4282,.F.);
#4360 = ORIENTED_EDGE('',*,*,#4361,.T.);
#4361 = EDGE_CURVE('',#4274,#4362,#4364,.T.);
#4362 = VERTEX_POINT('',#4363);
#4363 = CARTESIAN_POINT('',(723.85263290251,-1.83374953738E+03,660.));
#4364 = LINE('',#4365,#4366);
#4365 = CARTESIAN_POINT('',(360.12196331304,-2.04374953738E+03,660.));
#4366 = VECTOR('',#4367,1.);
#4367 = DIRECTION('',(0.866025403784,0.5,0.));
#4368 = ORIENTED_EDGE('',*,*,#4369,.T.);
#4369 = EDGE_CURVE('',#4362,#4370,#4372,.T.);
#4370 = VERTEX_POINT('',#4371);
#4371 = CARTESIAN_POINT('',(723.85263290251,-1.83374953738E+03,700.));
#4372 = LINE('',#4373,#4374);
#4373 = CARTESIAN_POINT('',(723.85263290251,-1.83374953738E+03,660.));
#4374 = VECTOR('',#4375,1.);
#4375 = DIRECTION('',(0.,0.,1.));
#4376 = ORIENTED_EDGE('',*,*,#4377,.F.);
#4377 = EDGE_CURVE('',#4264,#4370,#4378,.T.);
#4378 = LINE('',#4379,#4380);
#4379 = CARTESIAN_POINT('',(360.12196331304,-2.04374953738E+03,700.));
#4380 = VECTOR('',#4381,1.);
#4381 = DIRECTION('',(0.866025403784,0.5,0.));
#4382 = PLANE('',#4383);
#4383 = AXIS2_PLACEMENT_3D('',#4384,#4385,#4386);
#4384 = CARTESIAN_POINT('',(360.12196331304,-2.04374953738E+03,660.));
#4385 = DIRECTION('',(0.5,-0.866025403784,0.));
#4386 = DIRECTION('',(0.,0.,1.));
#4387 = ADVANCED_FACE('',(#4388),#4406,.T.);
#4388 = FACE_BOUND('',#4389,.T.);
#4389 = EDGE_LOOP('',(#4390,#4397,#4398,#4405));
#4390 = ORIENTED_EDGE('',*,*,#4391,.F.);
#4391 = EDGE_CURVE('',#4370,#4339,#4392,.T.);
#4392 = CIRCLE('',#4393,90.);
#4393 = AXIS2_PLACEMENT_3D('',#4394,#4395,#4396);
#4394 = CARTESIAN_POINT('',(678.85263290251,-1.755807251039E+03,700.));
#4395 = DIRECTION('',(-0.,0.,1.));
#4396 = DIRECTION('',(0.5,-0.866025403784,0.));
#4397 = ORIENTED_EDGE('',*,*,#4369,.F.);
#4398 = ORIENTED_EDGE('',*,*,#4399,.T.);
#4399 = EDGE_CURVE('',#4362,#4330,#4400,.T.);
#4400 = CIRCLE('',#4401,90.);
#4401 = AXIS2_PLACEMENT_3D('',#4402,#4403,#4404);
#4402 = CARTESIAN_POINT('',(678.85263290251,-1.755807251039E+03,660.));
#4403 = DIRECTION('',(-0.,0.,1.));
#4404 = DIRECTION('',(0.5,-0.866025403784,0.));
#4405 = ORIENTED_EDGE('',*,*,#4346,.T.);
#4406 = CYLINDRICAL_SURFACE('',#4407,90.);
#4407 = AXIS2_PLACEMENT_3D('',#4408,#4409,#4410);
#4408 = CARTESIAN_POINT('',(678.85263290251,-1.755807251039E+03,660.));
#4409 = DIRECTION('',(0.,0.,1.));
#4410 = DIRECTION('',(0.5,-0.866025403784,0.));
#4411 = ADVANCED_FACE('',(#4412),#4422,.T.);
#4412 = FACE_BOUND('',#4413,.T.);
#4413 = EDGE_LOOP('',(#4414,#4415,#4416,#4417,#4418,#4419,#4420,#4421));
#4414 = ORIENTED_EDGE('',*,*,#4159,.T.);
#4415 = ORIENTED_EDGE('',*,*,#4210,.T.);
#4416 = ORIENTED_EDGE('',*,*,#4263,.T.);
#4417 = ORIENTED_EDGE('',*,*,#4377,.T.);
#4418 = ORIENTED_EDGE('',*,*,#4391,.T.);
#4419 = ORIENTED_EDGE('',*,*,#4338,.F.);
#4420 = ORIENTED_EDGE('',*,*,#4296,.T.);
#4421 = ORIENTED_EDGE('',*,*,#4249,.F.);
#4422 = PLANE('',#4423);
#4423 = AXIS2_PLACEMENT_3D('',#4424,#4425,#4426);
#4424 = CARTESIAN_POINT('',(166.98729810778,-1.289230484541E+03,700.));
#4425 = DIRECTION('',(0.,0.,1.));
#4426 = DIRECTION('',(0.5,-0.866025403784,0.));
#4427 = ADVANCED_FACE('',(#4428),#4438,.T.);
#4428 = FACE_BOUND('',#4429,.T.);
#4429 = EDGE_LOOP('',(#4430,#4431,#4432,#4433,#4434,#4435,#4436,#4437));
#4430 = ORIENTED_EDGE('',*,*,#4178,.F.);
#4431 = ORIENTED_EDGE('',*,*,#4233,.T.);
#4432 = ORIENTED_EDGE('',*,*,#4313,.F.);
#4433 = ORIENTED_EDGE('',*,*,#4329,.T.);
#4434 = ORIENTED_EDGE('',*,*,#4399,.F.);
#4435 = ORIENTED_EDGE('',*,*,#4361,.F.);
#4436 = ORIENTED_EDGE('',*,*,#4273,.F.);
#4437 = ORIENTED_EDGE('',*,*,#4201,.F.);
#4438 = PLANE('',#4439);
#4439 = AXIS2_PLACEMENT_3D('',#4440,#4441,#4442);
#4440 = CARTESIAN_POINT('',(166.98729810778,-1.289230484541E+03,660.));
#4441 = DIRECTION('',(-0.,0.,-1.));
#4442 = DIRECTION('',(-0.5,0.866025403784,0.));
#4443 = MANIFOLD_SOLID_BREP('',#4444);
#4444 = CLOSED_SHELL('',(#4445,#4478,#4487));
#4445 = ADVANCED_FACE('',(#4446),#4473,.T.);
#4446 = FACE_BOUND('',#4447,.T.);
#4447 = EDGE_LOOP('',(#4448,#4457,#4465,#4472));
#4448 = ORIENTED_EDGE('',*,*,#4449,.F.);
#4449 = EDGE_CURVE('',#4450,#4450,#4452,.T.);
#4450 = VERTEX_POINT('',#4451);
#4451 = CARTESIAN_POINT('',(269.98729810778,-1.393153532995E+03,660.));
#4452 = CIRCLE('',#4453,43.);
#4453 = AXIS2_PLACEMENT_3D('',#4454,#4455,#4456);
#4454 = CARTESIAN_POINT('',(226.98729810778,-1.393153532995E+03,660.));
#4455 = DIRECTION('',(0.,0.,1.));
#4456 = DIRECTION('',(1.,0.,0.));
#4457 = ORIENTED_EDGE('',*,*,#4458,.F.);
#4458 = EDGE_CURVE('',#4459,#4450,#4461,.T.);
#4459 = VERTEX_POINT('',#4460);
#4460 = CARTESIAN_POINT('',(269.98729810778,-1.393153532995E+03,301.));
#4461 = LINE('',#4462,#4463);
#4462 = CARTESIAN_POINT('',(269.98729810778,-1.393153532995E+03,301.));
#4463 = VECTOR('',#4464,1.);
#4464 = DIRECTION('',(0.,0.,1.));
#4465 = ORIENTED_EDGE('',*,*,#4466,.T.);
#4466 = EDGE_CURVE('',#4459,#4459,#4467,.T.);
#4467 = CIRCLE('',#4468,43.);
#4468 = AXIS2_PLACEMENT_3D('',#4469,#4470,#4471);
#4469 = CARTESIAN_POINT('',(226.98729810778,-1.393153532995E+03,301.));
#4470 = DIRECTION('',(0.,0.,1.));
#4471 = DIRECTION('',(1.,0.,0.));
#4472 = ORIENTED_EDGE('',*,*,#4458,.T.);
#4473 = CYLINDRICAL_SURFACE('',#4474,43.);
#4474 = AXIS2_PLACEMENT_3D('',#4475,#4476,#4477);
#4475 = CARTESIAN_POINT('',(226.98729810778,-1.393153532995E+03,301.));
#4476 = DIRECTION('',(0.,0.,1.));
#4477 = DIRECTION('',(1.,0.,0.));
#4478 = ADVANCED_FACE('',(#4479),#4482,.T.);
#4479 = FACE_BOUND('',#4480,.T.);
#4480 = EDGE_LOOP('',(#4481));
#4481 = ORIENTED_EDGE('',*,*,#4449,.T.);
#4482 = PLANE('',#4483);
#4483 = AXIS2_PLACEMENT_3D('',#4484,#4485,#4486);
#4484 = CARTESIAN_POINT('',(226.98729810778,-1.393153532995E+03,660.));
#4485 = DIRECTION('',(0.,0.,1.));
#4486 = DIRECTION('',(1.,0.,0.));
#4487 = ADVANCED_FACE('',(#4488),#4491,.F.);
#4488 = FACE_BOUND('',#4489,.T.);
#4489 = EDGE_LOOP('',(#4490));
#4490 = ORIENTED_EDGE('',*,*,#4466,.F.);
#4491 = PLANE('',#4492);
#4492 = AXIS2_PLACEMENT_3D('',#4493,#4494,#4495);
#4493 = CARTESIAN_POINT('',(226.98729810778,-1.393153532995E+03,301.));
#4494 = DIRECTION('',(0.,0.,1.));
#4495 = DIRECTION('',(1.,0.,0.));
#4496 = MANIFOLD_SOLID_BREP('',#4497);
#4497 = CLOSED_SHELL('',(#4498,#4540,#4571,#4602,#4635,#4668,#4699,#4730
    ,#4754,#4770));
#4498 = ADVANCED_FACE('',(#4499),#4535,.T.);
#4499 = FACE_BOUND('',#4500,.T.);
#4500 = EDGE_LOOP('',(#4501,#4512,#4520,#4529));
#4501 = ORIENTED_EDGE('',*,*,#4502,.F.);
#4502 = EDGE_CURVE('',#4503,#4505,#4507,.T.);
#4503 = VERTEX_POINT('',#4504);
#4504 = CARTESIAN_POINT('',(-450.,-290.,700.));
#4505 = VERTEX_POINT('',#4506);
#4506 = CARTESIAN_POINT('',(-540.,-200.,700.));
#4507 = CIRCLE('',#4508,90.);
#4508 = AXIS2_PLACEMENT_3D('',#4509,#4510,#4511);
#4509 = CARTESIAN_POINT('',(-540.,-290.,700.));
#4510 = DIRECTION('',(0.,0.,1.));
#4511 = DIRECTION('',(-1.,0.,0.));
#4512 = ORIENTED_EDGE('',*,*,#4513,.F.);
#4513 = EDGE_CURVE('',#4514,#4503,#4516,.T.);
#4514 = VERTEX_POINT('',#4515);
#4515 = CARTESIAN_POINT('',(-450.,-290.,660.));
#4516 = LINE('',#4517,#4518);
#4517 = CARTESIAN_POINT('',(-450.,-290.,660.));
#4518 = VECTOR('',#4519,1.);
#4519 = DIRECTION('',(0.,0.,1.));
#4520 = ORIENTED_EDGE('',*,*,#4521,.T.);
#4521 = EDGE_CURVE('',#4514,#4522,#4524,.T.);
#4522 = VERTEX_POINT('',#4523);
#4523 = CARTESIAN_POINT('',(-540.,-200.,660.));
#4524 = CIRCLE('',#4525,90.);
#4525 = AXIS2_PLACEMENT_3D('',#4526,#4527,#4528);
#4526 = CARTESIAN_POINT('',(-540.,-290.,660.));
#4527 = DIRECTION('',(0.,0.,1.));
#4528 = DIRECTION('',(-1.,0.,0.));
#4529 = ORIENTED_EDGE('',*,*,#4530,.T.);
#4530 = EDGE_CURVE('',#4522,#4505,#4531,.T.);
#4531 = LINE('',#4532,#4533);
#4532 = CARTESIAN_POINT('',(-540.,-200.,660.));
#4533 = VECTOR('',#4534,1.);
#4534 = DIRECTION('',(0.,0.,1.));
#4535 = CYLINDRICAL_SURFACE('',#4536,90.);
#4536 = AXIS2_PLACEMENT_3D('',#4537,#4538,#4539);
#4537 = CARTESIAN_POINT('',(-540.,-290.,660.));
#4538 = DIRECTION('',(0.,0.,1.));
#4539 = DIRECTION('',(-1.,0.,0.));
#4540 = ADVANCED_FACE('',(#4541),#4566,.F.);
#4541 = FACE_BOUND('',#4542,.F.);
#4542 = EDGE_LOOP('',(#4543,#4551,#4552,#4560));
#4543 = ORIENTED_EDGE('',*,*,#4544,.F.);
#4544 = EDGE_CURVE('',#4522,#4545,#4547,.T.);
#4545 = VERTEX_POINT('',#4546);
#4546 = CARTESIAN_POINT('',(-1.86E+03,-200.,660.));
#4547 = LINE('',#4548,#4549);
#4548 = CARTESIAN_POINT('',(-540.,-200.,660.));
#4549 = VECTOR('',#4550,1.);
#4550 = DIRECTION('',(-1.,0.,0.));
#4551 = ORIENTED_EDGE('',*,*,#4530,.T.);
#4552 = ORIENTED_EDGE('',*,*,#4553,.T.);
#4553 = EDGE_CURVE('',#4505,#4554,#4556,.T.);
#4554 = VERTEX_POINT('',#4555);
#4555 = CARTESIAN_POINT('',(-1.86E+03,-200.,700.));
#4556 = LINE('',#4557,#4558);
#4557 = CARTESIAN_POINT('',(-540.,-200.,700.));
#4558 = VECTOR('',#4559,1.);
#4559 = DIRECTION('',(-1.,0.,0.));
#4560 = ORIENTED_EDGE('',*,*,#4561,.F.);
#4561 = EDGE_CURVE('',#4545,#4554,#4562,.T.);
#4562 = LINE('',#4563,#4564);
#4563 = CARTESIAN_POINT('',(-1.86E+03,-200.,660.));
#4564 = VECTOR('',#4565,1.);
#4565 = DIRECTION('',(0.,0.,1.));
#4566 = PLANE('',#4567);
#4567 = AXIS2_PLACEMENT_3D('',#4568,#4569,#4570);
#4568 = CARTESIAN_POINT('',(-540.,-200.,660.));
#4569 = DIRECTION('',(0.,-1.,0.));
#4570 = DIRECTION('',(0.,0.,1.));
#4571 = ADVANCED_FACE('',(#4572),#4597,.F.);
#4572 = FACE_BOUND('',#4573,.F.);
#4573 = EDGE_LOOP('',(#4574,#4575,#4583,#4591));
#4574 = ORIENTED_EDGE('',*,*,#4513,.F.);
#4575 = ORIENTED_EDGE('',*,*,#4576,.T.);
#4576 = EDGE_CURVE('',#4514,#4577,#4579,.T.);
#4577 = VERTEX_POINT('',#4578);
#4578 = CARTESIAN_POINT('',(-450.,-710.,660.));
#4579 = LINE('',#4580,#4581);
#4580 = CARTESIAN_POINT('',(-450.,-290.,660.));
#4581 = VECTOR('',#4582,1.);
#4582 = DIRECTION('',(0.,-1.,0.));
#4583 = ORIENTED_EDGE('',*,*,#4584,.T.);
#4584 = EDGE_CURVE('',#4577,#4585,#4587,.T.);
#4585 = VERTEX_POINT('',#4586);
#4586 = CARTESIAN_POINT('',(-450.,-710.,700.));
#4587 = LINE('',#4588,#4589);
#4588 = CARTESIAN_POINT('',(-450.,-710.,660.));
#4589 = VECTOR('',#4590,1.);
#4590 = DIRECTION('',(0.,0.,1.));
#4591 = ORIENTED_EDGE('',*,*,#4592,.F.);
#4592 = EDGE_CURVE('',#4503,#4585,#4593,.T.);
#4593 = LINE('',#4594,#4595);
#4594 = CARTESIAN_POINT('',(-450.,-290.,700.));
#4595 = VECTOR('',#4596,1.);
#4596 = DIRECTION('',(0.,-1.,0.));
#4597 = PLANE('',#4598);
#4598 = AXIS2_PLACEMENT_3D('',#4599,#4600,#4601);
#4599 = CARTESIAN_POINT('',(-450.,-290.,660.));
#4600 = DIRECTION('',(-1.,0.,0.));
#4601 = DIRECTION('',(0.,0.,1.));
#4602 = ADVANCED_FACE('',(#4603),#4630,.T.);
#4603 = FACE_BOUND('',#4604,.T.);
#4604 = EDGE_LOOP('',(#4605,#4614,#4615,#4624));
#4605 = ORIENTED_EDGE('',*,*,#4606,.F.);
#4606 = EDGE_CURVE('',#4554,#4607,#4609,.T.);
#4607 = VERTEX_POINT('',#4608);
#4608 = CARTESIAN_POINT('',(-1.95E+03,-290.,700.));
#4609 = CIRCLE('',#4610,90.);
#4610 = AXIS2_PLACEMENT_3D('',#4611,#4612,#4613);
#4611 = CARTESIAN_POINT('',(-1.86E+03,-290.,700.));
#4612 = DIRECTION('',(0.,0.,1.));
#4613 = DIRECTION('',(-1.,0.,0.));
#4614 = ORIENTED_EDGE('',*,*,#4561,.F.);
#4615 = ORIENTED_EDGE('',*,*,#4616,.T.);
#4616 = EDGE_CURVE('',#4545,#4617,#4619,.T.);
#4617 = VERTEX_POINT('',#4618);
#4618 = CARTESIAN_POINT('',(-1.95E+03,-290.,660.));
#4619 = CIRCLE('',#4620,90.);
#4620 = AXIS2_PLACEMENT_3D('',#4621,#4622,#4623);
#4621 = CARTESIAN_POINT('',(-1.86E+03,-290.,660.));
#4622 = DIRECTION('',(0.,0.,1.));
#4623 = DIRECTION('',(-1.,0.,0.));
#4624 = ORIENTED_EDGE('',*,*,#4625,.T.);
#4625 = EDGE_CURVE('',#4617,#4607,#4626,.T.);
#4626 = LINE('',#4627,#4628);
#4627 = CARTESIAN_POINT('',(-1.95E+03,-290.,660.));
#4628 = VECTOR('',#4629,1.);
#4629 = DIRECTION('',(0.,0.,1.));
#4630 = CYLINDRICAL_SURFACE('',#4631,90.);
#4631 = AXIS2_PLACEMENT_3D('',#4632,#4633,#4634);
#4632 = CARTESIAN_POINT('',(-1.86E+03,-290.,660.));
#4633 = DIRECTION('',(0.,0.,1.));
#4634 = DIRECTION('',(-1.,0.,0.));
#4635 = ADVANCED_FACE('',(#4636),#4663,.T.);
#4636 = FACE_BOUND('',#4637,.T.);
#4637 = EDGE_LOOP('',(#4638,#4647,#4655,#4662));
#4638 = ORIENTED_EDGE('',*,*,#4639,.F.);
#4639 = EDGE_CURVE('',#4640,#4585,#4642,.T.);
#4640 = VERTEX_POINT('',#4641);
#4641 = CARTESIAN_POINT('',(-540.,-800.,700.));
#4642 = CIRCLE('',#4643,90.);
#4643 = AXIS2_PLACEMENT_3D('',#4644,#4645,#4646);
#4644 = CARTESIAN_POINT('',(-540.,-710.,700.));
#4645 = DIRECTION('',(0.,0.,1.));
#4646 = DIRECTION('',(-1.,0.,0.));
#4647 = ORIENTED_EDGE('',*,*,#4648,.F.);
#4648 = EDGE_CURVE('',#4649,#4640,#4651,.T.);
#4649 = VERTEX_POINT('',#4650);
#4650 = CARTESIAN_POINT('',(-540.,-800.,660.));
#4651 = LINE('',#4652,#4653);
#4652 = CARTESIAN_POINT('',(-540.,-800.,660.));
#4653 = VECTOR('',#4654,1.);
#4654 = DIRECTION('',(0.,0.,1.));
#4655 = ORIENTED_EDGE('',*,*,#4656,.T.);
#4656 = EDGE_CURVE('',#4649,#4577,#4657,.T.);
#4657 = CIRCLE('',#4658,90.);
#4658 = AXIS2_PLACEMENT_3D('',#4659,#4660,#4661);
#4659 = CARTESIAN_POINT('',(-540.,-710.,660.));
#4660 = DIRECTION('',(0.,0.,1.));
#4661 = DIRECTION('',(-1.,0.,0.));
#4662 = ORIENTED_EDGE('',*,*,#4584,.T.);
#4663 = CYLINDRICAL_SURFACE('',#4664,90.);
#4664 = AXIS2_PLACEMENT_3D('',#4665,#4666,#4667);
#4665 = CARTESIAN_POINT('',(-540.,-710.,660.));
#4666 = DIRECTION('',(0.,0.,1.));
#4667 = DIRECTION('',(-1.,0.,0.));
#4668 = ADVANCED_FACE('',(#4669),#4694,.T.);
#4669 = FACE_BOUND('',#4670,.T.);
#4670 = EDGE_LOOP('',(#4671,#4679,#4680,#4688));
#4671 = ORIENTED_EDGE('',*,*,#4672,.F.);
#4672 = EDGE_CURVE('',#4649,#4673,#4675,.T.);
#4673 = VERTEX_POINT('',#4674);
#4674 = CARTESIAN_POINT('',(-1.86E+03,-800.,660.));
#4675 = LINE('',#4676,#4677);
#4676 = CARTESIAN_POINT('',(-540.,-800.,660.));
#4677 = VECTOR('',#4678,1.);
#4678 = DIRECTION('',(-1.,0.,0.));
#4679 = ORIENTED_EDGE('',*,*,#4648,.T.);
#4680 = ORIENTED_EDGE('',*,*,#4681,.T.);
#4681 = EDGE_CURVE('',#4640,#4682,#4684,.T.);
#4682 = VERTEX_POINT('',#4683);
#4683 = CARTESIAN_POINT('',(-1.86E+03,-800.,700.));
#4684 = LINE('',#4685,#4686);
#4685 = CARTESIAN_POINT('',(-540.,-800.,700.));
#4686 = VECTOR('',#4687,1.);
#4687 = DIRECTION('',(-1.,0.,0.));
#4688 = ORIENTED_EDGE('',*,*,#4689,.F.);
#4689 = EDGE_CURVE('',#4673,#4682,#4690,.T.);
#4690 = LINE('',#4691,#4692);
#4691 = CARTESIAN_POINT('',(-1.86E+03,-800.,660.));
#4692 = VECTOR('',#4693,1.);
#4693 = DIRECTION('',(0.,0.,1.));
#4694 = PLANE('',#4695);
#4695 = AXIS2_PLACEMENT_3D('',#4696,#4697,#4698);
#4696 = CARTESIAN_POINT('',(-540.,-800.,660.));
#4697 = DIRECTION('',(0.,-1.,0.));
#4698 = DIRECTION('',(0.,0.,1.));
#4699 = ADVANCED_FACE('',(#4700),#4725,.T.);
#4700 = FACE_BOUND('',#4701,.T.);
#4701 = EDGE_LOOP('',(#4702,#4703,#4711,#4719));
#4702 = ORIENTED_EDGE('',*,*,#4625,.F.);
#4703 = ORIENTED_EDGE('',*,*,#4704,.T.);
#4704 = EDGE_CURVE('',#4617,#4705,#4707,.T.);
#4705 = VERTEX_POINT('',#4706);
#4706 = CARTESIAN_POINT('',(-1.95E+03,-710.,660.));
#4707 = LINE('',#4708,#4709);
#4708 = CARTESIAN_POINT('',(-1.95E+03,-290.,660.));
#4709 = VECTOR('',#4710,1.);
#4710 = DIRECTION('',(0.,-1.,0.));
#4711 = ORIENTED_EDGE('',*,*,#4712,.T.);
#4712 = EDGE_CURVE('',#4705,#4713,#4715,.T.);
#4713 = VERTEX_POINT('',#4714);
#4714 = CARTESIAN_POINT('',(-1.95E+03,-710.,700.));
#4715 = LINE('',#4716,#4717);
#4716 = CARTESIAN_POINT('',(-1.95E+03,-710.,660.));
#4717 = VECTOR('',#4718,1.);
#4718 = DIRECTION('',(0.,0.,1.));
#4719 = ORIENTED_EDGE('',*,*,#4720,.F.);
#4720 = EDGE_CURVE('',#4607,#4713,#4721,.T.);
#4721 = LINE('',#4722,#4723);
#4722 = CARTESIAN_POINT('',(-1.95E+03,-290.,700.));
#4723 = VECTOR('',#4724,1.);
#4724 = DIRECTION('',(0.,-1.,0.));
#4725 = PLANE('',#4726);
#4726 = AXIS2_PLACEMENT_3D('',#4727,#4728,#4729);
#4727 = CARTESIAN_POINT('',(-1.95E+03,-290.,660.));
#4728 = DIRECTION('',(-1.,0.,0.));
#4729 = DIRECTION('',(0.,0.,1.));
#4730 = ADVANCED_FACE('',(#4731),#4749,.T.);
#4731 = FACE_BOUND('',#4732,.T.);
#4732 = EDGE_LOOP('',(#4733,#4740,#4741,#4748));
#4733 = ORIENTED_EDGE('',*,*,#4734,.F.);
#4734 = EDGE_CURVE('',#4713,#4682,#4735,.T.);
#4735 = CIRCLE('',#4736,90.);
#4736 = AXIS2_PLACEMENT_3D('',#4737,#4738,#4739);
#4737 = CARTESIAN_POINT('',(-1.86E+03,-710.,700.));
#4738 = DIRECTION('',(0.,0.,1.));
#4739 = DIRECTION('',(-1.,0.,0.));
#4740 = ORIENTED_EDGE('',*,*,#4712,.F.);
#4741 = ORIENTED_EDGE('',*,*,#4742,.T.);
#4742 = EDGE_CURVE('',#4705,#4673,#4743,.T.);
#4743 = CIRCLE('',#4744,90.);
#4744 = AXIS2_PLACEMENT_3D('',#4745,#4746,#4747);
#4745 = CARTESIAN_POINT('',(-1.86E+03,-710.,660.));
#4746 = DIRECTION('',(0.,0.,1.));
#4747 = DIRECTION('',(-1.,0.,0.));
#4748 = ORIENTED_EDGE('',*,*,#4689,.T.);
#4749 = CYLINDRICAL_SURFACE('',#4750,90.);
#4750 = AXIS2_PLACEMENT_3D('',#4751,#4752,#4753);
#4751 = CARTESIAN_POINT('',(-1.86E+03,-710.,660.));
#4752 = DIRECTION('',(0.,0.,1.));
#4753 = DIRECTION('',(-1.,0.,0.));
#4754 = ADVANCED_FACE('',(#4755),#4765,.T.);
#4755 = FACE_BOUND('',#4756,.T.);
#4756 = EDGE_LOOP('',(#4757,#4758,#4759,#4760,#4761,#4762,#4763,#4764));
#4757 = ORIENTED_EDGE('',*,*,#4502,.T.);
#4758 = ORIENTED_EDGE('',*,*,#4553,.T.);
#4759 = ORIENTED_EDGE('',*,*,#4606,.T.);
#4760 = ORIENTED_EDGE('',*,*,#4720,.T.);
#4761 = ORIENTED_EDGE('',*,*,#4734,.T.);
#4762 = ORIENTED_EDGE('',*,*,#4681,.F.);
#4763 = ORIENTED_EDGE('',*,*,#4639,.T.);
#4764 = ORIENTED_EDGE('',*,*,#4592,.F.);
#4765 = PLANE('',#4766);
#4766 = AXIS2_PLACEMENT_3D('',#4767,#4768,#4769);
#4767 = CARTESIAN_POINT('',(-1.2E+03,-500.,700.));
#4768 = DIRECTION('',(0.,0.,1.));
#4769 = DIRECTION('',(-1.,0.,0.));
#4770 = ADVANCED_FACE('',(#4771),#4781,.T.);
#4771 = FACE_BOUND('',#4772,.T.);
#4772 = EDGE_LOOP('',(#4773,#4774,#4775,#4776,#4777,#4778,#4779,#4780));
#4773 = ORIENTED_EDGE('',*,*,#4521,.F.);
#4774 = ORIENTED_EDGE('',*,*,#4576,.T.);
#4775 = ORIENTED_EDGE('',*,*,#4656,.F.);
#4776 = ORIENTED_EDGE('',*,*,#4672,.T.);
#4777 = ORIENTED_EDGE('',*,*,#4742,.F.);
#4778 = ORIENTED_EDGE('',*,*,#4704,.F.);
#4779 = ORIENTED_EDGE('',*,*,#4616,.F.);
#4780 = ORIENTED_EDGE('',*,*,#4544,.F.);
#4781 = PLANE('',#4782);
#4782 = AXIS2_PLACEMENT_3D('',#4783,#4784,#4785);
#4783 = CARTESIAN_POINT('',(-1.2E+03,-500.,660.));
#4784 = DIRECTION('',(0.,0.,-1.));
#4785 = DIRECTION('',(1.,0.,0.));
#4786 = MANIFOLD_SOLID_BREP('',#4787);
#4787 = CLOSED_SHELL('',(#4788,#4821,#4830));
#4788 = ADVANCED_FACE('',(#4789),#4816,.T.);
#4789 = FACE_BOUND('',#4790,.T.);
#4790 = EDGE_LOOP('',(#4791,#4800,#4808,#4815));
#4791 = ORIENTED_EDGE('',*,*,#4792,.F.);
#4792 = EDGE_CURVE('',#4793,#4793,#4795,.T.);
#4793 = VERTEX_POINT('',#4794);
#4794 = CARTESIAN_POINT('',(-1.277E+03,-500.,660.));
#4795 = CIRCLE('',#4796,43.);
#4796 = AXIS2_PLACEMENT_3D('',#4797,#4798,#4799);
#4797 = CARTESIAN_POINT('',(-1.32E+03,-500.,660.));
#4798 = DIRECTION('',(0.,0.,1.));
#4799 = DIRECTION('',(1.,0.,0.));
#4800 = ORIENTED_EDGE('',*,*,#4801,.F.);
#4801 = EDGE_CURVE('',#4802,#4793,#4804,.T.);
#4802 = VERTEX_POINT('',#4803);
#4803 = CARTESIAN_POINT('',(-1.277E+03,-500.,301.));
#4804 = LINE('',#4805,#4806);
#4805 = CARTESIAN_POINT('',(-1.277E+03,-500.,301.));
#4806 = VECTOR('',#4807,1.);
#4807 = DIRECTION('',(0.,0.,1.));
#4808 = ORIENTED_EDGE('',*,*,#4809,.T.);
#4809 = EDGE_CURVE('',#4802,#4802,#4810,.T.);
#4810 = CIRCLE('',#4811,43.);
#4811 = AXIS2_PLACEMENT_3D('',#4812,#4813,#4814);
#4812 = CARTESIAN_POINT('',(-1.32E+03,-500.,301.));
#4813 = DIRECTION('',(0.,0.,1.));
#4814 = DIRECTION('',(1.,0.,0.));
#4815 = ORIENTED_EDGE('',*,*,#4801,.T.);
#4816 = CYLINDRICAL_SURFACE('',#4817,43.);
#4817 = AXIS2_PLACEMENT_3D('',#4818,#4819,#4820);
#4818 = CARTESIAN_POINT('',(-1.32E+03,-500.,301.));
#4819 = DIRECTION('',(0.,0.,1.));
#4820 = DIRECTION('',(1.,0.,0.));
#4821 = ADVANCED_FACE('',(#4822),#4825,.T.);
#4822 = FACE_BOUND('',#4823,.T.);
#4823 = EDGE_LOOP('',(#4824));
#4824 = ORIENTED_EDGE('',*,*,#4792,.T.);
#4825 = PLANE('',#4826);
#4826 = AXIS2_PLACEMENT_3D('',#4827,#4828,#4829);
#4827 = CARTESIAN_POINT('',(-1.32E+03,-500.,660.));
#4828 = DIRECTION('',(0.,0.,1.));
#4829 = DIRECTION('',(1.,0.,0.));
#4830 = ADVANCED_FACE('',(#4831),#4834,.F.);
#4831 = FACE_BOUND('',#4832,.T.);
#4832 = EDGE_LOOP('',(#4833));
#4833 = ORIENTED_EDGE('',*,*,#4809,.F.);
#4834 = PLANE('',#4835);
#4835 = AXIS2_PLACEMENT_3D('',#4836,#4837,#4838);
#4836 = CARTESIAN_POINT('',(-1.32E+03,-500.,301.));
#4837 = DIRECTION('',(0.,0.,1.));
#4838 = DIRECTION('',(1.,0.,0.));
#4839 = MANIFOLD_SOLID_BREP('',#4840);
#4840 = CLOSED_SHELL('',(#4841,#4881,#4912,#4943,#4974,#5005,#5027,#5041
    ));
#4841 = ADVANCED_FACE('',(#4842),#4876,.F.);
#4842 = FACE_BOUND('',#4843,.F.);
#4843 = EDGE_LOOP('',(#4844,#4854,#4862,#4870));
#4844 = ORIENTED_EDGE('',*,*,#4845,.T.);
#4845 = EDGE_CURVE('',#4846,#4848,#4850,.T.);
#4846 = VERTEX_POINT('',#4847);
#4847 = CARTESIAN_POINT('',(658.17930687617,380.,700.));
#4848 = VERTEX_POINT('',#4849);
#4849 = CARTESIAN_POINT('',(658.17930687617,380.,740.));
#4850 = LINE('',#4851,#4852);
#4851 = CARTESIAN_POINT('',(658.17930687617,380.,700.));
#4852 = VECTOR('',#4853,1.);
#4853 = DIRECTION('',(0.,0.,1.));
#4854 = ORIENTED_EDGE('',*,*,#4855,.T.);
#4855 = EDGE_CURVE('',#4848,#4856,#4858,.T.);
#4856 = VERTEX_POINT('',#4857);
#4857 = CARTESIAN_POINT('',(4.65365783676E-14,760.,740.));
#4858 = LINE('',#4859,#4860);
#4859 = CARTESIAN_POINT('',(658.17930687617,380.,740.));
#4860 = VECTOR('',#4861,1.);
#4861 = DIRECTION('',(-0.866025403784,0.5,0.));
#4862 = ORIENTED_EDGE('',*,*,#4863,.F.);
#4863 = EDGE_CURVE('',#4864,#4856,#4866,.T.);
#4864 = VERTEX_POINT('',#4865);
#4865 = CARTESIAN_POINT('',(4.65365783676E-14,760.,700.));
#4866 = LINE('',#4867,#4868);
#4867 = CARTESIAN_POINT('',(4.65365783676E-14,760.,700.));
#4868 = VECTOR('',#4869,1.);
#4869 = DIRECTION('',(0.,0.,1.));
#4870 = ORIENTED_EDGE('',*,*,#4871,.F.);
#4871 = EDGE_CURVE('',#4846,#4864,#4872,.T.);
#4872 = LINE('',#4873,#4874);
#4873 = CARTESIAN_POINT('',(658.17930687617,380.,700.));
#4874 = VECTOR('',#4875,1.);
#4875 = DIRECTION('',(-0.866025403784,0.5,0.));
#4876 = PLANE('',#4877);
#4877 = AXIS2_PLACEMENT_3D('',#4878,#4879,#4880);
#4878 = CARTESIAN_POINT('',(658.17930687617,380.,700.));
#4879 = DIRECTION('',(-0.5,-0.866025403784,0.));
#4880 = DIRECTION('',(-0.866025403784,0.5,0.));
#4881 = ADVANCED_FACE('',(#4882),#4907,.F.);
#4882 = FACE_BOUND('',#4883,.F.);
#4883 = EDGE_LOOP('',(#4884,#4885,#4893,#4901));
#4884 = ORIENTED_EDGE('',*,*,#4863,.T.);
#4885 = ORIENTED_EDGE('',*,*,#4886,.T.);
#4886 = EDGE_CURVE('',#4856,#4887,#4889,.T.);
#4887 = VERTEX_POINT('',#4888);
#4888 = CARTESIAN_POINT('',(-658.1793068761,380.,740.));
#4889 = LINE('',#4890,#4891);
#4890 = CARTESIAN_POINT('',(4.65365783676E-14,760.,740.));
#4891 = VECTOR('',#4892,1.);
#4892 = DIRECTION('',(-0.866025403784,-0.5,0.));
#4893 = ORIENTED_EDGE('',*,*,#4894,.F.);
#4894 = EDGE_CURVE('',#4895,#4887,#4897,.T.);
#4895 = VERTEX_POINT('',#4896);
#4896 = CARTESIAN_POINT('',(-658.1793068761,380.,700.));
#4897 = LINE('',#4898,#4899);
#4898 = CARTESIAN_POINT('',(-658.1793068761,380.,700.));
#4899 = VECTOR('',#4900,1.);
#4900 = DIRECTION('',(0.,0.,1.));
#4901 = ORIENTED_EDGE('',*,*,#4902,.F.);
#4902 = EDGE_CURVE('',#4864,#4895,#4903,.T.);
#4903 = LINE('',#4904,#4905);
#4904 = CARTESIAN_POINT('',(4.65365783676E-14,760.,700.));
#4905 = VECTOR('',#4906,1.);
#4906 = DIRECTION('',(-0.866025403784,-0.5,0.));
#4907 = PLANE('',#4908);
#4908 = AXIS2_PLACEMENT_3D('',#4909,#4910,#4911);
#4909 = CARTESIAN_POINT('',(4.65365783676E-14,760.,700.));
#4910 = DIRECTION('',(0.5,-0.866025403784,0.));
#4911 = DIRECTION('',(-0.866025403784,-0.5,0.));
#4912 = ADVANCED_FACE('',(#4913),#4938,.F.);
#4913 = FACE_BOUND('',#4914,.F.);
#4914 = EDGE_LOOP('',(#4915,#4916,#4924,#4932));
#4915 = ORIENTED_EDGE('',*,*,#4894,.T.);
#4916 = ORIENTED_EDGE('',*,*,#4917,.T.);
#4917 = EDGE_CURVE('',#4887,#4918,#4920,.T.);
#4918 = VERTEX_POINT('',#4919);
#4919 = CARTESIAN_POINT('',(-658.1793068761,-380.,740.));
#4920 = LINE('',#4921,#4922);
#4921 = CARTESIAN_POINT('',(-658.1793068761,380.,740.));
#4922 = VECTOR('',#4923,1.);
#4923 = DIRECTION('',(1.495879443705E-16,-1.,0.));
#4924 = ORIENTED_EDGE('',*,*,#4925,.F.);
#4925 = EDGE_CURVE('',#4926,#4918,#4928,.T.);
#4926 = VERTEX_POINT('',#4927);
#4927 = CARTESIAN_POINT('',(-658.1793068761,-380.,700.));
#4928 = LINE('',#4929,#4930);
#4929 = CARTESIAN_POINT('',(-658.1793068761,-380.,700.));
#4930 = VECTOR('',#4931,1.);
#4931 = DIRECTION('',(0.,0.,1.));
#4932 = ORIENTED_EDGE('',*,*,#4933,.F.);
#4933 = EDGE_CURVE('',#4895,#4926,#4934,.T.);
#4934 = LINE('',#4935,#4936);
#4935 = CARTESIAN_POINT('',(-658.1793068761,380.,700.));
#4936 = VECTOR('',#4937,1.);
#4937 = DIRECTION('',(1.495879443705E-16,-1.,0.));
#4938 = PLANE('',#4939);
#4939 = AXIS2_PLACEMENT_3D('',#4940,#4941,#4942);
#4940 = CARTESIAN_POINT('',(-658.1793068761,380.,700.));
#4941 = DIRECTION('',(1.,1.495879443705E-16,0.));
#4942 = DIRECTION('',(1.495879443705E-16,-1.,0.));
#4943 = ADVANCED_FACE('',(#4944),#4969,.F.);
#4944 = FACE_BOUND('',#4945,.F.);
#4945 = EDGE_LOOP('',(#4946,#4947,#4955,#4963));
#4946 = ORIENTED_EDGE('',*,*,#4925,.T.);
#4947 = ORIENTED_EDGE('',*,*,#4948,.T.);
#4948 = EDGE_CURVE('',#4918,#4949,#4951,.T.);
#4949 = VERTEX_POINT('',#4950);
#4950 = CARTESIAN_POINT('',(-1.396097351028E-13,-760.,740.));
#4951 = LINE('',#4952,#4953);
#4952 = CARTESIAN_POINT('',(-658.1793068761,-380.,740.));
#4953 = VECTOR('',#4954,1.);
#4954 = DIRECTION('',(0.866025403784,-0.5,0.));
#4955 = ORIENTED_EDGE('',*,*,#4956,.F.);
#4956 = EDGE_CURVE('',#4957,#4949,#4959,.T.);
#4957 = VERTEX_POINT('',#4958);
#4958 = CARTESIAN_POINT('',(-1.396097351028E-13,-760.,700.));
#4959 = LINE('',#4960,#4961);
#4960 = CARTESIAN_POINT('',(-1.396097351028E-13,-760.,700.));
#4961 = VECTOR('',#4962,1.);
#4962 = DIRECTION('',(0.,0.,1.));
#4963 = ORIENTED_EDGE('',*,*,#4964,.F.);
#4964 = EDGE_CURVE('',#4926,#4957,#4965,.T.);
#4965 = LINE('',#4966,#4967);
#4966 = CARTESIAN_POINT('',(-658.1793068761,-380.,700.));
#4967 = VECTOR('',#4968,1.);
#4968 = DIRECTION('',(0.866025403784,-0.5,0.));
#4969 = PLANE('',#4970);
#4970 = AXIS2_PLACEMENT_3D('',#4971,#4972,#4973);
#4971 = CARTESIAN_POINT('',(-658.1793068761,-380.,700.));
#4972 = DIRECTION('',(0.5,0.866025403784,0.));
#4973 = DIRECTION('',(0.866025403784,-0.5,0.));
#4974 = ADVANCED_FACE('',(#4975),#5000,.F.);
#4975 = FACE_BOUND('',#4976,.F.);
#4976 = EDGE_LOOP('',(#4977,#4978,#4986,#4994));
#4977 = ORIENTED_EDGE('',*,*,#4956,.T.);
#4978 = ORIENTED_EDGE('',*,*,#4979,.T.);
#4979 = EDGE_CURVE('',#4949,#4980,#4982,.T.);
#4980 = VERTEX_POINT('',#4981);
#4981 = CARTESIAN_POINT('',(658.17930687617,-380.,740.));
#4982 = LINE('',#4983,#4984);
#4983 = CARTESIAN_POINT('',(-1.396097351028E-13,-760.,740.));
#4984 = VECTOR('',#4985,1.);
#4985 = DIRECTION('',(0.866025403784,0.5,0.));
#4986 = ORIENTED_EDGE('',*,*,#4987,.F.);
#4987 = EDGE_CURVE('',#4988,#4980,#4990,.T.);
#4988 = VERTEX_POINT('',#4989);
#4989 = CARTESIAN_POINT('',(658.17930687617,-380.,700.));
#4990 = LINE('',#4991,#4992);
#4991 = CARTESIAN_POINT('',(658.17930687617,-380.,700.));
#4992 = VECTOR('',#4993,1.);
#4993 = DIRECTION('',(0.,0.,1.));
#4994 = ORIENTED_EDGE('',*,*,#4995,.F.);
#4995 = EDGE_CURVE('',#4957,#4988,#4996,.T.);
#4996 = LINE('',#4997,#4998);
#4997 = CARTESIAN_POINT('',(-1.396097351028E-13,-760.,700.));
#4998 = VECTOR('',#4999,1.);
#4999 = DIRECTION('',(0.866025403784,0.5,0.));
#5000 = PLANE('',#5001);
#5001 = AXIS2_PLACEMENT_3D('',#5002,#5003,#5004);
#5002 = CARTESIAN_POINT('',(-1.396097351028E-13,-760.,700.));
#5003 = DIRECTION('',(-0.5,0.866025403784,0.));
#5004 = DIRECTION('',(0.866025403784,0.5,0.));
#5005 = ADVANCED_FACE('',(#5006),#5022,.F.);
#5006 = FACE_BOUND('',#5007,.F.);
#5007 = EDGE_LOOP('',(#5008,#5009,#5015,#5016));
#5008 = ORIENTED_EDGE('',*,*,#4987,.T.);
#5009 = ORIENTED_EDGE('',*,*,#5010,.T.);
#5010 = EDGE_CURVE('',#4980,#4848,#5011,.T.);
#5011 = LINE('',#5012,#5013);
#5012 = CARTESIAN_POINT('',(658.17930687617,-380.,740.));
#5013 = VECTOR('',#5014,1.);
#5014 = DIRECTION('',(2.991758887411E-16,1.,0.));
#5015 = ORIENTED_EDGE('',*,*,#4845,.F.);
#5016 = ORIENTED_EDGE('',*,*,#5017,.F.);
#5017 = EDGE_CURVE('',#4988,#4846,#5018,.T.);
#5018 = LINE('',#5019,#5020);
#5019 = CARTESIAN_POINT('',(658.17930687617,-380.,700.));
#5020 = VECTOR('',#5021,1.);
#5021 = DIRECTION('',(2.991758887411E-16,1.,0.));
#5022 = PLANE('',#5023);
#5023 = AXIS2_PLACEMENT_3D('',#5024,#5025,#5026);
#5024 = CARTESIAN_POINT('',(658.17930687617,-380.,700.));
#5025 = DIRECTION('',(-1.,2.991758887411E-16,0.));
#5026 = DIRECTION('',(2.991758887411E-16,1.,0.));
#5027 = ADVANCED_FACE('',(#5028),#5036,.F.);
#5028 = FACE_BOUND('',#5029,.F.);
#5029 = EDGE_LOOP('',(#5030,#5031,#5032,#5033,#5034,#5035));
#5030 = ORIENTED_EDGE('',*,*,#4871,.T.);
#5031 = ORIENTED_EDGE('',*,*,#4902,.T.);
#5032 = ORIENTED_EDGE('',*,*,#4933,.T.);
#5033 = ORIENTED_EDGE('',*,*,#4964,.T.);
#5034 = ORIENTED_EDGE('',*,*,#4995,.T.);
#5035 = ORIENTED_EDGE('',*,*,#5017,.T.);
#5036 = PLANE('',#5037);
#5037 = AXIS2_PLACEMENT_3D('',#5038,#5039,#5040);
#5038 = CARTESIAN_POINT('',(9.328785556934E-15,-2.834363392794E-30,700.)
  );
#5039 = DIRECTION('',(0.,0.,1.));
#5040 = DIRECTION('',(1.,0.,0.));
#5041 = ADVANCED_FACE('',(#5042),#5050,.T.);
#5042 = FACE_BOUND('',#5043,.T.);
#5043 = EDGE_LOOP('',(#5044,#5045,#5046,#5047,#5048,#5049));
#5044 = ORIENTED_EDGE('',*,*,#4855,.T.);
#5045 = ORIENTED_EDGE('',*,*,#4886,.T.);
#5046 = ORIENTED_EDGE('',*,*,#4917,.T.);
#5047 = ORIENTED_EDGE('',*,*,#4948,.T.);
#5048 = ORIENTED_EDGE('',*,*,#4979,.T.);
#5049 = ORIENTED_EDGE('',*,*,#5010,.T.);
#5050 = PLANE('',#5051);
#5051 = AXIS2_PLACEMENT_3D('',#5052,#5053,#5054);
#5052 = CARTESIAN_POINT('',(9.328785556934E-15,-2.834363392794E-30,740.)
  );
#5053 = DIRECTION('',(0.,0.,1.));
#5054 = DIRECTION('',(1.,0.,0.));
#5055 = MANIFOLD_SOLID_BREP('',#5056);
#5056 = CLOSED_SHELL('',(#5057,#5099,#5130,#5161,#5194,#5227,#5258,#5289
    ,#5313,#5329));
#5057 = ADVANCED_FACE('',(#5058),#5094,.T.);
#5058 = FACE_BOUND('',#5059,.T.);
#5059 = EDGE_LOOP('',(#5060,#5071,#5079,#5088));
#5060 = ORIENTED_EDGE('',*,*,#5061,.F.);
#5061 = EDGE_CURVE('',#5062,#5064,#5066,.T.);
#5062 = VERTEX_POINT('',#5063);
#5063 = CARTESIAN_POINT('',(432.22431864335,408.63448015713,740.));
#5064 = VERTEX_POINT('',#5065);
#5065 = CARTESIAN_POINT('',(527.84609690826,434.25625842204,740.));
#5066 = CIRCLE('',#5067,70.);
#5067 = AXIS2_PLACEMENT_3D('',#5068,#5069,#5070);
#5068 = CARTESIAN_POINT('',(467.22431864335,469.25625842204,740.));
#5069 = DIRECTION('',(0.,-0.,1.));
#5070 = DIRECTION('',(0.5,0.866025403784,0.));
#5071 = ORIENTED_EDGE('',*,*,#5072,.F.);
#5072 = EDGE_CURVE('',#5073,#5062,#5075,.T.);
#5073 = VERTEX_POINT('',#5074);
#5074 = CARTESIAN_POINT('',(432.22431864335,408.63448015713,700.));
#5075 = LINE('',#5076,#5077);
#5076 = CARTESIAN_POINT('',(432.22431864335,408.63448015713,700.));
#5077 = VECTOR('',#5078,1.);
#5078 = DIRECTION('',(0.,0.,1.));
#5079 = ORIENTED_EDGE('',*,*,#5080,.T.);
#5080 = EDGE_CURVE('',#5073,#5081,#5083,.T.);
#5081 = VERTEX_POINT('',#5082);
#5082 = CARTESIAN_POINT('',(527.84609690826,434.25625842204,700.));
#5083 = CIRCLE('',#5084,70.);
#5084 = AXIS2_PLACEMENT_3D('',#5085,#5086,#5087);
#5085 = CARTESIAN_POINT('',(467.22431864335,469.25625842204,700.));
#5086 = DIRECTION('',(0.,-0.,1.));
#5087 = DIRECTION('',(0.5,0.866025403784,0.));
#5088 = ORIENTED_EDGE('',*,*,#5089,.T.);
#5089 = EDGE_CURVE('',#5081,#5064,#5090,.T.);
#5090 = LINE('',#5091,#5092);
#5091 = CARTESIAN_POINT('',(527.84609690826,434.25625842204,700.));
#5092 = VECTOR('',#5093,1.);
#5093 = DIRECTION('',(0.,0.,1.));
#5094 = CYLINDRICAL_SURFACE('',#5095,70.);
#5095 = AXIS2_PLACEMENT_3D('',#5096,#5097,#5098);
#5096 = CARTESIAN_POINT('',(467.22431864335,469.25625842204,700.));
#5097 = DIRECTION('',(0.,0.,1.));
#5098 = DIRECTION('',(0.5,0.866025403784,0.));
#5099 = ADVANCED_FACE('',(#5100),#5125,.F.);
#5100 = FACE_BOUND('',#5101,.F.);
#5101 = EDGE_LOOP('',(#5102,#5110,#5111,#5119));
#5102 = ORIENTED_EDGE('',*,*,#5103,.F.);
#5103 = EDGE_CURVE('',#5081,#5104,#5106,.T.);
#5104 = VERTEX_POINT('',#5105);
#5105 = CARTESIAN_POINT('',(1.067846096908E+03,1.369563694509E+03,700.)
  );
#5106 = LINE('',#5107,#5108);
#5107 = CARTESIAN_POINT('',(527.84609690826,434.25625842204,700.));
#5108 = VECTOR('',#5109,1.);
#5109 = DIRECTION('',(0.5,0.866025403784,0.));
#5110 = ORIENTED_EDGE('',*,*,#5089,.T.);
#5111 = ORIENTED_EDGE('',*,*,#5112,.T.);
#5112 = EDGE_CURVE('',#5064,#5113,#5115,.T.);
#5113 = VERTEX_POINT('',#5114);
#5114 = CARTESIAN_POINT('',(1.067846096908E+03,1.369563694509E+03,740.)
  );
#5115 = LINE('',#5116,#5117);
#5116 = CARTESIAN_POINT('',(527.84609690826,434.25625842204,740.));
#5117 = VECTOR('',#5118,1.);
#5118 = DIRECTION('',(0.5,0.866025403784,0.));
#5119 = ORIENTED_EDGE('',*,*,#5120,.F.);
#5120 = EDGE_CURVE('',#5104,#5113,#5121,.T.);
#5121 = LINE('',#5122,#5123);
#5122 = CARTESIAN_POINT('',(1.067846096908E+03,1.369563694509E+03,700.)
  );
#5123 = VECTOR('',#5124,1.);
#5124 = DIRECTION('',(0.,0.,1.));
#5125 = PLANE('',#5126);
#5126 = AXIS2_PLACEMENT_3D('',#5127,#5128,#5129);
#5127 = CARTESIAN_POINT('',(527.84609690826,434.25625842204,700.));
#5128 = DIRECTION('',(-0.866025403784,0.5,0.));
#5129 = DIRECTION('',(0.,0.,1.));
#5130 = ADVANCED_FACE('',(#5131),#5156,.F.);
#5131 = FACE_BOUND('',#5132,.F.);
#5132 = EDGE_LOOP('',(#5133,#5134,#5142,#5150));
#5133 = ORIENTED_EDGE('',*,*,#5072,.F.);
#5134 = ORIENTED_EDGE('',*,*,#5135,.T.);
#5135 = EDGE_CURVE('',#5073,#5136,#5138,.T.);
#5136 = VERTEX_POINT('',#5137);
#5137 = CARTESIAN_POINT('',(137.77568135664,578.63448015713,700.));
#5138 = LINE('',#5139,#5140);
#5139 = CARTESIAN_POINT('',(432.22431864335,408.63448015713,700.));
#5140 = VECTOR('',#5141,1.);
#5141 = DIRECTION('',(-0.866025403784,0.5,0.));
#5142 = ORIENTED_EDGE('',*,*,#5143,.T.);
#5143 = EDGE_CURVE('',#5136,#5144,#5146,.T.);
#5144 = VERTEX_POINT('',#5145);
#5145 = CARTESIAN_POINT('',(137.77568135664,578.63448015713,740.));
#5146 = LINE('',#5147,#5148);
#5147 = CARTESIAN_POINT('',(137.77568135664,578.63448015713,700.));
#5148 = VECTOR('',#5149,1.);
#5149 = DIRECTION('',(0.,0.,1.));
#5150 = ORIENTED_EDGE('',*,*,#5151,.F.);
#5151 = EDGE_CURVE('',#5062,#5144,#5152,.T.);
#5152 = LINE('',#5153,#5154);
#5153 = CARTESIAN_POINT('',(432.22431864335,408.63448015713,740.));
#5154 = VECTOR('',#5155,1.);
#5155 = DIRECTION('',(-0.866025403784,0.5,0.));
#5156 = PLANE('',#5157);
#5157 = AXIS2_PLACEMENT_3D('',#5158,#5159,#5160);
#5158 = CARTESIAN_POINT('',(432.22431864335,408.63448015713,700.));
#5159 = DIRECTION('',(0.5,0.866025403784,0.));
#5160 = DIRECTION('',(0.,0.,1.));
#5161 = ADVANCED_FACE('',(#5162),#5189,.T.);
#5162 = FACE_BOUND('',#5163,.T.);
#5163 = EDGE_LOOP('',(#5164,#5173,#5174,#5183));
#5164 = ORIENTED_EDGE('',*,*,#5165,.F.);
#5165 = EDGE_CURVE('',#5113,#5166,#5168,.T.);
#5166 = VERTEX_POINT('',#5167);
#5167 = CARTESIAN_POINT('',(1.042224318643E+03,1.465185472774E+03,740.)
  );
#5168 = CIRCLE('',#5169,70.);
#5169 = AXIS2_PLACEMENT_3D('',#5170,#5171,#5172);
#5170 = CARTESIAN_POINT('',(1.007224318643E+03,1.404563694509E+03,740.)
  );
#5171 = DIRECTION('',(0.,-0.,1.));
#5172 = DIRECTION('',(0.5,0.866025403784,0.));
#5173 = ORIENTED_EDGE('',*,*,#5120,.F.);
#5174 = ORIENTED_EDGE('',*,*,#5175,.T.);
#5175 = EDGE_CURVE('',#5104,#5176,#5178,.T.);
#5176 = VERTEX_POINT('',#5177);
#5177 = CARTESIAN_POINT('',(1.042224318643E+03,1.465185472774E+03,700.)
  );
#5178 = CIRCLE('',#5179,70.);
#5179 = AXIS2_PLACEMENT_3D('',#5180,#5181,#5182);
#5180 = CARTESIAN_POINT('',(1.007224318643E+03,1.404563694509E+03,700.)
  );
#5181 = DIRECTION('',(0.,-0.,1.));
#5182 = DIRECTION('',(0.5,0.866025403784,0.));
#5183 = ORIENTED_EDGE('',*,*,#5184,.T.);
#5184 = EDGE_CURVE('',#5176,#5166,#5185,.T.);
#5185 = LINE('',#5186,#5187);
#5186 = CARTESIAN_POINT('',(1.042224318643E+03,1.465185472774E+03,700.)
  );
#5187 = VECTOR('',#5188,1.);
#5188 = DIRECTION('',(0.,0.,1.));
#5189 = CYLINDRICAL_SURFACE('',#5190,70.);
#5190 = AXIS2_PLACEMENT_3D('',#5191,#5192,#5193);
#5191 = CARTESIAN_POINT('',(1.007224318643E+03,1.404563694509E+03,700.)
  );
#5192 = DIRECTION('',(0.,0.,1.));
#5193 = DIRECTION('',(0.5,0.866025403784,0.));
#5194 = ADVANCED_FACE('',(#5195),#5222,.T.);
#5195 = FACE_BOUND('',#5196,.T.);
#5196 = EDGE_LOOP('',(#5197,#5206,#5214,#5221));
#5197 = ORIENTED_EDGE('',*,*,#5198,.F.);
#5198 = EDGE_CURVE('',#5199,#5144,#5201,.T.);
#5199 = VERTEX_POINT('',#5200);
#5200 = CARTESIAN_POINT('',(112.15390309173,674.25625842204,740.));
#5201 = CIRCLE('',#5202,70.);
#5202 = AXIS2_PLACEMENT_3D('',#5203,#5204,#5205);
#5203 = CARTESIAN_POINT('',(172.77568135664,639.25625842204,740.));
#5204 = DIRECTION('',(0.,-0.,1.));
#5205 = DIRECTION('',(0.5,0.866025403784,0.));
#5206 = ORIENTED_EDGE('',*,*,#5207,.F.);
#5207 = EDGE_CURVE('',#5208,#5199,#5210,.T.);
#5208 = VERTEX_POINT('',#5209);
#5209 = CARTESIAN_POINT('',(112.15390309173,674.25625842204,700.));
#5210 = LINE('',#5211,#5212);
#5211 = CARTESIAN_POINT('',(112.15390309173,674.25625842204,700.));
#5212 = VECTOR('',#5213,1.);
#5213 = DIRECTION('',(0.,0.,1.));
#5214 = ORIENTED_EDGE('',*,*,#5215,.T.);
#5215 = EDGE_CURVE('',#5208,#5136,#5216,.T.);
#5216 = CIRCLE('',#5217,70.);
#5217 = AXIS2_PLACEMENT_3D('',#5218,#5219,#5220);
#5218 = CARTESIAN_POINT('',(172.77568135664,639.25625842204,700.));
#5219 = DIRECTION('',(0.,-0.,1.));
#5220 = DIRECTION('',(0.5,0.866025403784,0.));
#5221 = ORIENTED_EDGE('',*,*,#5143,.T.);
#5222 = CYLINDRICAL_SURFACE('',#5223,70.);
#5223 = AXIS2_PLACEMENT_3D('',#5224,#5225,#5226);
#5224 = CARTESIAN_POINT('',(172.77568135664,639.25625842204,700.));
#5225 = DIRECTION('',(0.,0.,1.));
#5226 = DIRECTION('',(0.5,0.866025403784,0.));
#5227 = ADVANCED_FACE('',(#5228),#5253,.T.);
#5228 = FACE_BOUND('',#5229,.T.);
#5229 = EDGE_LOOP('',(#5230,#5238,#5239,#5247));
#5230 = ORIENTED_EDGE('',*,*,#5231,.F.);
#5231 = EDGE_CURVE('',#5208,#5232,#5234,.T.);
#5232 = VERTEX_POINT('',#5233);
#5233 = CARTESIAN_POINT('',(652.15390309173,1.609563694509E+03,700.));
#5234 = LINE('',#5235,#5236);
#5235 = CARTESIAN_POINT('',(112.15390309173,674.25625842204,700.));
#5236 = VECTOR('',#5237,1.);
#5237 = DIRECTION('',(0.5,0.866025403784,0.));
#5238 = ORIENTED_EDGE('',*,*,#5207,.T.);
#5239 = ORIENTED_EDGE('',*,*,#5240,.T.);
#5240 = EDGE_CURVE('',#5199,#5241,#5243,.T.);
#5241 = VERTEX_POINT('',#5242);
#5242 = CARTESIAN_POINT('',(652.15390309173,1.609563694509E+03,740.));
#5243 = LINE('',#5244,#5245);
#5244 = CARTESIAN_POINT('',(112.15390309173,674.25625842204,740.));
#5245 = VECTOR('',#5246,1.);
#5246 = DIRECTION('',(0.5,0.866025403784,0.));
#5247 = ORIENTED_EDGE('',*,*,#5248,.F.);
#5248 = EDGE_CURVE('',#5232,#5241,#5249,.T.);
#5249 = LINE('',#5250,#5251);
#5250 = CARTESIAN_POINT('',(652.15390309173,1.609563694509E+03,700.));
#5251 = VECTOR('',#5252,1.);
#5252 = DIRECTION('',(0.,0.,1.));
#5253 = PLANE('',#5254);
#5254 = AXIS2_PLACEMENT_3D('',#5255,#5256,#5257);
#5255 = CARTESIAN_POINT('',(112.15390309173,674.25625842204,700.));
#5256 = DIRECTION('',(-0.866025403784,0.5,0.));
#5257 = DIRECTION('',(0.,0.,1.));
#5258 = ADVANCED_FACE('',(#5259),#5284,.T.);
#5259 = FACE_BOUND('',#5260,.T.);
#5260 = EDGE_LOOP('',(#5261,#5262,#5270,#5278));
#5261 = ORIENTED_EDGE('',*,*,#5184,.F.);
#5262 = ORIENTED_EDGE('',*,*,#5263,.T.);
#5263 = EDGE_CURVE('',#5176,#5264,#5266,.T.);
#5264 = VERTEX_POINT('',#5265);
#5265 = CARTESIAN_POINT('',(747.77568135664,1.635185472774E+03,700.));
#5266 = LINE('',#5267,#5268);
#5267 = CARTESIAN_POINT('',(1.042224318643E+03,1.465185472774E+03,700.)
  );
#5268 = VECTOR('',#5269,1.);
#5269 = DIRECTION('',(-0.866025403784,0.5,0.));
#5270 = ORIENTED_EDGE('',*,*,#5271,.T.);
#5271 = EDGE_CURVE('',#5264,#5272,#5274,.T.);
#5272 = VERTEX_POINT('',#5273);
#5273 = CARTESIAN_POINT('',(747.77568135664,1.635185472774E+03,740.));
#5274 = LINE('',#5275,#5276);
#5275 = CARTESIAN_POINT('',(747.77568135664,1.635185472774E+03,700.));
#5276 = VECTOR('',#5277,1.);
#5277 = DIRECTION('',(0.,0.,1.));
#5278 = ORIENTED_EDGE('',*,*,#5279,.F.);
#5279 = EDGE_CURVE('',#5166,#5272,#5280,.T.);
#5280 = LINE('',#5281,#5282);
#5281 = CARTESIAN_POINT('',(1.042224318643E+03,1.465185472774E+03,740.)
  );
#5282 = VECTOR('',#5283,1.);
#5283 = DIRECTION('',(-0.866025403784,0.5,0.));
#5284 = PLANE('',#5285);
#5285 = AXIS2_PLACEMENT_3D('',#5286,#5287,#5288);
#5286 = CARTESIAN_POINT('',(1.042224318643E+03,1.465185472774E+03,700.)
  );
#5287 = DIRECTION('',(0.5,0.866025403784,0.));
#5288 = DIRECTION('',(0.,0.,1.));
#5289 = ADVANCED_FACE('',(#5290),#5308,.T.);
#5290 = FACE_BOUND('',#5291,.T.);
#5291 = EDGE_LOOP('',(#5292,#5299,#5300,#5307));
#5292 = ORIENTED_EDGE('',*,*,#5293,.F.);
#5293 = EDGE_CURVE('',#5272,#5241,#5294,.T.);
#5294 = CIRCLE('',#5295,70.);
#5295 = AXIS2_PLACEMENT_3D('',#5296,#5297,#5298);
#5296 = CARTESIAN_POINT('',(712.77568135664,1.574563694509E+03,740.));
#5297 = DIRECTION('',(0.,-0.,1.));
#5298 = DIRECTION('',(0.5,0.866025403784,0.));
#5299 = ORIENTED_EDGE('',*,*,#5271,.F.);
#5300 = ORIENTED_EDGE('',*,*,#5301,.T.);
#5301 = EDGE_CURVE('',#5264,#5232,#5302,.T.);
#5302 = CIRCLE('',#5303,70.);
#5303 = AXIS2_PLACEMENT_3D('',#5304,#5305,#5306);
#5304 = CARTESIAN_POINT('',(712.77568135664,1.574563694509E+03,700.));
#5305 = DIRECTION('',(0.,-0.,1.));
#5306 = DIRECTION('',(0.5,0.866025403784,0.));
#5307 = ORIENTED_EDGE('',*,*,#5248,.T.);
#5308 = CYLINDRICAL_SURFACE('',#5309,70.);
#5309 = AXIS2_PLACEMENT_3D('',#5310,#5311,#5312);
#5310 = CARTESIAN_POINT('',(712.77568135664,1.574563694509E+03,700.));
#5311 = DIRECTION('',(0.,0.,1.));
#5312 = DIRECTION('',(0.5,0.866025403784,0.));
#5313 = ADVANCED_FACE('',(#5314),#5324,.T.);
#5314 = FACE_BOUND('',#5315,.T.);
#5315 = EDGE_LOOP('',(#5316,#5317,#5318,#5319,#5320,#5321,#5322,#5323));
#5316 = ORIENTED_EDGE('',*,*,#5061,.T.);
#5317 = ORIENTED_EDGE('',*,*,#5112,.T.);
#5318 = ORIENTED_EDGE('',*,*,#5165,.T.);
#5319 = ORIENTED_EDGE('',*,*,#5279,.T.);
#5320 = ORIENTED_EDGE('',*,*,#5293,.T.);
#5321 = ORIENTED_EDGE('',*,*,#5240,.F.);
#5322 = ORIENTED_EDGE('',*,*,#5198,.T.);
#5323 = ORIENTED_EDGE('',*,*,#5151,.F.);
#5324 = PLANE('',#5325);
#5325 = AXIS2_PLACEMENT_3D('',#5326,#5327,#5328);
#5326 = CARTESIAN_POINT('',(590.,1.021909976466E+03,740.));
#5327 = DIRECTION('',(0.,0.,1.));
#5328 = DIRECTION('',(0.5,0.866025403784,0.));
#5329 = ADVANCED_FACE('',(#5330),#5340,.T.);
#5330 = FACE_BOUND('',#5331,.T.);
#5331 = EDGE_LOOP('',(#5332,#5333,#5334,#5335,#5336,#5337,#5338,#5339));
#5332 = ORIENTED_EDGE('',*,*,#5080,.F.);
#5333 = ORIENTED_EDGE('',*,*,#5135,.T.);
#5334 = ORIENTED_EDGE('',*,*,#5215,.F.);
#5335 = ORIENTED_EDGE('',*,*,#5231,.T.);
#5336 = ORIENTED_EDGE('',*,*,#5301,.F.);
#5337 = ORIENTED_EDGE('',*,*,#5263,.F.);
#5338 = ORIENTED_EDGE('',*,*,#5175,.F.);
#5339 = ORIENTED_EDGE('',*,*,#5103,.F.);
#5340 = PLANE('',#5341);
#5341 = AXIS2_PLACEMENT_3D('',#5342,#5343,#5344);
#5342 = CARTESIAN_POINT('',(590.,1.021909976466E+03,700.));
#5343 = DIRECTION('',(0.,-0.,-1.));
#5344 = DIRECTION('',(-0.5,-0.866025403784,0.));
#5345 = MANIFOLD_SOLID_BREP('',#5346);
#5346 = CLOSED_SHELL('',(#5347,#5389,#5420,#5451,#5484,#5517,#5548,#5579
    ,#5603,#5619));
#5347 = ADVANCED_FACE('',(#5348),#5384,.T.);
#5348 = FACE_BOUND('',#5349,.T.);
#5349 = EDGE_LOOP('',(#5350,#5361,#5369,#5378));
#5350 = ORIENTED_EDGE('',*,*,#5351,.F.);
#5351 = EDGE_CURVE('',#5352,#5354,#5356,.T.);
#5352 = VERTEX_POINT('',#5353);
#5353 = CARTESIAN_POINT('',(-570.,170.,740.));
#5354 = VERTEX_POINT('',#5355);
#5355 = CARTESIAN_POINT('',(-640.,240.,740.));
#5356 = CIRCLE('',#5357,70.);
#5357 = AXIS2_PLACEMENT_3D('',#5358,#5359,#5360);
#5358 = CARTESIAN_POINT('',(-640.,170.,740.));
#5359 = DIRECTION('',(0.,0.,1.));
#5360 = DIRECTION('',(-1.,0.,0.));
#5361 = ORIENTED_EDGE('',*,*,#5362,.F.);
#5362 = EDGE_CURVE('',#5363,#5352,#5365,.T.);
#5363 = VERTEX_POINT('',#5364);
#5364 = CARTESIAN_POINT('',(-570.,170.,700.));
#5365 = LINE('',#5366,#5367);
#5366 = CARTESIAN_POINT('',(-570.,170.,700.));
#5367 = VECTOR('',#5368,1.);
#5368 = DIRECTION('',(0.,0.,1.));
#5369 = ORIENTED_EDGE('',*,*,#5370,.T.);
#5370 = EDGE_CURVE('',#5363,#5371,#5373,.T.);
#5371 = VERTEX_POINT('',#5372);
#5372 = CARTESIAN_POINT('',(-640.,240.,700.));
#5373 = CIRCLE('',#5374,70.);
#5374 = AXIS2_PLACEMENT_3D('',#5375,#5376,#5377);
#5375 = CARTESIAN_POINT('',(-640.,170.,700.));
#5376 = DIRECTION('',(0.,0.,1.));
#5377 = DIRECTION('',(-1.,0.,0.));
#5378 = ORIENTED_EDGE('',*,*,#5379,.T.);
#5379 = EDGE_CURVE('',#5371,#5354,#5380,.T.);
#5380 = LINE('',#5381,#5382);
#5381 = CARTESIAN_POINT('',(-640.,240.,700.));
#5382 = VECTOR('',#5383,1.);
#5383 = DIRECTION('',(0.,0.,1.));
#5384 = CYLINDRICAL_SURFACE('',#5385,70.);
#5385 = AXIS2_PLACEMENT_3D('',#5386,#5387,#5388);
#5386 = CARTESIAN_POINT('',(-640.,170.,700.));
#5387 = DIRECTION('',(0.,0.,1.));
#5388 = DIRECTION('',(-1.,0.,0.));
#5389 = ADVANCED_FACE('',(#5390),#5415,.F.);
#5390 = FACE_BOUND('',#5391,.F.);
#5391 = EDGE_LOOP('',(#5392,#5400,#5401,#5409));
#5392 = ORIENTED_EDGE('',*,*,#5393,.F.);
#5393 = EDGE_CURVE('',#5371,#5394,#5396,.T.);
#5394 = VERTEX_POINT('',#5395);
#5395 = CARTESIAN_POINT('',(-1.72E+03,240.,700.));
#5396 = LINE('',#5397,#5398);
#5397 = CARTESIAN_POINT('',(-640.,240.,700.));
#5398 = VECTOR('',#5399,1.);
#5399 = DIRECTION('',(-1.,0.,0.));
#5400 = ORIENTED_EDGE('',*,*,#5379,.T.);
#5401 = ORIENTED_EDGE('',*,*,#5402,.T.);
#5402 = EDGE_CURVE('',#5354,#5403,#5405,.T.);
#5403 = VERTEX_POINT('',#5404);
#5404 = CARTESIAN_POINT('',(-1.72E+03,240.,740.));
#5405 = LINE('',#5406,#5407);
#5406 = CARTESIAN_POINT('',(-640.,240.,740.));
#5407 = VECTOR('',#5408,1.);
#5408 = DIRECTION('',(-1.,0.,0.));
#5409 = ORIENTED_EDGE('',*,*,#5410,.F.);
#5410 = EDGE_CURVE('',#5394,#5403,#5411,.T.);
#5411 = LINE('',#5412,#5413);
#5412 = CARTESIAN_POINT('',(-1.72E+03,240.,700.));
#5413 = VECTOR('',#5414,1.);
#5414 = DIRECTION('',(0.,0.,1.));
#5415 = PLANE('',#5416);
#5416 = AXIS2_PLACEMENT_3D('',#5417,#5418,#5419);
#5417 = CARTESIAN_POINT('',(-640.,240.,700.));
#5418 = DIRECTION('',(0.,-1.,0.));
#5419 = DIRECTION('',(0.,0.,1.));
#5420 = ADVANCED_FACE('',(#5421),#5446,.F.);
#5421 = FACE_BOUND('',#5422,.F.);
#5422 = EDGE_LOOP('',(#5423,#5424,#5432,#5440));
#5423 = ORIENTED_EDGE('',*,*,#5362,.F.);
#5424 = ORIENTED_EDGE('',*,*,#5425,.T.);
#5425 = EDGE_CURVE('',#5363,#5426,#5428,.T.);
#5426 = VERTEX_POINT('',#5427);
#5427 = CARTESIAN_POINT('',(-570.,-170.,700.));
#5428 = LINE('',#5429,#5430);
#5429 = CARTESIAN_POINT('',(-570.,170.,700.));
#5430 = VECTOR('',#5431,1.);
#5431 = DIRECTION('',(0.,-1.,0.));
#5432 = ORIENTED_EDGE('',*,*,#5433,.T.);
#5433 = EDGE_CURVE('',#5426,#5434,#5436,.T.);
#5434 = VERTEX_POINT('',#5435);
#5435 = CARTESIAN_POINT('',(-570.,-170.,740.));
#5436 = LINE('',#5437,#5438);
#5437 = CARTESIAN_POINT('',(-570.,-170.,700.));
#5438 = VECTOR('',#5439,1.);
#5439 = DIRECTION('',(0.,0.,1.));
#5440 = ORIENTED_EDGE('',*,*,#5441,.F.);
#5441 = EDGE_CURVE('',#5352,#5434,#5442,.T.);
#5442 = LINE('',#5443,#5444);
#5443 = CARTESIAN_POINT('',(-570.,170.,740.));
#5444 = VECTOR('',#5445,1.);
#5445 = DIRECTION('',(0.,-1.,0.));
#5446 = PLANE('',#5447);
#5447 = AXIS2_PLACEMENT_3D('',#5448,#5449,#5450);
#5448 = CARTESIAN_POINT('',(-570.,170.,700.));
#5449 = DIRECTION('',(-1.,0.,0.));
#5450 = DIRECTION('',(0.,0.,1.));
#5451 = ADVANCED_FACE('',(#5452),#5479,.T.);
#5452 = FACE_BOUND('',#5453,.T.);
#5453 = EDGE_LOOP('',(#5454,#5463,#5464,#5473));
#5454 = ORIENTED_EDGE('',*,*,#5455,.F.);
#5455 = EDGE_CURVE('',#5403,#5456,#5458,.T.);
#5456 = VERTEX_POINT('',#5457);
#5457 = CARTESIAN_POINT('',(-1.79E+03,170.,740.));
#5458 = CIRCLE('',#5459,70.);
#5459 = AXIS2_PLACEMENT_3D('',#5460,#5461,#5462);
#5460 = CARTESIAN_POINT('',(-1.72E+03,170.,740.));
#5461 = DIRECTION('',(0.,0.,1.));
#5462 = DIRECTION('',(-1.,0.,0.));
#5463 = ORIENTED_EDGE('',*,*,#5410,.F.);
#5464 = ORIENTED_EDGE('',*,*,#5465,.T.);
#5465 = EDGE_CURVE('',#5394,#5466,#5468,.T.);
#5466 = VERTEX_POINT('',#5467);
#5467 = CARTESIAN_POINT('',(-1.79E+03,170.,700.));
#5468 = CIRCLE('',#5469,70.);
#5469 = AXIS2_PLACEMENT_3D('',#5470,#5471,#5472);
#5470 = CARTESIAN_POINT('',(-1.72E+03,170.,700.));
#5471 = DIRECTION('',(0.,0.,1.));
#5472 = DIRECTION('',(-1.,0.,0.));
#5473 = ORIENTED_EDGE('',*,*,#5474,.T.);
#5474 = EDGE_CURVE('',#5466,#5456,#5475,.T.);
#5475 = LINE('',#5476,#5477);
#5476 = CARTESIAN_POINT('',(-1.79E+03,170.,700.));
#5477 = VECTOR('',#5478,1.);
#5478 = DIRECTION('',(0.,0.,1.));
#5479 = CYLINDRICAL_SURFACE('',#5480,70.);
#5480 = AXIS2_PLACEMENT_3D('',#5481,#5482,#5483);
#5481 = CARTESIAN_POINT('',(-1.72E+03,170.,700.));
#5482 = DIRECTION('',(0.,0.,1.));
#5483 = DIRECTION('',(-1.,0.,0.));
#5484 = ADVANCED_FACE('',(#5485),#5512,.T.);
#5485 = FACE_BOUND('',#5486,.T.);
#5486 = EDGE_LOOP('',(#5487,#5496,#5504,#5511));
#5487 = ORIENTED_EDGE('',*,*,#5488,.F.);
#5488 = EDGE_CURVE('',#5489,#5434,#5491,.T.);
#5489 = VERTEX_POINT('',#5490);
#5490 = CARTESIAN_POINT('',(-640.,-240.,740.));
#5491 = CIRCLE('',#5492,70.);
#5492 = AXIS2_PLACEMENT_3D('',#5493,#5494,#5495);
#5493 = CARTESIAN_POINT('',(-640.,-170.,740.));
#5494 = DIRECTION('',(0.,0.,1.));
#5495 = DIRECTION('',(-1.,0.,0.));
#5496 = ORIENTED_EDGE('',*,*,#5497,.F.);
#5497 = EDGE_CURVE('',#5498,#5489,#5500,.T.);
#5498 = VERTEX_POINT('',#5499);
#5499 = CARTESIAN_POINT('',(-640.,-240.,700.));
#5500 = LINE('',#5501,#5502);
#5501 = CARTESIAN_POINT('',(-640.,-240.,700.));
#5502 = VECTOR('',#5503,1.);
#5503 = DIRECTION('',(0.,0.,1.));
#5504 = ORIENTED_EDGE('',*,*,#5505,.T.);
#5505 = EDGE_CURVE('',#5498,#5426,#5506,.T.);
#5506 = CIRCLE('',#5507,70.);
#5507 = AXIS2_PLACEMENT_3D('',#5508,#5509,#5510);
#5508 = CARTESIAN_POINT('',(-640.,-170.,700.));
#5509 = DIRECTION('',(0.,0.,1.));
#5510 = DIRECTION('',(-1.,0.,0.));
#5511 = ORIENTED_EDGE('',*,*,#5433,.T.);
#5512 = CYLINDRICAL_SURFACE('',#5513,70.);
#5513 = AXIS2_PLACEMENT_3D('',#5514,#5515,#5516);
#5514 = CARTESIAN_POINT('',(-640.,-170.,700.));
#5515 = DIRECTION('',(0.,0.,1.));
#5516 = DIRECTION('',(-1.,0.,0.));
#5517 = ADVANCED_FACE('',(#5518),#5543,.T.);
#5518 = FACE_BOUND('',#5519,.T.);
#5519 = EDGE_LOOP('',(#5520,#5528,#5529,#5537));
#5520 = ORIENTED_EDGE('',*,*,#5521,.F.);
#5521 = EDGE_CURVE('',#5498,#5522,#5524,.T.);
#5522 = VERTEX_POINT('',#5523);
#5523 = CARTESIAN_POINT('',(-1.72E+03,-240.,700.));
#5524 = LINE('',#5525,#5526);
#5525 = CARTESIAN_POINT('',(-640.,-240.,700.));
#5526 = VECTOR('',#5527,1.);
#5527 = DIRECTION('',(-1.,0.,0.));
#5528 = ORIENTED_EDGE('',*,*,#5497,.T.);
#5529 = ORIENTED_EDGE('',*,*,#5530,.T.);
#5530 = EDGE_CURVE('',#5489,#5531,#5533,.T.);
#5531 = VERTEX_POINT('',#5532);
#5532 = CARTESIAN_POINT('',(-1.72E+03,-240.,740.));
#5533 = LINE('',#5534,#5535);
#5534 = CARTESIAN_POINT('',(-640.,-240.,740.));
#5535 = VECTOR('',#5536,1.);
#5536 = DIRECTION('',(-1.,0.,0.));
#5537 = ORIENTED_EDGE('',*,*,#5538,.F.);
#5538 = EDGE_CURVE('',#5522,#5531,#5539,.T.);
#5539 = LINE('',#5540,#5541);
#5540 = CARTESIAN_POINT('',(-1.72E+03,-240.,700.));
#5541 = VECTOR('',#5542,1.);
#5542 = DIRECTION('',(0.,0.,1.));
#5543 = PLANE('',#5544);
#5544 = AXIS2_PLACEMENT_3D('',#5545,#5546,#5547);
#5545 = CARTESIAN_POINT('',(-640.,-240.,700.));
#5546 = DIRECTION('',(0.,-1.,0.));
#5547 = DIRECTION('',(0.,0.,1.));
#5548 = ADVANCED_FACE('',(#5549),#5574,.T.);
#5549 = FACE_BOUND('',#5550,.T.);
#5550 = EDGE_LOOP('',(#5551,#5552,#5560,#5568));
#5551 = ORIENTED_EDGE('',*,*,#5474,.F.);
#5552 = ORIENTED_EDGE('',*,*,#5553,.T.);
#5553 = EDGE_CURVE('',#5466,#5554,#5556,.T.);
#5554 = VERTEX_POINT('',#5555);
#5555 = CARTESIAN_POINT('',(-1.79E+03,-170.,700.));
#5556 = LINE('',#5557,#5558);
#5557 = CARTESIAN_POINT('',(-1.79E+03,170.,700.));
#5558 = VECTOR('',#5559,1.);
#5559 = DIRECTION('',(0.,-1.,0.));
#5560 = ORIENTED_EDGE('',*,*,#5561,.T.);
#5561 = EDGE_CURVE('',#5554,#5562,#5564,.T.);
#5562 = VERTEX_POINT('',#5563);
#5563 = CARTESIAN_POINT('',(-1.79E+03,-170.,740.));
#5564 = LINE('',#5565,#5566);
#5565 = CARTESIAN_POINT('',(-1.79E+03,-170.,700.));
#5566 = VECTOR('',#5567,1.);
#5567 = DIRECTION('',(0.,0.,1.));
#5568 = ORIENTED_EDGE('',*,*,#5569,.F.);
#5569 = EDGE_CURVE('',#5456,#5562,#5570,.T.);
#5570 = LINE('',#5571,#5572);
#5571 = CARTESIAN_POINT('',(-1.79E+03,170.,740.));
#5572 = VECTOR('',#5573,1.);
#5573 = DIRECTION('',(0.,-1.,0.));
#5574 = PLANE('',#5575);
#5575 = AXIS2_PLACEMENT_3D('',#5576,#5577,#5578);
#5576 = CARTESIAN_POINT('',(-1.79E+03,170.,700.));
#5577 = DIRECTION('',(-1.,0.,0.));
#5578 = DIRECTION('',(0.,0.,1.));
#5579 = ADVANCED_FACE('',(#5580),#5598,.T.);
#5580 = FACE_BOUND('',#5581,.T.);
#5581 = EDGE_LOOP('',(#5582,#5589,#5590,#5597));
#5582 = ORIENTED_EDGE('',*,*,#5583,.F.);
#5583 = EDGE_CURVE('',#5562,#5531,#5584,.T.);
#5584 = CIRCLE('',#5585,70.);
#5585 = AXIS2_PLACEMENT_3D('',#5586,#5587,#5588);
#5586 = CARTESIAN_POINT('',(-1.72E+03,-170.,740.));
#5587 = DIRECTION('',(0.,0.,1.));
#5588 = DIRECTION('',(-1.,0.,0.));
#5589 = ORIENTED_EDGE('',*,*,#5561,.F.);
#5590 = ORIENTED_EDGE('',*,*,#5591,.T.);
#5591 = EDGE_CURVE('',#5554,#5522,#5592,.T.);
#5592 = CIRCLE('',#5593,70.);
#5593 = AXIS2_PLACEMENT_3D('',#5594,#5595,#5596);
#5594 = CARTESIAN_POINT('',(-1.72E+03,-170.,700.));
#5595 = DIRECTION('',(0.,0.,1.));
#5596 = DIRECTION('',(-1.,0.,0.));
#5597 = ORIENTED_EDGE('',*,*,#5538,.T.);
#5598 = CYLINDRICAL_SURFACE('',#5599,70.);
#5599 = AXIS2_PLACEMENT_3D('',#5600,#5601,#5602);
#5600 = CARTESIAN_POINT('',(-1.72E+03,-170.,700.));
#5601 = DIRECTION('',(0.,0.,1.));
#5602 = DIRECTION('',(-1.,0.,0.));
#5603 = ADVANCED_FACE('',(#5604),#5614,.T.);
#5604 = FACE_BOUND('',#5605,.T.);
#5605 = EDGE_LOOP('',(#5606,#5607,#5608,#5609,#5610,#5611,#5612,#5613));
#5606 = ORIENTED_EDGE('',*,*,#5351,.T.);
#5607 = ORIENTED_EDGE('',*,*,#5402,.T.);
#5608 = ORIENTED_EDGE('',*,*,#5455,.T.);
#5609 = ORIENTED_EDGE('',*,*,#5569,.T.);
#5610 = ORIENTED_EDGE('',*,*,#5583,.T.);
#5611 = ORIENTED_EDGE('',*,*,#5530,.F.);
#5612 = ORIENTED_EDGE('',*,*,#5488,.T.);
#5613 = ORIENTED_EDGE('',*,*,#5441,.F.);
#5614 = PLANE('',#5615);
#5615 = AXIS2_PLACEMENT_3D('',#5616,#5617,#5618);
#5616 = CARTESIAN_POINT('',(-1.18E+03,-3.332686915956E-15,740.));
#5617 = DIRECTION('',(0.,0.,1.));
#5618 = DIRECTION('',(-1.,0.,0.));
#5619 = ADVANCED_FACE('',(#5620),#5630,.T.);
#5620 = FACE_BOUND('',#5621,.T.);
#5621 = EDGE_LOOP('',(#5622,#5623,#5624,#5625,#5626,#5627,#5628,#5629));
#5622 = ORIENTED_EDGE('',*,*,#5370,.F.);
#5623 = ORIENTED_EDGE('',*,*,#5425,.T.);
#5624 = ORIENTED_EDGE('',*,*,#5505,.F.);
#5625 = ORIENTED_EDGE('',*,*,#5521,.T.);
#5626 = ORIENTED_EDGE('',*,*,#5591,.F.);
#5627 = ORIENTED_EDGE('',*,*,#5553,.F.);
#5628 = ORIENTED_EDGE('',*,*,#5465,.F.);
#5629 = ORIENTED_EDGE('',*,*,#5393,.F.);
#5630 = PLANE('',#5631);
#5631 = AXIS2_PLACEMENT_3D('',#5632,#5633,#5634);
#5632 = CARTESIAN_POINT('',(-1.18E+03,8.887165109217E-15,700.));
#5633 = DIRECTION('',(0.,0.,-1.));
#5634 = DIRECTION('',(1.,0.,0.));
#5635 = MANIFOLD_SOLID_BREP('',#5636);
#5636 = CLOSED_SHELL('',(#5637,#5679,#5710,#5741,#5774,#5807,#5838,#5869
    ,#5893,#5909));
#5637 = ADVANCED_FACE('',(#5638),#5674,.T.);
#5638 = FACE_BOUND('',#5639,.T.);
#5639 = EDGE_LOOP('',(#5640,#5651,#5659,#5668));
#5640 = ORIENTED_EDGE('',*,*,#5641,.F.);
#5641 = EDGE_CURVE('',#5642,#5644,#5646,.T.);
#5642 = VERTEX_POINT('',#5643);
#5643 = CARTESIAN_POINT('',(137.77568135664,-578.6344801571,740.));
#5644 = VERTEX_POINT('',#5645);
#5645 = CARTESIAN_POINT('',(112.15390309173,-674.256258422,740.));
#5646 = CIRCLE('',#5647,70.);
#5647 = AXIS2_PLACEMENT_3D('',#5648,#5649,#5650);
#5648 = CARTESIAN_POINT('',(172.77568135664,-639.256258422,740.));
#5649 = DIRECTION('',(-0.,0.,1.));
#5650 = DIRECTION('',(0.5,-0.866025403784,0.));
#5651 = ORIENTED_EDGE('',*,*,#5652,.F.);
#5652 = EDGE_CURVE('',#5653,#5642,#5655,.T.);
#5653 = VERTEX_POINT('',#5654);
#5654 = CARTESIAN_POINT('',(137.77568135664,-578.6344801571,700.));
#5655 = LINE('',#5656,#5657);
#5656 = CARTESIAN_POINT('',(137.77568135664,-578.6344801571,700.));
#5657 = VECTOR('',#5658,1.);
#5658 = DIRECTION('',(0.,0.,1.));
#5659 = ORIENTED_EDGE('',*,*,#5660,.T.);
#5660 = EDGE_CURVE('',#5653,#5661,#5663,.T.);
#5661 = VERTEX_POINT('',#5662);
#5662 = CARTESIAN_POINT('',(112.15390309173,-674.256258422,700.));
#5663 = CIRCLE('',#5664,70.);
#5664 = AXIS2_PLACEMENT_3D('',#5665,#5666,#5667);
#5665 = CARTESIAN_POINT('',(172.77568135664,-639.256258422,700.));
#5666 = DIRECTION('',(-0.,0.,1.));
#5667 = DIRECTION('',(0.5,-0.866025403784,0.));
#5668 = ORIENTED_EDGE('',*,*,#5669,.T.);
#5669 = EDGE_CURVE('',#5661,#5644,#5670,.T.);
#5670 = LINE('',#5671,#5672);
#5671 = CARTESIAN_POINT('',(112.15390309173,-674.256258422,700.));
#5672 = VECTOR('',#5673,1.);
#5673 = DIRECTION('',(0.,0.,1.));
#5674 = CYLINDRICAL_SURFACE('',#5675,70.);
#5675 = AXIS2_PLACEMENT_3D('',#5676,#5677,#5678);
#5676 = CARTESIAN_POINT('',(172.77568135664,-639.256258422,700.));
#5677 = DIRECTION('',(0.,0.,1.));
#5678 = DIRECTION('',(0.5,-0.866025403784,0.));
#5679 = ADVANCED_FACE('',(#5680),#5705,.F.);
#5680 = FACE_BOUND('',#5681,.F.);
#5681 = EDGE_LOOP('',(#5682,#5690,#5691,#5699));
#5682 = ORIENTED_EDGE('',*,*,#5683,.F.);
#5683 = EDGE_CURVE('',#5661,#5684,#5686,.T.);
#5684 = VERTEX_POINT('',#5685);
#5685 = CARTESIAN_POINT('',(652.15390309173,-1.609563694509E+03,700.));
#5686 = LINE('',#5687,#5688);
#5687 = CARTESIAN_POINT('',(112.15390309173,-674.256258422,700.));
#5688 = VECTOR('',#5689,1.);
#5689 = DIRECTION('',(0.5,-0.866025403784,0.));
#5690 = ORIENTED_EDGE('',*,*,#5669,.T.);
#5691 = ORIENTED_EDGE('',*,*,#5692,.T.);
#5692 = EDGE_CURVE('',#5644,#5693,#5695,.T.);
#5693 = VERTEX_POINT('',#5694);
#5694 = CARTESIAN_POINT('',(652.15390309173,-1.609563694509E+03,740.));
#5695 = LINE('',#5696,#5697);
#5696 = CARTESIAN_POINT('',(112.15390309173,-674.256258422,740.));
#5697 = VECTOR('',#5698,1.);
#5698 = DIRECTION('',(0.5,-0.866025403784,0.));
#5699 = ORIENTED_EDGE('',*,*,#5700,.F.);
#5700 = EDGE_CURVE('',#5684,#5693,#5701,.T.);
#5701 = LINE('',#5702,#5703);
#5702 = CARTESIAN_POINT('',(652.15390309173,-1.609563694509E+03,700.));
#5703 = VECTOR('',#5704,1.);
#5704 = DIRECTION('',(0.,0.,1.));
#5705 = PLANE('',#5706);
#5706 = AXIS2_PLACEMENT_3D('',#5707,#5708,#5709);
#5707 = CARTESIAN_POINT('',(112.15390309173,-674.256258422,700.));
#5708 = DIRECTION('',(0.866025403784,0.5,0.));
#5709 = DIRECTION('',(0.,0.,1.));
#5710 = ADVANCED_FACE('',(#5711),#5736,.F.);
#5711 = FACE_BOUND('',#5712,.F.);
#5712 = EDGE_LOOP('',(#5713,#5714,#5722,#5730));
#5713 = ORIENTED_EDGE('',*,*,#5652,.F.);
#5714 = ORIENTED_EDGE('',*,*,#5715,.T.);
#5715 = EDGE_CURVE('',#5653,#5716,#5718,.T.);
#5716 = VERTEX_POINT('',#5717);
#5717 = CARTESIAN_POINT('',(432.22431864335,-408.6344801571,700.));
#5718 = LINE('',#5719,#5720);
#5719 = CARTESIAN_POINT('',(137.77568135664,-578.6344801571,700.));
#5720 = VECTOR('',#5721,1.);
#5721 = DIRECTION('',(0.866025403784,0.5,0.));
#5722 = ORIENTED_EDGE('',*,*,#5723,.T.);
#5723 = EDGE_CURVE('',#5716,#5724,#5726,.T.);
#5724 = VERTEX_POINT('',#5725);
#5725 = CARTESIAN_POINT('',(432.22431864335,-408.6344801571,740.));
#5726 = LINE('',#5727,#5728);
#5727 = CARTESIAN_POINT('',(432.22431864335,-408.6344801571,700.));
#5728 = VECTOR('',#5729,1.);
#5729 = DIRECTION('',(0.,0.,1.));
#5730 = ORIENTED_EDGE('',*,*,#5731,.F.);
#5731 = EDGE_CURVE('',#5642,#5724,#5732,.T.);
#5732 = LINE('',#5733,#5734);
#5733 = CARTESIAN_POINT('',(137.77568135664,-578.6344801571,740.));
#5734 = VECTOR('',#5735,1.);
#5735 = DIRECTION('',(0.866025403784,0.5,0.));
#5736 = PLANE('',#5737);
#5737 = AXIS2_PLACEMENT_3D('',#5738,#5739,#5740);
#5738 = CARTESIAN_POINT('',(137.77568135664,-578.6344801571,700.));
#5739 = DIRECTION('',(0.5,-0.866025403784,0.));
#5740 = DIRECTION('',(0.,0.,1.));
#5741 = ADVANCED_FACE('',(#5742),#5769,.T.);
#5742 = FACE_BOUND('',#5743,.T.);
#5743 = EDGE_LOOP('',(#5744,#5753,#5754,#5763));
#5744 = ORIENTED_EDGE('',*,*,#5745,.F.);
#5745 = EDGE_CURVE('',#5693,#5746,#5748,.T.);
#5746 = VERTEX_POINT('',#5747);
#5747 = CARTESIAN_POINT('',(747.77568135664,-1.635185472774E+03,740.));
#5748 = CIRCLE('',#5749,70.);
#5749 = AXIS2_PLACEMENT_3D('',#5750,#5751,#5752);
#5750 = CARTESIAN_POINT('',(712.77568135664,-1.574563694509E+03,740.));
#5751 = DIRECTION('',(-0.,0.,1.));
#5752 = DIRECTION('',(0.5,-0.866025403784,0.));
#5753 = ORIENTED_EDGE('',*,*,#5700,.F.);
#5754 = ORIENTED_EDGE('',*,*,#5755,.T.);
#5755 = EDGE_CURVE('',#5684,#5756,#5758,.T.);
#5756 = VERTEX_POINT('',#5757);
#5757 = CARTESIAN_POINT('',(747.77568135664,-1.635185472774E+03,700.));
#5758 = CIRCLE('',#5759,70.);
#5759 = AXIS2_PLACEMENT_3D('',#5760,#5761,#5762);
#5760 = CARTESIAN_POINT('',(712.77568135664,-1.574563694509E+03,700.));
#5761 = DIRECTION('',(-0.,0.,1.));
#5762 = DIRECTION('',(0.5,-0.866025403784,0.));
#5763 = ORIENTED_EDGE('',*,*,#5764,.T.);
#5764 = EDGE_CURVE('',#5756,#5746,#5765,.T.);
#5765 = LINE('',#5766,#5767);
#5766 = CARTESIAN_POINT('',(747.77568135664,-1.635185472774E+03,700.));
#5767 = VECTOR('',#5768,1.);
#5768 = DIRECTION('',(0.,0.,1.));
#5769 = CYLINDRICAL_SURFACE('',#5770,70.);
#5770 = AXIS2_PLACEMENT_3D('',#5771,#5772,#5773);
#5771 = CARTESIAN_POINT('',(712.77568135664,-1.574563694509E+03,700.));
#5772 = DIRECTION('',(0.,0.,1.));
#5773 = DIRECTION('',(0.5,-0.866025403784,0.));
#5774 = ADVANCED_FACE('',(#5775),#5802,.T.);
#5775 = FACE_BOUND('',#5776,.T.);
#5776 = EDGE_LOOP('',(#5777,#5786,#5794,#5801));
#5777 = ORIENTED_EDGE('',*,*,#5778,.F.);
#5778 = EDGE_CURVE('',#5779,#5724,#5781,.T.);
#5779 = VERTEX_POINT('',#5780);
#5780 = CARTESIAN_POINT('',(527.84609690826,-434.256258422,740.));
#5781 = CIRCLE('',#5782,70.);
#5782 = AXIS2_PLACEMENT_3D('',#5783,#5784,#5785);
#5783 = CARTESIAN_POINT('',(467.22431864335,-469.256258422,740.));
#5784 = DIRECTION('',(-0.,0.,1.));
#5785 = DIRECTION('',(0.5,-0.866025403784,0.));
#5786 = ORIENTED_EDGE('',*,*,#5787,.F.);
#5787 = EDGE_CURVE('',#5788,#5779,#5790,.T.);
#5788 = VERTEX_POINT('',#5789);
#5789 = CARTESIAN_POINT('',(527.84609690826,-434.256258422,700.));
#5790 = LINE('',#5791,#5792);
#5791 = CARTESIAN_POINT('',(527.84609690826,-434.256258422,700.));
#5792 = VECTOR('',#5793,1.);
#5793 = DIRECTION('',(0.,0.,1.));
#5794 = ORIENTED_EDGE('',*,*,#5795,.T.);
#5795 = EDGE_CURVE('',#5788,#5716,#5796,.T.);
#5796 = CIRCLE('',#5797,70.);
#5797 = AXIS2_PLACEMENT_3D('',#5798,#5799,#5800);
#5798 = CARTESIAN_POINT('',(467.22431864335,-469.256258422,700.));
#5799 = DIRECTION('',(-0.,0.,1.));
#5800 = DIRECTION('',(0.5,-0.866025403784,0.));
#5801 = ORIENTED_EDGE('',*,*,#5723,.T.);
#5802 = CYLINDRICAL_SURFACE('',#5803,70.);
#5803 = AXIS2_PLACEMENT_3D('',#5804,#5805,#5806);
#5804 = CARTESIAN_POINT('',(467.22431864335,-469.256258422,700.));
#5805 = DIRECTION('',(0.,0.,1.));
#5806 = DIRECTION('',(0.5,-0.866025403784,0.));
#5807 = ADVANCED_FACE('',(#5808),#5833,.T.);
#5808 = FACE_BOUND('',#5809,.T.);
#5809 = EDGE_LOOP('',(#5810,#5818,#5819,#5827));
#5810 = ORIENTED_EDGE('',*,*,#5811,.F.);
#5811 = EDGE_CURVE('',#5788,#5812,#5814,.T.);
#5812 = VERTEX_POINT('',#5813);
#5813 = CARTESIAN_POINT('',(1.067846096908E+03,-1.369563694509E+03,700.)
  );
#5814 = LINE('',#5815,#5816);
#5815 = CARTESIAN_POINT('',(527.84609690826,-434.256258422,700.));
#5816 = VECTOR('',#5817,1.);
#5817 = DIRECTION('',(0.5,-0.866025403784,0.));
#5818 = ORIENTED_EDGE('',*,*,#5787,.T.);
#5819 = ORIENTED_EDGE('',*,*,#5820,.T.);
#5820 = EDGE_CURVE('',#5779,#5821,#5823,.T.);
#5821 = VERTEX_POINT('',#5822);
#5822 = CARTESIAN_POINT('',(1.067846096908E+03,-1.369563694509E+03,740.)
  );
#5823 = LINE('',#5824,#5825);
#5824 = CARTESIAN_POINT('',(527.84609690826,-434.256258422,740.));
#5825 = VECTOR('',#5826,1.);
#5826 = DIRECTION('',(0.5,-0.866025403784,0.));
#5827 = ORIENTED_EDGE('',*,*,#5828,.F.);
#5828 = EDGE_CURVE('',#5812,#5821,#5829,.T.);
#5829 = LINE('',#5830,#5831);
#5830 = CARTESIAN_POINT('',(1.067846096908E+03,-1.369563694509E+03,700.)
  );
#5831 = VECTOR('',#5832,1.);
#5832 = DIRECTION('',(0.,0.,1.));
#5833 = PLANE('',#5834);
#5834 = AXIS2_PLACEMENT_3D('',#5835,#5836,#5837);
#5835 = CARTESIAN_POINT('',(527.84609690826,-434.256258422,700.));
#5836 = DIRECTION('',(0.866025403784,0.5,0.));
#5837 = DIRECTION('',(0.,0.,1.));
#5838 = ADVANCED_FACE('',(#5839),#5864,.T.);
#5839 = FACE_BOUND('',#5840,.T.);
#5840 = EDGE_LOOP('',(#5841,#5842,#5850,#5858));
#5841 = ORIENTED_EDGE('',*,*,#5764,.F.);
#5842 = ORIENTED_EDGE('',*,*,#5843,.T.);
#5843 = EDGE_CURVE('',#5756,#5844,#5846,.T.);
#5844 = VERTEX_POINT('',#5845);
#5845 = CARTESIAN_POINT('',(1.042224318643E+03,-1.465185472774E+03,700.)
  );
#5846 = LINE('',#5847,#5848);
#5847 = CARTESIAN_POINT('',(747.77568135664,-1.635185472774E+03,700.));
#5848 = VECTOR('',#5849,1.);
#5849 = DIRECTION('',(0.866025403784,0.5,0.));
#5850 = ORIENTED_EDGE('',*,*,#5851,.T.);
#5851 = EDGE_CURVE('',#5844,#5852,#5854,.T.);
#5852 = VERTEX_POINT('',#5853);
#5853 = CARTESIAN_POINT('',(1.042224318643E+03,-1.465185472774E+03,740.)
  );
#5854 = LINE('',#5855,#5856);
#5855 = CARTESIAN_POINT('',(1.042224318643E+03,-1.465185472774E+03,700.)
  );
#5856 = VECTOR('',#5857,1.);
#5857 = DIRECTION('',(0.,0.,1.));
#5858 = ORIENTED_EDGE('',*,*,#5859,.F.);
#5859 = EDGE_CURVE('',#5746,#5852,#5860,.T.);
#5860 = LINE('',#5861,#5862);
#5861 = CARTESIAN_POINT('',(747.77568135664,-1.635185472774E+03,740.));
#5862 = VECTOR('',#5863,1.);
#5863 = DIRECTION('',(0.866025403784,0.5,0.));
#5864 = PLANE('',#5865);
#5865 = AXIS2_PLACEMENT_3D('',#5866,#5867,#5868);
#5866 = CARTESIAN_POINT('',(747.77568135664,-1.635185472774E+03,700.));
#5867 = DIRECTION('',(0.5,-0.866025403784,0.));
#5868 = DIRECTION('',(0.,0.,1.));
#5869 = ADVANCED_FACE('',(#5870),#5888,.T.);
#5870 = FACE_BOUND('',#5871,.T.);
#5871 = EDGE_LOOP('',(#5872,#5879,#5880,#5887));
#5872 = ORIENTED_EDGE('',*,*,#5873,.F.);
#5873 = EDGE_CURVE('',#5852,#5821,#5874,.T.);
#5874 = CIRCLE('',#5875,70.);
#5875 = AXIS2_PLACEMENT_3D('',#5876,#5877,#5878);
#5876 = CARTESIAN_POINT('',(1.007224318643E+03,-1.404563694509E+03,740.)
  );
#5877 = DIRECTION('',(-0.,0.,1.));
#5878 = DIRECTION('',(0.5,-0.866025403784,0.));
#5879 = ORIENTED_EDGE('',*,*,#5851,.F.);
#5880 = ORIENTED_EDGE('',*,*,#5881,.T.);
#5881 = EDGE_CURVE('',#5844,#5812,#5882,.T.);
#5882 = CIRCLE('',#5883,70.);
#5883 = AXIS2_PLACEMENT_3D('',#5884,#5885,#5886);
#5884 = CARTESIAN_POINT('',(1.007224318643E+03,-1.404563694509E+03,700.)
  );
#5885 = DIRECTION('',(-0.,0.,1.));
#5886 = DIRECTION('',(0.5,-0.866025403784,0.));
#5887 = ORIENTED_EDGE('',*,*,#5828,.T.);
#5888 = CYLINDRICAL_SURFACE('',#5889,70.);
#5889 = AXIS2_PLACEMENT_3D('',#5890,#5891,#5892);
#5890 = CARTESIAN_POINT('',(1.007224318643E+03,-1.404563694509E+03,700.)
  );
#5891 = DIRECTION('',(0.,0.,1.));
#5892 = DIRECTION('',(0.5,-0.866025403784,0.));
#5893 = ADVANCED_FACE('',(#5894),#5904,.T.);
#5894 = FACE_BOUND('',#5895,.T.);
#5895 = EDGE_LOOP('',(#5896,#5897,#5898,#5899,#5900,#5901,#5902,#5903));
#5896 = ORIENTED_EDGE('',*,*,#5641,.T.);
#5897 = ORIENTED_EDGE('',*,*,#5692,.T.);
#5898 = ORIENTED_EDGE('',*,*,#5745,.T.);
#5899 = ORIENTED_EDGE('',*,*,#5859,.T.);
#5900 = ORIENTED_EDGE('',*,*,#5873,.T.);
#5901 = ORIENTED_EDGE('',*,*,#5820,.F.);
#5902 = ORIENTED_EDGE('',*,*,#5778,.T.);
#5903 = ORIENTED_EDGE('',*,*,#5731,.F.);
#5904 = PLANE('',#5905);
#5905 = AXIS2_PLACEMENT_3D('',#5906,#5907,#5908);
#5906 = CARTESIAN_POINT('',(590.,-1.021909976466E+03,740.));
#5907 = DIRECTION('',(0.,0.,1.));
#5908 = DIRECTION('',(0.5,-0.866025403784,0.));
#5909 = ADVANCED_FACE('',(#5910),#5920,.T.);
#5910 = FACE_BOUND('',#5911,.T.);
#5911 = EDGE_LOOP('',(#5912,#5913,#5914,#5915,#5916,#5917,#5918,#5919));
#5912 = ORIENTED_EDGE('',*,*,#5660,.F.);
#5913 = ORIENTED_EDGE('',*,*,#5715,.T.);
#5914 = ORIENTED_EDGE('',*,*,#5795,.F.);
#5915 = ORIENTED_EDGE('',*,*,#5811,.T.);
#5916 = ORIENTED_EDGE('',*,*,#5881,.F.);
#5917 = ORIENTED_EDGE('',*,*,#5843,.F.);
#5918 = ORIENTED_EDGE('',*,*,#5755,.F.);
#5919 = ORIENTED_EDGE('',*,*,#5683,.F.);
#5920 = PLANE('',#5921);
#5921 = AXIS2_PLACEMENT_3D('',#5922,#5923,#5924);
#5922 = CARTESIAN_POINT('',(590.,-1.021909976466E+03,700.));
#5923 = DIRECTION('',(-0.,0.,-1.));
#5924 = DIRECTION('',(-0.5,0.866025403784,0.));
#5925 = ( GEOMETRIC_REPRESENTATION_CONTEXT(3) 
GLOBAL_UNCERTAINTY_ASSIGNED_CONTEXT((#5929)) 
GLOBAL_UNIT_ASSIGNED_CONTEXT((#5926,#5927,#5928)) REPRESENTATION_CONTEXT
('Context #1','3D Context with UNIT and UNCERTAINTY') );
#5926 = ( LENGTH_UNIT() NAMED_UNIT(*) SI_UNIT(.MILLI.,.METRE.) );
#5927 = ( NAMED_UNIT(*) PLANE_ANGLE_UNIT() SI_UNIT($,.RADIAN.) );
#5928 = ( NAMED_UNIT(*) SI_UNIT($,.STERADIAN.) SOLID_ANGLE_UNIT() );
#5929 = UNCERTAINTY_MEASURE_WITH_UNIT(LENGTH_MEASURE(1.E-07),#5926,
  'distance_accuracy_value','confusion accuracy');
#5930 = PRODUCT_RELATED_PRODUCT_CATEGORY('part',$,(#7));
ENDSEC;
END-ISO-10303-21;
