ISO-10303-21;
HEADER;
FILE_DESCRIPTION(('FreeCAD Model'),'2;1');
FILE_NAME('Open CASCADE Shape Model','2026-09-16T19:48:46',('FreeCAD'),(
    'FreeCAD'),'Open CASCADE STEP processor 7.8','FreeCAD','Unknown');
FILE_SCHEMA(('AUTOMOTIVE_DESIGN { 1 0 10303 214 1 1 1 1 }'));
ENDSEC;
DATA;
#1 = APPLICATION_PROTOCOL_DEFINITION('international standard',
  'automotive_design',2000,#2);
#2 = APPLICATION_CONTEXT(
  'core data for automotive mechanical design processes');
#3 = SHAPE_DEFINITION_REPRESENTATION(#4,#10);
#4 = PRODUCT_DEFINITION_SHAPE('','',#5);
#5 = PRODUCT_DEFINITION('design','',#6,#9);
#6 = PRODUCT_DEFINITION_FORMATION('','',#7);
#7 = PRODUCT('Open CASCADE STEP translator 7.8 2',
  'Open CASCADE STEP translator 7.8 2','',(#8));
#8 = PRODUCT_CONTEXT('',#2,'mechanical');
#9 = PRODUCT_DEFINITION_CONTEXT('part definition',#2,'design');
#10 = SHAPE_REPRESENTATION('',(#11,#15,#231,#348,#498,#648,#798,#851,
    #904,#957,#1010,#1063,#1116,#1169,#1222,#1275,#1328,#1381,#1434,
    #1487,#1540,#1593,#1646,#1699,#1752,#1902,#1955,#2105,#2158,#2308,
    #2361,#2511,#2564,#2714,#2767,#2917,#2970,#3120,#3173,#3323,#3376,
    #3526,#3579,#3795,#4085,#4375),#4665);
#11 = AXIS2_PLACEMENT_3D('',#12,#13,#14);
#12 = CARTESIAN_POINT('',(0.,0.,0.));
#13 = DIRECTION('',(0.,0.,1.));
#14 = DIRECTION('',(1.,0.,-0.));
#15 = MANIFOLD_SOLID_BREP('',#16);
#16 = CLOSED_SHELL('',(#17,#57,#88,#119,#150,#181,#203,#217));
#17 = ADVANCED_FACE('',(#18),#52,.F.);
#18 = FACE_BOUND('',#19,.F.);
#19 = EDGE_LOOP('',(#20,#30,#38,#46));
#20 = ORIENTED_EDGE('',*,*,#21,.T.);
#21 = EDGE_CURVE('',#22,#24,#26,.T.);
#22 = VERTEX_POINT('',#23);
#23 = CARTESIAN_POINT('',(372.3909236273,215.,0.));
#24 = VERTEX_POINT('',#25);
#25 = CARTESIAN_POINT('',(372.3909236273,215.,100.));
#26 = LINE('',#27,#28);
#27 = CARTESIAN_POINT('',(372.3909236273,215.,0.));
#28 = VECTOR('',#29,1.);
#29 = DIRECTION('',(0.,0.,1.));
#30 = ORIENTED_EDGE('',*,*,#31,.T.);
#31 = EDGE_CURVE('',#24,#32,#34,.T.);
#32 = VERTEX_POINT('',#33);
#33 = CARTESIAN_POINT('',(2.632990618167E-14,430.,100.));
#34 = LINE('',#35,#36);
#35 = CARTESIAN_POINT('',(372.3909236273,215.,100.));
#36 = VECTOR('',#37,1.);
#37 = DIRECTION('',(-0.866025403784,0.5,0.));
#38 = ORIENTED_EDGE('',*,*,#39,.F.);
#39 = EDGE_CURVE('',#40,#32,#42,.T.);
#40 = VERTEX_POINT('',#41);
#41 = CARTESIAN_POINT('',(2.632990618167E-14,430.,0.));
#42 = LINE('',#43,#44);
#43 = CARTESIAN_POINT('',(2.632990618167E-14,430.,0.));
#44 = VECTOR('',#45,1.);
#45 = DIRECTION('',(0.,0.,1.));
#46 = ORIENTED_EDGE('',*,*,#47,.F.);
#47 = EDGE_CURVE('',#22,#40,#48,.T.);
#48 = LINE('',#49,#50);
#49 = CARTESIAN_POINT('',(372.3909236273,215.,0.));
#50 = VECTOR('',#51,1.);
#51 = DIRECTION('',(-0.866025403784,0.5,0.));
#52 = PLANE('',#53);
#53 = AXIS2_PLACEMENT_3D('',#54,#55,#56);
#54 = CARTESIAN_POINT('',(372.3909236273,215.,0.));
#55 = DIRECTION('',(-0.5,-0.866025403784,0.));
#56 = DIRECTION('',(-0.866025403784,0.5,0.));
#57 = ADVANCED_FACE('',(#58),#83,.F.);
#58 = FACE_BOUND('',#59,.F.);
#59 = EDGE_LOOP('',(#60,#61,#69,#77));
#60 = ORIENTED_EDGE('',*,*,#39,.T.);
#61 = ORIENTED_EDGE('',*,*,#62,.T.);
#62 = EDGE_CURVE('',#32,#63,#65,.T.);
#63 = VERTEX_POINT('',#64);
#64 = CARTESIAN_POINT('',(-372.3909236273,215.,100.));
#65 = LINE('',#66,#67);
#66 = CARTESIAN_POINT('',(2.632990618167E-14,430.,100.));
#67 = VECTOR('',#68,1.);
#68 = DIRECTION('',(-0.866025403784,-0.5,0.));
#69 = ORIENTED_EDGE('',*,*,#70,.F.);
#70 = EDGE_CURVE('',#71,#63,#73,.T.);
#71 = VERTEX_POINT('',#72);
#72 = CARTESIAN_POINT('',(-372.3909236273,215.,0.));
#73 = LINE('',#74,#75);
#74 = CARTESIAN_POINT('',(-372.3909236273,215.,0.));
#75 = VECTOR('',#76,1.);
#76 = DIRECTION('',(0.,0.,1.));
#77 = ORIENTED_EDGE('',*,*,#78,.F.);
#78 = EDGE_CURVE('',#40,#71,#79,.T.);
#79 = LINE('',#80,#81);
#80 = CARTESIAN_POINT('',(2.632990618167E-14,430.,0.));
#81 = VECTOR('',#82,1.);
#82 = DIRECTION('',(-0.866025403784,-0.5,0.));
#83 = PLANE('',#84);
#84 = AXIS2_PLACEMENT_3D('',#85,#86,#87);
#85 = CARTESIAN_POINT('',(2.632990618167E-14,430.,0.));
#86 = DIRECTION('',(0.5,-0.866025403784,0.));
#87 = DIRECTION('',(-0.866025403784,-0.5,0.));
#88 = ADVANCED_FACE('',(#89),#114,.F.);
#89 = FACE_BOUND('',#90,.F.);
#90 = EDGE_LOOP('',(#91,#92,#100,#108));
#91 = ORIENTED_EDGE('',*,*,#70,.T.);
#92 = ORIENTED_EDGE('',*,*,#93,.T.);
#93 = EDGE_CURVE('',#63,#94,#96,.T.);
#94 = VERTEX_POINT('',#95);
#95 = CARTESIAN_POINT('',(-372.3909236273,-215.,100.));
#96 = LINE('',#97,#98);
#97 = CARTESIAN_POINT('',(-372.3909236273,215.,100.));
#98 = VECTOR('',#99,1.);
#99 = DIRECTION('',(1.321939973507E-16,-1.,0.));
#100 = ORIENTED_EDGE('',*,*,#101,.F.);
#101 = EDGE_CURVE('',#102,#94,#104,.T.);
#102 = VERTEX_POINT('',#103);
#103 = CARTESIAN_POINT('',(-372.3909236273,-215.,0.));
#104 = LINE('',#105,#106);
#105 = CARTESIAN_POINT('',(-372.3909236273,-215.,0.));
#106 = VECTOR('',#107,1.);
#107 = DIRECTION('',(0.,0.,1.));
#108 = ORIENTED_EDGE('',*,*,#109,.F.);
#109 = EDGE_CURVE('',#71,#102,#110,.T.);
#110 = LINE('',#111,#112);
#111 = CARTESIAN_POINT('',(-372.3909236273,215.,0.));
#112 = VECTOR('',#113,1.);
#113 = DIRECTION('',(1.321939973507E-16,-1.,0.));
#114 = PLANE('',#115);
#115 = AXIS2_PLACEMENT_3D('',#116,#117,#118);
#116 = CARTESIAN_POINT('',(-372.3909236273,215.,0.));
#117 = DIRECTION('',(1.,1.321939973507E-16,0.));
#118 = DIRECTION('',(1.321939973507E-16,-1.,0.));
#119 = ADVANCED_FACE('',(#120),#145,.F.);
#120 = FACE_BOUND('',#121,.F.);
#121 = EDGE_LOOP('',(#122,#123,#131,#139));
#122 = ORIENTED_EDGE('',*,*,#101,.T.);
#123 = ORIENTED_EDGE('',*,*,#124,.T.);
#124 = EDGE_CURVE('',#94,#125,#127,.T.);
#125 = VERTEX_POINT('',#126);
#126 = CARTESIAN_POINT('',(-7.8989718545E-14,-430.,100.));
#127 = LINE('',#128,#129);
#128 = CARTESIAN_POINT('',(-372.3909236273,-215.,100.));
#129 = VECTOR('',#130,1.);
#130 = DIRECTION('',(0.866025403784,-0.5,0.));
#131 = ORIENTED_EDGE('',*,*,#132,.F.);
#132 = EDGE_CURVE('',#133,#125,#135,.T.);
#133 = VERTEX_POINT('',#134);
#134 = CARTESIAN_POINT('',(-7.8989718545E-14,-430.,0.));
#135 = LINE('',#136,#137);
#136 = CARTESIAN_POINT('',(-7.8989718545E-14,-430.,0.));
#137 = VECTOR('',#138,1.);
#138 = DIRECTION('',(0.,0.,1.));
#139 = ORIENTED_EDGE('',*,*,#140,.F.);
#140 = EDGE_CURVE('',#102,#133,#141,.T.);
#141 = LINE('',#142,#143);
#142 = CARTESIAN_POINT('',(-372.3909236273,-215.,0.));
#143 = VECTOR('',#144,1.);
#144 = DIRECTION('',(0.866025403784,-0.5,0.));
#145 = PLANE('',#146);
#146 = AXIS2_PLACEMENT_3D('',#147,#148,#149);
#147 = CARTESIAN_POINT('',(-372.3909236273,-215.,0.));
#148 = DIRECTION('',(0.5,0.866025403784,0.));
#149 = DIRECTION('',(0.866025403784,-0.5,0.));
#150 = ADVANCED_FACE('',(#151),#176,.F.);
#151 = FACE_BOUND('',#152,.F.);
#152 = EDGE_LOOP('',(#153,#154,#162,#170));
#153 = ORIENTED_EDGE('',*,*,#132,.T.);
#154 = ORIENTED_EDGE('',*,*,#155,.T.);
#155 = EDGE_CURVE('',#125,#156,#158,.T.);
#156 = VERTEX_POINT('',#157);
#157 = CARTESIAN_POINT('',(372.3909236273,-215.,100.));
#158 = LINE('',#159,#160);
#159 = CARTESIAN_POINT('',(-7.8989718545E-14,-430.,100.));
#160 = VECTOR('',#161,1.);
#161 = DIRECTION('',(0.866025403784,0.5,0.));
#162 = ORIENTED_EDGE('',*,*,#163,.F.);
#163 = EDGE_CURVE('',#164,#156,#166,.T.);
#164 = VERTEX_POINT('',#165);
#165 = CARTESIAN_POINT('',(372.3909236273,-215.,0.));
#166 = LINE('',#167,#168);
#167 = CARTESIAN_POINT('',(372.3909236273,-215.,0.));
#168 = VECTOR('',#169,1.);
#169 = DIRECTION('',(0.,0.,1.));
#170 = ORIENTED_EDGE('',*,*,#171,.F.);
#171 = EDGE_CURVE('',#133,#164,#172,.T.);
#172 = LINE('',#173,#174);
#173 = CARTESIAN_POINT('',(-7.8989718545E-14,-430.,0.));
#174 = VECTOR('',#175,1.);
#175 = DIRECTION('',(0.866025403784,0.5,0.));
#176 = PLANE('',#177);
#177 = AXIS2_PLACEMENT_3D('',#178,#179,#180);
#178 = CARTESIAN_POINT('',(-7.8989718545E-14,-430.,0.));
#179 = DIRECTION('',(-0.5,0.866025403784,0.));
#180 = DIRECTION('',(0.866025403784,0.5,0.));
#181 = ADVANCED_FACE('',(#182),#198,.F.);
#182 = FACE_BOUND('',#183,.F.);
#183 = EDGE_LOOP('',(#184,#185,#191,#192));
#184 = ORIENTED_EDGE('',*,*,#163,.T.);
#185 = ORIENTED_EDGE('',*,*,#186,.T.);
#186 = EDGE_CURVE('',#156,#24,#187,.T.);
#187 = LINE('',#188,#189);
#188 = CARTESIAN_POINT('',(372.3909236273,-215.,100.));
#189 = VECTOR('',#190,1.);
#190 = DIRECTION('',(3.965819920521E-16,1.,0.));
#191 = ORIENTED_EDGE('',*,*,#21,.F.);
#192 = ORIENTED_EDGE('',*,*,#193,.F.);
#193 = EDGE_CURVE('',#164,#22,#194,.T.);
#194 = LINE('',#195,#196);
#195 = CARTESIAN_POINT('',(372.3909236273,-215.,0.));
#196 = VECTOR('',#197,1.);
#197 = DIRECTION('',(3.965819920521E-16,1.,0.));
#198 = PLANE('',#199);
#199 = AXIS2_PLACEMENT_3D('',#200,#201,#202);
#200 = CARTESIAN_POINT('',(372.3909236273,-215.,0.));
#201 = DIRECTION('',(-1.,3.965819920521E-16,0.));
#202 = DIRECTION('',(3.965819920521E-16,1.,0.));
#203 = ADVANCED_FACE('',(#204),#212,.F.);
#204 = FACE_BOUND('',#205,.F.);
#205 = EDGE_LOOP('',(#206,#207,#208,#209,#210,#211));
#206 = ORIENTED_EDGE('',*,*,#47,.T.);
#207 = ORIENTED_EDGE('',*,*,#78,.T.);
#208 = ORIENTED_EDGE('',*,*,#109,.T.);
#209 = ORIENTED_EDGE('',*,*,#140,.T.);
#210 = ORIENTED_EDGE('',*,*,#171,.T.);
#211 = ORIENTED_EDGE('',*,*,#193,.T.);
#212 = PLANE('',#213);
#213 = AXIS2_PLACEMENT_3D('',#214,#215,#216);
#214 = CARTESIAN_POINT('',(-2.16228314605E-14,4.736951571734E-15,0.));
#215 = DIRECTION('',(0.,0.,1.));
#216 = DIRECTION('',(1.,0.,0.));
#217 = ADVANCED_FACE('',(#218),#226,.T.);
#218 = FACE_BOUND('',#219,.T.);
#219 = EDGE_LOOP('',(#220,#221,#222,#223,#224,#225));
#220 = ORIENTED_EDGE('',*,*,#31,.T.);
#221 = ORIENTED_EDGE('',*,*,#62,.T.);
#222 = ORIENTED_EDGE('',*,*,#93,.T.);
#223 = ORIENTED_EDGE('',*,*,#124,.T.);
#224 = ORIENTED_EDGE('',*,*,#155,.T.);
#225 = ORIENTED_EDGE('',*,*,#186,.T.);
#226 = PLANE('',#227);
#227 = AXIS2_PLACEMENT_3D('',#228,#229,#230);
#228 = CARTESIAN_POINT('',(-2.16228314605E-14,4.736951571734E-15,100.));
#229 = DIRECTION('',(0.,0.,1.));
#230 = DIRECTION('',(1.,0.,0.));
#231 = MANIFOLD_SOLID_BREP('',#232);
#232 = CLOSED_SHELL('',(#233,#273,#304,#326,#337));
#233 = ADVANCED_FACE('',(#234),#268,.F.);
#234 = FACE_BOUND('',#235,.F.);
#235 = EDGE_LOOP('',(#236,#246,#254,#262));
#236 = ORIENTED_EDGE('',*,*,#237,.T.);
#237 = EDGE_CURVE('',#238,#240,#242,.T.);
#238 = VERTEX_POINT('',#239);
#239 = CARTESIAN_POINT('',(2.020667218593E-14,330.,100.));
#240 = VERTEX_POINT('',#241);
#241 = CARTESIAN_POINT('',(2.020667218593E-14,330.,780.));
#242 = LINE('',#243,#244);
#243 = CARTESIAN_POINT('',(2.020667218593E-14,330.,100.));
#244 = VECTOR('',#245,1.);
#245 = DIRECTION('',(0.,0.,1.));
#246 = ORIENTED_EDGE('',*,*,#247,.T.);
#247 = EDGE_CURVE('',#240,#248,#250,.T.);
#248 = VERTEX_POINT('',#249);
#249 = CARTESIAN_POINT('',(-285.7883832488,-165.,780.));
#250 = LINE('',#251,#252);
#251 = CARTESIAN_POINT('',(2.020667218593E-14,330.,780.));
#252 = VECTOR('',#253,1.);
#253 = DIRECTION('',(-0.5,-0.866025403784,0.));
#254 = ORIENTED_EDGE('',*,*,#255,.F.);
#255 = EDGE_CURVE('',#256,#248,#258,.T.);
#256 = VERTEX_POINT('',#257);
#257 = CARTESIAN_POINT('',(-285.7883832488,-165.,100.));
#258 = LINE('',#259,#260);
#259 = CARTESIAN_POINT('',(-285.7883832488,-165.,100.));
#260 = VECTOR('',#261,1.);
#261 = DIRECTION('',(0.,0.,1.));
#262 = ORIENTED_EDGE('',*,*,#263,.F.);
#263 = EDGE_CURVE('',#238,#256,#264,.T.);
#264 = LINE('',#265,#266);
#265 = CARTESIAN_POINT('',(2.020667218593E-14,330.,100.));
#266 = VECTOR('',#267,1.);
#267 = DIRECTION('',(-0.5,-0.866025403784,0.));
#268 = PLANE('',#269);
#269 = AXIS2_PLACEMENT_3D('',#270,#271,#272);
#270 = CARTESIAN_POINT('',(2.020667218593E-14,330.,100.));
#271 = DIRECTION('',(0.866025403784,-0.5,0.));
#272 = DIRECTION('',(-0.5,-0.866025403784,0.));
#273 = ADVANCED_FACE('',(#274),#299,.F.);
#274 = FACE_BOUND('',#275,.F.);
#275 = EDGE_LOOP('',(#276,#277,#285,#293));
#276 = ORIENTED_EDGE('',*,*,#255,.T.);
#277 = ORIENTED_EDGE('',*,*,#278,.T.);
#278 = EDGE_CURVE('',#248,#279,#281,.T.);
#279 = VERTEX_POINT('',#280);
#280 = CARTESIAN_POINT('',(285.78838324886,-165.,780.));
#281 = LINE('',#282,#283);
#282 = CARTESIAN_POINT('',(-285.7883832488,-165.,780.));
#283 = VECTOR('',#284,1.);
#284 = DIRECTION('',(1.,-1.989003829148E-16,0.));
#285 = ORIENTED_EDGE('',*,*,#286,.F.);
#286 = EDGE_CURVE('',#287,#279,#289,.T.);
#287 = VERTEX_POINT('',#288);
#288 = CARTESIAN_POINT('',(285.78838324886,-165.,100.));
#289 = LINE('',#290,#291);
#290 = CARTESIAN_POINT('',(285.78838324886,-165.,100.));
#291 = VECTOR('',#292,1.);
#292 = DIRECTION('',(0.,0.,1.));
#293 = ORIENTED_EDGE('',*,*,#294,.F.);
#294 = EDGE_CURVE('',#256,#287,#295,.T.);
#295 = LINE('',#296,#297);
#296 = CARTESIAN_POINT('',(-285.7883832488,-165.,100.));
#297 = VECTOR('',#298,1.);
#298 = DIRECTION('',(1.,-1.989003829148E-16,0.));
#299 = PLANE('',#300);
#300 = AXIS2_PLACEMENT_3D('',#301,#302,#303);
#301 = CARTESIAN_POINT('',(-285.7883832488,-165.,100.));
#302 = DIRECTION('',(1.989003829148E-16,1.,0.));
#303 = DIRECTION('',(1.,-1.989003829148E-16,0.));
#304 = ADVANCED_FACE('',(#305),#321,.F.);
#305 = FACE_BOUND('',#306,.F.);
#306 = EDGE_LOOP('',(#307,#308,#314,#315));
#307 = ORIENTED_EDGE('',*,*,#286,.T.);
#308 = ORIENTED_EDGE('',*,*,#309,.T.);
#309 = EDGE_CURVE('',#279,#240,#310,.T.);
#310 = LINE('',#311,#312);
#311 = CARTESIAN_POINT('',(285.78838324886,-165.,780.));
#312 = VECTOR('',#313,1.);
#313 = DIRECTION('',(-0.5,0.866025403784,0.));
#314 = ORIENTED_EDGE('',*,*,#237,.F.);
#315 = ORIENTED_EDGE('',*,*,#316,.F.);
#316 = EDGE_CURVE('',#287,#238,#317,.T.);
#317 = LINE('',#318,#319);
#318 = CARTESIAN_POINT('',(285.78838324886,-165.,100.));
#319 = VECTOR('',#320,1.);
#320 = DIRECTION('',(-0.5,0.866025403784,0.));
#321 = PLANE('',#322);
#322 = AXIS2_PLACEMENT_3D('',#323,#324,#325);
#323 = CARTESIAN_POINT('',(285.78838324886,-165.,100.));
#324 = DIRECTION('',(-0.866025403784,-0.5,0.));
#325 = DIRECTION('',(-0.5,0.866025403784,0.));
#326 = ADVANCED_FACE('',(#327),#332,.F.);
#327 = FACE_BOUND('',#328,.F.);
#328 = EDGE_LOOP('',(#329,#330,#331));
#329 = ORIENTED_EDGE('',*,*,#263,.T.);
#330 = ORIENTED_EDGE('',*,*,#294,.T.);
#331 = ORIENTED_EDGE('',*,*,#316,.T.);
#332 = PLANE('',#333);
#333 = AXIS2_PLACEMENT_3D('',#334,#335,#336);
#334 = CARTESIAN_POINT('',(-3.957993284483E-14,-4.646937436563E-14,100.)
  );
#335 = DIRECTION('',(0.,0.,1.));
#336 = DIRECTION('',(1.,0.,0.));
#337 = ADVANCED_FACE('',(#338),#343,.T.);
#338 = FACE_BOUND('',#339,.T.);
#339 = EDGE_LOOP('',(#340,#341,#342));
#340 = ORIENTED_EDGE('',*,*,#247,.T.);
#341 = ORIENTED_EDGE('',*,*,#278,.T.);
#342 = ORIENTED_EDGE('',*,*,#309,.T.);
#343 = PLANE('',#344);
#344 = AXIS2_PLACEMENT_3D('',#345,#346,#347);
#345 = CARTESIAN_POINT('',(-3.957993284483E-14,-4.646937436563E-14,780.)
  );
#346 = DIRECTION('',(0.,0.,1.));
#347 = DIRECTION('',(1.,0.,0.));
#348 = MANIFOLD_SOLID_BREP('',#349);
#349 = CLOSED_SHELL('',(#350,#390,#430,#452,#474,#486));
#350 = ADVANCED_FACE('',(#351),#385,.F.);
#351 = FACE_BOUND('',#352,.F.);
#352 = EDGE_LOOP('',(#353,#363,#371,#379));
#353 = ORIENTED_EDGE('',*,*,#354,.F.);
#354 = EDGE_CURVE('',#355,#357,#359,.T.);
#355 = VERTEX_POINT('',#356);
#356 = CARTESIAN_POINT('',(162.7211431703,191.84128743664,28.));
#357 = VERTEX_POINT('',#358);
#358 = CARTESIAN_POINT('',(162.7211431703,191.84128743664,83.));
#359 = LINE('',#360,#361);
#360 = CARTESIAN_POINT('',(162.7211431703,191.84128743664,28.));
#361 = VECTOR('',#362,1.);
#362 = DIRECTION('',(0.,0.,1.));
#363 = ORIENTED_EDGE('',*,*,#364,.T.);
#364 = EDGE_CURVE('',#355,#365,#367,.T.);
#365 = VERTEX_POINT('',#366);
#366 = CARTESIAN_POINT('',(84.7788568297,236.84128743664,28.));
#367 = LINE('',#368,#369);
#368 = CARTESIAN_POINT('',(162.7211431703,191.84128743664,28.));
#369 = VECTOR('',#370,1.);
#370 = DIRECTION('',(-0.866025403784,0.5,0.));
#371 = ORIENTED_EDGE('',*,*,#372,.T.);
#372 = EDGE_CURVE('',#365,#373,#375,.T.);
#373 = VERTEX_POINT('',#374);
#374 = CARTESIAN_POINT('',(84.7788568297,236.84128743664,83.));
#375 = LINE('',#376,#377);
#376 = CARTESIAN_POINT('',(84.7788568297,236.84128743664,28.));
#377 = VECTOR('',#378,1.);
#378 = DIRECTION('',(0.,0.,1.));
#379 = ORIENTED_EDGE('',*,*,#380,.F.);
#380 = EDGE_CURVE('',#357,#373,#381,.T.);
#381 = LINE('',#382,#383);
#382 = CARTESIAN_POINT('',(162.7211431703,191.84128743664,83.));
#383 = VECTOR('',#384,1.);
#384 = DIRECTION('',(-0.866025403784,0.5,0.));
#385 = PLANE('',#386);
#386 = AXIS2_PLACEMENT_3D('',#387,#388,#389);
#387 = CARTESIAN_POINT('',(162.7211431703,191.84128743664,28.));
#388 = DIRECTION('',(0.5,0.866025403784,0.));
#389 = DIRECTION('',(0.,0.,1.));
#390 = ADVANCED_FACE('',(#391),#425,.T.);
#391 = FACE_BOUND('',#392,.T.);
#392 = EDGE_LOOP('',(#393,#403,#411,#419));
#393 = ORIENTED_EDGE('',*,*,#394,.F.);
#394 = EDGE_CURVE('',#395,#397,#399,.T.);
#395 = VERTEX_POINT('',#396);
#396 = CARTESIAN_POINT('',(687.7211431703,1.10116796141E+03,28.));
#397 = VERTEX_POINT('',#398);
#398 = CARTESIAN_POINT('',(687.7211431703,1.10116796141E+03,83.));
#399 = LINE('',#400,#401);
#400 = CARTESIAN_POINT('',(687.7211431703,1.10116796141E+03,28.));
#401 = VECTOR('',#402,1.);
#402 = DIRECTION('',(0.,0.,1.));
#403 = ORIENTED_EDGE('',*,*,#404,.T.);
#404 = EDGE_CURVE('',#395,#405,#407,.T.);
#405 = VERTEX_POINT('',#406);
#406 = CARTESIAN_POINT('',(609.7788568297,1.14616796141E+03,28.));
#407 = LINE('',#408,#409);
#408 = CARTESIAN_POINT('',(687.7211431703,1.10116796141E+03,28.));
#409 = VECTOR('',#410,1.);
#410 = DIRECTION('',(-0.866025403784,0.5,0.));
#411 = ORIENTED_EDGE('',*,*,#412,.T.);
#412 = EDGE_CURVE('',#405,#413,#415,.T.);
#413 = VERTEX_POINT('',#414);
#414 = CARTESIAN_POINT('',(609.7788568297,1.14616796141E+03,83.));
#415 = LINE('',#416,#417);
#416 = CARTESIAN_POINT('',(609.7788568297,1.14616796141E+03,28.));
#417 = VECTOR('',#418,1.);
#418 = DIRECTION('',(0.,0.,1.));
#419 = ORIENTED_EDGE('',*,*,#420,.F.);
#420 = EDGE_CURVE('',#397,#413,#421,.T.);
#421 = LINE('',#422,#423);
#422 = CARTESIAN_POINT('',(687.7211431703,1.10116796141E+03,83.));
#423 = VECTOR('',#424,1.);
#424 = DIRECTION('',(-0.866025403784,0.5,0.));
#425 = PLANE('',#426);
#426 = AXIS2_PLACEMENT_3D('',#427,#428,#429);
#427 = CARTESIAN_POINT('',(687.7211431703,1.10116796141E+03,28.));
#428 = DIRECTION('',(0.5,0.866025403784,0.));
#429 = DIRECTION('',(0.,0.,1.));
#430 = ADVANCED_FACE('',(#431),#447,.F.);
#431 = FACE_BOUND('',#432,.F.);
#432 = EDGE_LOOP('',(#433,#439,#440,#446));
#433 = ORIENTED_EDGE('',*,*,#434,.F.);
#434 = EDGE_CURVE('',#355,#395,#435,.T.);
#435 = LINE('',#436,#437);
#436 = CARTESIAN_POINT('',(162.7211431703,191.84128743664,28.));
#437 = VECTOR('',#438,1.);
#438 = DIRECTION('',(0.5,0.866025403784,0.));
#439 = ORIENTED_EDGE('',*,*,#354,.T.);
#440 = ORIENTED_EDGE('',*,*,#441,.T.);
#441 = EDGE_CURVE('',#357,#397,#442,.T.);
#442 = LINE('',#443,#444);
#443 = CARTESIAN_POINT('',(162.7211431703,191.84128743664,83.));
#444 = VECTOR('',#445,1.);
#445 = DIRECTION('',(0.5,0.866025403784,0.));
#446 = ORIENTED_EDGE('',*,*,#394,.F.);
#447 = PLANE('',#448);
#448 = AXIS2_PLACEMENT_3D('',#449,#450,#451);
#449 = CARTESIAN_POINT('',(162.7211431703,191.84128743664,28.));
#450 = DIRECTION('',(-0.866025403784,0.5,0.));
#451 = DIRECTION('',(0.,0.,1.));
#452 = ADVANCED_FACE('',(#453),#469,.T.);
#453 = FACE_BOUND('',#454,.T.);
#454 = EDGE_LOOP('',(#455,#461,#462,#468));
#455 = ORIENTED_EDGE('',*,*,#456,.F.);
#456 = EDGE_CURVE('',#365,#405,#457,.T.);
#457 = LINE('',#458,#459);
#458 = CARTESIAN_POINT('',(84.7788568297,236.84128743664,28.));
#459 = VECTOR('',#460,1.);
#460 = DIRECTION('',(0.5,0.866025403784,0.));
#461 = ORIENTED_EDGE('',*,*,#372,.T.);
#462 = ORIENTED_EDGE('',*,*,#463,.T.);
#463 = EDGE_CURVE('',#373,#413,#464,.T.);
#464 = LINE('',#465,#466);
#465 = CARTESIAN_POINT('',(84.7788568297,236.84128743664,83.));
#466 = VECTOR('',#467,1.);
#467 = DIRECTION('',(0.5,0.866025403784,0.));
#468 = ORIENTED_EDGE('',*,*,#412,.F.);
#469 = PLANE('',#470);
#470 = AXIS2_PLACEMENT_3D('',#471,#472,#473);
#471 = CARTESIAN_POINT('',(84.7788568297,236.84128743664,28.));
#472 = DIRECTION('',(-0.866025403784,0.5,0.));
#473 = DIRECTION('',(0.,0.,1.));
#474 = ADVANCED_FACE('',(#475),#481,.F.);
#475 = FACE_BOUND('',#476,.F.);
#476 = EDGE_LOOP('',(#477,#478,#479,#480));
#477 = ORIENTED_EDGE('',*,*,#364,.F.);
#478 = ORIENTED_EDGE('',*,*,#434,.T.);
#479 = ORIENTED_EDGE('',*,*,#404,.T.);
#480 = ORIENTED_EDGE('',*,*,#456,.F.);
#481 = PLANE('',#482);
#482 = AXIS2_PLACEMENT_3D('',#483,#484,#485);
#483 = CARTESIAN_POINT('',(162.7211431703,191.84128743664,28.));
#484 = DIRECTION('',(0.,0.,1.));
#485 = DIRECTION('',(0.5,0.866025403784,0.));
#486 = ADVANCED_FACE('',(#487),#493,.T.);
#487 = FACE_BOUND('',#488,.T.);
#488 = EDGE_LOOP('',(#489,#490,#491,#492));
#489 = ORIENTED_EDGE('',*,*,#380,.F.);
#490 = ORIENTED_EDGE('',*,*,#441,.T.);
#491 = ORIENTED_EDGE('',*,*,#420,.T.);
#492 = ORIENTED_EDGE('',*,*,#463,.F.);
#493 = PLANE('',#494);
#494 = AXIS2_PLACEMENT_3D('',#495,#496,#497);
#495 = CARTESIAN_POINT('',(162.7211431703,191.84128743664,83.));
#496 = DIRECTION('',(0.,0.,1.));
#497 = DIRECTION('',(0.5,0.866025403784,0.));
#498 = MANIFOLD_SOLID_BREP('',#499);
#499 = CLOSED_SHELL('',(#500,#540,#580,#602,#624,#636));
#500 = ADVANCED_FACE('',(#501),#535,.F.);
#501 = FACE_BOUND('',#502,.F.);
#502 = EDGE_LOOP('',(#503,#513,#521,#529));
#503 = ORIENTED_EDGE('',*,*,#504,.F.);
#504 = EDGE_CURVE('',#505,#507,#509,.T.);
#505 = VERTEX_POINT('',#506);
#506 = CARTESIAN_POINT('',(-247.5,45.,28.));
#507 = VERTEX_POINT('',#508);
#508 = CARTESIAN_POINT('',(-247.5,45.,83.));
#509 = LINE('',#510,#511);
#510 = CARTESIAN_POINT('',(-247.5,45.,28.));
#511 = VECTOR('',#512,1.);
#512 = DIRECTION('',(0.,0.,1.));
#513 = ORIENTED_EDGE('',*,*,#514,.T.);
#514 = EDGE_CURVE('',#505,#515,#517,.T.);
#515 = VERTEX_POINT('',#516);
#516 = CARTESIAN_POINT('',(-247.5,-45.,28.));
#517 = LINE('',#518,#519);
#518 = CARTESIAN_POINT('',(-247.5,45.,28.));
#519 = VECTOR('',#520,1.);
#520 = DIRECTION('',(0.,-1.,0.));
#521 = ORIENTED_EDGE('',*,*,#522,.T.);
#522 = EDGE_CURVE('',#515,#523,#525,.T.);
#523 = VERTEX_POINT('',#524);
#524 = CARTESIAN_POINT('',(-247.5,-45.,83.));
#525 = LINE('',#526,#527);
#526 = CARTESIAN_POINT('',(-247.5,-45.,28.));
#527 = VECTOR('',#528,1.);
#528 = DIRECTION('',(0.,0.,1.));
#529 = ORIENTED_EDGE('',*,*,#530,.F.);
#530 = EDGE_CURVE('',#507,#523,#531,.T.);
#531 = LINE('',#532,#533);
#532 = CARTESIAN_POINT('',(-247.5,45.,83.));
#533 = VECTOR('',#534,1.);
#534 = DIRECTION('',(0.,-1.,0.));
#535 = PLANE('',#536);
#536 = AXIS2_PLACEMENT_3D('',#537,#538,#539);
#537 = CARTESIAN_POINT('',(-247.5,45.,28.));
#538 = DIRECTION('',(-1.,0.,0.));
#539 = DIRECTION('',(0.,0.,1.));
#540 = ADVANCED_FACE('',(#541),#575,.T.);
#541 = FACE_BOUND('',#542,.T.);
#542 = EDGE_LOOP('',(#543,#553,#561,#569));
#543 = ORIENTED_EDGE('',*,*,#544,.F.);
#544 = EDGE_CURVE('',#545,#547,#549,.T.);
#545 = VERTEX_POINT('',#546);
#546 = CARTESIAN_POINT('',(-1.2975E+03,45.,28.));
#547 = VERTEX_POINT('',#548);
#548 = CARTESIAN_POINT('',(-1.2975E+03,45.,83.));
#549 = LINE('',#550,#551);
#550 = CARTESIAN_POINT('',(-1.2975E+03,45.,28.));
#551 = VECTOR('',#552,1.);
#552 = DIRECTION('',(0.,0.,1.));
#553 = ORIENTED_EDGE('',*,*,#554,.T.);
#554 = EDGE_CURVE('',#545,#555,#557,.T.);
#555 = VERTEX_POINT('',#556);
#556 = CARTESIAN_POINT('',(-1.2975E+03,-45.,28.));
#557 = LINE('',#558,#559);
#558 = CARTESIAN_POINT('',(-1.2975E+03,45.,28.));
#559 = VECTOR('',#560,1.);
#560 = DIRECTION('',(0.,-1.,0.));
#561 = ORIENTED_EDGE('',*,*,#562,.T.);
#562 = EDGE_CURVE('',#555,#563,#565,.T.);
#563 = VERTEX_POINT('',#564);
#564 = CARTESIAN_POINT('',(-1.2975E+03,-45.,83.));
#565 = LINE('',#566,#567);
#566 = CARTESIAN_POINT('',(-1.2975E+03,-45.,28.));
#567 = VECTOR('',#568,1.);
#568 = DIRECTION('',(0.,0.,1.));
#569 = ORIENTED_EDGE('',*,*,#570,.F.);
#570 = EDGE_CURVE('',#547,#563,#571,.T.);
#571 = LINE('',#572,#573);
#572 = CARTESIAN_POINT('',(-1.2975E+03,45.,83.));
#573 = VECTOR('',#574,1.);
#574 = DIRECTION('',(0.,-1.,0.));
#575 = PLANE('',#576);
#576 = AXIS2_PLACEMENT_3D('',#577,#578,#579);
#577 = CARTESIAN_POINT('',(-1.2975E+03,45.,28.));
#578 = DIRECTION('',(-1.,0.,0.));
#579 = DIRECTION('',(0.,0.,1.));
#580 = ADVANCED_FACE('',(#581),#597,.F.);
#581 = FACE_BOUND('',#582,.F.);
#582 = EDGE_LOOP('',(#583,#589,#590,#596));
#583 = ORIENTED_EDGE('',*,*,#584,.F.);
#584 = EDGE_CURVE('',#505,#545,#585,.T.);
#585 = LINE('',#586,#587);
#586 = CARTESIAN_POINT('',(-247.5,45.,28.));
#587 = VECTOR('',#588,1.);
#588 = DIRECTION('',(-1.,0.,0.));
#589 = ORIENTED_EDGE('',*,*,#504,.T.);
#590 = ORIENTED_EDGE('',*,*,#591,.T.);
#591 = EDGE_CURVE('',#507,#547,#592,.T.);
#592 = LINE('',#593,#594);
#593 = CARTESIAN_POINT('',(-247.5,45.,83.));
#594 = VECTOR('',#595,1.);
#595 = DIRECTION('',(-1.,0.,0.));
#596 = ORIENTED_EDGE('',*,*,#544,.F.);
#597 = PLANE('',#598);
#598 = AXIS2_PLACEMENT_3D('',#599,#600,#601);
#599 = CARTESIAN_POINT('',(-247.5,45.,28.));
#600 = DIRECTION('',(0.,-1.,0.));
#601 = DIRECTION('',(0.,0.,1.));
#602 = ADVANCED_FACE('',(#603),#619,.T.);
#603 = FACE_BOUND('',#604,.T.);
#604 = EDGE_LOOP('',(#605,#611,#612,#618));
#605 = ORIENTED_EDGE('',*,*,#606,.F.);
#606 = EDGE_CURVE('',#515,#555,#607,.T.);
#607 = LINE('',#608,#609);
#608 = CARTESIAN_POINT('',(-247.5,-45.,28.));
#609 = VECTOR('',#610,1.);
#610 = DIRECTION('',(-1.,0.,0.));
#611 = ORIENTED_EDGE('',*,*,#522,.T.);
#612 = ORIENTED_EDGE('',*,*,#613,.T.);
#613 = EDGE_CURVE('',#523,#563,#614,.T.);
#614 = LINE('',#615,#616);
#615 = CARTESIAN_POINT('',(-247.5,-45.,83.));
#616 = VECTOR('',#617,1.);
#617 = DIRECTION('',(-1.,0.,0.));
#618 = ORIENTED_EDGE('',*,*,#562,.F.);
#619 = PLANE('',#620);
#620 = AXIS2_PLACEMENT_3D('',#621,#622,#623);
#621 = CARTESIAN_POINT('',(-247.5,-45.,28.));
#622 = DIRECTION('',(0.,-1.,0.));
#623 = DIRECTION('',(0.,0.,1.));
#624 = ADVANCED_FACE('',(#625),#631,.F.);
#625 = FACE_BOUND('',#626,.F.);
#626 = EDGE_LOOP('',(#627,#628,#629,#630));
#627 = ORIENTED_EDGE('',*,*,#514,.F.);
#628 = ORIENTED_EDGE('',*,*,#584,.T.);
#629 = ORIENTED_EDGE('',*,*,#554,.T.);
#630 = ORIENTED_EDGE('',*,*,#606,.F.);
#631 = PLANE('',#632);
#632 = AXIS2_PLACEMENT_3D('',#633,#634,#635);
#633 = CARTESIAN_POINT('',(-247.5,45.,28.));
#634 = DIRECTION('',(0.,0.,1.));
#635 = DIRECTION('',(-1.,0.,0.));
#636 = ADVANCED_FACE('',(#637),#643,.T.);
#637 = FACE_BOUND('',#638,.T.);
#638 = EDGE_LOOP('',(#639,#640,#641,#642));
#639 = ORIENTED_EDGE('',*,*,#530,.F.);
#640 = ORIENTED_EDGE('',*,*,#591,.T.);
#641 = ORIENTED_EDGE('',*,*,#570,.T.);
#642 = ORIENTED_EDGE('',*,*,#613,.F.);
#643 = PLANE('',#644);
#644 = AXIS2_PLACEMENT_3D('',#645,#646,#647);
#645 = CARTESIAN_POINT('',(-247.5,45.,83.));
#646 = DIRECTION('',(0.,0.,1.));
#647 = DIRECTION('',(-1.,0.,0.));
#648 = MANIFOLD_SOLID_BREP('',#649);
#649 = CLOSED_SHELL('',(#650,#690,#730,#752,#774,#786));
#650 = ADVANCED_FACE('',(#651),#685,.F.);
#651 = FACE_BOUND('',#652,.F.);
#652 = EDGE_LOOP('',(#653,#663,#671,#679));
#653 = ORIENTED_EDGE('',*,*,#654,.F.);
#654 = EDGE_CURVE('',#655,#657,#659,.T.);
#655 = VERTEX_POINT('',#656);
#656 = CARTESIAN_POINT('',(84.7788568297,-236.8412874366,28.));
#657 = VERTEX_POINT('',#658);
#658 = CARTESIAN_POINT('',(84.7788568297,-236.8412874366,83.));
#659 = LINE('',#660,#661);
#660 = CARTESIAN_POINT('',(84.7788568297,-236.8412874366,28.));
#661 = VECTOR('',#662,1.);
#662 = DIRECTION('',(0.,0.,1.));
#663 = ORIENTED_EDGE('',*,*,#664,.T.);
#664 = EDGE_CURVE('',#655,#665,#667,.T.);
#665 = VERTEX_POINT('',#666);
#666 = CARTESIAN_POINT('',(162.7211431703,-191.8412874366,28.));
#667 = LINE('',#668,#669);
#668 = CARTESIAN_POINT('',(84.7788568297,-236.8412874366,28.));
#669 = VECTOR('',#670,1.);
#670 = DIRECTION('',(0.866025403784,0.5,0.));
#671 = ORIENTED_EDGE('',*,*,#672,.T.);
#672 = EDGE_CURVE('',#665,#673,#675,.T.);
#673 = VERTEX_POINT('',#674);
#674 = CARTESIAN_POINT('',(162.7211431703,-191.8412874366,83.));
#675 = LINE('',#676,#677);
#676 = CARTESIAN_POINT('',(162.7211431703,-191.8412874366,28.));
#677 = VECTOR('',#678,1.);
#678 = DIRECTION('',(0.,0.,1.));
#679 = ORIENTED_EDGE('',*,*,#680,.F.);
#680 = EDGE_CURVE('',#657,#673,#681,.T.);
#681 = LINE('',#682,#683);
#682 = CARTESIAN_POINT('',(84.7788568297,-236.8412874366,83.));
#683 = VECTOR('',#684,1.);
#684 = DIRECTION('',(0.866025403784,0.5,0.));
#685 = PLANE('',#686);
#686 = AXIS2_PLACEMENT_3D('',#687,#688,#689);
#687 = CARTESIAN_POINT('',(84.7788568297,-236.8412874366,28.));
#688 = DIRECTION('',(0.5,-0.866025403784,0.));
#689 = DIRECTION('',(0.,0.,1.));
#690 = ADVANCED_FACE('',(#691),#725,.T.);
#691 = FACE_BOUND('',#692,.T.);
#692 = EDGE_LOOP('',(#693,#703,#711,#719));
#693 = ORIENTED_EDGE('',*,*,#694,.F.);
#694 = EDGE_CURVE('',#695,#697,#699,.T.);
#695 = VERTEX_POINT('',#696);
#696 = CARTESIAN_POINT('',(609.7788568297,-1.14616796141E+03,28.));
#697 = VERTEX_POINT('',#698);
#698 = CARTESIAN_POINT('',(609.7788568297,-1.14616796141E+03,83.));
#699 = LINE('',#700,#701);
#700 = CARTESIAN_POINT('',(609.7788568297,-1.14616796141E+03,28.));
#701 = VECTOR('',#702,1.);
#702 = DIRECTION('',(0.,0.,1.));
#703 = ORIENTED_EDGE('',*,*,#704,.T.);
#704 = EDGE_CURVE('',#695,#705,#707,.T.);
#705 = VERTEX_POINT('',#706);
#706 = CARTESIAN_POINT('',(687.7211431703,-1.10116796141E+03,28.));
#707 = LINE('',#708,#709);
#708 = CARTESIAN_POINT('',(609.7788568297,-1.14616796141E+03,28.));
#709 = VECTOR('',#710,1.);
#710 = DIRECTION('',(0.866025403784,0.5,0.));
#711 = ORIENTED_EDGE('',*,*,#712,.T.);
#712 = EDGE_CURVE('',#705,#713,#715,.T.);
#713 = VERTEX_POINT('',#714);
#714 = CARTESIAN_POINT('',(687.7211431703,-1.10116796141E+03,83.));
#715 = LINE('',#716,#717);
#716 = CARTESIAN_POINT('',(687.7211431703,-1.10116796141E+03,28.));
#717 = VECTOR('',#718,1.);
#718 = DIRECTION('',(0.,0.,1.));
#719 = ORIENTED_EDGE('',*,*,#720,.F.);
#720 = EDGE_CURVE('',#697,#713,#721,.T.);
#721 = LINE('',#722,#723);
#722 = CARTESIAN_POINT('',(609.7788568297,-1.14616796141E+03,83.));
#723 = VECTOR('',#724,1.);
#724 = DIRECTION('',(0.866025403784,0.5,0.));
#725 = PLANE('',#726);
#726 = AXIS2_PLACEMENT_3D('',#727,#728,#729);
#727 = CARTESIAN_POINT('',(609.7788568297,-1.14616796141E+03,28.));
#728 = DIRECTION('',(0.5,-0.866025403784,0.));
#729 = DIRECTION('',(0.,0.,1.));
#730 = ADVANCED_FACE('',(#731),#747,.F.);
#731 = FACE_BOUND('',#732,.F.);
#732 = EDGE_LOOP('',(#733,#739,#740,#746));
#733 = ORIENTED_EDGE('',*,*,#734,.F.);
#734 = EDGE_CURVE('',#655,#695,#735,.T.);
#735 = LINE('',#736,#737);
#736 = CARTESIAN_POINT('',(84.7788568297,-236.8412874366,28.));
#737 = VECTOR('',#738,1.);
#738 = DIRECTION('',(0.5,-0.866025403784,0.));
#739 = ORIENTED_EDGE('',*,*,#654,.T.);
#740 = ORIENTED_EDGE('',*,*,#741,.T.);
#741 = EDGE_CURVE('',#657,#697,#742,.T.);
#742 = LINE('',#743,#744);
#743 = CARTESIAN_POINT('',(84.7788568297,-236.8412874366,83.));
#744 = VECTOR('',#745,1.);
#745 = DIRECTION('',(0.5,-0.866025403784,0.));
#746 = ORIENTED_EDGE('',*,*,#694,.F.);
#747 = PLANE('',#748);
#748 = AXIS2_PLACEMENT_3D('',#749,#750,#751);
#749 = CARTESIAN_POINT('',(84.7788568297,-236.8412874366,28.));
#750 = DIRECTION('',(0.866025403784,0.5,0.));
#751 = DIRECTION('',(0.,0.,1.));
#752 = ADVANCED_FACE('',(#753),#769,.T.);
#753 = FACE_BOUND('',#754,.T.);
#754 = EDGE_LOOP('',(#755,#761,#762,#768));
#755 = ORIENTED_EDGE('',*,*,#756,.F.);
#756 = EDGE_CURVE('',#665,#705,#757,.T.);
#757 = LINE('',#758,#759);
#758 = CARTESIAN_POINT('',(162.7211431703,-191.8412874366,28.));
#759 = VECTOR('',#760,1.);
#760 = DIRECTION('',(0.5,-0.866025403784,0.));
#761 = ORIENTED_EDGE('',*,*,#672,.T.);
#762 = ORIENTED_EDGE('',*,*,#763,.T.);
#763 = EDGE_CURVE('',#673,#713,#764,.T.);
#764 = LINE('',#765,#766);
#765 = CARTESIAN_POINT('',(162.7211431703,-191.8412874366,83.));
#766 = VECTOR('',#767,1.);
#767 = DIRECTION('',(0.5,-0.866025403784,0.));
#768 = ORIENTED_EDGE('',*,*,#712,.F.);
#769 = PLANE('',#770);
#770 = AXIS2_PLACEMENT_3D('',#771,#772,#773);
#771 = CARTESIAN_POINT('',(162.7211431703,-191.8412874366,28.));
#772 = DIRECTION('',(0.866025403784,0.5,0.));
#773 = DIRECTION('',(0.,0.,1.));
#774 = ADVANCED_FACE('',(#775),#781,.F.);
#775 = FACE_BOUND('',#776,.F.);
#776 = EDGE_LOOP('',(#777,#778,#779,#780));
#777 = ORIENTED_EDGE('',*,*,#664,.F.);
#778 = ORIENTED_EDGE('',*,*,#734,.T.);
#779 = ORIENTED_EDGE('',*,*,#704,.T.);
#780 = ORIENTED_EDGE('',*,*,#756,.F.);
#781 = PLANE('',#782);
#782 = AXIS2_PLACEMENT_3D('',#783,#784,#785);
#783 = CARTESIAN_POINT('',(84.7788568297,-236.8412874366,28.));
#784 = DIRECTION('',(0.,0.,1.));
#785 = DIRECTION('',(0.5,-0.866025403784,0.));
#786 = ADVANCED_FACE('',(#787),#793,.T.);
#787 = FACE_BOUND('',#788,.T.);
#788 = EDGE_LOOP('',(#789,#790,#791,#792));
#789 = ORIENTED_EDGE('',*,*,#680,.F.);
#790 = ORIENTED_EDGE('',*,*,#741,.T.);
#791 = ORIENTED_EDGE('',*,*,#720,.T.);
#792 = ORIENTED_EDGE('',*,*,#763,.F.);
#793 = PLANE('',#794);
#794 = AXIS2_PLACEMENT_3D('',#795,#796,#797);
#795 = CARTESIAN_POINT('',(84.7788568297,-236.8412874366,83.));
#796 = DIRECTION('',(0.,0.,1.));
#797 = DIRECTION('',(0.5,-0.866025403784,0.));
#798 = MANIFOLD_SOLID_BREP('',#799);
#799 = CLOSED_SHELL('',(#800,#833,#842));
#800 = ADVANCED_FACE('',(#801),#828,.T.);
#801 = FACE_BOUND('',#802,.T.);
#802 = EDGE_LOOP('',(#803,#812,#820,#827));
#803 = ORIENTED_EDGE('',*,*,#804,.F.);
#804 = EDGE_CURVE('',#805,#805,#807,.T.);
#805 = VERTEX_POINT('',#806);
#806 = CARTESIAN_POINT('',(860.,-3.673940397442E-14,28.));
#807 = CIRCLE('',#808,150.);
#808 = AXIS2_PLACEMENT_3D('',#809,#810,#811);
#809 = CARTESIAN_POINT('',(710.,0.,28.));
#810 = DIRECTION('',(0.,0.,1.));
#811 = DIRECTION('',(1.,0.,0.));
#812 = ORIENTED_EDGE('',*,*,#813,.F.);
#813 = EDGE_CURVE('',#814,#805,#816,.T.);
#814 = VERTEX_POINT('',#815);
#815 = CARTESIAN_POINT('',(860.,-3.673940397442E-14,0.));
#816 = LINE('',#817,#818);
#817 = CARTESIAN_POINT('',(860.,-3.673940397442E-14,0.));
#818 = VECTOR('',#819,1.);
#819 = DIRECTION('',(0.,0.,1.));
#820 = ORIENTED_EDGE('',*,*,#821,.T.);
#821 = EDGE_CURVE('',#814,#814,#822,.T.);
#822 = CIRCLE('',#823,150.);
#823 = AXIS2_PLACEMENT_3D('',#824,#825,#826);
#824 = CARTESIAN_POINT('',(710.,0.,0.));
#825 = DIRECTION('',(0.,0.,1.));
#826 = DIRECTION('',(1.,0.,0.));
#827 = ORIENTED_EDGE('',*,*,#813,.T.);
#828 = CYLINDRICAL_SURFACE('',#829,150.);
#829 = AXIS2_PLACEMENT_3D('',#830,#831,#832);
#830 = CARTESIAN_POINT('',(710.,0.,0.));
#831 = DIRECTION('',(0.,0.,1.));
#832 = DIRECTION('',(1.,0.,0.));
#833 = ADVANCED_FACE('',(#834),#837,.T.);
#834 = FACE_BOUND('',#835,.T.);
#835 = EDGE_LOOP('',(#836));
#836 = ORIENTED_EDGE('',*,*,#804,.T.);
#837 = PLANE('',#838);
#838 = AXIS2_PLACEMENT_3D('',#839,#840,#841);
#839 = CARTESIAN_POINT('',(710.,0.,28.));
#840 = DIRECTION('',(0.,0.,1.));
#841 = DIRECTION('',(1.,0.,0.));
#842 = ADVANCED_FACE('',(#843),#846,.F.);
#843 = FACE_BOUND('',#844,.T.);
#844 = EDGE_LOOP('',(#845));
#845 = ORIENTED_EDGE('',*,*,#821,.F.);
#846 = PLANE('',#847);
#847 = AXIS2_PLACEMENT_3D('',#848,#849,#850);
#848 = CARTESIAN_POINT('',(710.,0.,0.));
#849 = DIRECTION('',(0.,0.,1.));
#850 = DIRECTION('',(1.,0.,0.));
#851 = MANIFOLD_SOLID_BREP('',#852);
#852 = CLOSED_SHELL('',(#853,#886,#895));
#853 = ADVANCED_FACE('',(#854),#881,.T.);
#854 = FACE_BOUND('',#855,.T.);
#855 = EDGE_LOOP('',(#856,#865,#873,#880));
#856 = ORIENTED_EDGE('',*,*,#857,.F.);
#857 = EDGE_CURVE('',#858,#858,#860,.T.);
#858 = VERTEX_POINT('',#859);
#859 = CARTESIAN_POINT('',(767.5,-1.408343819019E-14,458.));
#860 = CIRCLE('',#861,57.5);
#861 = AXIS2_PLACEMENT_3D('',#862,#863,#864);
#862 = CARTESIAN_POINT('',(710.,0.,458.));
#863 = DIRECTION('',(0.,0.,1.));
#864 = DIRECTION('',(1.,0.,0.));
#865 = ORIENTED_EDGE('',*,*,#866,.F.);
#866 = EDGE_CURVE('',#867,#858,#869,.T.);
#867 = VERTEX_POINT('',#868);
#868 = CARTESIAN_POINT('',(767.5,-1.408343819019E-14,28.));
#869 = LINE('',#870,#871);
#870 = CARTESIAN_POINT('',(767.5,-1.408343819019E-14,28.));
#871 = VECTOR('',#872,1.);
#872 = DIRECTION('',(0.,0.,1.));
#873 = ORIENTED_EDGE('',*,*,#874,.T.);
#874 = EDGE_CURVE('',#867,#867,#875,.T.);
#875 = CIRCLE('',#876,57.5);
#876 = AXIS2_PLACEMENT_3D('',#877,#878,#879);
#877 = CARTESIAN_POINT('',(710.,0.,28.));
#878 = DIRECTION('',(0.,0.,1.));
#879 = DIRECTION('',(1.,0.,0.));
#880 = ORIENTED_EDGE('',*,*,#866,.T.);
#881 = CYLINDRICAL_SURFACE('',#882,57.5);
#882 = AXIS2_PLACEMENT_3D('',#883,#884,#885);
#883 = CARTESIAN_POINT('',(710.,0.,28.));
#884 = DIRECTION('',(0.,0.,1.));
#885 = DIRECTION('',(1.,0.,0.));
#886 = ADVANCED_FACE('',(#887),#890,.T.);
#887 = FACE_BOUND('',#888,.T.);
#888 = EDGE_LOOP('',(#889));
#889 = ORIENTED_EDGE('',*,*,#857,.T.);
#890 = PLANE('',#891);
#891 = AXIS2_PLACEMENT_3D('',#892,#893,#894);
#892 = CARTESIAN_POINT('',(710.,0.,458.));
#893 = DIRECTION('',(0.,0.,1.));
#894 = DIRECTION('',(1.,0.,0.));
#895 = ADVANCED_FACE('',(#896),#899,.F.);
#896 = FACE_BOUND('',#897,.T.);
#897 = EDGE_LOOP('',(#898));
#898 = ORIENTED_EDGE('',*,*,#874,.F.);
#899 = PLANE('',#900);
#900 = AXIS2_PLACEMENT_3D('',#901,#902,#903);
#901 = CARTESIAN_POINT('',(710.,0.,28.));
#902 = DIRECTION('',(0.,0.,1.));
#903 = DIRECTION('',(1.,0.,0.));
#904 = MANIFOLD_SOLID_BREP('',#905);
#905 = CLOSED_SHELL('',(#906,#939,#948));
#906 = ADVANCED_FACE('',(#907),#934,.T.);
#907 = FACE_BOUND('',#908,.T.);
#908 = EDGE_LOOP('',(#909,#918,#926,#933));
#909 = ORIENTED_EDGE('',*,*,#910,.F.);
#910 = EDGE_CURVE('',#911,#911,#913,.T.);
#911 = VERTEX_POINT('',#912);
#912 = CARTESIAN_POINT('',(1.315E+03,908.01270189221,28.));
#913 = CIRCLE('',#914,150.);
#914 = AXIS2_PLACEMENT_3D('',#915,#916,#917);
#915 = CARTESIAN_POINT('',(1.165E+03,908.01270189221,28.));
#916 = DIRECTION('',(0.,0.,1.));
#917 = DIRECTION('',(1.,0.,0.));
#918 = ORIENTED_EDGE('',*,*,#919,.F.);
#919 = EDGE_CURVE('',#920,#911,#922,.T.);
#920 = VERTEX_POINT('',#921);
#921 = CARTESIAN_POINT('',(1.315E+03,908.01270189221,0.));
#922 = LINE('',#923,#924);
#923 = CARTESIAN_POINT('',(1.315E+03,908.01270189221,0.));
#924 = VECTOR('',#925,1.);
#925 = DIRECTION('',(0.,0.,1.));
#926 = ORIENTED_EDGE('',*,*,#927,.T.);
#927 = EDGE_CURVE('',#920,#920,#928,.T.);
#928 = CIRCLE('',#929,150.);
#929 = AXIS2_PLACEMENT_3D('',#930,#931,#932);
#930 = CARTESIAN_POINT('',(1.165E+03,908.01270189221,0.));
#931 = DIRECTION('',(0.,0.,1.));
#932 = DIRECTION('',(1.,0.,0.));
#933 = ORIENTED_EDGE('',*,*,#919,.T.);
#934 = CYLINDRICAL_SURFACE('',#935,150.);
#935 = AXIS2_PLACEMENT_3D('',#936,#937,#938);
#936 = CARTESIAN_POINT('',(1.165E+03,908.01270189221,0.));
#937 = DIRECTION('',(0.,0.,1.));
#938 = DIRECTION('',(1.,0.,0.));
#939 = ADVANCED_FACE('',(#940),#943,.T.);
#940 = FACE_BOUND('',#941,.T.);
#941 = EDGE_LOOP('',(#942));
#942 = ORIENTED_EDGE('',*,*,#910,.T.);
#943 = PLANE('',#944);
#944 = AXIS2_PLACEMENT_3D('',#945,#946,#947);
#945 = CARTESIAN_POINT('',(1.165E+03,908.01270189221,28.));
#946 = DIRECTION('',(0.,0.,1.));
#947 = DIRECTION('',(1.,0.,0.));
#948 = ADVANCED_FACE('',(#949),#952,.F.);
#949 = FACE_BOUND('',#950,.T.);
#950 = EDGE_LOOP('',(#951));
#951 = ORIENTED_EDGE('',*,*,#927,.F.);
#952 = PLANE('',#953);
#953 = AXIS2_PLACEMENT_3D('',#954,#955,#956);
#954 = CARTESIAN_POINT('',(1.165E+03,908.01270189221,0.));
#955 = DIRECTION('',(0.,0.,1.));
#956 = DIRECTION('',(1.,0.,0.));
#957 = MANIFOLD_SOLID_BREP('',#958);
#958 = CLOSED_SHELL('',(#959,#992,#1001));
#959 = ADVANCED_FACE('',(#960),#987,.T.);
#960 = FACE_BOUND('',#961,.T.);
#961 = EDGE_LOOP('',(#962,#971,#979,#986));
#962 = ORIENTED_EDGE('',*,*,#963,.F.);
#963 = EDGE_CURVE('',#964,#964,#966,.T.);
#964 = VERTEX_POINT('',#965);
#965 = CARTESIAN_POINT('',(1.2225E+03,908.01270189221,458.));
#966 = CIRCLE('',#967,57.5);
#967 = AXIS2_PLACEMENT_3D('',#968,#969,#970);
#968 = CARTESIAN_POINT('',(1.165E+03,908.01270189221,458.));
#969 = DIRECTION('',(0.,0.,1.));
#970 = DIRECTION('',(1.,0.,0.));
#971 = ORIENTED_EDGE('',*,*,#972,.F.);
#972 = EDGE_CURVE('',#973,#964,#975,.T.);
#973 = VERTEX_POINT('',#974);
#974 = CARTESIAN_POINT('',(1.2225E+03,908.01270189221,28.));
#975 = LINE('',#976,#977);
#976 = CARTESIAN_POINT('',(1.2225E+03,908.01270189221,28.));
#977 = VECTOR('',#978,1.);
#978 = DIRECTION('',(0.,0.,1.));
#979 = ORIENTED_EDGE('',*,*,#980,.T.);
#980 = EDGE_CURVE('',#973,#973,#981,.T.);
#981 = CIRCLE('',#982,57.5);
#982 = AXIS2_PLACEMENT_3D('',#983,#984,#985);
#983 = CARTESIAN_POINT('',(1.165E+03,908.01270189221,28.));
#984 = DIRECTION('',(0.,0.,1.));
#985 = DIRECTION('',(1.,0.,0.));
#986 = ORIENTED_EDGE('',*,*,#972,.T.);
#987 = CYLINDRICAL_SURFACE('',#988,57.5);
#988 = AXIS2_PLACEMENT_3D('',#989,#990,#991);
#989 = CARTESIAN_POINT('',(1.165E+03,908.01270189221,28.));
#990 = DIRECTION('',(0.,0.,1.));
#991 = DIRECTION('',(1.,0.,0.));
#992 = ADVANCED_FACE('',(#993),#996,.T.);
#993 = FACE_BOUND('',#994,.T.);
#994 = EDGE_LOOP('',(#995));
#995 = ORIENTED_EDGE('',*,*,#963,.T.);
#996 = PLANE('',#997);
#997 = AXIS2_PLACEMENT_3D('',#998,#999,#1000);
#998 = CARTESIAN_POINT('',(1.165E+03,908.01270189221,458.));
#999 = DIRECTION('',(0.,0.,1.));
#1000 = DIRECTION('',(1.,0.,0.));
#1001 = ADVANCED_FACE('',(#1002),#1005,.F.);
#1002 = FACE_BOUND('',#1003,.T.);
#1003 = EDGE_LOOP('',(#1004));
#1004 = ORIENTED_EDGE('',*,*,#980,.F.);
#1005 = PLANE('',#1006);
#1006 = AXIS2_PLACEMENT_3D('',#1007,#1008,#1009);
#1007 = CARTESIAN_POINT('',(1.165E+03,908.01270189221,28.));
#1008 = DIRECTION('',(0.,0.,1.));
#1009 = DIRECTION('',(1.,0.,0.));
#1010 = MANIFOLD_SOLID_BREP('',#1011);
#1011 = CLOSED_SHELL('',(#1012,#1045,#1054));
#1012 = ADVANCED_FACE('',(#1013),#1040,.T.);
#1013 = FACE_BOUND('',#1014,.T.);
#1014 = EDGE_LOOP('',(#1015,#1024,#1032,#1039));
#1015 = ORIENTED_EDGE('',*,*,#1016,.F.);
#1016 = EDGE_CURVE('',#1017,#1017,#1019,.T.);
#1017 = VERTEX_POINT('',#1018);
#1018 = CARTESIAN_POINT('',(1.315E+03,-908.0127018922,28.));
#1019 = CIRCLE('',#1020,150.);
#1020 = AXIS2_PLACEMENT_3D('',#1021,#1022,#1023);
#1021 = CARTESIAN_POINT('',(1.165E+03,-908.0127018922,28.));
#1022 = DIRECTION('',(0.,0.,1.));
#1023 = DIRECTION('',(1.,0.,0.));
#1024 = ORIENTED_EDGE('',*,*,#1025,.F.);
#1025 = EDGE_CURVE('',#1026,#1017,#1028,.T.);
#1026 = VERTEX_POINT('',#1027);
#1027 = CARTESIAN_POINT('',(1.315E+03,-908.0127018922,0.));
#1028 = LINE('',#1029,#1030);
#1029 = CARTESIAN_POINT('',(1.315E+03,-908.0127018922,0.));
#1030 = VECTOR('',#1031,1.);
#1031 = DIRECTION('',(0.,0.,1.));
#1032 = ORIENTED_EDGE('',*,*,#1033,.T.);
#1033 = EDGE_CURVE('',#1026,#1026,#1034,.T.);
#1034 = CIRCLE('',#1035,150.);
#1035 = AXIS2_PLACEMENT_3D('',#1036,#1037,#1038);
#1036 = CARTESIAN_POINT('',(1.165E+03,-908.0127018922,0.));
#1037 = DIRECTION('',(0.,0.,1.));
#1038 = DIRECTION('',(1.,0.,0.));
#1039 = ORIENTED_EDGE('',*,*,#1025,.T.);
#1040 = CYLINDRICAL_SURFACE('',#1041,150.);
#1041 = AXIS2_PLACEMENT_3D('',#1042,#1043,#1044);
#1042 = CARTESIAN_POINT('',(1.165E+03,-908.0127018922,0.));
#1043 = DIRECTION('',(0.,0.,1.));
#1044 = DIRECTION('',(1.,0.,0.));
#1045 = ADVANCED_FACE('',(#1046),#1049,.T.);
#1046 = FACE_BOUND('',#1047,.T.);
#1047 = EDGE_LOOP('',(#1048));
#1048 = ORIENTED_EDGE('',*,*,#1016,.T.);
#1049 = PLANE('',#1050);
#1050 = AXIS2_PLACEMENT_3D('',#1051,#1052,#1053);
#1051 = CARTESIAN_POINT('',(1.165E+03,-908.0127018922,28.));
#1052 = DIRECTION('',(0.,0.,1.));
#1053 = DIRECTION('',(1.,0.,0.));
#1054 = ADVANCED_FACE('',(#1055),#1058,.F.);
#1055 = FACE_BOUND('',#1056,.T.);
#1056 = EDGE_LOOP('',(#1057));
#1057 = ORIENTED_EDGE('',*,*,#1033,.F.);
#1058 = PLANE('',#1059);
#1059 = AXIS2_PLACEMENT_3D('',#1060,#1061,#1062);
#1060 = CARTESIAN_POINT('',(1.165E+03,-908.0127018922,0.));
#1061 = DIRECTION('',(0.,0.,1.));
#1062 = DIRECTION('',(1.,0.,0.));
#1063 = MANIFOLD_SOLID_BREP('',#1064);
#1064 = CLOSED_SHELL('',(#1065,#1098,#1107));
#1065 = ADVANCED_FACE('',(#1066),#1093,.T.);
#1066 = FACE_BOUND('',#1067,.T.);
#1067 = EDGE_LOOP('',(#1068,#1077,#1085,#1092));
#1068 = ORIENTED_EDGE('',*,*,#1069,.F.);
#1069 = EDGE_CURVE('',#1070,#1070,#1072,.T.);
#1070 = VERTEX_POINT('',#1071);
#1071 = CARTESIAN_POINT('',(1.2225E+03,-908.0127018922,458.));
#1072 = CIRCLE('',#1073,57.5);
#1073 = AXIS2_PLACEMENT_3D('',#1074,#1075,#1076);
#1074 = CARTESIAN_POINT('',(1.165E+03,-908.0127018922,458.));
#1075 = DIRECTION('',(0.,0.,1.));
#1076 = DIRECTION('',(1.,0.,0.));
#1077 = ORIENTED_EDGE('',*,*,#1078,.F.);
#1078 = EDGE_CURVE('',#1079,#1070,#1081,.T.);
#1079 = VERTEX_POINT('',#1080);
#1080 = CARTESIAN_POINT('',(1.2225E+03,-908.0127018922,28.));
#1081 = LINE('',#1082,#1083);
#1082 = CARTESIAN_POINT('',(1.2225E+03,-908.0127018922,28.));
#1083 = VECTOR('',#1084,1.);
#1084 = DIRECTION('',(0.,0.,1.));
#1085 = ORIENTED_EDGE('',*,*,#1086,.T.);
#1086 = EDGE_CURVE('',#1079,#1079,#1087,.T.);
#1087 = CIRCLE('',#1088,57.5);
#1088 = AXIS2_PLACEMENT_3D('',#1089,#1090,#1091);
#1089 = CARTESIAN_POINT('',(1.165E+03,-908.0127018922,28.));
#1090 = DIRECTION('',(0.,0.,1.));
#1091 = DIRECTION('',(1.,0.,0.));
#1092 = ORIENTED_EDGE('',*,*,#1078,.T.);
#1093 = CYLINDRICAL_SURFACE('',#1094,57.5);
#1094 = AXIS2_PLACEMENT_3D('',#1095,#1096,#1097);
#1095 = CARTESIAN_POINT('',(1.165E+03,-908.0127018922,28.));
#1096 = DIRECTION('',(0.,0.,1.));
#1097 = DIRECTION('',(1.,0.,0.));
#1098 = ADVANCED_FACE('',(#1099),#1102,.T.);
#1099 = FACE_BOUND('',#1100,.T.);
#1100 = EDGE_LOOP('',(#1101));
#1101 = ORIENTED_EDGE('',*,*,#1069,.T.);
#1102 = PLANE('',#1103);
#1103 = AXIS2_PLACEMENT_3D('',#1104,#1105,#1106);
#1104 = CARTESIAN_POINT('',(1.165E+03,-908.0127018922,458.));
#1105 = DIRECTION('',(0.,0.,1.));
#1106 = DIRECTION('',(1.,0.,0.));
#1107 = ADVANCED_FACE('',(#1108),#1111,.F.);
#1108 = FACE_BOUND('',#1109,.T.);
#1109 = EDGE_LOOP('',(#1110));
#1110 = ORIENTED_EDGE('',*,*,#1086,.F.);
#1111 = PLANE('',#1112);
#1112 = AXIS2_PLACEMENT_3D('',#1113,#1114,#1115);
#1113 = CARTESIAN_POINT('',(1.165E+03,-908.0127018922,28.));
#1114 = DIRECTION('',(0.,0.,1.));
#1115 = DIRECTION('',(1.,0.,0.));
#1116 = MANIFOLD_SOLID_BREP('',#1117);
#1117 = CLOSED_SHELL('',(#1118,#1151,#1160));
#1118 = ADVANCED_FACE('',(#1119),#1146,.T.);
#1119 = FACE_BOUND('',#1120,.T.);
#1120 = EDGE_LOOP('',(#1121,#1130,#1138,#1145));
#1121 = ORIENTED_EDGE('',*,*,#1122,.F.);
#1122 = EDGE_CURVE('',#1123,#1123,#1125,.T.);
#1123 = VERTEX_POINT('',#1124);
#1124 = CARTESIAN_POINT('',(-205.,614.87803668695,28.));
#1125 = CIRCLE('',#1126,150.);
#1126 = AXIS2_PLACEMENT_3D('',#1127,#1128,#1129);
#1127 = CARTESIAN_POINT('',(-355.,614.87803668695,28.));
#1128 = DIRECTION('',(0.,0.,1.));
#1129 = DIRECTION('',(1.,0.,0.));
#1130 = ORIENTED_EDGE('',*,*,#1131,.F.);
#1131 = EDGE_CURVE('',#1132,#1123,#1134,.T.);
#1132 = VERTEX_POINT('',#1133);
#1133 = CARTESIAN_POINT('',(-205.,614.87803668695,0.));
#1134 = LINE('',#1135,#1136);
#1135 = CARTESIAN_POINT('',(-205.,614.87803668695,0.));
#1136 = VECTOR('',#1137,1.);
#1137 = DIRECTION('',(0.,0.,1.));
#1138 = ORIENTED_EDGE('',*,*,#1139,.T.);
#1139 = EDGE_CURVE('',#1132,#1132,#1140,.T.);
#1140 = CIRCLE('',#1141,150.);
#1141 = AXIS2_PLACEMENT_3D('',#1142,#1143,#1144);
#1142 = CARTESIAN_POINT('',(-355.,614.87803668695,0.));
#1143 = DIRECTION('',(0.,0.,1.));
#1144 = DIRECTION('',(1.,0.,0.));
#1145 = ORIENTED_EDGE('',*,*,#1131,.T.);
#1146 = CYLINDRICAL_SURFACE('',#1147,150.);
#1147 = AXIS2_PLACEMENT_3D('',#1148,#1149,#1150);
#1148 = CARTESIAN_POINT('',(-355.,614.87803668695,0.));
#1149 = DIRECTION('',(0.,0.,1.));
#1150 = DIRECTION('',(1.,0.,0.));
#1151 = ADVANCED_FACE('',(#1152),#1155,.T.);
#1152 = FACE_BOUND('',#1153,.T.);
#1153 = EDGE_LOOP('',(#1154));
#1154 = ORIENTED_EDGE('',*,*,#1122,.T.);
#1155 = PLANE('',#1156);
#1156 = AXIS2_PLACEMENT_3D('',#1157,#1158,#1159);
#1157 = CARTESIAN_POINT('',(-355.,614.87803668695,28.));
#1158 = DIRECTION('',(0.,0.,1.));
#1159 = DIRECTION('',(1.,0.,0.));
#1160 = ADVANCED_FACE('',(#1161),#1164,.F.);
#1161 = FACE_BOUND('',#1162,.T.);
#1162 = EDGE_LOOP('',(#1163));
#1163 = ORIENTED_EDGE('',*,*,#1139,.F.);
#1164 = PLANE('',#1165);
#1165 = AXIS2_PLACEMENT_3D('',#1166,#1167,#1168);
#1166 = CARTESIAN_POINT('',(-355.,614.87803668695,0.));
#1167 = DIRECTION('',(0.,0.,1.));
#1168 = DIRECTION('',(1.,0.,0.));
#1169 = MANIFOLD_SOLID_BREP('',#1170);
#1170 = CLOSED_SHELL('',(#1171,#1204,#1213));
#1171 = ADVANCED_FACE('',(#1172),#1199,.T.);
#1172 = FACE_BOUND('',#1173,.T.);
#1173 = EDGE_LOOP('',(#1174,#1183,#1191,#1198));
#1174 = ORIENTED_EDGE('',*,*,#1175,.F.);
#1175 = EDGE_CURVE('',#1176,#1176,#1178,.T.);
#1176 = VERTEX_POINT('',#1177);
#1177 = CARTESIAN_POINT('',(-297.5,614.87803668695,458.));
#1178 = CIRCLE('',#1179,57.5);
#1179 = AXIS2_PLACEMENT_3D('',#1180,#1181,#1182);
#1180 = CARTESIAN_POINT('',(-355.,614.87803668695,458.));
#1181 = DIRECTION('',(0.,0.,1.));
#1182 = DIRECTION('',(1.,0.,0.));
#1183 = ORIENTED_EDGE('',*,*,#1184,.F.);
#1184 = EDGE_CURVE('',#1185,#1176,#1187,.T.);
#1185 = VERTEX_POINT('',#1186);
#1186 = CARTESIAN_POINT('',(-297.5,614.87803668695,28.));
#1187 = LINE('',#1188,#1189);
#1188 = CARTESIAN_POINT('',(-297.5,614.87803668695,28.));
#1189 = VECTOR('',#1190,1.);
#1190 = DIRECTION('',(0.,0.,1.));
#1191 = ORIENTED_EDGE('',*,*,#1192,.T.);
#1192 = EDGE_CURVE('',#1185,#1185,#1193,.T.);
#1193 = CIRCLE('',#1194,57.5);
#1194 = AXIS2_PLACEMENT_3D('',#1195,#1196,#1197);
#1195 = CARTESIAN_POINT('',(-355.,614.87803668695,28.));
#1196 = DIRECTION('',(0.,0.,1.));
#1197 = DIRECTION('',(1.,0.,0.));
#1198 = ORIENTED_EDGE('',*,*,#1184,.T.);
#1199 = CYLINDRICAL_SURFACE('',#1200,57.5);
#1200 = AXIS2_PLACEMENT_3D('',#1201,#1202,#1203);
#1201 = CARTESIAN_POINT('',(-355.,614.87803668695,28.));
#1202 = DIRECTION('',(0.,0.,1.));
#1203 = DIRECTION('',(1.,0.,0.));
#1204 = ADVANCED_FACE('',(#1205),#1208,.T.);
#1205 = FACE_BOUND('',#1206,.T.);
#1206 = EDGE_LOOP('',(#1207));
#1207 = ORIENTED_EDGE('',*,*,#1175,.T.);
#1208 = PLANE('',#1209);
#1209 = AXIS2_PLACEMENT_3D('',#1210,#1211,#1212);
#1210 = CARTESIAN_POINT('',(-355.,614.87803668695,458.));
#1211 = DIRECTION('',(0.,0.,1.));
#1212 = DIRECTION('',(1.,0.,0.));
#1213 = ADVANCED_FACE('',(#1214),#1217,.F.);
#1214 = FACE_BOUND('',#1215,.T.);
#1215 = EDGE_LOOP('',(#1216));
#1216 = ORIENTED_EDGE('',*,*,#1192,.F.);
#1217 = PLANE('',#1218);
#1218 = AXIS2_PLACEMENT_3D('',#1219,#1220,#1221);
#1219 = CARTESIAN_POINT('',(-355.,614.87803668695,28.));
#1220 = DIRECTION('',(0.,0.,1.));
#1221 = DIRECTION('',(1.,0.,0.));
#1222 = MANIFOLD_SOLID_BREP('',#1223);
#1223 = CLOSED_SHELL('',(#1224,#1257,#1266));
#1224 = ADVANCED_FACE('',(#1225),#1252,.T.);
#1225 = FACE_BOUND('',#1226,.T.);
#1226 = EDGE_LOOP('',(#1227,#1236,#1244,#1251));
#1227 = ORIENTED_EDGE('',*,*,#1228,.F.);
#1228 = EDGE_CURVE('',#1229,#1229,#1231,.T.);
#1229 = VERTEX_POINT('',#1230);
#1230 = CARTESIAN_POINT('',(-1.218862066798E+03,554.91324446276,28.));
#1231 = CIRCLE('',#1232,150.);
#1232 = AXIS2_PLACEMENT_3D('',#1233,#1234,#1235);
#1233 = CARTESIAN_POINT('',(-1.368862066798E+03,554.91324446276,28.));
#1234 = DIRECTION('',(0.,0.,1.));
#1235 = DIRECTION('',(1.,0.,0.));
#1236 = ORIENTED_EDGE('',*,*,#1237,.F.);
#1237 = EDGE_CURVE('',#1238,#1229,#1240,.T.);
#1238 = VERTEX_POINT('',#1239);
#1239 = CARTESIAN_POINT('',(-1.218862066798E+03,554.91324446276,0.));
#1240 = LINE('',#1241,#1242);
#1241 = CARTESIAN_POINT('',(-1.218862066798E+03,554.91324446276,0.));
#1242 = VECTOR('',#1243,1.);
#1243 = DIRECTION('',(0.,0.,1.));
#1244 = ORIENTED_EDGE('',*,*,#1245,.T.);
#1245 = EDGE_CURVE('',#1238,#1238,#1246,.T.);
#1246 = CIRCLE('',#1247,150.);
#1247 = AXIS2_PLACEMENT_3D('',#1248,#1249,#1250);
#1248 = CARTESIAN_POINT('',(-1.368862066798E+03,554.91324446276,0.));
#1249 = DIRECTION('',(0.,0.,1.));
#1250 = DIRECTION('',(1.,0.,0.));
#1251 = ORIENTED_EDGE('',*,*,#1237,.T.);
#1252 = CYLINDRICAL_SURFACE('',#1253,150.);
#1253 = AXIS2_PLACEMENT_3D('',#1254,#1255,#1256);
#1254 = CARTESIAN_POINT('',(-1.368862066798E+03,554.91324446276,0.));
#1255 = DIRECTION('',(0.,0.,1.));
#1256 = DIRECTION('',(1.,0.,0.));
#1257 = ADVANCED_FACE('',(#1258),#1261,.T.);
#1258 = FACE_BOUND('',#1259,.T.);
#1259 = EDGE_LOOP('',(#1260));
#1260 = ORIENTED_EDGE('',*,*,#1228,.T.);
#1261 = PLANE('',#1262);
#1262 = AXIS2_PLACEMENT_3D('',#1263,#1264,#1265);
#1263 = CARTESIAN_POINT('',(-1.368862066798E+03,554.91324446276,28.));
#1264 = DIRECTION('',(0.,0.,1.));
#1265 = DIRECTION('',(1.,0.,0.));
#1266 = ADVANCED_FACE('',(#1267),#1270,.F.);
#1267 = FACE_BOUND('',#1268,.T.);
#1268 = EDGE_LOOP('',(#1269));
#1269 = ORIENTED_EDGE('',*,*,#1245,.F.);
#1270 = PLANE('',#1271);
#1271 = AXIS2_PLACEMENT_3D('',#1272,#1273,#1274);
#1272 = CARTESIAN_POINT('',(-1.368862066798E+03,554.91324446276,0.));
#1273 = DIRECTION('',(0.,0.,1.));
#1274 = DIRECTION('',(1.,0.,0.));
#1275 = MANIFOLD_SOLID_BREP('',#1276);
#1276 = CLOSED_SHELL('',(#1277,#1310,#1319));
#1277 = ADVANCED_FACE('',(#1278),#1305,.T.);
#1278 = FACE_BOUND('',#1279,.T.);
#1279 = EDGE_LOOP('',(#1280,#1289,#1297,#1304));
#1280 = ORIENTED_EDGE('',*,*,#1281,.F.);
#1281 = EDGE_CURVE('',#1282,#1282,#1284,.T.);
#1282 = VERTEX_POINT('',#1283);
#1283 = CARTESIAN_POINT('',(-1.311362066798E+03,554.91324446276,458.));
#1284 = CIRCLE('',#1285,57.5);
#1285 = AXIS2_PLACEMENT_3D('',#1286,#1287,#1288);
#1286 = CARTESIAN_POINT('',(-1.368862066798E+03,554.91324446276,458.));
#1287 = DIRECTION('',(0.,0.,1.));
#1288 = DIRECTION('',(1.,0.,0.));
#1289 = ORIENTED_EDGE('',*,*,#1290,.F.);
#1290 = EDGE_CURVE('',#1291,#1282,#1293,.T.);
#1291 = VERTEX_POINT('',#1292);
#1292 = CARTESIAN_POINT('',(-1.311362066798E+03,554.91324446276,28.));
#1293 = LINE('',#1294,#1295);
#1294 = CARTESIAN_POINT('',(-1.311362066798E+03,554.91324446276,28.));
#1295 = VECTOR('',#1296,1.);
#1296 = DIRECTION('',(0.,0.,1.));
#1297 = ORIENTED_EDGE('',*,*,#1298,.T.);
#1298 = EDGE_CURVE('',#1291,#1291,#1299,.T.);
#1299 = CIRCLE('',#1300,57.5);
#1300 = AXIS2_PLACEMENT_3D('',#1301,#1302,#1303);
#1301 = CARTESIAN_POINT('',(-1.368862066798E+03,554.91324446276,28.));
#1302 = DIRECTION('',(0.,0.,1.));
#1303 = DIRECTION('',(1.,0.,0.));
#1304 = ORIENTED_EDGE('',*,*,#1290,.T.);
#1305 = CYLINDRICAL_SURFACE('',#1306,57.5);
#1306 = AXIS2_PLACEMENT_3D('',#1307,#1308,#1309);
#1307 = CARTESIAN_POINT('',(-1.368862066798E+03,554.91324446276,28.));
#1308 = DIRECTION('',(0.,0.,1.));
#1309 = DIRECTION('',(1.,0.,0.));
#1310 = ADVANCED_FACE('',(#1311),#1314,.T.);
#1311 = FACE_BOUND('',#1312,.T.);
#1312 = EDGE_LOOP('',(#1313));
#1313 = ORIENTED_EDGE('',*,*,#1281,.T.);
#1314 = PLANE('',#1315);
#1315 = AXIS2_PLACEMENT_3D('',#1316,#1317,#1318);
#1316 = CARTESIAN_POINT('',(-1.368862066798E+03,554.91324446276,458.));
#1317 = DIRECTION('',(0.,0.,1.));
#1318 = DIRECTION('',(1.,0.,0.));
#1319 = ADVANCED_FACE('',(#1320),#1323,.F.);
#1320 = FACE_BOUND('',#1321,.T.);
#1321 = EDGE_LOOP('',(#1322));
#1322 = ORIENTED_EDGE('',*,*,#1298,.F.);
#1323 = PLANE('',#1324);
#1324 = AXIS2_PLACEMENT_3D('',#1325,#1326,#1327);
#1325 = CARTESIAN_POINT('',(-1.368862066798E+03,554.91324446276,28.));
#1326 = DIRECTION('',(0.,0.,1.));
#1327 = DIRECTION('',(1.,0.,0.));
#1328 = MANIFOLD_SOLID_BREP('',#1329);
#1329 = CLOSED_SHELL('',(#1330,#1363,#1372));
#1330 = ADVANCED_FACE('',(#1331),#1358,.T.);
#1331 = FACE_BOUND('',#1332,.T.);
#1332 = EDGE_LOOP('',(#1333,#1342,#1350,#1357));
#1333 = ORIENTED_EDGE('',*,*,#1334,.F.);
#1334 = EDGE_CURVE('',#1335,#1335,#1337,.T.);
#1335 = VERTEX_POINT('',#1336);
#1336 = CARTESIAN_POINT('',(353.8620667976,1.462925946355E+03,28.));
#1337 = CIRCLE('',#1338,150.);
#1338 = AXIS2_PLACEMENT_3D('',#1339,#1340,#1341);
#1339 = CARTESIAN_POINT('',(203.8620667976,1.462925946355E+03,28.));
#1340 = DIRECTION('',(0.,0.,1.));
#1341 = DIRECTION('',(1.,0.,0.));
#1342 = ORIENTED_EDGE('',*,*,#1343,.F.);
#1343 = EDGE_CURVE('',#1344,#1335,#1346,.T.);
#1344 = VERTEX_POINT('',#1345);
#1345 = CARTESIAN_POINT('',(353.8620667976,1.462925946355E+03,0.));
#1346 = LINE('',#1347,#1348);
#1347 = CARTESIAN_POINT('',(353.8620667976,1.462925946355E+03,0.));
#1348 = VECTOR('',#1349,1.);
#1349 = DIRECTION('',(0.,0.,1.));
#1350 = ORIENTED_EDGE('',*,*,#1351,.T.);
#1351 = EDGE_CURVE('',#1344,#1344,#1352,.T.);
#1352 = CIRCLE('',#1353,150.);
#1353 = AXIS2_PLACEMENT_3D('',#1354,#1355,#1356);
#1354 = CARTESIAN_POINT('',(203.8620667976,1.462925946355E+03,0.));
#1355 = DIRECTION('',(0.,0.,1.));
#1356 = DIRECTION('',(1.,0.,0.));
#1357 = ORIENTED_EDGE('',*,*,#1343,.T.);
#1358 = CYLINDRICAL_SURFACE('',#1359,150.);
#1359 = AXIS2_PLACEMENT_3D('',#1360,#1361,#1362);
#1360 = CARTESIAN_POINT('',(203.8620667976,1.462925946355E+03,0.));
#1361 = DIRECTION('',(0.,0.,1.));
#1362 = DIRECTION('',(1.,0.,0.));
#1363 = ADVANCED_FACE('',(#1364),#1367,.T.);
#1364 = FACE_BOUND('',#1365,.T.);
#1365 = EDGE_LOOP('',(#1366));
#1366 = ORIENTED_EDGE('',*,*,#1334,.T.);
#1367 = PLANE('',#1368);
#1368 = AXIS2_PLACEMENT_3D('',#1369,#1370,#1371);
#1369 = CARTESIAN_POINT('',(203.8620667976,1.462925946355E+03,28.));
#1370 = DIRECTION('',(0.,0.,1.));
#1371 = DIRECTION('',(1.,0.,0.));
#1372 = ADVANCED_FACE('',(#1373),#1376,.F.);
#1373 = FACE_BOUND('',#1374,.T.);
#1374 = EDGE_LOOP('',(#1375));
#1375 = ORIENTED_EDGE('',*,*,#1351,.F.);
#1376 = PLANE('',#1377);
#1377 = AXIS2_PLACEMENT_3D('',#1378,#1379,#1380);
#1378 = CARTESIAN_POINT('',(203.8620667976,1.462925946355E+03,0.));
#1379 = DIRECTION('',(0.,0.,1.));
#1380 = DIRECTION('',(1.,0.,0.));
#1381 = MANIFOLD_SOLID_BREP('',#1382);
#1382 = CLOSED_SHELL('',(#1383,#1416,#1425));
#1383 = ADVANCED_FACE('',(#1384),#1411,.T.);
#1384 = FACE_BOUND('',#1385,.T.);
#1385 = EDGE_LOOP('',(#1386,#1395,#1403,#1410));
#1386 = ORIENTED_EDGE('',*,*,#1387,.F.);
#1387 = EDGE_CURVE('',#1388,#1388,#1390,.T.);
#1388 = VERTEX_POINT('',#1389);
#1389 = CARTESIAN_POINT('',(261.3620667976,1.462925946355E+03,458.));
#1390 = CIRCLE('',#1391,57.5);
#1391 = AXIS2_PLACEMENT_3D('',#1392,#1393,#1394);
#1392 = CARTESIAN_POINT('',(203.8620667976,1.462925946355E+03,458.));
#1393 = DIRECTION('',(0.,0.,1.));
#1394 = DIRECTION('',(1.,0.,0.));
#1395 = ORIENTED_EDGE('',*,*,#1396,.F.);
#1396 = EDGE_CURVE('',#1397,#1388,#1399,.T.);
#1397 = VERTEX_POINT('',#1398);
#1398 = CARTESIAN_POINT('',(261.3620667976,1.462925946355E+03,28.));
#1399 = LINE('',#1400,#1401);
#1400 = CARTESIAN_POINT('',(261.3620667976,1.462925946355E+03,28.));
#1401 = VECTOR('',#1402,1.);
#1402 = DIRECTION('',(0.,0.,1.));
#1403 = ORIENTED_EDGE('',*,*,#1404,.T.);
#1404 = EDGE_CURVE('',#1397,#1397,#1405,.T.);
#1405 = CIRCLE('',#1406,57.5);
#1406 = AXIS2_PLACEMENT_3D('',#1407,#1408,#1409);
#1407 = CARTESIAN_POINT('',(203.8620667976,1.462925946355E+03,28.));
#1408 = DIRECTION('',(0.,0.,1.));
#1409 = DIRECTION('',(1.,0.,0.));
#1410 = ORIENTED_EDGE('',*,*,#1396,.T.);
#1411 = CYLINDRICAL_SURFACE('',#1412,57.5);
#1412 = AXIS2_PLACEMENT_3D('',#1413,#1414,#1415);
#1413 = CARTESIAN_POINT('',(203.8620667976,1.462925946355E+03,28.));
#1414 = DIRECTION('',(0.,0.,1.));
#1415 = DIRECTION('',(1.,0.,0.));
#1416 = ADVANCED_FACE('',(#1417),#1420,.T.);
#1417 = FACE_BOUND('',#1418,.T.);
#1418 = EDGE_LOOP('',(#1419));
#1419 = ORIENTED_EDGE('',*,*,#1387,.T.);
#1420 = PLANE('',#1421);
#1421 = AXIS2_PLACEMENT_3D('',#1422,#1423,#1424);
#1422 = CARTESIAN_POINT('',(203.8620667976,1.462925946355E+03,458.));
#1423 = DIRECTION('',(0.,0.,1.));
#1424 = DIRECTION('',(1.,0.,0.));
#1425 = ADVANCED_FACE('',(#1426),#1429,.F.);
#1426 = FACE_BOUND('',#1427,.T.);
#1427 = EDGE_LOOP('',(#1428));
#1428 = ORIENTED_EDGE('',*,*,#1404,.F.);
#1429 = PLANE('',#1430);
#1430 = AXIS2_PLACEMENT_3D('',#1431,#1432,#1433);
#1431 = CARTESIAN_POINT('',(203.8620667976,1.462925946355E+03,28.));
#1432 = DIRECTION('',(0.,0.,1.));
#1433 = DIRECTION('',(1.,0.,0.));
#1434 = MANIFOLD_SOLID_BREP('',#1435);
#1435 = CLOSED_SHELL('',(#1436,#1469,#1478));
#1436 = ADVANCED_FACE('',(#1437),#1464,.T.);
#1437 = FACE_BOUND('',#1438,.T.);
#1438 = EDGE_LOOP('',(#1439,#1448,#1456,#1463));
#1439 = ORIENTED_EDGE('',*,*,#1440,.F.);
#1440 = EDGE_CURVE('',#1441,#1441,#1443,.T.);
#1441 = VERTEX_POINT('',#1442);
#1442 = CARTESIAN_POINT('',(-205.,-614.8780366869,28.));
#1443 = CIRCLE('',#1444,150.);
#1444 = AXIS2_PLACEMENT_3D('',#1445,#1446,#1447);
#1445 = CARTESIAN_POINT('',(-355.,-614.8780366869,28.));
#1446 = DIRECTION('',(0.,0.,1.));
#1447 = DIRECTION('',(1.,0.,0.));
#1448 = ORIENTED_EDGE('',*,*,#1449,.F.);
#1449 = EDGE_CURVE('',#1450,#1441,#1452,.T.);
#1450 = VERTEX_POINT('',#1451);
#1451 = CARTESIAN_POINT('',(-205.,-614.8780366869,0.));
#1452 = LINE('',#1453,#1454);
#1453 = CARTESIAN_POINT('',(-205.,-614.8780366869,0.));
#1454 = VECTOR('',#1455,1.);
#1455 = DIRECTION('',(0.,0.,1.));
#1456 = ORIENTED_EDGE('',*,*,#1457,.T.);
#1457 = EDGE_CURVE('',#1450,#1450,#1458,.T.);
#1458 = CIRCLE('',#1459,150.);
#1459 = AXIS2_PLACEMENT_3D('',#1460,#1461,#1462);
#1460 = CARTESIAN_POINT('',(-355.,-614.8780366869,0.));
#1461 = DIRECTION('',(0.,0.,1.));
#1462 = DIRECTION('',(1.,0.,0.));
#1463 = ORIENTED_EDGE('',*,*,#1449,.T.);
#1464 = CYLINDRICAL_SURFACE('',#1465,150.);
#1465 = AXIS2_PLACEMENT_3D('',#1466,#1467,#1468);
#1466 = CARTESIAN_POINT('',(-355.,-614.8780366869,0.));
#1467 = DIRECTION('',(0.,0.,1.));
#1468 = DIRECTION('',(1.,0.,0.));
#1469 = ADVANCED_FACE('',(#1470),#1473,.T.);
#1470 = FACE_BOUND('',#1471,.T.);
#1471 = EDGE_LOOP('',(#1472));
#1472 = ORIENTED_EDGE('',*,*,#1440,.T.);
#1473 = PLANE('',#1474);
#1474 = AXIS2_PLACEMENT_3D('',#1475,#1476,#1477);
#1475 = CARTESIAN_POINT('',(-355.,-614.8780366869,28.));
#1476 = DIRECTION('',(0.,0.,1.));
#1477 = DIRECTION('',(1.,0.,0.));
#1478 = ADVANCED_FACE('',(#1479),#1482,.F.);
#1479 = FACE_BOUND('',#1480,.T.);
#1480 = EDGE_LOOP('',(#1481));
#1481 = ORIENTED_EDGE('',*,*,#1457,.F.);
#1482 = PLANE('',#1483);
#1483 = AXIS2_PLACEMENT_3D('',#1484,#1485,#1486);
#1484 = CARTESIAN_POINT('',(-355.,-614.8780366869,0.));
#1485 = DIRECTION('',(0.,0.,1.));
#1486 = DIRECTION('',(1.,0.,0.));
#1487 = MANIFOLD_SOLID_BREP('',#1488);
#1488 = CLOSED_SHELL('',(#1489,#1522,#1531));
#1489 = ADVANCED_FACE('',(#1490),#1517,.T.);
#1490 = FACE_BOUND('',#1491,.T.);
#1491 = EDGE_LOOP('',(#1492,#1501,#1509,#1516));
#1492 = ORIENTED_EDGE('',*,*,#1493,.F.);
#1493 = EDGE_CURVE('',#1494,#1494,#1496,.T.);
#1494 = VERTEX_POINT('',#1495);
#1495 = CARTESIAN_POINT('',(-297.5,-614.8780366869,458.));
#1496 = CIRCLE('',#1497,57.5);
#1497 = AXIS2_PLACEMENT_3D('',#1498,#1499,#1500);
#1498 = CARTESIAN_POINT('',(-355.,-614.8780366869,458.));
#1499 = DIRECTION('',(0.,0.,1.));
#1500 = DIRECTION('',(1.,0.,0.));
#1501 = ORIENTED_EDGE('',*,*,#1502,.F.);
#1502 = EDGE_CURVE('',#1503,#1494,#1505,.T.);
#1503 = VERTEX_POINT('',#1504);
#1504 = CARTESIAN_POINT('',(-297.5,-614.8780366869,28.));
#1505 = LINE('',#1506,#1507);
#1506 = CARTESIAN_POINT('',(-297.5,-614.8780366869,28.));
#1507 = VECTOR('',#1508,1.);
#1508 = DIRECTION('',(0.,0.,1.));
#1509 = ORIENTED_EDGE('',*,*,#1510,.T.);
#1510 = EDGE_CURVE('',#1503,#1503,#1511,.T.);
#1511 = CIRCLE('',#1512,57.5);
#1512 = AXIS2_PLACEMENT_3D('',#1513,#1514,#1515);
#1513 = CARTESIAN_POINT('',(-355.,-614.8780366869,28.));
#1514 = DIRECTION('',(0.,0.,1.));
#1515 = DIRECTION('',(1.,0.,0.));
#1516 = ORIENTED_EDGE('',*,*,#1502,.T.);
#1517 = CYLINDRICAL_SURFACE('',#1518,57.5);
#1518 = AXIS2_PLACEMENT_3D('',#1519,#1520,#1521);
#1519 = CARTESIAN_POINT('',(-355.,-614.8780366869,28.));
#1520 = DIRECTION('',(0.,0.,1.));
#1521 = DIRECTION('',(1.,0.,0.));
#1522 = ADVANCED_FACE('',(#1523),#1526,.T.);
#1523 = FACE_BOUND('',#1524,.T.);
#1524 = EDGE_LOOP('',(#1525));
#1525 = ORIENTED_EDGE('',*,*,#1493,.T.);
#1526 = PLANE('',#1527);
#1527 = AXIS2_PLACEMENT_3D('',#1528,#1529,#1530);
#1528 = CARTESIAN_POINT('',(-355.,-614.8780366869,458.));
#1529 = DIRECTION('',(0.,0.,1.));
#1530 = DIRECTION('',(1.,0.,0.));
#1531 = ADVANCED_FACE('',(#1532),#1535,.F.);
#1532 = FACE_BOUND('',#1533,.T.);
#1533 = EDGE_LOOP('',(#1534));
#1534 = ORIENTED_EDGE('',*,*,#1510,.F.);
#1535 = PLANE('',#1536);
#1536 = AXIS2_PLACEMENT_3D('',#1537,#1538,#1539);
#1537 = CARTESIAN_POINT('',(-355.,-614.8780366869,28.));
#1538 = DIRECTION('',(0.,0.,1.));
#1539 = DIRECTION('',(1.,0.,0.));
#1540 = MANIFOLD_SOLID_BREP('',#1541);
#1541 = CLOSED_SHELL('',(#1542,#1575,#1584));
#1542 = ADVANCED_FACE('',(#1543),#1570,.T.);
#1543 = FACE_BOUND('',#1544,.T.);
#1544 = EDGE_LOOP('',(#1545,#1554,#1562,#1569));
#1545 = ORIENTED_EDGE('',*,*,#1546,.F.);
#1546 = EDGE_CURVE('',#1547,#1547,#1549,.T.);
#1547 = VERTEX_POINT('',#1548);
#1548 = CARTESIAN_POINT('',(353.8620667976,-1.462925946355E+03,28.));
#1549 = CIRCLE('',#1550,150.);
#1550 = AXIS2_PLACEMENT_3D('',#1551,#1552,#1553);
#1551 = CARTESIAN_POINT('',(203.8620667976,-1.462925946355E+03,28.));
#1552 = DIRECTION('',(0.,0.,1.));
#1553 = DIRECTION('',(1.,0.,0.));
#1554 = ORIENTED_EDGE('',*,*,#1555,.F.);
#1555 = EDGE_CURVE('',#1556,#1547,#1558,.T.);
#1556 = VERTEX_POINT('',#1557);
#1557 = CARTESIAN_POINT('',(353.8620667976,-1.462925946355E+03,0.));
#1558 = LINE('',#1559,#1560);
#1559 = CARTESIAN_POINT('',(353.8620667976,-1.462925946355E+03,0.));
#1560 = VECTOR('',#1561,1.);
#1561 = DIRECTION('',(0.,0.,1.));
#1562 = ORIENTED_EDGE('',*,*,#1563,.T.);
#1563 = EDGE_CURVE('',#1556,#1556,#1564,.T.);
#1564 = CIRCLE('',#1565,150.);
#1565 = AXIS2_PLACEMENT_3D('',#1566,#1567,#1568);
#1566 = CARTESIAN_POINT('',(203.8620667976,-1.462925946355E+03,0.));
#1567 = DIRECTION('',(0.,0.,1.));
#1568 = DIRECTION('',(1.,0.,0.));
#1569 = ORIENTED_EDGE('',*,*,#1555,.T.);
#1570 = CYLINDRICAL_SURFACE('',#1571,150.);
#1571 = AXIS2_PLACEMENT_3D('',#1572,#1573,#1574);
#1572 = CARTESIAN_POINT('',(203.8620667976,-1.462925946355E+03,0.));
#1573 = DIRECTION('',(0.,0.,1.));
#1574 = DIRECTION('',(1.,0.,0.));
#1575 = ADVANCED_FACE('',(#1576),#1579,.T.);
#1576 = FACE_BOUND('',#1577,.T.);
#1577 = EDGE_LOOP('',(#1578));
#1578 = ORIENTED_EDGE('',*,*,#1546,.T.);
#1579 = PLANE('',#1580);
#1580 = AXIS2_PLACEMENT_3D('',#1581,#1582,#1583);
#1581 = CARTESIAN_POINT('',(203.8620667976,-1.462925946355E+03,28.));
#1582 = DIRECTION('',(0.,0.,1.));
#1583 = DIRECTION('',(1.,0.,0.));
#1584 = ADVANCED_FACE('',(#1585),#1588,.F.);
#1585 = FACE_BOUND('',#1586,.T.);
#1586 = EDGE_LOOP('',(#1587));
#1587 = ORIENTED_EDGE('',*,*,#1563,.F.);
#1588 = PLANE('',#1589);
#1589 = AXIS2_PLACEMENT_3D('',#1590,#1591,#1592);
#1590 = CARTESIAN_POINT('',(203.8620667976,-1.462925946355E+03,0.));
#1591 = DIRECTION('',(0.,0.,1.));
#1592 = DIRECTION('',(1.,0.,0.));
#1593 = MANIFOLD_SOLID_BREP('',#1594);
#1594 = CLOSED_SHELL('',(#1595,#1628,#1637));
#1595 = ADVANCED_FACE('',(#1596),#1623,.T.);
#1596 = FACE_BOUND('',#1597,.T.);
#1597 = EDGE_LOOP('',(#1598,#1607,#1615,#1622));
#1598 = ORIENTED_EDGE('',*,*,#1599,.F.);
#1599 = EDGE_CURVE('',#1600,#1600,#1602,.T.);
#1600 = VERTEX_POINT('',#1601);
#1601 = CARTESIAN_POINT('',(261.3620667976,-1.462925946355E+03,458.));
#1602 = CIRCLE('',#1603,57.5);
#1603 = AXIS2_PLACEMENT_3D('',#1604,#1605,#1606);
#1604 = CARTESIAN_POINT('',(203.8620667976,-1.462925946355E+03,458.));
#1605 = DIRECTION('',(0.,0.,1.));
#1606 = DIRECTION('',(1.,0.,0.));
#1607 = ORIENTED_EDGE('',*,*,#1608,.F.);
#1608 = EDGE_CURVE('',#1609,#1600,#1611,.T.);
#1609 = VERTEX_POINT('',#1610);
#1610 = CARTESIAN_POINT('',(261.3620667976,-1.462925946355E+03,28.));
#1611 = LINE('',#1612,#1613);
#1612 = CARTESIAN_POINT('',(261.3620667976,-1.462925946355E+03,28.));
#1613 = VECTOR('',#1614,1.);
#1614 = DIRECTION('',(0.,0.,1.));
#1615 = ORIENTED_EDGE('',*,*,#1616,.T.);
#1616 = EDGE_CURVE('',#1609,#1609,#1617,.T.);
#1617 = CIRCLE('',#1618,57.5);
#1618 = AXIS2_PLACEMENT_3D('',#1619,#1620,#1621);
#1619 = CARTESIAN_POINT('',(203.8620667976,-1.462925946355E+03,28.));
#1620 = DIRECTION('',(0.,0.,1.));
#1621 = DIRECTION('',(1.,0.,0.));
#1622 = ORIENTED_EDGE('',*,*,#1608,.T.);
#1623 = CYLINDRICAL_SURFACE('',#1624,57.5);
#1624 = AXIS2_PLACEMENT_3D('',#1625,#1626,#1627);
#1625 = CARTESIAN_POINT('',(203.8620667976,-1.462925946355E+03,28.));
#1626 = DIRECTION('',(0.,0.,1.));
#1627 = DIRECTION('',(1.,0.,0.));
#1628 = ADVANCED_FACE('',(#1629),#1632,.T.);
#1629 = FACE_BOUND('',#1630,.T.);
#1630 = EDGE_LOOP('',(#1631));
#1631 = ORIENTED_EDGE('',*,*,#1599,.T.);
#1632 = PLANE('',#1633);
#1633 = AXIS2_PLACEMENT_3D('',#1634,#1635,#1636);
#1634 = CARTESIAN_POINT('',(203.8620667976,-1.462925946355E+03,458.));
#1635 = DIRECTION('',(0.,0.,1.));
#1636 = DIRECTION('',(1.,0.,0.));
#1637 = ADVANCED_FACE('',(#1638),#1641,.F.);
#1638 = FACE_BOUND('',#1639,.T.);
#1639 = EDGE_LOOP('',(#1640));
#1640 = ORIENTED_EDGE('',*,*,#1616,.F.);
#1641 = PLANE('',#1642);
#1642 = AXIS2_PLACEMENT_3D('',#1643,#1644,#1645);
#1643 = CARTESIAN_POINT('',(203.8620667976,-1.462925946355E+03,28.));
#1644 = DIRECTION('',(0.,0.,1.));
#1645 = DIRECTION('',(1.,0.,0.));
#1646 = MANIFOLD_SOLID_BREP('',#1647);
#1647 = CLOSED_SHELL('',(#1648,#1681,#1690));
#1648 = ADVANCED_FACE('',(#1649),#1676,.T.);
#1649 = FACE_BOUND('',#1650,.T.);
#1650 = EDGE_LOOP('',(#1651,#1660,#1668,#1675));
#1651 = ORIENTED_EDGE('',*,*,#1652,.F.);
#1652 = EDGE_CURVE('',#1653,#1653,#1655,.T.);
#1653 = VERTEX_POINT('',#1654);
#1654 = CARTESIAN_POINT('',(-1.218862066798E+03,-554.9132444627,28.));
#1655 = CIRCLE('',#1656,150.);
#1656 = AXIS2_PLACEMENT_3D('',#1657,#1658,#1659);
#1657 = CARTESIAN_POINT('',(-1.368862066798E+03,-554.9132444627,28.));
#1658 = DIRECTION('',(0.,0.,1.));
#1659 = DIRECTION('',(1.,0.,0.));
#1660 = ORIENTED_EDGE('',*,*,#1661,.F.);
#1661 = EDGE_CURVE('',#1662,#1653,#1664,.T.);
#1662 = VERTEX_POINT('',#1663);
#1663 = CARTESIAN_POINT('',(-1.218862066798E+03,-554.9132444627,0.));
#1664 = LINE('',#1665,#1666);
#1665 = CARTESIAN_POINT('',(-1.218862066798E+03,-554.9132444627,0.));
#1666 = VECTOR('',#1667,1.);
#1667 = DIRECTION('',(0.,0.,1.));
#1668 = ORIENTED_EDGE('',*,*,#1669,.T.);
#1669 = EDGE_CURVE('',#1662,#1662,#1670,.T.);
#1670 = CIRCLE('',#1671,150.);
#1671 = AXIS2_PLACEMENT_3D('',#1672,#1673,#1674);
#1672 = CARTESIAN_POINT('',(-1.368862066798E+03,-554.9132444627,0.));
#1673 = DIRECTION('',(0.,0.,1.));
#1674 = DIRECTION('',(1.,0.,0.));
#1675 = ORIENTED_EDGE('',*,*,#1661,.T.);
#1676 = CYLINDRICAL_SURFACE('',#1677,150.);
#1677 = AXIS2_PLACEMENT_3D('',#1678,#1679,#1680);
#1678 = CARTESIAN_POINT('',(-1.368862066798E+03,-554.9132444627,0.));
#1679 = DIRECTION('',(0.,0.,1.));
#1680 = DIRECTION('',(1.,0.,0.));
#1681 = ADVANCED_FACE('',(#1682),#1685,.T.);
#1682 = FACE_BOUND('',#1683,.T.);
#1683 = EDGE_LOOP('',(#1684));
#1684 = ORIENTED_EDGE('',*,*,#1652,.T.);
#1685 = PLANE('',#1686);
#1686 = AXIS2_PLACEMENT_3D('',#1687,#1688,#1689);
#1687 = CARTESIAN_POINT('',(-1.368862066798E+03,-554.9132444627,28.));
#1688 = DIRECTION('',(0.,0.,1.));
#1689 = DIRECTION('',(1.,0.,0.));
#1690 = ADVANCED_FACE('',(#1691),#1694,.F.);
#1691 = FACE_BOUND('',#1692,.T.);
#1692 = EDGE_LOOP('',(#1693));
#1693 = ORIENTED_EDGE('',*,*,#1669,.F.);
#1694 = PLANE('',#1695);
#1695 = AXIS2_PLACEMENT_3D('',#1696,#1697,#1698);
#1696 = CARTESIAN_POINT('',(-1.368862066798E+03,-554.9132444627,0.));
#1697 = DIRECTION('',(0.,0.,1.));
#1698 = DIRECTION('',(1.,0.,0.));
#1699 = MANIFOLD_SOLID_BREP('',#1700);
#1700 = CLOSED_SHELL('',(#1701,#1734,#1743));
#1701 = ADVANCED_FACE('',(#1702),#1729,.T.);
#1702 = FACE_BOUND('',#1703,.T.);
#1703 = EDGE_LOOP('',(#1704,#1713,#1721,#1728));
#1704 = ORIENTED_EDGE('',*,*,#1705,.F.);
#1705 = EDGE_CURVE('',#1706,#1706,#1708,.T.);
#1706 = VERTEX_POINT('',#1707);
#1707 = CARTESIAN_POINT('',(-1.311362066798E+03,-554.9132444627,458.));
#1708 = CIRCLE('',#1709,57.5);
#1709 = AXIS2_PLACEMENT_3D('',#1710,#1711,#1712);
#1710 = CARTESIAN_POINT('',(-1.368862066798E+03,-554.9132444627,458.));
#1711 = DIRECTION('',(0.,0.,1.));
#1712 = DIRECTION('',(1.,0.,0.));
#1713 = ORIENTED_EDGE('',*,*,#1714,.F.);
#1714 = EDGE_CURVE('',#1715,#1706,#1717,.T.);
#1715 = VERTEX_POINT('',#1716);
#1716 = CARTESIAN_POINT('',(-1.311362066798E+03,-554.9132444627,28.));
#1717 = LINE('',#1718,#1719);
#1718 = CARTESIAN_POINT('',(-1.311362066798E+03,-554.9132444627,28.));
#1719 = VECTOR('',#1720,1.);
#1720 = DIRECTION('',(0.,0.,1.));
#1721 = ORIENTED_EDGE('',*,*,#1722,.T.);
#1722 = EDGE_CURVE('',#1715,#1715,#1723,.T.);
#1723 = CIRCLE('',#1724,57.5);
#1724 = AXIS2_PLACEMENT_3D('',#1725,#1726,#1727);
#1725 = CARTESIAN_POINT('',(-1.368862066798E+03,-554.9132444627,28.));
#1726 = DIRECTION('',(0.,0.,1.));
#1727 = DIRECTION('',(1.,0.,0.));
#1728 = ORIENTED_EDGE('',*,*,#1714,.T.);
#1729 = CYLINDRICAL_SURFACE('',#1730,57.5);
#1730 = AXIS2_PLACEMENT_3D('',#1731,#1732,#1733);
#1731 = CARTESIAN_POINT('',(-1.368862066798E+03,-554.9132444627,28.));
#1732 = DIRECTION('',(0.,0.,1.));
#1733 = DIRECTION('',(1.,0.,0.));
#1734 = ADVANCED_FACE('',(#1735),#1738,.T.);
#1735 = FACE_BOUND('',#1736,.T.);
#1736 = EDGE_LOOP('',(#1737));
#1737 = ORIENTED_EDGE('',*,*,#1705,.T.);
#1738 = PLANE('',#1739);
#1739 = AXIS2_PLACEMENT_3D('',#1740,#1741,#1742);
#1740 = CARTESIAN_POINT('',(-1.368862066798E+03,-554.9132444627,458.));
#1741 = DIRECTION('',(0.,0.,1.));
#1742 = DIRECTION('',(1.,0.,0.));
#1743 = ADVANCED_FACE('',(#1744),#1747,.F.);
#1744 = FACE_BOUND('',#1745,.T.);
#1745 = EDGE_LOOP('',(#1746));
#1746 = ORIENTED_EDGE('',*,*,#1722,.F.);
#1747 = PLANE('',#1748);
#1748 = AXIS2_PLACEMENT_3D('',#1749,#1750,#1751);
#1749 = CARTESIAN_POINT('',(-1.368862066798E+03,-554.9132444627,28.));
#1750 = DIRECTION('',(0.,0.,1.));
#1751 = DIRECTION('',(1.,0.,0.));
#1752 = MANIFOLD_SOLID_BREP('',#1753);
#1753 = CLOSED_SHELL('',(#1754,#1794,#1825,#1856,#1878,#1890));
#1754 = ADVANCED_FACE('',(#1755),#1789,.F.);
#1755 = FACE_BOUND('',#1756,.F.);
#1756 = EDGE_LOOP('',(#1757,#1767,#1775,#1783));
#1757 = ORIENTED_EDGE('',*,*,#1758,.T.);
#1758 = EDGE_CURVE('',#1759,#1761,#1763,.T.);
#1759 = VERTEX_POINT('',#1760);
#1760 = CARTESIAN_POINT('',(640.,-550.,660.));
#1761 = VERTEX_POINT('',#1762);
#1762 = CARTESIAN_POINT('',(640.,-550.,700.));
#1763 = LINE('',#1764,#1765);
#1764 = CARTESIAN_POINT('',(640.,-550.,660.));
#1765 = VECTOR('',#1766,1.);
#1766 = DIRECTION('',(0.,0.,1.));
#1767 = ORIENTED_EDGE('',*,*,#1768,.T.);
#1768 = EDGE_CURVE('',#1761,#1769,#1771,.T.);
#1769 = VERTEX_POINT('',#1770);
#1770 = CARTESIAN_POINT('',(1.19E+03,-400.,700.));
#1771 = LINE('',#1772,#1773);
#1772 = CARTESIAN_POINT('',(640.,-550.,700.));
#1773 = VECTOR('',#1774,1.);
#1774 = DIRECTION('',(0.964763821238,0.263117405792,0.));
#1775 = ORIENTED_EDGE('',*,*,#1776,.F.);
#1776 = EDGE_CURVE('',#1777,#1769,#1779,.T.);
#1777 = VERTEX_POINT('',#1778);
#1778 = CARTESIAN_POINT('',(1.19E+03,-400.,660.));
#1779 = LINE('',#1780,#1781);
#1780 = CARTESIAN_POINT('',(1.19E+03,-400.,660.));
#1781 = VECTOR('',#1782,1.);
#1782 = DIRECTION('',(0.,0.,1.));
#1783 = ORIENTED_EDGE('',*,*,#1784,.F.);
#1784 = EDGE_CURVE('',#1759,#1777,#1785,.T.);
#1785 = LINE('',#1786,#1787);
#1786 = CARTESIAN_POINT('',(640.,-550.,660.));
#1787 = VECTOR('',#1788,1.);
#1788 = DIRECTION('',(0.964763821238,0.263117405792,0.));
#1789 = PLANE('',#1790);
#1790 = AXIS2_PLACEMENT_3D('',#1791,#1792,#1793);
#1791 = CARTESIAN_POINT('',(640.,-550.,660.));
#1792 = DIRECTION('',(-0.263117405792,0.964763821238,0.));
#1793 = DIRECTION('',(0.964763821238,0.263117405792,0.));
#1794 = ADVANCED_FACE('',(#1795),#1820,.F.);
#1795 = FACE_BOUND('',#1796,.F.);
#1796 = EDGE_LOOP('',(#1797,#1798,#1806,#1814));
#1797 = ORIENTED_EDGE('',*,*,#1776,.T.);
#1798 = ORIENTED_EDGE('',*,*,#1799,.T.);
#1799 = EDGE_CURVE('',#1769,#1800,#1802,.T.);
#1800 = VERTEX_POINT('',#1801);
#1801 = CARTESIAN_POINT('',(1.19E+03,400.,700.));
#1802 = LINE('',#1803,#1804);
#1803 = CARTESIAN_POINT('',(1.19E+03,-400.,700.));
#1804 = VECTOR('',#1805,1.);
#1805 = DIRECTION('',(0.,1.,0.));
#1806 = ORIENTED_EDGE('',*,*,#1807,.F.);
#1807 = EDGE_CURVE('',#1808,#1800,#1810,.T.);
#1808 = VERTEX_POINT('',#1809);
#1809 = CARTESIAN_POINT('',(1.19E+03,400.,660.));
#1810 = LINE('',#1811,#1812);
#1811 = CARTESIAN_POINT('',(1.19E+03,400.,660.));
#1812 = VECTOR('',#1813,1.);
#1813 = DIRECTION('',(0.,0.,1.));
#1814 = ORIENTED_EDGE('',*,*,#1815,.F.);
#1815 = EDGE_CURVE('',#1777,#1808,#1816,.T.);
#1816 = LINE('',#1817,#1818);
#1817 = CARTESIAN_POINT('',(1.19E+03,-400.,660.));
#1818 = VECTOR('',#1819,1.);
#1819 = DIRECTION('',(0.,1.,0.));
#1820 = PLANE('',#1821);
#1821 = AXIS2_PLACEMENT_3D('',#1822,#1823,#1824);
#1822 = CARTESIAN_POINT('',(1.19E+03,-400.,660.));
#1823 = DIRECTION('',(-1.,0.,0.));
#1824 = DIRECTION('',(0.,1.,0.));
#1825 = ADVANCED_FACE('',(#1826),#1851,.F.);
#1826 = FACE_BOUND('',#1827,.F.);
#1827 = EDGE_LOOP('',(#1828,#1829,#1837,#1845));
#1828 = ORIENTED_EDGE('',*,*,#1807,.T.);
#1829 = ORIENTED_EDGE('',*,*,#1830,.T.);
#1830 = EDGE_CURVE('',#1800,#1831,#1833,.T.);
#1831 = VERTEX_POINT('',#1832);
#1832 = CARTESIAN_POINT('',(640.,550.,700.));
#1833 = LINE('',#1834,#1835);
#1834 = CARTESIAN_POINT('',(1.19E+03,400.,700.));
#1835 = VECTOR('',#1836,1.);
#1836 = DIRECTION('',(-0.964763821238,0.263117405792,0.));
#1837 = ORIENTED_EDGE('',*,*,#1838,.F.);
#1838 = EDGE_CURVE('',#1839,#1831,#1841,.T.);
#1839 = VERTEX_POINT('',#1840);
#1840 = CARTESIAN_POINT('',(640.,550.,660.));
#1841 = LINE('',#1842,#1843);
#1842 = CARTESIAN_POINT('',(640.,550.,660.));
#1843 = VECTOR('',#1844,1.);
#1844 = DIRECTION('',(0.,0.,1.));
#1845 = ORIENTED_EDGE('',*,*,#1846,.F.);
#1846 = EDGE_CURVE('',#1808,#1839,#1847,.T.);
#1847 = LINE('',#1848,#1849);
#1848 = CARTESIAN_POINT('',(1.19E+03,400.,660.));
#1849 = VECTOR('',#1850,1.);
#1850 = DIRECTION('',(-0.964763821238,0.263117405792,0.));
#1851 = PLANE('',#1852);
#1852 = AXIS2_PLACEMENT_3D('',#1853,#1854,#1855);
#1853 = CARTESIAN_POINT('',(1.19E+03,400.,660.));
#1854 = DIRECTION('',(-0.263117405792,-0.964763821238,0.));
#1855 = DIRECTION('',(-0.964763821238,0.263117405792,0.));
#1856 = ADVANCED_FACE('',(#1857),#1873,.F.);
#1857 = FACE_BOUND('',#1858,.F.);
#1858 = EDGE_LOOP('',(#1859,#1860,#1866,#1867));
#1859 = ORIENTED_EDGE('',*,*,#1838,.T.);
#1860 = ORIENTED_EDGE('',*,*,#1861,.T.);
#1861 = EDGE_CURVE('',#1831,#1761,#1862,.T.);
#1862 = LINE('',#1863,#1864);
#1863 = CARTESIAN_POINT('',(640.,550.,700.));
#1864 = VECTOR('',#1865,1.);
#1865 = DIRECTION('',(0.,-1.,0.));
#1866 = ORIENTED_EDGE('',*,*,#1758,.F.);
#1867 = ORIENTED_EDGE('',*,*,#1868,.F.);
#1868 = EDGE_CURVE('',#1839,#1759,#1869,.T.);
#1869 = LINE('',#1870,#1871);
#1870 = CARTESIAN_POINT('',(640.,550.,660.));
#1871 = VECTOR('',#1872,1.);
#1872 = DIRECTION('',(0.,-1.,0.));
#1873 = PLANE('',#1874);
#1874 = AXIS2_PLACEMENT_3D('',#1875,#1876,#1877);
#1875 = CARTESIAN_POINT('',(640.,550.,660.));
#1876 = DIRECTION('',(1.,0.,0.));
#1877 = DIRECTION('',(0.,-1.,0.));
#1878 = ADVANCED_FACE('',(#1879),#1885,.F.);
#1879 = FACE_BOUND('',#1880,.F.);
#1880 = EDGE_LOOP('',(#1881,#1882,#1883,#1884));
#1881 = ORIENTED_EDGE('',*,*,#1784,.T.);
#1882 = ORIENTED_EDGE('',*,*,#1815,.T.);
#1883 = ORIENTED_EDGE('',*,*,#1846,.T.);
#1884 = ORIENTED_EDGE('',*,*,#1868,.T.);
#1885 = PLANE('',#1886);
#1886 = AXIS2_PLACEMENT_3D('',#1887,#1888,#1889);
#1887 = CARTESIAN_POINT('',(887.86340803925,-1.914615203877E-14,660.));
#1888 = DIRECTION('',(0.,0.,1.));
#1889 = DIRECTION('',(1.,0.,0.));
#1890 = ADVANCED_FACE('',(#1891),#1897,.T.);
#1891 = FACE_BOUND('',#1892,.T.);
#1892 = EDGE_LOOP('',(#1893,#1894,#1895,#1896));
#1893 = ORIENTED_EDGE('',*,*,#1768,.T.);
#1894 = ORIENTED_EDGE('',*,*,#1799,.T.);
#1895 = ORIENTED_EDGE('',*,*,#1830,.T.);
#1896 = ORIENTED_EDGE('',*,*,#1861,.T.);
#1897 = PLANE('',#1898);
#1898 = AXIS2_PLACEMENT_3D('',#1899,#1900,#1901);
#1899 = CARTESIAN_POINT('',(887.86340803925,-1.914615203877E-14,700.));
#1900 = DIRECTION('',(0.,0.,1.));
#1901 = DIRECTION('',(1.,0.,0.));
#1902 = MANIFOLD_SOLID_BREP('',#1903);
#1903 = CLOSED_SHELL('',(#1904,#1937,#1946));
#1904 = ADVANCED_FACE('',(#1905),#1932,.T.);
#1905 = FACE_BOUND('',#1906,.T.);
#1906 = EDGE_LOOP('',(#1907,#1916,#1924,#1931));
#1907 = ORIENTED_EDGE('',*,*,#1908,.F.);
#1908 = EDGE_CURVE('',#1909,#1909,#1911,.T.);
#1909 = VERTEX_POINT('',#1910);
#1910 = CARTESIAN_POINT('',(753.,-1.053196247267E-14,660.));
#1911 = CIRCLE('',#1912,43.);
#1912 = AXIS2_PLACEMENT_3D('',#1913,#1914,#1915);
#1913 = CARTESIAN_POINT('',(710.,0.,660.));
#1914 = DIRECTION('',(0.,0.,1.));
#1915 = DIRECTION('',(1.,0.,0.));
#1916 = ORIENTED_EDGE('',*,*,#1917,.F.);
#1917 = EDGE_CURVE('',#1918,#1909,#1920,.T.);
#1918 = VERTEX_POINT('',#1919);
#1919 = CARTESIAN_POINT('',(753.,-1.053196247267E-14,301.));
#1920 = LINE('',#1921,#1922);
#1921 = CARTESIAN_POINT('',(753.,-1.053196247267E-14,301.));
#1922 = VECTOR('',#1923,1.);
#1923 = DIRECTION('',(0.,0.,1.));
#1924 = ORIENTED_EDGE('',*,*,#1925,.T.);
#1925 = EDGE_CURVE('',#1918,#1918,#1926,.T.);
#1926 = CIRCLE('',#1927,43.);
#1927 = AXIS2_PLACEMENT_3D('',#1928,#1929,#1930);
#1928 = CARTESIAN_POINT('',(710.,0.,301.));
#1929 = DIRECTION('',(0.,0.,1.));
#1930 = DIRECTION('',(1.,0.,0.));
#1931 = ORIENTED_EDGE('',*,*,#1917,.T.);
#1932 = CYLINDRICAL_SURFACE('',#1933,43.);
#1933 = AXIS2_PLACEMENT_3D('',#1934,#1935,#1936);
#1934 = CARTESIAN_POINT('',(710.,0.,301.));
#1935 = DIRECTION('',(0.,0.,1.));
#1936 = DIRECTION('',(1.,0.,0.));
#1937 = ADVANCED_FACE('',(#1938),#1941,.T.);
#1938 = FACE_BOUND('',#1939,.T.);
#1939 = EDGE_LOOP('',(#1940));
#1940 = ORIENTED_EDGE('',*,*,#1908,.T.);
#1941 = PLANE('',#1942);
#1942 = AXIS2_PLACEMENT_3D('',#1943,#1944,#1945);
#1943 = CARTESIAN_POINT('',(710.,0.,660.));
#1944 = DIRECTION('',(0.,0.,1.));
#1945 = DIRECTION('',(1.,0.,0.));
#1946 = ADVANCED_FACE('',(#1947),#1950,.F.);
#1947 = FACE_BOUND('',#1948,.T.);
#1948 = EDGE_LOOP('',(#1949));
#1949 = ORIENTED_EDGE('',*,*,#1925,.F.);
#1950 = PLANE('',#1951);
#1951 = AXIS2_PLACEMENT_3D('',#1952,#1953,#1954);
#1952 = CARTESIAN_POINT('',(710.,0.,301.));
#1953 = DIRECTION('',(0.,0.,1.));
#1954 = DIRECTION('',(1.,0.,0.));
#1955 = MANIFOLD_SOLID_BREP('',#1956);
#1956 = CLOSED_SHELL('',(#1957,#1997,#2028,#2059,#2081,#2093));
#1957 = ADVANCED_FACE('',(#1958),#1992,.T.);
#1958 = FACE_BOUND('',#1959,.T.);
#1959 = EDGE_LOOP('',(#1960,#1970,#1978,#1986));
#1960 = ORIENTED_EDGE('',*,*,#1961,.T.);
#1961 = EDGE_CURVE('',#1962,#1964,#1966,.T.);
#1962 = VERTEX_POINT('',#1963);
#1963 = CARTESIAN_POINT('',(640.,550.,660.));
#1964 = VERTEX_POINT('',#1965);
#1965 = CARTESIAN_POINT('',(640.,550.,700.));
#1966 = LINE('',#1967,#1968);
#1967 = CARTESIAN_POINT('',(640.,550.,660.));
#1968 = VECTOR('',#1969,1.);
#1969 = DIRECTION('',(0.,0.,1.));
#1970 = ORIENTED_EDGE('',*,*,#1971,.T.);
#1971 = EDGE_CURVE('',#1964,#1972,#1974,.T.);
#1972 = VERTEX_POINT('',#1973);
#1973 = CARTESIAN_POINT('',(1.14E+03,1.416025403784E+03,700.));
#1974 = LINE('',#1975,#1976);
#1975 = CARTESIAN_POINT('',(640.,550.,700.));
#1976 = VECTOR('',#1977,1.);
#1977 = DIRECTION('',(0.5,0.866025403784,0.));
#1978 = ORIENTED_EDGE('',*,*,#1979,.F.);
#1979 = EDGE_CURVE('',#1980,#1972,#1982,.T.);
#1980 = VERTEX_POINT('',#1981);
#1981 = CARTESIAN_POINT('',(1.14E+03,1.416025403784E+03,660.));
#1982 = LINE('',#1983,#1984);
#1983 = CARTESIAN_POINT('',(1.14E+03,1.416025403784E+03,660.));
#1984 = VECTOR('',#1985,1.);
#1985 = DIRECTION('',(0.,0.,1.));
#1986 = ORIENTED_EDGE('',*,*,#1987,.F.);
#1987 = EDGE_CURVE('',#1962,#1980,#1988,.T.);
#1988 = LINE('',#1989,#1990);
#1989 = CARTESIAN_POINT('',(640.,550.,660.));
#1990 = VECTOR('',#1991,1.);
#1991 = DIRECTION('',(0.5,0.866025403784,0.));
#1992 = PLANE('',#1993);
#1993 = AXIS2_PLACEMENT_3D('',#1994,#1995,#1996);
#1994 = CARTESIAN_POINT('',(640.,550.,660.));
#1995 = DIRECTION('',(-0.866025403784,0.5,0.));
#1996 = DIRECTION('',(0.5,0.866025403784,0.));
#1997 = ADVANCED_FACE('',(#1998),#2023,.T.);
#1998 = FACE_BOUND('',#1999,.T.);
#1999 = EDGE_LOOP('',(#2000,#2001,#2009,#2017));
#2000 = ORIENTED_EDGE('',*,*,#1979,.T.);
#2001 = ORIENTED_EDGE('',*,*,#2002,.T.);
#2002 = EDGE_CURVE('',#1972,#2003,#2005,.T.);
#2003 = VERTEX_POINT('',#2004);
#2004 = CARTESIAN_POINT('',(1.69E+03,1.266025403784E+03,700.));
#2005 = LINE('',#2006,#2007);
#2006 = CARTESIAN_POINT('',(1.14E+03,1.416025403784E+03,700.));
#2007 = VECTOR('',#2008,1.);
#2008 = DIRECTION('',(0.964763821238,-0.263117405792,0.));
#2009 = ORIENTED_EDGE('',*,*,#2010,.F.);
#2010 = EDGE_CURVE('',#2011,#2003,#2013,.T.);
#2011 = VERTEX_POINT('',#2012);
#2012 = CARTESIAN_POINT('',(1.69E+03,1.266025403784E+03,660.));
#2013 = LINE('',#2014,#2015);
#2014 = CARTESIAN_POINT('',(1.69E+03,1.266025403784E+03,660.));
#2015 = VECTOR('',#2016,1.);
#2016 = DIRECTION('',(0.,0.,1.));
#2017 = ORIENTED_EDGE('',*,*,#2018,.F.);
#2018 = EDGE_CURVE('',#1980,#2011,#2019,.T.);
#2019 = LINE('',#2020,#2021);
#2020 = CARTESIAN_POINT('',(1.14E+03,1.416025403784E+03,660.));
#2021 = VECTOR('',#2022,1.);
#2022 = DIRECTION('',(0.964763821238,-0.263117405792,0.));
#2023 = PLANE('',#2024);
#2024 = AXIS2_PLACEMENT_3D('',#2025,#2026,#2027);
#2025 = CARTESIAN_POINT('',(1.14E+03,1.416025403784E+03,660.));
#2026 = DIRECTION('',(0.263117405792,0.964763821238,0.));
#2027 = DIRECTION('',(0.964763821238,-0.263117405792,0.));
#2028 = ADVANCED_FACE('',(#2029),#2054,.T.);
#2029 = FACE_BOUND('',#2030,.T.);
#2030 = EDGE_LOOP('',(#2031,#2032,#2040,#2048));
#2031 = ORIENTED_EDGE('',*,*,#2010,.T.);
#2032 = ORIENTED_EDGE('',*,*,#2033,.T.);
#2033 = EDGE_CURVE('',#2003,#2034,#2036,.T.);
#2034 = VERTEX_POINT('',#2035);
#2035 = CARTESIAN_POINT('',(1.19E+03,400.,700.));
#2036 = LINE('',#2037,#2038);
#2037 = CARTESIAN_POINT('',(1.69E+03,1.266025403784E+03,700.));
#2038 = VECTOR('',#2039,1.);
#2039 = DIRECTION('',(-0.5,-0.866025403784,0.));
#2040 = ORIENTED_EDGE('',*,*,#2041,.F.);
#2041 = EDGE_CURVE('',#2042,#2034,#2044,.T.);
#2042 = VERTEX_POINT('',#2043);
#2043 = CARTESIAN_POINT('',(1.19E+03,400.,660.));
#2044 = LINE('',#2045,#2046);
#2045 = CARTESIAN_POINT('',(1.19E+03,400.,660.));
#2046 = VECTOR('',#2047,1.);
#2047 = DIRECTION('',(0.,0.,1.));
#2048 = ORIENTED_EDGE('',*,*,#2049,.F.);
#2049 = EDGE_CURVE('',#2011,#2042,#2050,.T.);
#2050 = LINE('',#2051,#2052);
#2051 = CARTESIAN_POINT('',(1.69E+03,1.266025403784E+03,660.));
#2052 = VECTOR('',#2053,1.);
#2053 = DIRECTION('',(-0.5,-0.866025403784,0.));
#2054 = PLANE('',#2055);
#2055 = AXIS2_PLACEMENT_3D('',#2056,#2057,#2058);
#2056 = CARTESIAN_POINT('',(1.69E+03,1.266025403784E+03,660.));
#2057 = DIRECTION('',(0.866025403784,-0.5,0.));
#2058 = DIRECTION('',(-0.5,-0.866025403784,0.));
#2059 = ADVANCED_FACE('',(#2060),#2076,.T.);
#2060 = FACE_BOUND('',#2061,.T.);
#2061 = EDGE_LOOP('',(#2062,#2063,#2069,#2070));
#2062 = ORIENTED_EDGE('',*,*,#2041,.T.);
#2063 = ORIENTED_EDGE('',*,*,#2064,.T.);
#2064 = EDGE_CURVE('',#2034,#1964,#2065,.T.);
#2065 = LINE('',#2066,#2067);
#2066 = CARTESIAN_POINT('',(1.19E+03,400.,700.));
#2067 = VECTOR('',#2068,1.);
#2068 = DIRECTION('',(-0.964763821238,0.263117405792,0.));
#2069 = ORIENTED_EDGE('',*,*,#1961,.F.);
#2070 = ORIENTED_EDGE('',*,*,#2071,.F.);
#2071 = EDGE_CURVE('',#2042,#1962,#2072,.T.);
#2072 = LINE('',#2073,#2074);
#2073 = CARTESIAN_POINT('',(1.19E+03,400.,660.));
#2074 = VECTOR('',#2075,1.);
#2075 = DIRECTION('',(-0.964763821238,0.263117405792,0.));
#2076 = PLANE('',#2077);
#2077 = AXIS2_PLACEMENT_3D('',#2078,#2079,#2080);
#2078 = CARTESIAN_POINT('',(1.19E+03,400.,660.));
#2079 = DIRECTION('',(-0.263117405792,-0.964763821238,0.));
#2080 = DIRECTION('',(-0.964763821238,0.263117405792,0.));
#2081 = ADVANCED_FACE('',(#2082),#2088,.T.);
#2082 = FACE_BOUND('',#2083,.T.);
#2083 = EDGE_LOOP('',(#2084,#2085,#2086,#2087));
#2084 = ORIENTED_EDGE('',*,*,#1987,.T.);
#2085 = ORIENTED_EDGE('',*,*,#2018,.T.);
#2086 = ORIENTED_EDGE('',*,*,#2049,.T.);
#2087 = ORIENTED_EDGE('',*,*,#2071,.T.);
#2088 = PLANE('',#2089);
#2089 = AXIS2_PLACEMENT_3D('',#2090,#2091,#2092);
#2090 = CARTESIAN_POINT('',(1.165E+03,908.01270189221,660.));
#2091 = DIRECTION('',(-0.,-0.,-1.));
#2092 = DIRECTION('',(-1.,0.,0.));
#2093 = ADVANCED_FACE('',(#2094),#2100,.F.);
#2094 = FACE_BOUND('',#2095,.F.);
#2095 = EDGE_LOOP('',(#2096,#2097,#2098,#2099));
#2096 = ORIENTED_EDGE('',*,*,#1971,.T.);
#2097 = ORIENTED_EDGE('',*,*,#2002,.T.);
#2098 = ORIENTED_EDGE('',*,*,#2033,.T.);
#2099 = ORIENTED_EDGE('',*,*,#2064,.T.);
#2100 = PLANE('',#2101);
#2101 = AXIS2_PLACEMENT_3D('',#2102,#2103,#2104);
#2102 = CARTESIAN_POINT('',(1.165E+03,908.01270189221,700.));
#2103 = DIRECTION('',(-0.,-0.,-1.));
#2104 = DIRECTION('',(-1.,0.,0.));
#2105 = MANIFOLD_SOLID_BREP('',#2106);
#2106 = CLOSED_SHELL('',(#2107,#2140,#2149));
#2107 = ADVANCED_FACE('',(#2108),#2135,.T.);
#2108 = FACE_BOUND('',#2109,.T.);
#2109 = EDGE_LOOP('',(#2110,#2119,#2127,#2134));
#2110 = ORIENTED_EDGE('',*,*,#2111,.F.);
#2111 = EDGE_CURVE('',#2112,#2112,#2114,.T.);
#2112 = VERTEX_POINT('',#2113);
#2113 = CARTESIAN_POINT('',(1.208E+03,908.01270189221,660.));
#2114 = CIRCLE('',#2115,43.);
#2115 = AXIS2_PLACEMENT_3D('',#2116,#2117,#2118);
#2116 = CARTESIAN_POINT('',(1.165E+03,908.01270189221,660.));
#2117 = DIRECTION('',(0.,0.,1.));
#2118 = DIRECTION('',(1.,0.,0.));
#2119 = ORIENTED_EDGE('',*,*,#2120,.F.);
#2120 = EDGE_CURVE('',#2121,#2112,#2123,.T.);
#2121 = VERTEX_POINT('',#2122);
#2122 = CARTESIAN_POINT('',(1.208E+03,908.01270189221,301.));
#2123 = LINE('',#2124,#2125);
#2124 = CARTESIAN_POINT('',(1.208E+03,908.01270189221,301.));
#2125 = VECTOR('',#2126,1.);
#2126 = DIRECTION('',(0.,0.,1.));
#2127 = ORIENTED_EDGE('',*,*,#2128,.T.);
#2128 = EDGE_CURVE('',#2121,#2121,#2129,.T.);
#2129 = CIRCLE('',#2130,43.);
#2130 = AXIS2_PLACEMENT_3D('',#2131,#2132,#2133);
#2131 = CARTESIAN_POINT('',(1.165E+03,908.01270189221,301.));
#2132 = DIRECTION('',(0.,0.,1.));
#2133 = DIRECTION('',(1.,0.,0.));
#2134 = ORIENTED_EDGE('',*,*,#2120,.T.);
#2135 = CYLINDRICAL_SURFACE('',#2136,43.);
#2136 = AXIS2_PLACEMENT_3D('',#2137,#2138,#2139);
#2137 = CARTESIAN_POINT('',(1.165E+03,908.01270189221,301.));
#2138 = DIRECTION('',(0.,0.,1.));
#2139 = DIRECTION('',(1.,0.,0.));
#2140 = ADVANCED_FACE('',(#2141),#2144,.T.);
#2141 = FACE_BOUND('',#2142,.T.);
#2142 = EDGE_LOOP('',(#2143));
#2143 = ORIENTED_EDGE('',*,*,#2111,.T.);
#2144 = PLANE('',#2145);
#2145 = AXIS2_PLACEMENT_3D('',#2146,#2147,#2148);
#2146 = CARTESIAN_POINT('',(1.165E+03,908.01270189221,660.));
#2147 = DIRECTION('',(0.,0.,1.));
#2148 = DIRECTION('',(1.,0.,0.));
#2149 = ADVANCED_FACE('',(#2150),#2153,.F.);
#2150 = FACE_BOUND('',#2151,.T.);
#2151 = EDGE_LOOP('',(#2152));
#2152 = ORIENTED_EDGE('',*,*,#2128,.F.);
#2153 = PLANE('',#2154);
#2154 = AXIS2_PLACEMENT_3D('',#2155,#2156,#2157);
#2155 = CARTESIAN_POINT('',(1.165E+03,908.01270189221,301.));
#2156 = DIRECTION('',(0.,0.,1.));
#2157 = DIRECTION('',(1.,0.,0.));
#2158 = MANIFOLD_SOLID_BREP('',#2159);
#2159 = CLOSED_SHELL('',(#2160,#2200,#2231,#2262,#2284,#2296));
#2160 = ADVANCED_FACE('',(#2161),#2195,.F.);
#2161 = FACE_BOUND('',#2162,.F.);
#2162 = EDGE_LOOP('',(#2163,#2173,#2181,#2189));
#2163 = ORIENTED_EDGE('',*,*,#2164,.T.);
#2164 = EDGE_CURVE('',#2165,#2167,#2169,.T.);
#2165 = VERTEX_POINT('',#2166);
#2166 = CARTESIAN_POINT('',(640.,-550.,660.));
#2167 = VERTEX_POINT('',#2168);
#2168 = CARTESIAN_POINT('',(640.,-550.,700.));
#2169 = LINE('',#2170,#2171);
#2170 = CARTESIAN_POINT('',(640.,-550.,660.));
#2171 = VECTOR('',#2172,1.);
#2172 = DIRECTION('',(0.,0.,1.));
#2173 = ORIENTED_EDGE('',*,*,#2174,.T.);
#2174 = EDGE_CURVE('',#2167,#2175,#2177,.T.);
#2175 = VERTEX_POINT('',#2176);
#2176 = CARTESIAN_POINT('',(1.14E+03,-1.416025403784E+03,700.));
#2177 = LINE('',#2178,#2179);
#2178 = CARTESIAN_POINT('',(640.,-550.,700.));
#2179 = VECTOR('',#2180,1.);
#2180 = DIRECTION('',(0.5,-0.866025403784,0.));
#2181 = ORIENTED_EDGE('',*,*,#2182,.F.);
#2182 = EDGE_CURVE('',#2183,#2175,#2185,.T.);
#2183 = VERTEX_POINT('',#2184);
#2184 = CARTESIAN_POINT('',(1.14E+03,-1.416025403784E+03,660.));
#2185 = LINE('',#2186,#2187);
#2186 = CARTESIAN_POINT('',(1.14E+03,-1.416025403784E+03,660.));
#2187 = VECTOR('',#2188,1.);
#2188 = DIRECTION('',(0.,0.,1.));
#2189 = ORIENTED_EDGE('',*,*,#2190,.F.);
#2190 = EDGE_CURVE('',#2165,#2183,#2191,.T.);
#2191 = LINE('',#2192,#2193);
#2192 = CARTESIAN_POINT('',(640.,-550.,660.));
#2193 = VECTOR('',#2194,1.);
#2194 = DIRECTION('',(0.5,-0.866025403784,0.));
#2195 = PLANE('',#2196);
#2196 = AXIS2_PLACEMENT_3D('',#2197,#2198,#2199);
#2197 = CARTESIAN_POINT('',(640.,-550.,660.));
#2198 = DIRECTION('',(0.866025403784,0.5,0.));
#2199 = DIRECTION('',(0.5,-0.866025403784,0.));
#2200 = ADVANCED_FACE('',(#2201),#2226,.F.);
#2201 = FACE_BOUND('',#2202,.F.);
#2202 = EDGE_LOOP('',(#2203,#2204,#2212,#2220));
#2203 = ORIENTED_EDGE('',*,*,#2182,.T.);
#2204 = ORIENTED_EDGE('',*,*,#2205,.T.);
#2205 = EDGE_CURVE('',#2175,#2206,#2208,.T.);
#2206 = VERTEX_POINT('',#2207);
#2207 = CARTESIAN_POINT('',(1.69E+03,-1.266025403784E+03,700.));
#2208 = LINE('',#2209,#2210);
#2209 = CARTESIAN_POINT('',(1.14E+03,-1.416025403784E+03,700.));
#2210 = VECTOR('',#2211,1.);
#2211 = DIRECTION('',(0.964763821238,0.263117405792,0.));
#2212 = ORIENTED_EDGE('',*,*,#2213,.F.);
#2213 = EDGE_CURVE('',#2214,#2206,#2216,.T.);
#2214 = VERTEX_POINT('',#2215);
#2215 = CARTESIAN_POINT('',(1.69E+03,-1.266025403784E+03,660.));
#2216 = LINE('',#2217,#2218);
#2217 = CARTESIAN_POINT('',(1.69E+03,-1.266025403784E+03,660.));
#2218 = VECTOR('',#2219,1.);
#2219 = DIRECTION('',(0.,0.,1.));
#2220 = ORIENTED_EDGE('',*,*,#2221,.F.);
#2221 = EDGE_CURVE('',#2183,#2214,#2222,.T.);
#2222 = LINE('',#2223,#2224);
#2223 = CARTESIAN_POINT('',(1.14E+03,-1.416025403784E+03,660.));
#2224 = VECTOR('',#2225,1.);
#2225 = DIRECTION('',(0.964763821238,0.263117405792,0.));
#2226 = PLANE('',#2227);
#2227 = AXIS2_PLACEMENT_3D('',#2228,#2229,#2230);
#2228 = CARTESIAN_POINT('',(1.14E+03,-1.416025403784E+03,660.));
#2229 = DIRECTION('',(-0.263117405792,0.964763821238,0.));
#2230 = DIRECTION('',(0.964763821238,0.263117405792,0.));
#2231 = ADVANCED_FACE('',(#2232),#2257,.F.);
#2232 = FACE_BOUND('',#2233,.F.);
#2233 = EDGE_LOOP('',(#2234,#2235,#2243,#2251));
#2234 = ORIENTED_EDGE('',*,*,#2213,.T.);
#2235 = ORIENTED_EDGE('',*,*,#2236,.T.);
#2236 = EDGE_CURVE('',#2206,#2237,#2239,.T.);
#2237 = VERTEX_POINT('',#2238);
#2238 = CARTESIAN_POINT('',(1.19E+03,-400.,700.));
#2239 = LINE('',#2240,#2241);
#2240 = CARTESIAN_POINT('',(1.69E+03,-1.266025403784E+03,700.));
#2241 = VECTOR('',#2242,1.);
#2242 = DIRECTION('',(-0.5,0.866025403784,0.));
#2243 = ORIENTED_EDGE('',*,*,#2244,.F.);
#2244 = EDGE_CURVE('',#2245,#2237,#2247,.T.);
#2245 = VERTEX_POINT('',#2246);
#2246 = CARTESIAN_POINT('',(1.19E+03,-400.,660.));
#2247 = LINE('',#2248,#2249);
#2248 = CARTESIAN_POINT('',(1.19E+03,-400.,660.));
#2249 = VECTOR('',#2250,1.);
#2250 = DIRECTION('',(0.,0.,1.));
#2251 = ORIENTED_EDGE('',*,*,#2252,.F.);
#2252 = EDGE_CURVE('',#2214,#2245,#2253,.T.);
#2253 = LINE('',#2254,#2255);
#2254 = CARTESIAN_POINT('',(1.69E+03,-1.266025403784E+03,660.));
#2255 = VECTOR('',#2256,1.);
#2256 = DIRECTION('',(-0.5,0.866025403784,0.));
#2257 = PLANE('',#2258);
#2258 = AXIS2_PLACEMENT_3D('',#2259,#2260,#2261);
#2259 = CARTESIAN_POINT('',(1.69E+03,-1.266025403784E+03,660.));
#2260 = DIRECTION('',(-0.866025403784,-0.5,0.));
#2261 = DIRECTION('',(-0.5,0.866025403784,0.));
#2262 = ADVANCED_FACE('',(#2263),#2279,.F.);
#2263 = FACE_BOUND('',#2264,.F.);
#2264 = EDGE_LOOP('',(#2265,#2266,#2272,#2273));
#2265 = ORIENTED_EDGE('',*,*,#2244,.T.);
#2266 = ORIENTED_EDGE('',*,*,#2267,.T.);
#2267 = EDGE_CURVE('',#2237,#2167,#2268,.T.);
#2268 = LINE('',#2269,#2270);
#2269 = CARTESIAN_POINT('',(1.19E+03,-400.,700.));
#2270 = VECTOR('',#2271,1.);
#2271 = DIRECTION('',(-0.964763821238,-0.263117405792,0.));
#2272 = ORIENTED_EDGE('',*,*,#2164,.F.);
#2273 = ORIENTED_EDGE('',*,*,#2274,.F.);
#2274 = EDGE_CURVE('',#2245,#2165,#2275,.T.);
#2275 = LINE('',#2276,#2277);
#2276 = CARTESIAN_POINT('',(1.19E+03,-400.,660.));
#2277 = VECTOR('',#2278,1.);
#2278 = DIRECTION('',(-0.964763821238,-0.263117405792,0.));
#2279 = PLANE('',#2280);
#2280 = AXIS2_PLACEMENT_3D('',#2281,#2282,#2283);
#2281 = CARTESIAN_POINT('',(1.19E+03,-400.,660.));
#2282 = DIRECTION('',(0.263117405792,-0.964763821238,0.));
#2283 = DIRECTION('',(-0.964763821238,-0.263117405792,0.));
#2284 = ADVANCED_FACE('',(#2285),#2291,.F.);
#2285 = FACE_BOUND('',#2286,.F.);
#2286 = EDGE_LOOP('',(#2287,#2288,#2289,#2290));
#2287 = ORIENTED_EDGE('',*,*,#2190,.T.);
#2288 = ORIENTED_EDGE('',*,*,#2221,.T.);
#2289 = ORIENTED_EDGE('',*,*,#2252,.T.);
#2290 = ORIENTED_EDGE('',*,*,#2274,.T.);
#2291 = PLANE('',#2292);
#2292 = AXIS2_PLACEMENT_3D('',#2293,#2294,#2295);
#2293 = CARTESIAN_POINT('',(1.165E+03,-908.0127018922,660.));
#2294 = DIRECTION('',(0.,0.,1.));
#2295 = DIRECTION('',(1.,0.,0.));
#2296 = ADVANCED_FACE('',(#2297),#2303,.T.);
#2297 = FACE_BOUND('',#2298,.T.);
#2298 = EDGE_LOOP('',(#2299,#2300,#2301,#2302));
#2299 = ORIENTED_EDGE('',*,*,#2174,.T.);
#2300 = ORIENTED_EDGE('',*,*,#2205,.T.);
#2301 = ORIENTED_EDGE('',*,*,#2236,.T.);
#2302 = ORIENTED_EDGE('',*,*,#2267,.T.);
#2303 = PLANE('',#2304);
#2304 = AXIS2_PLACEMENT_3D('',#2305,#2306,#2307);
#2305 = CARTESIAN_POINT('',(1.165E+03,-908.0127018922,700.));
#2306 = DIRECTION('',(0.,0.,1.));
#2307 = DIRECTION('',(1.,0.,0.));
#2308 = MANIFOLD_SOLID_BREP('',#2309);
#2309 = CLOSED_SHELL('',(#2310,#2343,#2352));
#2310 = ADVANCED_FACE('',(#2311),#2338,.T.);
#2311 = FACE_BOUND('',#2312,.T.);
#2312 = EDGE_LOOP('',(#2313,#2322,#2330,#2337));
#2313 = ORIENTED_EDGE('',*,*,#2314,.F.);
#2314 = EDGE_CURVE('',#2315,#2315,#2317,.T.);
#2315 = VERTEX_POINT('',#2316);
#2316 = CARTESIAN_POINT('',(1.208E+03,-908.0127018922,660.));
#2317 = CIRCLE('',#2318,43.);
#2318 = AXIS2_PLACEMENT_3D('',#2319,#2320,#2321);
#2319 = CARTESIAN_POINT('',(1.165E+03,-908.0127018922,660.));
#2320 = DIRECTION('',(0.,0.,1.));
#2321 = DIRECTION('',(1.,0.,0.));
#2322 = ORIENTED_EDGE('',*,*,#2323,.F.);
#2323 = EDGE_CURVE('',#2324,#2315,#2326,.T.);
#2324 = VERTEX_POINT('',#2325);
#2325 = CARTESIAN_POINT('',(1.208E+03,-908.0127018922,301.));
#2326 = LINE('',#2327,#2328);
#2327 = CARTESIAN_POINT('',(1.208E+03,-908.0127018922,301.));
#2328 = VECTOR('',#2329,1.);
#2329 = DIRECTION('',(0.,0.,1.));
#2330 = ORIENTED_EDGE('',*,*,#2331,.T.);
#2331 = EDGE_CURVE('',#2324,#2324,#2332,.T.);
#2332 = CIRCLE('',#2333,43.);
#2333 = AXIS2_PLACEMENT_3D('',#2334,#2335,#2336);
#2334 = CARTESIAN_POINT('',(1.165E+03,-908.0127018922,301.));
#2335 = DIRECTION('',(0.,0.,1.));
#2336 = DIRECTION('',(1.,0.,0.));
#2337 = ORIENTED_EDGE('',*,*,#2323,.T.);
#2338 = CYLINDRICAL_SURFACE('',#2339,43.);
#2339 = AXIS2_PLACEMENT_3D('',#2340,#2341,#2342);
#2340 = CARTESIAN_POINT('',(1.165E+03,-908.0127018922,301.));
#2341 = DIRECTION('',(0.,0.,1.));
#2342 = DIRECTION('',(1.,0.,0.));
#2343 = ADVANCED_FACE('',(#2344),#2347,.T.);
#2344 = FACE_BOUND('',#2345,.T.);
#2345 = EDGE_LOOP('',(#2346));
#2346 = ORIENTED_EDGE('',*,*,#2314,.T.);
#2347 = PLANE('',#2348);
#2348 = AXIS2_PLACEMENT_3D('',#2349,#2350,#2351);
#2349 = CARTESIAN_POINT('',(1.165E+03,-908.0127018922,660.));
#2350 = DIRECTION('',(0.,0.,1.));
#2351 = DIRECTION('',(1.,0.,0.));
#2352 = ADVANCED_FACE('',(#2353),#2356,.F.);
#2353 = FACE_BOUND('',#2354,.T.);
#2354 = EDGE_LOOP('',(#2355));
#2355 = ORIENTED_EDGE('',*,*,#2331,.F.);
#2356 = PLANE('',#2357);
#2357 = AXIS2_PLACEMENT_3D('',#2358,#2359,#2360);
#2358 = CARTESIAN_POINT('',(1.165E+03,-908.0127018922,301.));
#2359 = DIRECTION('',(0.,0.,1.));
#2360 = DIRECTION('',(1.,0.,0.));
#2361 = MANIFOLD_SOLID_BREP('',#2362);
#2362 = CLOSED_SHELL('',(#2363,#2403,#2434,#2465,#2487,#2499));
#2363 = ADVANCED_FACE('',(#2364),#2398,.F.);
#2364 = FACE_BOUND('',#2365,.F.);
#2365 = EDGE_LOOP('',(#2366,#2376,#2384,#2392));
#2366 = ORIENTED_EDGE('',*,*,#2367,.T.);
#2367 = EDGE_CURVE('',#2368,#2370,#2372,.T.);
#2368 = VERTEX_POINT('',#2369);
#2369 = CARTESIAN_POINT('',(156.31397208144,829.25625842204,660.));
#2370 = VERTEX_POINT('',#2371);
#2371 = CARTESIAN_POINT('',(156.31397208144,829.25625842204,700.));
#2372 = LINE('',#2373,#2374);
#2373 = CARTESIAN_POINT('',(156.31397208144,829.25625842204,660.));
#2374 = VECTOR('',#2375,1.);
#2375 = DIRECTION('',(0.,0.,1.));
#2376 = ORIENTED_EDGE('',*,*,#2377,.T.);
#2377 = EDGE_CURVE('',#2370,#2378,#2380,.T.);
#2378 = VERTEX_POINT('',#2379);
#2379 = CARTESIAN_POINT('',(-248.5898384862,1.230570230503E+03,700.));
#2380 = LINE('',#2381,#2382);
#2381 = CARTESIAN_POINT('',(156.31397208144,829.25625842204,700.));
#2382 = VECTOR('',#2383,1.);
#2383 = DIRECTION('',(-0.710248268213,0.703951274948,0.));
#2384 = ORIENTED_EDGE('',*,*,#2385,.F.);
#2385 = EDGE_CURVE('',#2386,#2378,#2388,.T.);
#2386 = VERTEX_POINT('',#2387);
#2387 = CARTESIAN_POINT('',(-248.5898384862,1.230570230503E+03,660.));
#2388 = LINE('',#2389,#2390);
#2389 = CARTESIAN_POINT('',(-248.5898384862,1.230570230503E+03,660.));
#2390 = VECTOR('',#2391,1.);
#2391 = DIRECTION('',(0.,0.,1.));
#2392 = ORIENTED_EDGE('',*,*,#2393,.F.);
#2393 = EDGE_CURVE('',#2368,#2386,#2394,.T.);
#2394 = LINE('',#2395,#2396);
#2395 = CARTESIAN_POINT('',(156.31397208144,829.25625842204,660.));
#2396 = VECTOR('',#2397,1.);
#2397 = DIRECTION('',(-0.710248268213,0.703951274948,0.));
#2398 = PLANE('',#2399);
#2399 = AXIS2_PLACEMENT_3D('',#2400,#2401,#2402);
#2400 = CARTESIAN_POINT('',(156.31397208144,829.25625842204,660.));
#2401 = DIRECTION('',(-0.703951274948,-0.710248268213,0.));
#2402 = DIRECTION('',(-0.710248268213,0.703951274948,0.));
#2403 = ADVANCED_FACE('',(#2404),#2429,.F.);
#2404 = FACE_BOUND('',#2405,.F.);
#2405 = EDGE_LOOP('',(#2406,#2407,#2415,#2423));
#2406 = ORIENTED_EDGE('',*,*,#2385,.T.);
#2407 = ORIENTED_EDGE('',*,*,#2408,.T.);
#2408 = EDGE_CURVE('',#2378,#2409,#2411,.T.);
#2409 = VERTEX_POINT('',#2410);
#2410 = CARTESIAN_POINT('',(-941.4101615137,830.57023050348,700.));
#2411 = LINE('',#2412,#2413);
#2412 = CARTESIAN_POINT('',(-248.5898384862,1.230570230503E+03,700.));
#2413 = VECTOR('',#2414,1.);
#2414 = DIRECTION('',(-0.866025403784,-0.5,0.));
#2415 = ORIENTED_EDGE('',*,*,#2416,.F.);
#2416 = EDGE_CURVE('',#2417,#2409,#2419,.T.);
#2417 = VERTEX_POINT('',#2418);
#2418 = CARTESIAN_POINT('',(-941.4101615137,830.57023050348,660.));
#2419 = LINE('',#2420,#2421);
#2420 = CARTESIAN_POINT('',(-941.4101615137,830.57023050348,660.));
#2421 = VECTOR('',#2422,1.);
#2422 = DIRECTION('',(0.,0.,1.));
#2423 = ORIENTED_EDGE('',*,*,#2424,.F.);
#2424 = EDGE_CURVE('',#2386,#2417,#2425,.T.);
#2425 = LINE('',#2426,#2427);
#2426 = CARTESIAN_POINT('',(-248.5898384862,1.230570230503E+03,660.));
#2427 = VECTOR('',#2428,1.);
#2428 = DIRECTION('',(-0.866025403784,-0.5,0.));
#2429 = PLANE('',#2430);
#2430 = AXIS2_PLACEMENT_3D('',#2431,#2432,#2433);
#2431 = CARTESIAN_POINT('',(-248.5898384862,1.230570230503E+03,660.));
#2432 = DIRECTION('',(0.5,-0.866025403784,0.));
#2433 = DIRECTION('',(-0.866025403784,-0.5,0.));
#2434 = ADVANCED_FACE('',(#2435),#2460,.F.);
#2435 = FACE_BOUND('',#2436,.F.);
#2436 = EDGE_LOOP('',(#2437,#2438,#2446,#2454));
#2437 = ORIENTED_EDGE('',*,*,#2416,.T.);
#2438 = ORIENTED_EDGE('',*,*,#2439,.T.);
#2439 = EDGE_CURVE('',#2409,#2440,#2442,.T.);
#2440 = VERTEX_POINT('',#2441);
#2441 = CARTESIAN_POINT('',(-796.3139720814,279.25625842204,700.));
#2442 = LINE('',#2443,#2444);
#2443 = CARTESIAN_POINT('',(-941.4101615137,830.57023050348,700.));
#2444 = VECTOR('',#2445,1.);
#2445 = DIRECTION('',(0.254515553025,-0.96706868074,0.));
#2446 = ORIENTED_EDGE('',*,*,#2447,.F.);
#2447 = EDGE_CURVE('',#2448,#2440,#2450,.T.);
#2448 = VERTEX_POINT('',#2449);
#2449 = CARTESIAN_POINT('',(-796.3139720814,279.25625842204,660.));
#2450 = LINE('',#2451,#2452);
#2451 = CARTESIAN_POINT('',(-796.3139720814,279.25625842204,660.));
#2452 = VECTOR('',#2453,1.);
#2453 = DIRECTION('',(0.,0.,1.));
#2454 = ORIENTED_EDGE('',*,*,#2455,.F.);
#2455 = EDGE_CURVE('',#2417,#2448,#2456,.T.);
#2456 = LINE('',#2457,#2458);
#2457 = CARTESIAN_POINT('',(-941.4101615137,830.57023050348,660.));
#2458 = VECTOR('',#2459,1.);
#2459 = DIRECTION('',(0.254515553025,-0.96706868074,0.));
#2460 = PLANE('',#2461);
#2461 = AXIS2_PLACEMENT_3D('',#2462,#2463,#2464);
#2462 = CARTESIAN_POINT('',(-941.4101615137,830.57023050348,660.));
#2463 = DIRECTION('',(0.96706868074,0.254515553025,0.));
#2464 = DIRECTION('',(0.254515553025,-0.96706868074,0.));
#2465 = ADVANCED_FACE('',(#2466),#2482,.F.);
#2466 = FACE_BOUND('',#2467,.F.);
#2467 = EDGE_LOOP('',(#2468,#2469,#2475,#2476));
#2468 = ORIENTED_EDGE('',*,*,#2447,.T.);
#2469 = ORIENTED_EDGE('',*,*,#2470,.T.);
#2470 = EDGE_CURVE('',#2440,#2370,#2471,.T.);
#2471 = LINE('',#2472,#2473);
#2472 = CARTESIAN_POINT('',(-796.3139720814,279.25625842204,700.));
#2473 = VECTOR('',#2474,1.);
#2474 = DIRECTION('',(0.866025403784,0.5,0.));
#2475 = ORIENTED_EDGE('',*,*,#2367,.F.);
#2476 = ORIENTED_EDGE('',*,*,#2477,.F.);
#2477 = EDGE_CURVE('',#2448,#2368,#2478,.T.);
#2478 = LINE('',#2479,#2480);
#2479 = CARTESIAN_POINT('',(-796.3139720814,279.25625842204,660.));
#2480 = VECTOR('',#2481,1.);
#2481 = DIRECTION('',(0.866025403784,0.5,0.));
#2482 = PLANE('',#2483);
#2483 = AXIS2_PLACEMENT_3D('',#2484,#2485,#2486);
#2484 = CARTESIAN_POINT('',(-796.3139720814,279.25625842204,660.));
#2485 = DIRECTION('',(-0.5,0.866025403784,0.));
#2486 = DIRECTION('',(0.866025403784,0.5,0.));
#2487 = ADVANCED_FACE('',(#2488),#2494,.F.);
#2488 = FACE_BOUND('',#2489,.F.);
#2489 = EDGE_LOOP('',(#2490,#2491,#2492,#2493));
#2490 = ORIENTED_EDGE('',*,*,#2393,.T.);
#2491 = ORIENTED_EDGE('',*,*,#2424,.T.);
#2492 = ORIENTED_EDGE('',*,*,#2455,.T.);
#2493 = ORIENTED_EDGE('',*,*,#2477,.T.);
#2494 = PLANE('',#2495);
#2495 = AXIS2_PLACEMENT_3D('',#2496,#2497,#2498);
#2496 = CARTESIAN_POINT('',(-443.9317040196,768.91226645262,660.));
#2497 = DIRECTION('',(0.,0.,1.));
#2498 = DIRECTION('',(1.,0.,0.));
#2499 = ADVANCED_FACE('',(#2500),#2506,.T.);
#2500 = FACE_BOUND('',#2501,.T.);
#2501 = EDGE_LOOP('',(#2502,#2503,#2504,#2505));
#2502 = ORIENTED_EDGE('',*,*,#2377,.T.);
#2503 = ORIENTED_EDGE('',*,*,#2408,.T.);
#2504 = ORIENTED_EDGE('',*,*,#2439,.T.);
#2505 = ORIENTED_EDGE('',*,*,#2470,.T.);
#2506 = PLANE('',#2507);
#2507 = AXIS2_PLACEMENT_3D('',#2508,#2509,#2510);
#2508 = CARTESIAN_POINT('',(-443.9317040196,768.91226645262,700.));
#2509 = DIRECTION('',(0.,0.,1.));
#2510 = DIRECTION('',(1.,0.,0.));
#2511 = MANIFOLD_SOLID_BREP('',#2512);
#2512 = CLOSED_SHELL('',(#2513,#2546,#2555));
#2513 = ADVANCED_FACE('',(#2514),#2541,.T.);
#2514 = FACE_BOUND('',#2515,.T.);
#2515 = EDGE_LOOP('',(#2516,#2525,#2533,#2540));
#2516 = ORIENTED_EDGE('',*,*,#2517,.F.);
#2517 = EDGE_CURVE('',#2518,#2518,#2520,.T.);
#2518 = VERTEX_POINT('',#2519);
#2519 = CARTESIAN_POINT('',(-312.,614.87803668695,660.));
#2520 = CIRCLE('',#2521,43.);
#2521 = AXIS2_PLACEMENT_3D('',#2522,#2523,#2524);
#2522 = CARTESIAN_POINT('',(-355.,614.87803668695,660.));
#2523 = DIRECTION('',(0.,0.,1.));
#2524 = DIRECTION('',(1.,0.,0.));
#2525 = ORIENTED_EDGE('',*,*,#2526,.F.);
#2526 = EDGE_CURVE('',#2527,#2518,#2529,.T.);
#2527 = VERTEX_POINT('',#2528);
#2528 = CARTESIAN_POINT('',(-312.,614.87803668695,301.));
#2529 = LINE('',#2530,#2531);
#2530 = CARTESIAN_POINT('',(-312.,614.87803668695,301.));
#2531 = VECTOR('',#2532,1.);
#2532 = DIRECTION('',(0.,0.,1.));
#2533 = ORIENTED_EDGE('',*,*,#2534,.T.);
#2534 = EDGE_CURVE('',#2527,#2527,#2535,.T.);
#2535 = CIRCLE('',#2536,43.);
#2536 = AXIS2_PLACEMENT_3D('',#2537,#2538,#2539);
#2537 = CARTESIAN_POINT('',(-355.,614.87803668695,301.));
#2538 = DIRECTION('',(0.,0.,1.));
#2539 = DIRECTION('',(1.,0.,0.));
#2540 = ORIENTED_EDGE('',*,*,#2526,.T.);
#2541 = CYLINDRICAL_SURFACE('',#2542,43.);
#2542 = AXIS2_PLACEMENT_3D('',#2543,#2544,#2545);
#2543 = CARTESIAN_POINT('',(-355.,614.87803668695,301.));
#2544 = DIRECTION('',(0.,0.,1.));
#2545 = DIRECTION('',(1.,0.,0.));
#2546 = ADVANCED_FACE('',(#2547),#2550,.T.);
#2547 = FACE_BOUND('',#2548,.T.);
#2548 = EDGE_LOOP('',(#2549));
#2549 = ORIENTED_EDGE('',*,*,#2517,.T.);
#2550 = PLANE('',#2551);
#2551 = AXIS2_PLACEMENT_3D('',#2552,#2553,#2554);
#2552 = CARTESIAN_POINT('',(-355.,614.87803668695,660.));
#2553 = DIRECTION('',(0.,0.,1.));
#2554 = DIRECTION('',(1.,0.,0.));
#2555 = ADVANCED_FACE('',(#2556),#2559,.F.);
#2556 = FACE_BOUND('',#2557,.T.);
#2557 = EDGE_LOOP('',(#2558));
#2558 = ORIENTED_EDGE('',*,*,#2534,.F.);
#2559 = PLANE('',#2560);
#2560 = AXIS2_PLACEMENT_3D('',#2561,#2562,#2563);
#2561 = CARTESIAN_POINT('',(-355.,614.87803668695,301.));
#2562 = DIRECTION('',(0.,0.,1.));
#2563 = DIRECTION('',(1.,0.,0.));
#2564 = MANIFOLD_SOLID_BREP('',#2565);
#2565 = CLOSED_SHELL('',(#2566,#2606,#2637,#2668,#2690,#2702));
#2566 = ADVANCED_FACE('',(#2567),#2601,.T.);
#2567 = FACE_BOUND('',#2568,.T.);
#2568 = EDGE_LOOP('',(#2569,#2579,#2587,#2595));
#2569 = ORIENTED_EDGE('',*,*,#2570,.T.);
#2570 = EDGE_CURVE('',#2571,#2573,#2575,.T.);
#2571 = VERTEX_POINT('',#2572);
#2572 = CARTESIAN_POINT('',(-796.3139720814,279.25625842204,660.));
#2573 = VERTEX_POINT('',#2574);
#2574 = CARTESIAN_POINT('',(-796.3139720814,279.25625842204,700.));
#2575 = LINE('',#2576,#2577);
#2576 = CARTESIAN_POINT('',(-796.3139720814,279.25625842204,660.));
#2577 = VECTOR('',#2578,1.);
#2578 = DIRECTION('',(0.,0.,1.));
#2579 = ORIENTED_EDGE('',*,*,#2580,.T.);
#2580 = EDGE_CURVE('',#2573,#2581,#2583,.T.);
#2581 = VERTEX_POINT('',#2582);
#2582 = CARTESIAN_POINT('',(-1.796313972081E+03,279.25625842204,700.));
#2583 = LINE('',#2584,#2585);
#2584 = CARTESIAN_POINT('',(-796.3139720814,279.25625842204,700.));
#2585 = VECTOR('',#2586,1.);
#2586 = DIRECTION('',(-1.,1.136868377216E-16,0.));
#2587 = ORIENTED_EDGE('',*,*,#2588,.F.);
#2588 = EDGE_CURVE('',#2589,#2581,#2591,.T.);
#2589 = VERTEX_POINT('',#2590);
#2590 = CARTESIAN_POINT('',(-1.796313972081E+03,279.25625842204,660.));
#2591 = LINE('',#2592,#2593);
#2592 = CARTESIAN_POINT('',(-1.796313972081E+03,279.25625842204,660.));
#2593 = VECTOR('',#2594,1.);
#2594 = DIRECTION('',(0.,0.,1.));
#2595 = ORIENTED_EDGE('',*,*,#2596,.F.);
#2596 = EDGE_CURVE('',#2571,#2589,#2597,.T.);
#2597 = LINE('',#2598,#2599);
#2598 = CARTESIAN_POINT('',(-796.3139720814,279.25625842204,660.));
#2599 = VECTOR('',#2600,1.);
#2600 = DIRECTION('',(-1.,1.136868377216E-16,0.));
#2601 = PLANE('',#2602);
#2602 = AXIS2_PLACEMENT_3D('',#2603,#2604,#2605);
#2603 = CARTESIAN_POINT('',(-796.3139720814,279.25625842204,660.));
#2604 = DIRECTION('',(-1.136868377216E-16,-1.,0.));
#2605 = DIRECTION('',(-1.,1.136868377216E-16,0.));
#2606 = ADVANCED_FACE('',(#2607),#2632,.T.);
#2607 = FACE_BOUND('',#2608,.T.);
#2608 = EDGE_LOOP('',(#2609,#2610,#2618,#2626));
#2609 = ORIENTED_EDGE('',*,*,#2588,.T.);
#2610 = ORIENTED_EDGE('',*,*,#2611,.T.);
#2611 = EDGE_CURVE('',#2581,#2612,#2614,.T.);
#2612 = VERTEX_POINT('',#2613);
#2613 = CARTESIAN_POINT('',(-1.941410161514E+03,830.57023050348,700.));
#2614 = LINE('',#2615,#2616);
#2615 = CARTESIAN_POINT('',(-1.796313972081E+03,279.25625842204,700.));
#2616 = VECTOR('',#2617,1.);
#2617 = DIRECTION('',(-0.254515553025,0.96706868074,0.));
#2618 = ORIENTED_EDGE('',*,*,#2619,.F.);
#2619 = EDGE_CURVE('',#2620,#2612,#2622,.T.);
#2620 = VERTEX_POINT('',#2621);
#2621 = CARTESIAN_POINT('',(-1.941410161514E+03,830.57023050348,660.));
#2622 = LINE('',#2623,#2624);
#2623 = CARTESIAN_POINT('',(-1.941410161514E+03,830.57023050348,660.));
#2624 = VECTOR('',#2625,1.);
#2625 = DIRECTION('',(0.,0.,1.));
#2626 = ORIENTED_EDGE('',*,*,#2627,.F.);
#2627 = EDGE_CURVE('',#2589,#2620,#2628,.T.);
#2628 = LINE('',#2629,#2630);
#2629 = CARTESIAN_POINT('',(-1.796313972081E+03,279.25625842204,660.));
#2630 = VECTOR('',#2631,1.);
#2631 = DIRECTION('',(-0.254515553025,0.96706868074,0.));
#2632 = PLANE('',#2633);
#2633 = AXIS2_PLACEMENT_3D('',#2634,#2635,#2636);
#2634 = CARTESIAN_POINT('',(-1.796313972081E+03,279.25625842204,660.));
#2635 = DIRECTION('',(-0.96706868074,-0.254515553025,0.));
#2636 = DIRECTION('',(-0.254515553025,0.96706868074,0.));
#2637 = ADVANCED_FACE('',(#2638),#2663,.T.);
#2638 = FACE_BOUND('',#2639,.T.);
#2639 = EDGE_LOOP('',(#2640,#2641,#2649,#2657));
#2640 = ORIENTED_EDGE('',*,*,#2619,.T.);
#2641 = ORIENTED_EDGE('',*,*,#2642,.T.);
#2642 = EDGE_CURVE('',#2612,#2643,#2645,.T.);
#2643 = VERTEX_POINT('',#2644);
#2644 = CARTESIAN_POINT('',(-941.4101615137,830.57023050348,700.));
#2645 = LINE('',#2646,#2647);
#2646 = CARTESIAN_POINT('',(-1.941410161514E+03,830.57023050348,700.));
#2647 = VECTOR('',#2648,1.);
#2648 = DIRECTION('',(1.,-1.136868377216E-16,0.));
#2649 = ORIENTED_EDGE('',*,*,#2650,.F.);
#2650 = EDGE_CURVE('',#2651,#2643,#2653,.T.);
#2651 = VERTEX_POINT('',#2652);
#2652 = CARTESIAN_POINT('',(-941.4101615137,830.57023050348,660.));
#2653 = LINE('',#2654,#2655);
#2654 = CARTESIAN_POINT('',(-941.4101615137,830.57023050348,660.));
#2655 = VECTOR('',#2656,1.);
#2656 = DIRECTION('',(0.,0.,1.));
#2657 = ORIENTED_EDGE('',*,*,#2658,.F.);
#2658 = EDGE_CURVE('',#2620,#2651,#2659,.T.);
#2659 = LINE('',#2660,#2661);
#2660 = CARTESIAN_POINT('',(-1.941410161514E+03,830.57023050348,660.));
#2661 = VECTOR('',#2662,1.);
#2662 = DIRECTION('',(1.,-1.136868377216E-16,0.));
#2663 = PLANE('',#2664);
#2664 = AXIS2_PLACEMENT_3D('',#2665,#2666,#2667);
#2665 = CARTESIAN_POINT('',(-1.941410161514E+03,830.57023050348,660.));
#2666 = DIRECTION('',(1.136868377216E-16,1.,0.));
#2667 = DIRECTION('',(1.,-1.136868377216E-16,0.));
#2668 = ADVANCED_FACE('',(#2669),#2685,.T.);
#2669 = FACE_BOUND('',#2670,.T.);
#2670 = EDGE_LOOP('',(#2671,#2672,#2678,#2679));
#2671 = ORIENTED_EDGE('',*,*,#2650,.T.);
#2672 = ORIENTED_EDGE('',*,*,#2673,.T.);
#2673 = EDGE_CURVE('',#2643,#2573,#2674,.T.);
#2674 = LINE('',#2675,#2676);
#2675 = CARTESIAN_POINT('',(-941.4101615137,830.57023050348,700.));
#2676 = VECTOR('',#2677,1.);
#2677 = DIRECTION('',(0.254515553025,-0.96706868074,0.));
#2678 = ORIENTED_EDGE('',*,*,#2570,.F.);
#2679 = ORIENTED_EDGE('',*,*,#2680,.F.);
#2680 = EDGE_CURVE('',#2651,#2571,#2681,.T.);
#2681 = LINE('',#2682,#2683);
#2682 = CARTESIAN_POINT('',(-941.4101615137,830.57023050348,660.));
#2683 = VECTOR('',#2684,1.);
#2684 = DIRECTION('',(0.254515553025,-0.96706868074,0.));
#2685 = PLANE('',#2686);
#2686 = AXIS2_PLACEMENT_3D('',#2687,#2688,#2689);
#2687 = CARTESIAN_POINT('',(-941.4101615137,830.57023050348,660.));
#2688 = DIRECTION('',(0.96706868074,0.254515553025,0.));
#2689 = DIRECTION('',(0.254515553025,-0.96706868074,0.));
#2690 = ADVANCED_FACE('',(#2691),#2697,.T.);
#2691 = FACE_BOUND('',#2692,.T.);
#2692 = EDGE_LOOP('',(#2693,#2694,#2695,#2696));
#2693 = ORIENTED_EDGE('',*,*,#2596,.T.);
#2694 = ORIENTED_EDGE('',*,*,#2627,.T.);
#2695 = ORIENTED_EDGE('',*,*,#2658,.T.);
#2696 = ORIENTED_EDGE('',*,*,#2680,.T.);
#2697 = PLANE('',#2698);
#2698 = AXIS2_PLACEMENT_3D('',#2699,#2700,#2701);
#2699 = CARTESIAN_POINT('',(-1.368862066798E+03,554.91324446276,660.));
#2700 = DIRECTION('',(-0.,-0.,-1.));
#2701 = DIRECTION('',(-1.,0.,0.));
#2702 = ADVANCED_FACE('',(#2703),#2709,.F.);
#2703 = FACE_BOUND('',#2704,.F.);
#2704 = EDGE_LOOP('',(#2705,#2706,#2707,#2708));
#2705 = ORIENTED_EDGE('',*,*,#2580,.T.);
#2706 = ORIENTED_EDGE('',*,*,#2611,.T.);
#2707 = ORIENTED_EDGE('',*,*,#2642,.T.);
#2708 = ORIENTED_EDGE('',*,*,#2673,.T.);
#2709 = PLANE('',#2710);
#2710 = AXIS2_PLACEMENT_3D('',#2711,#2712,#2713);
#2711 = CARTESIAN_POINT('',(-1.368862066798E+03,554.91324446276,700.));
#2712 = DIRECTION('',(-0.,-0.,-1.));
#2713 = DIRECTION('',(-1.,0.,0.));
#2714 = MANIFOLD_SOLID_BREP('',#2715);
#2715 = CLOSED_SHELL('',(#2716,#2749,#2758));
#2716 = ADVANCED_FACE('',(#2717),#2744,.T.);
#2717 = FACE_BOUND('',#2718,.T.);
#2718 = EDGE_LOOP('',(#2719,#2728,#2736,#2743));
#2719 = ORIENTED_EDGE('',*,*,#2720,.F.);
#2720 = EDGE_CURVE('',#2721,#2721,#2723,.T.);
#2721 = VERTEX_POINT('',#2722);
#2722 = CARTESIAN_POINT('',(-1.325862066798E+03,554.91324446276,660.));
#2723 = CIRCLE('',#2724,43.);
#2724 = AXIS2_PLACEMENT_3D('',#2725,#2726,#2727);
#2725 = CARTESIAN_POINT('',(-1.368862066798E+03,554.91324446276,660.));
#2726 = DIRECTION('',(0.,0.,1.));
#2727 = DIRECTION('',(1.,0.,0.));
#2728 = ORIENTED_EDGE('',*,*,#2729,.F.);
#2729 = EDGE_CURVE('',#2730,#2721,#2732,.T.);
#2730 = VERTEX_POINT('',#2731);
#2731 = CARTESIAN_POINT('',(-1.325862066798E+03,554.91324446276,301.));
#2732 = LINE('',#2733,#2734);
#2733 = CARTESIAN_POINT('',(-1.325862066798E+03,554.91324446276,301.));
#2734 = VECTOR('',#2735,1.);
#2735 = DIRECTION('',(0.,0.,1.));
#2736 = ORIENTED_EDGE('',*,*,#2737,.T.);
#2737 = EDGE_CURVE('',#2730,#2730,#2738,.T.);
#2738 = CIRCLE('',#2739,43.);
#2739 = AXIS2_PLACEMENT_3D('',#2740,#2741,#2742);
#2740 = CARTESIAN_POINT('',(-1.368862066798E+03,554.91324446276,301.));
#2741 = DIRECTION('',(0.,0.,1.));
#2742 = DIRECTION('',(1.,0.,0.));
#2743 = ORIENTED_EDGE('',*,*,#2729,.T.);
#2744 = CYLINDRICAL_SURFACE('',#2745,43.);
#2745 = AXIS2_PLACEMENT_3D('',#2746,#2747,#2748);
#2746 = CARTESIAN_POINT('',(-1.368862066798E+03,554.91324446276,301.));
#2747 = DIRECTION('',(0.,0.,1.));
#2748 = DIRECTION('',(1.,0.,0.));
#2749 = ADVANCED_FACE('',(#2750),#2753,.T.);
#2750 = FACE_BOUND('',#2751,.T.);
#2751 = EDGE_LOOP('',(#2752));
#2752 = ORIENTED_EDGE('',*,*,#2720,.T.);
#2753 = PLANE('',#2754);
#2754 = AXIS2_PLACEMENT_3D('',#2755,#2756,#2757);
#2755 = CARTESIAN_POINT('',(-1.368862066798E+03,554.91324446276,660.));
#2756 = DIRECTION('',(0.,0.,1.));
#2757 = DIRECTION('',(1.,0.,0.));
#2758 = ADVANCED_FACE('',(#2759),#2762,.F.);
#2759 = FACE_BOUND('',#2760,.T.);
#2760 = EDGE_LOOP('',(#2761));
#2761 = ORIENTED_EDGE('',*,*,#2737,.F.);
#2762 = PLANE('',#2763);
#2763 = AXIS2_PLACEMENT_3D('',#2764,#2765,#2766);
#2764 = CARTESIAN_POINT('',(-1.368862066798E+03,554.91324446276,301.));
#2765 = DIRECTION('',(0.,0.,1.));
#2766 = DIRECTION('',(1.,0.,0.));
#2767 = MANIFOLD_SOLID_BREP('',#2768);
#2768 = CLOSED_SHELL('',(#2769,#2809,#2840,#2871,#2893,#2905));
#2769 = ADVANCED_FACE('',(#2770),#2804,.F.);
#2770 = FACE_BOUND('',#2771,.F.);
#2771 = EDGE_LOOP('',(#2772,#2782,#2790,#2798));
#2772 = ORIENTED_EDGE('',*,*,#2773,.T.);
#2773 = EDGE_CURVE('',#2774,#2776,#2778,.T.);
#2774 = VERTEX_POINT('',#2775);
#2775 = CARTESIAN_POINT('',(156.31397208144,829.25625842204,660.));
#2776 = VERTEX_POINT('',#2777);
#2777 = CARTESIAN_POINT('',(156.31397208144,829.25625842204,700.));
#2778 = LINE('',#2779,#2780);
#2779 = CARTESIAN_POINT('',(156.31397208144,829.25625842204,660.));
#2780 = VECTOR('',#2781,1.);
#2781 = DIRECTION('',(0.,0.,1.));
#2782 = ORIENTED_EDGE('',*,*,#2783,.T.);
#2783 = EDGE_CURVE('',#2776,#2784,#2786,.T.);
#2784 = VERTEX_POINT('',#2785);
#2785 = CARTESIAN_POINT('',(656.31397208144,1.695281662206E+03,700.));
#2786 = LINE('',#2787,#2788);
#2787 = CARTESIAN_POINT('',(156.31397208144,829.25625842204,700.));
#2788 = VECTOR('',#2789,1.);
#2789 = DIRECTION('',(0.5,0.866025403784,0.));
#2790 = ORIENTED_EDGE('',*,*,#2791,.F.);
#2791 = EDGE_CURVE('',#2792,#2784,#2794,.T.);
#2792 = VERTEX_POINT('',#2793);
#2793 = CARTESIAN_POINT('',(656.31397208144,1.695281662206E+03,660.));
#2794 = LINE('',#2795,#2796);
#2795 = CARTESIAN_POINT('',(656.31397208144,1.695281662206E+03,660.));
#2796 = VECTOR('',#2797,1.);
#2797 = DIRECTION('',(0.,0.,1.));
#2798 = ORIENTED_EDGE('',*,*,#2799,.F.);
#2799 = EDGE_CURVE('',#2774,#2792,#2800,.T.);
#2800 = LINE('',#2801,#2802);
#2801 = CARTESIAN_POINT('',(156.31397208144,829.25625842204,660.));
#2802 = VECTOR('',#2803,1.);
#2803 = DIRECTION('',(0.5,0.866025403784,0.));
#2804 = PLANE('',#2805);
#2805 = AXIS2_PLACEMENT_3D('',#2806,#2807,#2808);
#2806 = CARTESIAN_POINT('',(156.31397208144,829.25625842204,660.));
#2807 = DIRECTION('',(-0.866025403784,0.5,0.));
#2808 = DIRECTION('',(0.5,0.866025403784,0.));
#2809 = ADVANCED_FACE('',(#2810),#2835,.F.);
#2810 = FACE_BOUND('',#2811,.F.);
#2811 = EDGE_LOOP('',(#2812,#2813,#2821,#2829));
#2812 = ORIENTED_EDGE('',*,*,#2791,.T.);
#2813 = ORIENTED_EDGE('',*,*,#2814,.T.);
#2814 = EDGE_CURVE('',#2784,#2815,#2817,.T.);
#2815 = VERTEX_POINT('',#2816);
#2816 = CARTESIAN_POINT('',(251.41016151377,2.096595634288E+03,700.));
#2817 = LINE('',#2818,#2819);
#2818 = CARTESIAN_POINT('',(656.31397208144,1.695281662206E+03,700.));
#2819 = VECTOR('',#2820,1.);
#2820 = DIRECTION('',(-0.710248268213,0.703951274948,0.));
#2821 = ORIENTED_EDGE('',*,*,#2822,.F.);
#2822 = EDGE_CURVE('',#2823,#2815,#2825,.T.);
#2823 = VERTEX_POINT('',#2824);
#2824 = CARTESIAN_POINT('',(251.41016151377,2.096595634288E+03,660.));
#2825 = LINE('',#2826,#2827);
#2826 = CARTESIAN_POINT('',(251.41016151377,2.096595634288E+03,660.));
#2827 = VECTOR('',#2828,1.);
#2828 = DIRECTION('',(0.,0.,1.));
#2829 = ORIENTED_EDGE('',*,*,#2830,.F.);
#2830 = EDGE_CURVE('',#2792,#2823,#2831,.T.);
#2831 = LINE('',#2832,#2833);
#2832 = CARTESIAN_POINT('',(656.31397208144,1.695281662206E+03,660.));
#2833 = VECTOR('',#2834,1.);
#2834 = DIRECTION('',(-0.710248268213,0.703951274948,0.));
#2835 = PLANE('',#2836);
#2836 = AXIS2_PLACEMENT_3D('',#2837,#2838,#2839);
#2837 = CARTESIAN_POINT('',(656.31397208144,1.695281662206E+03,660.));
#2838 = DIRECTION('',(-0.703951274948,-0.710248268213,0.));
#2839 = DIRECTION('',(-0.710248268213,0.703951274948,0.));
#2840 = ADVANCED_FACE('',(#2841),#2866,.F.);
#2841 = FACE_BOUND('',#2842,.F.);
#2842 = EDGE_LOOP('',(#2843,#2844,#2852,#2860));
#2843 = ORIENTED_EDGE('',*,*,#2822,.T.);
#2844 = ORIENTED_EDGE('',*,*,#2845,.T.);
#2845 = EDGE_CURVE('',#2815,#2846,#2848,.T.);
#2846 = VERTEX_POINT('',#2847);
#2847 = CARTESIAN_POINT('',(-248.5898384862,1.230570230503E+03,700.));
#2848 = LINE('',#2849,#2850);
#2849 = CARTESIAN_POINT('',(251.41016151377,2.096595634288E+03,700.));
#2850 = VECTOR('',#2851,1.);
#2851 = DIRECTION('',(-0.5,-0.866025403784,0.));
#2852 = ORIENTED_EDGE('',*,*,#2853,.F.);
#2853 = EDGE_CURVE('',#2854,#2846,#2856,.T.);
#2854 = VERTEX_POINT('',#2855);
#2855 = CARTESIAN_POINT('',(-248.5898384862,1.230570230503E+03,660.));
#2856 = LINE('',#2857,#2858);
#2857 = CARTESIAN_POINT('',(-248.5898384862,1.230570230503E+03,660.));
#2858 = VECTOR('',#2859,1.);
#2859 = DIRECTION('',(0.,0.,1.));
#2860 = ORIENTED_EDGE('',*,*,#2861,.F.);
#2861 = EDGE_CURVE('',#2823,#2854,#2862,.T.);
#2862 = LINE('',#2863,#2864);
#2863 = CARTESIAN_POINT('',(251.41016151377,2.096595634288E+03,660.));
#2864 = VECTOR('',#2865,1.);
#2865 = DIRECTION('',(-0.5,-0.866025403784,0.));
#2866 = PLANE('',#2867);
#2867 = AXIS2_PLACEMENT_3D('',#2868,#2869,#2870);
#2868 = CARTESIAN_POINT('',(251.41016151377,2.096595634288E+03,660.));
#2869 = DIRECTION('',(0.866025403784,-0.5,0.));
#2870 = DIRECTION('',(-0.5,-0.866025403784,0.));
#2871 = ADVANCED_FACE('',(#2872),#2888,.F.);
#2872 = FACE_BOUND('',#2873,.F.);
#2873 = EDGE_LOOP('',(#2874,#2875,#2881,#2882));
#2874 = ORIENTED_EDGE('',*,*,#2853,.T.);
#2875 = ORIENTED_EDGE('',*,*,#2876,.T.);
#2876 = EDGE_CURVE('',#2846,#2776,#2877,.T.);
#2877 = LINE('',#2878,#2879);
#2878 = CARTESIAN_POINT('',(-248.5898384862,1.230570230503E+03,700.));
#2879 = VECTOR('',#2880,1.);
#2880 = DIRECTION('',(0.710248268213,-0.703951274948,0.));
#2881 = ORIENTED_EDGE('',*,*,#2773,.F.);
#2882 = ORIENTED_EDGE('',*,*,#2883,.F.);
#2883 = EDGE_CURVE('',#2854,#2774,#2884,.T.);
#2884 = LINE('',#2885,#2886);
#2885 = CARTESIAN_POINT('',(-248.5898384862,1.230570230503E+03,660.));
#2886 = VECTOR('',#2887,1.);
#2887 = DIRECTION('',(0.710248268213,-0.703951274948,0.));
#2888 = PLANE('',#2889);
#2889 = AXIS2_PLACEMENT_3D('',#2890,#2891,#2892);
#2890 = CARTESIAN_POINT('',(-248.5898384862,1.230570230503E+03,660.));
#2891 = DIRECTION('',(0.703951274948,0.710248268213,0.));
#2892 = DIRECTION('',(0.710248268213,-0.703951274948,0.));
#2893 = ADVANCED_FACE('',(#2894),#2900,.F.);
#2894 = FACE_BOUND('',#2895,.F.);
#2895 = EDGE_LOOP('',(#2896,#2897,#2898,#2899));
#2896 = ORIENTED_EDGE('',*,*,#2799,.T.);
#2897 = ORIENTED_EDGE('',*,*,#2830,.T.);
#2898 = ORIENTED_EDGE('',*,*,#2861,.T.);
#2899 = ORIENTED_EDGE('',*,*,#2883,.T.);
#2900 = PLANE('',#2901);
#2901 = AXIS2_PLACEMENT_3D('',#2902,#2903,#2904);
#2902 = CARTESIAN_POINT('',(203.8620667976,1.462925946355E+03,660.));
#2903 = DIRECTION('',(0.,0.,1.));
#2904 = DIRECTION('',(1.,0.,0.));
#2905 = ADVANCED_FACE('',(#2906),#2912,.T.);
#2906 = FACE_BOUND('',#2907,.T.);
#2907 = EDGE_LOOP('',(#2908,#2909,#2910,#2911));
#2908 = ORIENTED_EDGE('',*,*,#2783,.T.);
#2909 = ORIENTED_EDGE('',*,*,#2814,.T.);
#2910 = ORIENTED_EDGE('',*,*,#2845,.T.);
#2911 = ORIENTED_EDGE('',*,*,#2876,.T.);
#2912 = PLANE('',#2913);
#2913 = AXIS2_PLACEMENT_3D('',#2914,#2915,#2916);
#2914 = CARTESIAN_POINT('',(203.8620667976,1.462925946355E+03,700.));
#2915 = DIRECTION('',(0.,0.,1.));
#2916 = DIRECTION('',(1.,0.,0.));
#2917 = MANIFOLD_SOLID_BREP('',#2918);
#2918 = CLOSED_SHELL('',(#2919,#2952,#2961));
#2919 = ADVANCED_FACE('',(#2920),#2947,.T.);
#2920 = FACE_BOUND('',#2921,.T.);
#2921 = EDGE_LOOP('',(#2922,#2931,#2939,#2946));
#2922 = ORIENTED_EDGE('',*,*,#2923,.F.);
#2923 = EDGE_CURVE('',#2924,#2924,#2926,.T.);
#2924 = VERTEX_POINT('',#2925);
#2925 = CARTESIAN_POINT('',(246.8620667976,1.462925946355E+03,660.));
#2926 = CIRCLE('',#2927,43.);
#2927 = AXIS2_PLACEMENT_3D('',#2928,#2929,#2930);
#2928 = CARTESIAN_POINT('',(203.8620667976,1.462925946355E+03,660.));
#2929 = DIRECTION('',(0.,0.,1.));
#2930 = DIRECTION('',(1.,0.,0.));
#2931 = ORIENTED_EDGE('',*,*,#2932,.F.);
#2932 = EDGE_CURVE('',#2933,#2924,#2935,.T.);
#2933 = VERTEX_POINT('',#2934);
#2934 = CARTESIAN_POINT('',(246.8620667976,1.462925946355E+03,301.));
#2935 = LINE('',#2936,#2937);
#2936 = CARTESIAN_POINT('',(246.8620667976,1.462925946355E+03,301.));
#2937 = VECTOR('',#2938,1.);
#2938 = DIRECTION('',(0.,0.,1.));
#2939 = ORIENTED_EDGE('',*,*,#2940,.T.);
#2940 = EDGE_CURVE('',#2933,#2933,#2941,.T.);
#2941 = CIRCLE('',#2942,43.);
#2942 = AXIS2_PLACEMENT_3D('',#2943,#2944,#2945);
#2943 = CARTESIAN_POINT('',(203.8620667976,1.462925946355E+03,301.));
#2944 = DIRECTION('',(0.,0.,1.));
#2945 = DIRECTION('',(1.,0.,0.));
#2946 = ORIENTED_EDGE('',*,*,#2932,.T.);
#2947 = CYLINDRICAL_SURFACE('',#2948,43.);
#2948 = AXIS2_PLACEMENT_3D('',#2949,#2950,#2951);
#2949 = CARTESIAN_POINT('',(203.8620667976,1.462925946355E+03,301.));
#2950 = DIRECTION('',(0.,0.,1.));
#2951 = DIRECTION('',(1.,0.,0.));
#2952 = ADVANCED_FACE('',(#2953),#2956,.T.);
#2953 = FACE_BOUND('',#2954,.T.);
#2954 = EDGE_LOOP('',(#2955));
#2955 = ORIENTED_EDGE('',*,*,#2923,.T.);
#2956 = PLANE('',#2957);
#2957 = AXIS2_PLACEMENT_3D('',#2958,#2959,#2960);
#2958 = CARTESIAN_POINT('',(203.8620667976,1.462925946355E+03,660.));
#2959 = DIRECTION('',(0.,0.,1.));
#2960 = DIRECTION('',(1.,0.,0.));
#2961 = ADVANCED_FACE('',(#2962),#2965,.F.);
#2962 = FACE_BOUND('',#2963,.T.);
#2963 = EDGE_LOOP('',(#2964));
#2964 = ORIENTED_EDGE('',*,*,#2940,.F.);
#2965 = PLANE('',#2966);
#2966 = AXIS2_PLACEMENT_3D('',#2967,#2968,#2969);
#2967 = CARTESIAN_POINT('',(203.8620667976,1.462925946355E+03,301.));
#2968 = DIRECTION('',(0.,0.,1.));
#2969 = DIRECTION('',(1.,0.,0.));
#2970 = MANIFOLD_SOLID_BREP('',#2971);
#2971 = CLOSED_SHELL('',(#2972,#3012,#3043,#3074,#3096,#3108));
#2972 = ADVANCED_FACE('',(#2973),#3007,.F.);
#2973 = FACE_BOUND('',#2974,.F.);
#2974 = EDGE_LOOP('',(#2975,#2985,#2993,#3001));
#2975 = ORIENTED_EDGE('',*,*,#2976,.T.);
#2976 = EDGE_CURVE('',#2977,#2979,#2981,.T.);
#2977 = VERTEX_POINT('',#2978);
#2978 = CARTESIAN_POINT('',(-796.3139720814,-279.256258422,660.));
#2979 = VERTEX_POINT('',#2980);
#2980 = CARTESIAN_POINT('',(-796.3139720814,-279.256258422,700.));
#2981 = LINE('',#2982,#2983);
#2982 = CARTESIAN_POINT('',(-796.3139720814,-279.256258422,660.));
#2983 = VECTOR('',#2984,1.);
#2984 = DIRECTION('',(0.,0.,1.));
#2985 = ORIENTED_EDGE('',*,*,#2986,.T.);
#2986 = EDGE_CURVE('',#2979,#2987,#2989,.T.);
#2987 = VERTEX_POINT('',#2988);
#2988 = CARTESIAN_POINT('',(-941.4101615137,-830.5702305034,700.));
#2989 = LINE('',#2990,#2991);
#2990 = CARTESIAN_POINT('',(-796.3139720814,-279.256258422,700.));
#2991 = VECTOR('',#2992,1.);
#2992 = DIRECTION('',(-0.254515553025,-0.96706868074,0.));
#2993 = ORIENTED_EDGE('',*,*,#2994,.F.);
#2994 = EDGE_CURVE('',#2995,#2987,#2997,.T.);
#2995 = VERTEX_POINT('',#2996);
#2996 = CARTESIAN_POINT('',(-941.4101615137,-830.5702305034,660.));
#2997 = LINE('',#2998,#2999);
#2998 = CARTESIAN_POINT('',(-941.4101615137,-830.5702305034,660.));
#2999 = VECTOR('',#3000,1.);
#3000 = DIRECTION('',(0.,0.,1.));
#3001 = ORIENTED_EDGE('',*,*,#3002,.F.);
#3002 = EDGE_CURVE('',#2977,#2995,#3003,.T.);
#3003 = LINE('',#3004,#3005);
#3004 = CARTESIAN_POINT('',(-796.3139720814,-279.256258422,660.));
#3005 = VECTOR('',#3006,1.);
#3006 = DIRECTION('',(-0.254515553025,-0.96706868074,0.));
#3007 = PLANE('',#3008);
#3008 = AXIS2_PLACEMENT_3D('',#3009,#3010,#3011);
#3009 = CARTESIAN_POINT('',(-796.3139720814,-279.256258422,660.));
#3010 = DIRECTION('',(0.96706868074,-0.254515553025,0.));
#3011 = DIRECTION('',(-0.254515553025,-0.96706868074,0.));
#3012 = ADVANCED_FACE('',(#3013),#3038,.F.);
#3013 = FACE_BOUND('',#3014,.F.);
#3014 = EDGE_LOOP('',(#3015,#3016,#3024,#3032));
#3015 = ORIENTED_EDGE('',*,*,#2994,.T.);
#3016 = ORIENTED_EDGE('',*,*,#3017,.T.);
#3017 = EDGE_CURVE('',#2987,#3018,#3020,.T.);
#3018 = VERTEX_POINT('',#3019);
#3019 = CARTESIAN_POINT('',(-248.5898384862,-1.230570230503E+03,700.));
#3020 = LINE('',#3021,#3022);
#3021 = CARTESIAN_POINT('',(-941.4101615137,-830.5702305034,700.));
#3022 = VECTOR('',#3023,1.);
#3023 = DIRECTION('',(0.866025403784,-0.5,0.));
#3024 = ORIENTED_EDGE('',*,*,#3025,.F.);
#3025 = EDGE_CURVE('',#3026,#3018,#3028,.T.);
#3026 = VERTEX_POINT('',#3027);
#3027 = CARTESIAN_POINT('',(-248.5898384862,-1.230570230503E+03,660.));
#3028 = LINE('',#3029,#3030);
#3029 = CARTESIAN_POINT('',(-248.5898384862,-1.230570230503E+03,660.));
#3030 = VECTOR('',#3031,1.);
#3031 = DIRECTION('',(0.,0.,1.));
#3032 = ORIENTED_EDGE('',*,*,#3033,.F.);
#3033 = EDGE_CURVE('',#2995,#3026,#3034,.T.);
#3034 = LINE('',#3035,#3036);
#3035 = CARTESIAN_POINT('',(-941.4101615137,-830.5702305034,660.));
#3036 = VECTOR('',#3037,1.);
#3037 = DIRECTION('',(0.866025403784,-0.5,0.));
#3038 = PLANE('',#3039);
#3039 = AXIS2_PLACEMENT_3D('',#3040,#3041,#3042);
#3040 = CARTESIAN_POINT('',(-941.4101615137,-830.5702305034,660.));
#3041 = DIRECTION('',(0.5,0.866025403784,0.));
#3042 = DIRECTION('',(0.866025403784,-0.5,0.));
#3043 = ADVANCED_FACE('',(#3044),#3069,.F.);
#3044 = FACE_BOUND('',#3045,.F.);
#3045 = EDGE_LOOP('',(#3046,#3047,#3055,#3063));
#3046 = ORIENTED_EDGE('',*,*,#3025,.T.);
#3047 = ORIENTED_EDGE('',*,*,#3048,.T.);
#3048 = EDGE_CURVE('',#3018,#3049,#3051,.T.);
#3049 = VERTEX_POINT('',#3050);
#3050 = CARTESIAN_POINT('',(156.31397208144,-829.256258422,700.));
#3051 = LINE('',#3052,#3053);
#3052 = CARTESIAN_POINT('',(-248.5898384862,-1.230570230503E+03,700.));
#3053 = VECTOR('',#3054,1.);
#3054 = DIRECTION('',(0.710248268213,0.703951274948,0.));
#3055 = ORIENTED_EDGE('',*,*,#3056,.F.);
#3056 = EDGE_CURVE('',#3057,#3049,#3059,.T.);
#3057 = VERTEX_POINT('',#3058);
#3058 = CARTESIAN_POINT('',(156.31397208144,-829.256258422,660.));
#3059 = LINE('',#3060,#3061);
#3060 = CARTESIAN_POINT('',(156.31397208144,-829.256258422,660.));
#3061 = VECTOR('',#3062,1.);
#3062 = DIRECTION('',(0.,0.,1.));
#3063 = ORIENTED_EDGE('',*,*,#3064,.F.);
#3064 = EDGE_CURVE('',#3026,#3057,#3065,.T.);
#3065 = LINE('',#3066,#3067);
#3066 = CARTESIAN_POINT('',(-248.5898384862,-1.230570230503E+03,660.));
#3067 = VECTOR('',#3068,1.);
#3068 = DIRECTION('',(0.710248268213,0.703951274948,0.));
#3069 = PLANE('',#3070);
#3070 = AXIS2_PLACEMENT_3D('',#3071,#3072,#3073);
#3071 = CARTESIAN_POINT('',(-248.5898384862,-1.230570230503E+03,660.));
#3072 = DIRECTION('',(-0.703951274948,0.710248268213,0.));
#3073 = DIRECTION('',(0.710248268213,0.703951274948,0.));
#3074 = ADVANCED_FACE('',(#3075),#3091,.F.);
#3075 = FACE_BOUND('',#3076,.F.);
#3076 = EDGE_LOOP('',(#3077,#3078,#3084,#3085));
#3077 = ORIENTED_EDGE('',*,*,#3056,.T.);
#3078 = ORIENTED_EDGE('',*,*,#3079,.T.);
#3079 = EDGE_CURVE('',#3049,#2979,#3080,.T.);
#3080 = LINE('',#3081,#3082);
#3081 = CARTESIAN_POINT('',(156.31397208144,-829.256258422,700.));
#3082 = VECTOR('',#3083,1.);
#3083 = DIRECTION('',(-0.866025403784,0.5,0.));
#3084 = ORIENTED_EDGE('',*,*,#2976,.F.);
#3085 = ORIENTED_EDGE('',*,*,#3086,.F.);
#3086 = EDGE_CURVE('',#3057,#2977,#3087,.T.);
#3087 = LINE('',#3088,#3089);
#3088 = CARTESIAN_POINT('',(156.31397208144,-829.256258422,660.));
#3089 = VECTOR('',#3090,1.);
#3090 = DIRECTION('',(-0.866025403784,0.5,0.));
#3091 = PLANE('',#3092);
#3092 = AXIS2_PLACEMENT_3D('',#3093,#3094,#3095);
#3093 = CARTESIAN_POINT('',(156.31397208144,-829.256258422,660.));
#3094 = DIRECTION('',(-0.5,-0.866025403784,0.));
#3095 = DIRECTION('',(-0.866025403784,0.5,0.));
#3096 = ADVANCED_FACE('',(#3097),#3103,.F.);
#3097 = FACE_BOUND('',#3098,.F.);
#3098 = EDGE_LOOP('',(#3099,#3100,#3101,#3102));
#3099 = ORIENTED_EDGE('',*,*,#3002,.T.);
#3100 = ORIENTED_EDGE('',*,*,#3033,.T.);
#3101 = ORIENTED_EDGE('',*,*,#3064,.T.);
#3102 = ORIENTED_EDGE('',*,*,#3086,.T.);
#3103 = PLANE('',#3104);
#3104 = AXIS2_PLACEMENT_3D('',#3105,#3106,#3107);
#3105 = CARTESIAN_POINT('',(-443.9317040196,-768.9122664526,660.));
#3106 = DIRECTION('',(0.,0.,1.));
#3107 = DIRECTION('',(1.,0.,0.));
#3108 = ADVANCED_FACE('',(#3109),#3115,.T.);
#3109 = FACE_BOUND('',#3110,.T.);
#3110 = EDGE_LOOP('',(#3111,#3112,#3113,#3114));
#3111 = ORIENTED_EDGE('',*,*,#2986,.T.);
#3112 = ORIENTED_EDGE('',*,*,#3017,.T.);
#3113 = ORIENTED_EDGE('',*,*,#3048,.T.);
#3114 = ORIENTED_EDGE('',*,*,#3079,.T.);
#3115 = PLANE('',#3116);
#3116 = AXIS2_PLACEMENT_3D('',#3117,#3118,#3119);
#3117 = CARTESIAN_POINT('',(-443.9317040196,-768.9122664526,700.));
#3118 = DIRECTION('',(0.,0.,1.));
#3119 = DIRECTION('',(1.,0.,0.));
#3120 = MANIFOLD_SOLID_BREP('',#3121);
#3121 = CLOSED_SHELL('',(#3122,#3155,#3164));
#3122 = ADVANCED_FACE('',(#3123),#3150,.T.);
#3123 = FACE_BOUND('',#3124,.T.);
#3124 = EDGE_LOOP('',(#3125,#3134,#3142,#3149));
#3125 = ORIENTED_EDGE('',*,*,#3126,.F.);
#3126 = EDGE_CURVE('',#3127,#3127,#3129,.T.);
#3127 = VERTEX_POINT('',#3128);
#3128 = CARTESIAN_POINT('',(-312.,-614.8780366869,660.));
#3129 = CIRCLE('',#3130,43.);
#3130 = AXIS2_PLACEMENT_3D('',#3131,#3132,#3133);
#3131 = CARTESIAN_POINT('',(-355.,-614.8780366869,660.));
#3132 = DIRECTION('',(0.,0.,1.));
#3133 = DIRECTION('',(1.,0.,0.));
#3134 = ORIENTED_EDGE('',*,*,#3135,.F.);
#3135 = EDGE_CURVE('',#3136,#3127,#3138,.T.);
#3136 = VERTEX_POINT('',#3137);
#3137 = CARTESIAN_POINT('',(-312.,-614.8780366869,301.));
#3138 = LINE('',#3139,#3140);
#3139 = CARTESIAN_POINT('',(-312.,-614.8780366869,301.));
#3140 = VECTOR('',#3141,1.);
#3141 = DIRECTION('',(0.,0.,1.));
#3142 = ORIENTED_EDGE('',*,*,#3143,.T.);
#3143 = EDGE_CURVE('',#3136,#3136,#3144,.T.);
#3144 = CIRCLE('',#3145,43.);
#3145 = AXIS2_PLACEMENT_3D('',#3146,#3147,#3148);
#3146 = CARTESIAN_POINT('',(-355.,-614.8780366869,301.));
#3147 = DIRECTION('',(0.,0.,1.));
#3148 = DIRECTION('',(1.,0.,0.));
#3149 = ORIENTED_EDGE('',*,*,#3135,.T.);
#3150 = CYLINDRICAL_SURFACE('',#3151,43.);
#3151 = AXIS2_PLACEMENT_3D('',#3152,#3153,#3154);
#3152 = CARTESIAN_POINT('',(-355.,-614.8780366869,301.));
#3153 = DIRECTION('',(0.,0.,1.));
#3154 = DIRECTION('',(1.,0.,0.));
#3155 = ADVANCED_FACE('',(#3156),#3159,.T.);
#3156 = FACE_BOUND('',#3157,.T.);
#3157 = EDGE_LOOP('',(#3158));
#3158 = ORIENTED_EDGE('',*,*,#3126,.T.);
#3159 = PLANE('',#3160);
#3160 = AXIS2_PLACEMENT_3D('',#3161,#3162,#3163);
#3161 = CARTESIAN_POINT('',(-355.,-614.8780366869,660.));
#3162 = DIRECTION('',(0.,0.,1.));
#3163 = DIRECTION('',(1.,0.,0.));
#3164 = ADVANCED_FACE('',(#3165),#3168,.F.);
#3165 = FACE_BOUND('',#3166,.T.);
#3166 = EDGE_LOOP('',(#3167));
#3167 = ORIENTED_EDGE('',*,*,#3143,.F.);
#3168 = PLANE('',#3169);
#3169 = AXIS2_PLACEMENT_3D('',#3170,#3171,#3172);
#3170 = CARTESIAN_POINT('',(-355.,-614.8780366869,301.));
#3171 = DIRECTION('',(0.,0.,1.));
#3172 = DIRECTION('',(1.,0.,0.));
#3173 = MANIFOLD_SOLID_BREP('',#3174);
#3174 = CLOSED_SHELL('',(#3175,#3215,#3246,#3277,#3299,#3311));
#3175 = ADVANCED_FACE('',(#3176),#3210,.T.);
#3176 = FACE_BOUND('',#3177,.T.);
#3177 = EDGE_LOOP('',(#3178,#3188,#3196,#3204));
#3178 = ORIENTED_EDGE('',*,*,#3179,.T.);
#3179 = EDGE_CURVE('',#3180,#3182,#3184,.T.);
#3180 = VERTEX_POINT('',#3181);
#3181 = CARTESIAN_POINT('',(156.31397208144,-829.256258422,660.));
#3182 = VERTEX_POINT('',#3183);
#3183 = CARTESIAN_POINT('',(156.31397208144,-829.256258422,700.));
#3184 = LINE('',#3185,#3186);
#3185 = CARTESIAN_POINT('',(156.31397208144,-829.256258422,660.));
#3186 = VECTOR('',#3187,1.);
#3187 = DIRECTION('',(0.,0.,1.));
#3188 = ORIENTED_EDGE('',*,*,#3189,.T.);
#3189 = EDGE_CURVE('',#3182,#3190,#3192,.T.);
#3190 = VERTEX_POINT('',#3191);
#3191 = CARTESIAN_POINT('',(656.31397208144,-1.695281662206E+03,700.));
#3192 = LINE('',#3193,#3194);
#3193 = CARTESIAN_POINT('',(156.31397208144,-829.256258422,700.));
#3194 = VECTOR('',#3195,1.);
#3195 = DIRECTION('',(0.5,-0.866025403784,0.));
#3196 = ORIENTED_EDGE('',*,*,#3197,.F.);
#3197 = EDGE_CURVE('',#3198,#3190,#3200,.T.);
#3198 = VERTEX_POINT('',#3199);
#3199 = CARTESIAN_POINT('',(656.31397208144,-1.695281662206E+03,660.));
#3200 = LINE('',#3201,#3202);
#3201 = CARTESIAN_POINT('',(656.31397208144,-1.695281662206E+03,660.));
#3202 = VECTOR('',#3203,1.);
#3203 = DIRECTION('',(0.,0.,1.));
#3204 = ORIENTED_EDGE('',*,*,#3205,.F.);
#3205 = EDGE_CURVE('',#3180,#3198,#3206,.T.);
#3206 = LINE('',#3207,#3208);
#3207 = CARTESIAN_POINT('',(156.31397208144,-829.256258422,660.));
#3208 = VECTOR('',#3209,1.);
#3209 = DIRECTION('',(0.5,-0.866025403784,0.));
#3210 = PLANE('',#3211);
#3211 = AXIS2_PLACEMENT_3D('',#3212,#3213,#3214);
#3212 = CARTESIAN_POINT('',(156.31397208144,-829.256258422,660.));
#3213 = DIRECTION('',(0.866025403784,0.5,0.));
#3214 = DIRECTION('',(0.5,-0.866025403784,0.));
#3215 = ADVANCED_FACE('',(#3216),#3241,.T.);
#3216 = FACE_BOUND('',#3217,.T.);
#3217 = EDGE_LOOP('',(#3218,#3219,#3227,#3235));
#3218 = ORIENTED_EDGE('',*,*,#3197,.T.);
#3219 = ORIENTED_EDGE('',*,*,#3220,.T.);
#3220 = EDGE_CURVE('',#3190,#3221,#3223,.T.);
#3221 = VERTEX_POINT('',#3222);
#3222 = CARTESIAN_POINT('',(251.41016151377,-2.096595634288E+03,700.));
#3223 = LINE('',#3224,#3225);
#3224 = CARTESIAN_POINT('',(656.31397208144,-1.695281662206E+03,700.));
#3225 = VECTOR('',#3226,1.);
#3226 = DIRECTION('',(-0.710248268213,-0.703951274948,0.));
#3227 = ORIENTED_EDGE('',*,*,#3228,.F.);
#3228 = EDGE_CURVE('',#3229,#3221,#3231,.T.);
#3229 = VERTEX_POINT('',#3230);
#3230 = CARTESIAN_POINT('',(251.41016151377,-2.096595634288E+03,660.));
#3231 = LINE('',#3232,#3233);
#3232 = CARTESIAN_POINT('',(251.41016151377,-2.096595634288E+03,660.));
#3233 = VECTOR('',#3234,1.);
#3234 = DIRECTION('',(0.,0.,1.));
#3235 = ORIENTED_EDGE('',*,*,#3236,.F.);
#3236 = EDGE_CURVE('',#3198,#3229,#3237,.T.);
#3237 = LINE('',#3238,#3239);
#3238 = CARTESIAN_POINT('',(656.31397208144,-1.695281662206E+03,660.));
#3239 = VECTOR('',#3240,1.);
#3240 = DIRECTION('',(-0.710248268213,-0.703951274948,0.));
#3241 = PLANE('',#3242);
#3242 = AXIS2_PLACEMENT_3D('',#3243,#3244,#3245);
#3243 = CARTESIAN_POINT('',(656.31397208144,-1.695281662206E+03,660.));
#3244 = DIRECTION('',(0.703951274948,-0.710248268213,0.));
#3245 = DIRECTION('',(-0.710248268213,-0.703951274948,0.));
#3246 = ADVANCED_FACE('',(#3247),#3272,.T.);
#3247 = FACE_BOUND('',#3248,.T.);
#3248 = EDGE_LOOP('',(#3249,#3250,#3258,#3266));
#3249 = ORIENTED_EDGE('',*,*,#3228,.T.);
#3250 = ORIENTED_EDGE('',*,*,#3251,.T.);
#3251 = EDGE_CURVE('',#3221,#3252,#3254,.T.);
#3252 = VERTEX_POINT('',#3253);
#3253 = CARTESIAN_POINT('',(-248.5898384862,-1.230570230503E+03,700.));
#3254 = LINE('',#3255,#3256);
#3255 = CARTESIAN_POINT('',(251.41016151377,-2.096595634288E+03,700.));
#3256 = VECTOR('',#3257,1.);
#3257 = DIRECTION('',(-0.5,0.866025403784,0.));
#3258 = ORIENTED_EDGE('',*,*,#3259,.F.);
#3259 = EDGE_CURVE('',#3260,#3252,#3262,.T.);
#3260 = VERTEX_POINT('',#3261);
#3261 = CARTESIAN_POINT('',(-248.5898384862,-1.230570230503E+03,660.));
#3262 = LINE('',#3263,#3264);
#3263 = CARTESIAN_POINT('',(-248.5898384862,-1.230570230503E+03,660.));
#3264 = VECTOR('',#3265,1.);
#3265 = DIRECTION('',(0.,0.,1.));
#3266 = ORIENTED_EDGE('',*,*,#3267,.F.);
#3267 = EDGE_CURVE('',#3229,#3260,#3268,.T.);
#3268 = LINE('',#3269,#3270);
#3269 = CARTESIAN_POINT('',(251.41016151377,-2.096595634288E+03,660.));
#3270 = VECTOR('',#3271,1.);
#3271 = DIRECTION('',(-0.5,0.866025403784,0.));
#3272 = PLANE('',#3273);
#3273 = AXIS2_PLACEMENT_3D('',#3274,#3275,#3276);
#3274 = CARTESIAN_POINT('',(251.41016151377,-2.096595634288E+03,660.));
#3275 = DIRECTION('',(-0.866025403784,-0.5,0.));
#3276 = DIRECTION('',(-0.5,0.866025403784,0.));
#3277 = ADVANCED_FACE('',(#3278),#3294,.T.);
#3278 = FACE_BOUND('',#3279,.T.);
#3279 = EDGE_LOOP('',(#3280,#3281,#3287,#3288));
#3280 = ORIENTED_EDGE('',*,*,#3259,.T.);
#3281 = ORIENTED_EDGE('',*,*,#3282,.T.);
#3282 = EDGE_CURVE('',#3252,#3182,#3283,.T.);
#3283 = LINE('',#3284,#3285);
#3284 = CARTESIAN_POINT('',(-248.5898384862,-1.230570230503E+03,700.));
#3285 = VECTOR('',#3286,1.);
#3286 = DIRECTION('',(0.710248268213,0.703951274948,0.));
#3287 = ORIENTED_EDGE('',*,*,#3179,.F.);
#3288 = ORIENTED_EDGE('',*,*,#3289,.F.);
#3289 = EDGE_CURVE('',#3260,#3180,#3290,.T.);
#3290 = LINE('',#3291,#3292);
#3291 = CARTESIAN_POINT('',(-248.5898384862,-1.230570230503E+03,660.));
#3292 = VECTOR('',#3293,1.);
#3293 = DIRECTION('',(0.710248268213,0.703951274948,0.));
#3294 = PLANE('',#3295);
#3295 = AXIS2_PLACEMENT_3D('',#3296,#3297,#3298);
#3296 = CARTESIAN_POINT('',(-248.5898384862,-1.230570230503E+03,660.));
#3297 = DIRECTION('',(-0.703951274948,0.710248268213,0.));
#3298 = DIRECTION('',(0.710248268213,0.703951274948,0.));
#3299 = ADVANCED_FACE('',(#3300),#3306,.T.);
#3300 = FACE_BOUND('',#3301,.T.);
#3301 = EDGE_LOOP('',(#3302,#3303,#3304,#3305));
#3302 = ORIENTED_EDGE('',*,*,#3205,.T.);
#3303 = ORIENTED_EDGE('',*,*,#3236,.T.);
#3304 = ORIENTED_EDGE('',*,*,#3267,.T.);
#3305 = ORIENTED_EDGE('',*,*,#3289,.T.);
#3306 = PLANE('',#3307);
#3307 = AXIS2_PLACEMENT_3D('',#3308,#3309,#3310);
#3308 = CARTESIAN_POINT('',(203.8620667976,-1.462925946355E+03,660.));
#3309 = DIRECTION('',(-0.,-0.,-1.));
#3310 = DIRECTION('',(-1.,0.,0.));
#3311 = ADVANCED_FACE('',(#3312),#3318,.F.);
#3312 = FACE_BOUND('',#3313,.F.);
#3313 = EDGE_LOOP('',(#3314,#3315,#3316,#3317));
#3314 = ORIENTED_EDGE('',*,*,#3189,.T.);
#3315 = ORIENTED_EDGE('',*,*,#3220,.T.);
#3316 = ORIENTED_EDGE('',*,*,#3251,.T.);
#3317 = ORIENTED_EDGE('',*,*,#3282,.T.);
#3318 = PLANE('',#3319);
#3319 = AXIS2_PLACEMENT_3D('',#3320,#3321,#3322);
#3320 = CARTESIAN_POINT('',(203.8620667976,-1.462925946355E+03,700.));
#3321 = DIRECTION('',(-0.,-0.,-1.));
#3322 = DIRECTION('',(-1.,0.,0.));
#3323 = MANIFOLD_SOLID_BREP('',#3324);
#3324 = CLOSED_SHELL('',(#3325,#3358,#3367));
#3325 = ADVANCED_FACE('',(#3326),#3353,.T.);
#3326 = FACE_BOUND('',#3327,.T.);
#3327 = EDGE_LOOP('',(#3328,#3337,#3345,#3352));
#3328 = ORIENTED_EDGE('',*,*,#3329,.F.);
#3329 = EDGE_CURVE('',#3330,#3330,#3332,.T.);
#3330 = VERTEX_POINT('',#3331);
#3331 = CARTESIAN_POINT('',(246.8620667976,-1.462925946355E+03,660.));
#3332 = CIRCLE('',#3333,43.);
#3333 = AXIS2_PLACEMENT_3D('',#3334,#3335,#3336);
#3334 = CARTESIAN_POINT('',(203.8620667976,-1.462925946355E+03,660.));
#3335 = DIRECTION('',(0.,0.,1.));
#3336 = DIRECTION('',(1.,0.,0.));
#3337 = ORIENTED_EDGE('',*,*,#3338,.F.);
#3338 = EDGE_CURVE('',#3339,#3330,#3341,.T.);
#3339 = VERTEX_POINT('',#3340);
#3340 = CARTESIAN_POINT('',(246.8620667976,-1.462925946355E+03,301.));
#3341 = LINE('',#3342,#3343);
#3342 = CARTESIAN_POINT('',(246.8620667976,-1.462925946355E+03,301.));
#3343 = VECTOR('',#3344,1.);
#3344 = DIRECTION('',(0.,0.,1.));
#3345 = ORIENTED_EDGE('',*,*,#3346,.T.);
#3346 = EDGE_CURVE('',#3339,#3339,#3347,.T.);
#3347 = CIRCLE('',#3348,43.);
#3348 = AXIS2_PLACEMENT_3D('',#3349,#3350,#3351);
#3349 = CARTESIAN_POINT('',(203.8620667976,-1.462925946355E+03,301.));
#3350 = DIRECTION('',(0.,0.,1.));
#3351 = DIRECTION('',(1.,0.,0.));
#3352 = ORIENTED_EDGE('',*,*,#3338,.T.);
#3353 = CYLINDRICAL_SURFACE('',#3354,43.);
#3354 = AXIS2_PLACEMENT_3D('',#3355,#3356,#3357);
#3355 = CARTESIAN_POINT('',(203.8620667976,-1.462925946355E+03,301.));
#3356 = DIRECTION('',(0.,0.,1.));
#3357 = DIRECTION('',(1.,0.,0.));
#3358 = ADVANCED_FACE('',(#3359),#3362,.T.);
#3359 = FACE_BOUND('',#3360,.T.);
#3360 = EDGE_LOOP('',(#3361));
#3361 = ORIENTED_EDGE('',*,*,#3329,.T.);
#3362 = PLANE('',#3363);
#3363 = AXIS2_PLACEMENT_3D('',#3364,#3365,#3366);
#3364 = CARTESIAN_POINT('',(203.8620667976,-1.462925946355E+03,660.));
#3365 = DIRECTION('',(0.,0.,1.));
#3366 = DIRECTION('',(1.,0.,0.));
#3367 = ADVANCED_FACE('',(#3368),#3371,.F.);
#3368 = FACE_BOUND('',#3369,.T.);
#3369 = EDGE_LOOP('',(#3370));
#3370 = ORIENTED_EDGE('',*,*,#3346,.F.);
#3371 = PLANE('',#3372);
#3372 = AXIS2_PLACEMENT_3D('',#3373,#3374,#3375);
#3373 = CARTESIAN_POINT('',(203.8620667976,-1.462925946355E+03,301.));
#3374 = DIRECTION('',(0.,0.,1.));
#3375 = DIRECTION('',(1.,0.,0.));
#3376 = MANIFOLD_SOLID_BREP('',#3377);
#3377 = CLOSED_SHELL('',(#3378,#3418,#3449,#3480,#3502,#3514));
#3378 = ADVANCED_FACE('',(#3379),#3413,.F.);
#3379 = FACE_BOUND('',#3380,.F.);
#3380 = EDGE_LOOP('',(#3381,#3391,#3399,#3407));
#3381 = ORIENTED_EDGE('',*,*,#3382,.T.);
#3382 = EDGE_CURVE('',#3383,#3385,#3387,.T.);
#3383 = VERTEX_POINT('',#3384);
#3384 = CARTESIAN_POINT('',(-796.3139720814,-279.256258422,660.));
#3385 = VERTEX_POINT('',#3386);
#3386 = CARTESIAN_POINT('',(-796.3139720814,-279.256258422,700.));
#3387 = LINE('',#3388,#3389);
#3388 = CARTESIAN_POINT('',(-796.3139720814,-279.256258422,660.));
#3389 = VECTOR('',#3390,1.);
#3390 = DIRECTION('',(0.,0.,1.));
#3391 = ORIENTED_EDGE('',*,*,#3392,.T.);
#3392 = EDGE_CURVE('',#3385,#3393,#3395,.T.);
#3393 = VERTEX_POINT('',#3394);
#3394 = CARTESIAN_POINT('',(-1.796313972081E+03,-279.256258422,700.));
#3395 = LINE('',#3396,#3397);
#3396 = CARTESIAN_POINT('',(-796.3139720814,-279.256258422,700.));
#3397 = VECTOR('',#3398,1.);
#3398 = DIRECTION('',(-1.,1.136868377216E-16,0.));
#3399 = ORIENTED_EDGE('',*,*,#3400,.F.);
#3400 = EDGE_CURVE('',#3401,#3393,#3403,.T.);
#3401 = VERTEX_POINT('',#3402);
#3402 = CARTESIAN_POINT('',(-1.796313972081E+03,-279.256258422,660.));
#3403 = LINE('',#3404,#3405);
#3404 = CARTESIAN_POINT('',(-1.796313972081E+03,-279.256258422,660.));
#3405 = VECTOR('',#3406,1.);
#3406 = DIRECTION('',(0.,0.,1.));
#3407 = ORIENTED_EDGE('',*,*,#3408,.F.);
#3408 = EDGE_CURVE('',#3383,#3401,#3409,.T.);
#3409 = LINE('',#3410,#3411);
#3410 = CARTESIAN_POINT('',(-796.3139720814,-279.256258422,660.));
#3411 = VECTOR('',#3412,1.);
#3412 = DIRECTION('',(-1.,1.136868377216E-16,0.));
#3413 = PLANE('',#3414);
#3414 = AXIS2_PLACEMENT_3D('',#3415,#3416,#3417);
#3415 = CARTESIAN_POINT('',(-796.3139720814,-279.256258422,660.));
#3416 = DIRECTION('',(-1.136868377216E-16,-1.,0.));
#3417 = DIRECTION('',(-1.,1.136868377216E-16,0.));
#3418 = ADVANCED_FACE('',(#3419),#3444,.F.);
#3419 = FACE_BOUND('',#3420,.F.);
#3420 = EDGE_LOOP('',(#3421,#3422,#3430,#3438));
#3421 = ORIENTED_EDGE('',*,*,#3400,.T.);
#3422 = ORIENTED_EDGE('',*,*,#3423,.T.);
#3423 = EDGE_CURVE('',#3393,#3424,#3426,.T.);
#3424 = VERTEX_POINT('',#3425);
#3425 = CARTESIAN_POINT('',(-1.941410161514E+03,-830.5702305034,700.));
#3426 = LINE('',#3427,#3428);
#3427 = CARTESIAN_POINT('',(-1.796313972081E+03,-279.256258422,700.));
#3428 = VECTOR('',#3429,1.);
#3429 = DIRECTION('',(-0.254515553025,-0.96706868074,0.));
#3430 = ORIENTED_EDGE('',*,*,#3431,.F.);
#3431 = EDGE_CURVE('',#3432,#3424,#3434,.T.);
#3432 = VERTEX_POINT('',#3433);
#3433 = CARTESIAN_POINT('',(-1.941410161514E+03,-830.5702305034,660.));
#3434 = LINE('',#3435,#3436);
#3435 = CARTESIAN_POINT('',(-1.941410161514E+03,-830.5702305034,660.));
#3436 = VECTOR('',#3437,1.);
#3437 = DIRECTION('',(0.,0.,1.));
#3438 = ORIENTED_EDGE('',*,*,#3439,.F.);
#3439 = EDGE_CURVE('',#3401,#3432,#3440,.T.);
#3440 = LINE('',#3441,#3442);
#3441 = CARTESIAN_POINT('',(-1.796313972081E+03,-279.256258422,660.));
#3442 = VECTOR('',#3443,1.);
#3443 = DIRECTION('',(-0.254515553025,-0.96706868074,0.));
#3444 = PLANE('',#3445);
#3445 = AXIS2_PLACEMENT_3D('',#3446,#3447,#3448);
#3446 = CARTESIAN_POINT('',(-1.796313972081E+03,-279.256258422,660.));
#3447 = DIRECTION('',(0.96706868074,-0.254515553025,0.));
#3448 = DIRECTION('',(-0.254515553025,-0.96706868074,0.));
#3449 = ADVANCED_FACE('',(#3450),#3475,.F.);
#3450 = FACE_BOUND('',#3451,.F.);
#3451 = EDGE_LOOP('',(#3452,#3453,#3461,#3469));
#3452 = ORIENTED_EDGE('',*,*,#3431,.T.);
#3453 = ORIENTED_EDGE('',*,*,#3454,.T.);
#3454 = EDGE_CURVE('',#3424,#3455,#3457,.T.);
#3455 = VERTEX_POINT('',#3456);
#3456 = CARTESIAN_POINT('',(-941.4101615137,-830.5702305034,700.));
#3457 = LINE('',#3458,#3459);
#3458 = CARTESIAN_POINT('',(-1.941410161514E+03,-830.5702305034,700.));
#3459 = VECTOR('',#3460,1.);
#3460 = DIRECTION('',(1.,-1.136868377216E-16,0.));
#3461 = ORIENTED_EDGE('',*,*,#3462,.F.);
#3462 = EDGE_CURVE('',#3463,#3455,#3465,.T.);
#3463 = VERTEX_POINT('',#3464);
#3464 = CARTESIAN_POINT('',(-941.4101615137,-830.5702305034,660.));
#3465 = LINE('',#3466,#3467);
#3466 = CARTESIAN_POINT('',(-941.4101615137,-830.5702305034,660.));
#3467 = VECTOR('',#3468,1.);
#3468 = DIRECTION('',(0.,0.,1.));
#3469 = ORIENTED_EDGE('',*,*,#3470,.F.);
#3470 = EDGE_CURVE('',#3432,#3463,#3471,.T.);
#3471 = LINE('',#3472,#3473);
#3472 = CARTESIAN_POINT('',(-1.941410161514E+03,-830.5702305034,660.));
#3473 = VECTOR('',#3474,1.);
#3474 = DIRECTION('',(1.,-1.136868377216E-16,0.));
#3475 = PLANE('',#3476);
#3476 = AXIS2_PLACEMENT_3D('',#3477,#3478,#3479);
#3477 = CARTESIAN_POINT('',(-1.941410161514E+03,-830.5702305034,660.));
#3478 = DIRECTION('',(1.136868377216E-16,1.,0.));
#3479 = DIRECTION('',(1.,-1.136868377216E-16,0.));
#3480 = ADVANCED_FACE('',(#3481),#3497,.F.);
#3481 = FACE_BOUND('',#3482,.F.);
#3482 = EDGE_LOOP('',(#3483,#3484,#3490,#3491));
#3483 = ORIENTED_EDGE('',*,*,#3462,.T.);
#3484 = ORIENTED_EDGE('',*,*,#3485,.T.);
#3485 = EDGE_CURVE('',#3455,#3385,#3486,.T.);
#3486 = LINE('',#3487,#3488);
#3487 = CARTESIAN_POINT('',(-941.4101615137,-830.5702305034,700.));
#3488 = VECTOR('',#3489,1.);
#3489 = DIRECTION('',(0.254515553025,0.96706868074,0.));
#3490 = ORIENTED_EDGE('',*,*,#3382,.F.);
#3491 = ORIENTED_EDGE('',*,*,#3492,.F.);
#3492 = EDGE_CURVE('',#3463,#3383,#3493,.T.);
#3493 = LINE('',#3494,#3495);
#3494 = CARTESIAN_POINT('',(-941.4101615137,-830.5702305034,660.));
#3495 = VECTOR('',#3496,1.);
#3496 = DIRECTION('',(0.254515553025,0.96706868074,0.));
#3497 = PLANE('',#3498);
#3498 = AXIS2_PLACEMENT_3D('',#3499,#3500,#3501);
#3499 = CARTESIAN_POINT('',(-941.4101615137,-830.5702305034,660.));
#3500 = DIRECTION('',(-0.96706868074,0.254515553025,0.));
#3501 = DIRECTION('',(0.254515553025,0.96706868074,0.));
#3502 = ADVANCED_FACE('',(#3503),#3509,.F.);
#3503 = FACE_BOUND('',#3504,.F.);
#3504 = EDGE_LOOP('',(#3505,#3506,#3507,#3508));
#3505 = ORIENTED_EDGE('',*,*,#3408,.T.);
#3506 = ORIENTED_EDGE('',*,*,#3439,.T.);
#3507 = ORIENTED_EDGE('',*,*,#3470,.T.);
#3508 = ORIENTED_EDGE('',*,*,#3492,.T.);
#3509 = PLANE('',#3510);
#3510 = AXIS2_PLACEMENT_3D('',#3511,#3512,#3513);
#3511 = CARTESIAN_POINT('',(-1.368862066798E+03,-554.9132444627,660.));
#3512 = DIRECTION('',(0.,0.,1.));
#3513 = DIRECTION('',(1.,0.,0.));
#3514 = ADVANCED_FACE('',(#3515),#3521,.T.);
#3515 = FACE_BOUND('',#3516,.T.);
#3516 = EDGE_LOOP('',(#3517,#3518,#3519,#3520));
#3517 = ORIENTED_EDGE('',*,*,#3392,.T.);
#3518 = ORIENTED_EDGE('',*,*,#3423,.T.);
#3519 = ORIENTED_EDGE('',*,*,#3454,.T.);
#3520 = ORIENTED_EDGE('',*,*,#3485,.T.);
#3521 = PLANE('',#3522);
#3522 = AXIS2_PLACEMENT_3D('',#3523,#3524,#3525);
#3523 = CARTESIAN_POINT('',(-1.368862066798E+03,-554.9132444627,700.));
#3524 = DIRECTION('',(0.,0.,1.));
#3525 = DIRECTION('',(1.,0.,0.));
#3526 = MANIFOLD_SOLID_BREP('',#3527);
#3527 = CLOSED_SHELL('',(#3528,#3561,#3570));
#3528 = ADVANCED_FACE('',(#3529),#3556,.T.);
#3529 = FACE_BOUND('',#3530,.T.);
#3530 = EDGE_LOOP('',(#3531,#3540,#3548,#3555));
#3531 = ORIENTED_EDGE('',*,*,#3532,.F.);
#3532 = EDGE_CURVE('',#3533,#3533,#3535,.T.);
#3533 = VERTEX_POINT('',#3534);
#3534 = CARTESIAN_POINT('',(-1.325862066798E+03,-554.9132444627,660.));
#3535 = CIRCLE('',#3536,43.);
#3536 = AXIS2_PLACEMENT_3D('',#3537,#3538,#3539);
#3537 = CARTESIAN_POINT('',(-1.368862066798E+03,-554.9132444627,660.));
#3538 = DIRECTION('',(0.,0.,1.));
#3539 = DIRECTION('',(1.,0.,0.));
#3540 = ORIENTED_EDGE('',*,*,#3541,.F.);
#3541 = EDGE_CURVE('',#3542,#3533,#3544,.T.);
#3542 = VERTEX_POINT('',#3543);
#3543 = CARTESIAN_POINT('',(-1.325862066798E+03,-554.9132444627,301.));
#3544 = LINE('',#3545,#3546);
#3545 = CARTESIAN_POINT('',(-1.325862066798E+03,-554.9132444627,301.));
#3546 = VECTOR('',#3547,1.);
#3547 = DIRECTION('',(0.,0.,1.));
#3548 = ORIENTED_EDGE('',*,*,#3549,.T.);
#3549 = EDGE_CURVE('',#3542,#3542,#3550,.T.);
#3550 = CIRCLE('',#3551,43.);
#3551 = AXIS2_PLACEMENT_3D('',#3552,#3553,#3554);
#3552 = CARTESIAN_POINT('',(-1.368862066798E+03,-554.9132444627,301.));
#3553 = DIRECTION('',(0.,0.,1.));
#3554 = DIRECTION('',(1.,0.,0.));
#3555 = ORIENTED_EDGE('',*,*,#3541,.T.);
#3556 = CYLINDRICAL_SURFACE('',#3557,43.);
#3557 = AXIS2_PLACEMENT_3D('',#3558,#3559,#3560);
#3558 = CARTESIAN_POINT('',(-1.368862066798E+03,-554.9132444627,301.));
#3559 = DIRECTION('',(0.,0.,1.));
#3560 = DIRECTION('',(1.,0.,0.));
#3561 = ADVANCED_FACE('',(#3562),#3565,.T.);
#3562 = FACE_BOUND('',#3563,.T.);
#3563 = EDGE_LOOP('',(#3564));
#3564 = ORIENTED_EDGE('',*,*,#3532,.T.);
#3565 = PLANE('',#3566);
#3566 = AXIS2_PLACEMENT_3D('',#3567,#3568,#3569);
#3567 = CARTESIAN_POINT('',(-1.368862066798E+03,-554.9132444627,660.));
#3568 = DIRECTION('',(0.,0.,1.));
#3569 = DIRECTION('',(1.,0.,0.));
#3570 = ADVANCED_FACE('',(#3571),#3574,.F.);
#3571 = FACE_BOUND('',#3572,.T.);
#3572 = EDGE_LOOP('',(#3573));
#3573 = ORIENTED_EDGE('',*,*,#3549,.F.);
#3574 = PLANE('',#3575);
#3575 = AXIS2_PLACEMENT_3D('',#3576,#3577,#3578);
#3576 = CARTESIAN_POINT('',(-1.368862066798E+03,-554.9132444627,301.));
#3577 = DIRECTION('',(0.,0.,1.));
#3578 = DIRECTION('',(1.,0.,0.));
#3579 = MANIFOLD_SOLID_BREP('',#3580);
#3580 = CLOSED_SHELL('',(#3581,#3621,#3652,#3683,#3714,#3745,#3767,#3781
    ));
#3581 = ADVANCED_FACE('',(#3582),#3616,.F.);
#3582 = FACE_BOUND('',#3583,.F.);
#3583 = EDGE_LOOP('',(#3584,#3594,#3602,#3610));
#3584 = ORIENTED_EDGE('',*,*,#3585,.T.);
#3585 = EDGE_CURVE('',#3586,#3588,#3590,.T.);
#3586 = VERTEX_POINT('',#3587);
#3587 = CARTESIAN_POINT('',(-669.5200499418,-359.6427431853,700.));
#3588 = VERTEX_POINT('',#3589);
#3589 = CARTESIAN_POINT('',(-669.5200499418,-359.6427431853,740.));
#3590 = LINE('',#3591,#3592);
#3591 = CARTESIAN_POINT('',(-669.5200499418,-359.6427431853,700.));
#3592 = VECTOR('',#3593,1.);
#3593 = DIRECTION('',(0.,0.,1.));
#3594 = ORIENTED_EDGE('',*,*,#3595,.T.);
#3595 = EDGE_CURVE('',#3588,#3596,#3598,.T.);
#3596 = VERTEX_POINT('',#3597);
#3597 = CARTESIAN_POINT('',(23.300273085705,-759.6427431853,740.));
#3598 = LINE('',#3599,#3600);
#3599 = CARTESIAN_POINT('',(-669.5200499418,-359.6427431853,740.));
#3600 = VECTOR('',#3601,1.);
#3601 = DIRECTION('',(0.866025403784,-0.5,0.));
#3602 = ORIENTED_EDGE('',*,*,#3603,.F.);
#3603 = EDGE_CURVE('',#3604,#3596,#3606,.T.);
#3604 = VERTEX_POINT('',#3605);
#3605 = CARTESIAN_POINT('',(23.300273085705,-759.6427431853,700.));
#3606 = LINE('',#3607,#3608);
#3607 = CARTESIAN_POINT('',(23.300273085705,-759.6427431853,700.));
#3608 = VECTOR('',#3609,1.);
#3609 = DIRECTION('',(0.,0.,1.));
#3610 = ORIENTED_EDGE('',*,*,#3611,.F.);
#3611 = EDGE_CURVE('',#3586,#3604,#3612,.T.);
#3612 = LINE('',#3613,#3614);
#3613 = CARTESIAN_POINT('',(-669.5200499418,-359.6427431853,700.));
#3614 = VECTOR('',#3615,1.);
#3615 = DIRECTION('',(0.866025403784,-0.5,0.));
#3616 = PLANE('',#3617);
#3617 = AXIS2_PLACEMENT_3D('',#3618,#3619,#3620);
#3618 = CARTESIAN_POINT('',(-669.5200499418,-359.6427431853,700.));
#3619 = DIRECTION('',(0.5,0.866025403784,0.));
#3620 = DIRECTION('',(0.866025403784,-0.5,0.));
#3621 = ADVANCED_FACE('',(#3622),#3647,.F.);
#3622 = FACE_BOUND('',#3623,.F.);
#3623 = EDGE_LOOP('',(#3624,#3625,#3633,#3641));
#3624 = ORIENTED_EDGE('',*,*,#3603,.T.);
#3625 = ORIENTED_EDGE('',*,*,#3626,.T.);
#3626 = EDGE_CURVE('',#3596,#3627,#3629,.T.);
#3627 = VERTEX_POINT('',#3628);
#3628 = CARTESIAN_POINT('',(646.21977685614,-400.,740.));
#3629 = LINE('',#3630,#3631);
#3630 = CARTESIAN_POINT('',(23.300273085705,-759.6427431853,740.));
#3631 = VECTOR('',#3632,1.);
#3632 = DIRECTION('',(0.866025403784,0.5,0.));
#3633 = ORIENTED_EDGE('',*,*,#3634,.F.);
#3634 = EDGE_CURVE('',#3635,#3627,#3637,.T.);
#3635 = VERTEX_POINT('',#3636);
#3636 = CARTESIAN_POINT('',(646.21977685614,-400.,700.));
#3637 = LINE('',#3638,#3639);
#3638 = CARTESIAN_POINT('',(646.21977685614,-400.,700.));
#3639 = VECTOR('',#3640,1.);
#3640 = DIRECTION('',(0.,0.,1.));
#3641 = ORIENTED_EDGE('',*,*,#3642,.F.);
#3642 = EDGE_CURVE('',#3604,#3635,#3643,.T.);
#3643 = LINE('',#3644,#3645);
#3644 = CARTESIAN_POINT('',(23.300273085705,-759.6427431853,700.));
#3645 = VECTOR('',#3646,1.);
#3646 = DIRECTION('',(0.866025403784,0.5,0.));
#3647 = PLANE('',#3648);
#3648 = AXIS2_PLACEMENT_3D('',#3649,#3650,#3651);
#3649 = CARTESIAN_POINT('',(23.300273085705,-759.6427431853,700.));
#3650 = DIRECTION('',(-0.5,0.866025403784,0.));
#3651 = DIRECTION('',(0.866025403784,0.5,0.));
#3652 = ADVANCED_FACE('',(#3653),#3678,.F.);
#3653 = FACE_BOUND('',#3654,.F.);
#3654 = EDGE_LOOP('',(#3655,#3656,#3664,#3672));
#3655 = ORIENTED_EDGE('',*,*,#3634,.T.);
#3656 = ORIENTED_EDGE('',*,*,#3657,.T.);
#3657 = EDGE_CURVE('',#3627,#3658,#3660,.T.);
#3658 = VERTEX_POINT('',#3659);
#3659 = CARTESIAN_POINT('',(646.21977685614,400.,740.));
#3660 = LINE('',#3661,#3662);
#3661 = CARTESIAN_POINT('',(646.21977685614,-400.,740.));
#3662 = VECTOR('',#3663,1.);
#3663 = DIRECTION('',(0.,1.,0.));
#3664 = ORIENTED_EDGE('',*,*,#3665,.F.);
#3665 = EDGE_CURVE('',#3666,#3658,#3668,.T.);
#3666 = VERTEX_POINT('',#3667);
#3667 = CARTESIAN_POINT('',(646.21977685614,400.,700.));
#3668 = LINE('',#3669,#3670);
#3669 = CARTESIAN_POINT('',(646.21977685614,400.,700.));
#3670 = VECTOR('',#3671,1.);
#3671 = DIRECTION('',(0.,0.,1.));
#3672 = ORIENTED_EDGE('',*,*,#3673,.F.);
#3673 = EDGE_CURVE('',#3635,#3666,#3674,.T.);
#3674 = LINE('',#3675,#3676);
#3675 = CARTESIAN_POINT('',(646.21977685614,-400.,700.));
#3676 = VECTOR('',#3677,1.);
#3677 = DIRECTION('',(0.,1.,0.));
#3678 = PLANE('',#3679);
#3679 = AXIS2_PLACEMENT_3D('',#3680,#3681,#3682);
#3680 = CARTESIAN_POINT('',(646.21977685614,-400.,700.));
#3681 = DIRECTION('',(-1.,0.,0.));
#3682 = DIRECTION('',(0.,1.,0.));
#3683 = ADVANCED_FACE('',(#3684),#3709,.F.);
#3684 = FACE_BOUND('',#3685,.F.);
#3685 = EDGE_LOOP('',(#3686,#3687,#3695,#3703));
#3686 = ORIENTED_EDGE('',*,*,#3665,.T.);
#3687 = ORIENTED_EDGE('',*,*,#3688,.T.);
#3688 = EDGE_CURVE('',#3658,#3689,#3691,.T.);
#3689 = VERTEX_POINT('',#3690);
#3690 = CARTESIAN_POINT('',(23.300273085705,759.64274318532,740.));
#3691 = LINE('',#3692,#3693);
#3692 = CARTESIAN_POINT('',(646.21977685614,400.,740.));
#3693 = VECTOR('',#3694,1.);
#3694 = DIRECTION('',(-0.866025403784,0.5,0.));
#3695 = ORIENTED_EDGE('',*,*,#3696,.F.);
#3696 = EDGE_CURVE('',#3697,#3689,#3699,.T.);
#3697 = VERTEX_POINT('',#3698);
#3698 = CARTESIAN_POINT('',(23.300273085705,759.64274318532,700.));
#3699 = LINE('',#3700,#3701);
#3700 = CARTESIAN_POINT('',(23.300273085705,759.64274318532,700.));
#3701 = VECTOR('',#3702,1.);
#3702 = DIRECTION('',(0.,0.,1.));
#3703 = ORIENTED_EDGE('',*,*,#3704,.F.);
#3704 = EDGE_CURVE('',#3666,#3697,#3705,.T.);
#3705 = LINE('',#3706,#3707);
#3706 = CARTESIAN_POINT('',(646.21977685614,400.,700.));
#3707 = VECTOR('',#3708,1.);
#3708 = DIRECTION('',(-0.866025403784,0.5,0.));
#3709 = PLANE('',#3710);
#3710 = AXIS2_PLACEMENT_3D('',#3711,#3712,#3713);
#3711 = CARTESIAN_POINT('',(646.21977685614,400.,700.));
#3712 = DIRECTION('',(-0.5,-0.866025403784,0.));
#3713 = DIRECTION('',(-0.866025403784,0.5,0.));
#3714 = ADVANCED_FACE('',(#3715),#3740,.F.);
#3715 = FACE_BOUND('',#3716,.F.);
#3716 = EDGE_LOOP('',(#3717,#3718,#3726,#3734));
#3717 = ORIENTED_EDGE('',*,*,#3696,.T.);
#3718 = ORIENTED_EDGE('',*,*,#3719,.T.);
#3719 = EDGE_CURVE('',#3689,#3720,#3722,.T.);
#3720 = VERTEX_POINT('',#3721);
#3721 = CARTESIAN_POINT('',(-669.5200499418,359.64274318532,740.));
#3722 = LINE('',#3723,#3724);
#3723 = CARTESIAN_POINT('',(23.300273085705,759.64274318532,740.));
#3724 = VECTOR('',#3725,1.);
#3725 = DIRECTION('',(-0.866025403784,-0.5,0.));
#3726 = ORIENTED_EDGE('',*,*,#3727,.F.);
#3727 = EDGE_CURVE('',#3728,#3720,#3730,.T.);
#3728 = VERTEX_POINT('',#3729);
#3729 = CARTESIAN_POINT('',(-669.5200499418,359.64274318532,700.));
#3730 = LINE('',#3731,#3732);
#3731 = CARTESIAN_POINT('',(-669.5200499418,359.64274318532,700.));
#3732 = VECTOR('',#3733,1.);
#3733 = DIRECTION('',(0.,0.,1.));
#3734 = ORIENTED_EDGE('',*,*,#3735,.F.);
#3735 = EDGE_CURVE('',#3697,#3728,#3736,.T.);
#3736 = LINE('',#3737,#3738);
#3737 = CARTESIAN_POINT('',(23.300273085705,759.64274318532,700.));
#3738 = VECTOR('',#3739,1.);
#3739 = DIRECTION('',(-0.866025403784,-0.5,0.));
#3740 = PLANE('',#3741);
#3741 = AXIS2_PLACEMENT_3D('',#3742,#3743,#3744);
#3742 = CARTESIAN_POINT('',(23.300273085705,759.64274318532,700.));
#3743 = DIRECTION('',(0.5,-0.866025403784,0.));
#3744 = DIRECTION('',(-0.866025403784,-0.5,0.));
#3745 = ADVANCED_FACE('',(#3746),#3762,.F.);
#3746 = FACE_BOUND('',#3747,.F.);
#3747 = EDGE_LOOP('',(#3748,#3749,#3755,#3756));
#3748 = ORIENTED_EDGE('',*,*,#3727,.T.);
#3749 = ORIENTED_EDGE('',*,*,#3750,.T.);
#3750 = EDGE_CURVE('',#3720,#3588,#3751,.T.);
#3751 = LINE('',#3752,#3753);
#3752 = CARTESIAN_POINT('',(-669.5200499418,359.64274318532,740.));
#3753 = VECTOR('',#3754,1.);
#3754 = DIRECTION('',(-1.580552365866E-16,-1.,0.));
#3755 = ORIENTED_EDGE('',*,*,#3585,.F.);
#3756 = ORIENTED_EDGE('',*,*,#3757,.F.);
#3757 = EDGE_CURVE('',#3728,#3586,#3758,.T.);
#3758 = LINE('',#3759,#3760);
#3759 = CARTESIAN_POINT('',(-669.5200499418,359.64274318532,700.));
#3760 = VECTOR('',#3761,1.);
#3761 = DIRECTION('',(-1.580552365866E-16,-1.,0.));
#3762 = PLANE('',#3763);
#3763 = AXIS2_PLACEMENT_3D('',#3764,#3765,#3766);
#3764 = CARTESIAN_POINT('',(-669.5200499418,359.64274318532,700.));
#3765 = DIRECTION('',(1.,-1.580552365866E-16,0.));
#3766 = DIRECTION('',(-1.580552365866E-16,-1.,0.));
#3767 = ADVANCED_FACE('',(#3768),#3776,.F.);
#3768 = FACE_BOUND('',#3769,.F.);
#3769 = EDGE_LOOP('',(#3770,#3771,#3772,#3773,#3774,#3775));
#3770 = ORIENTED_EDGE('',*,*,#3611,.T.);
#3771 = ORIENTED_EDGE('',*,*,#3642,.T.);
#3772 = ORIENTED_EDGE('',*,*,#3673,.T.);
#3773 = ORIENTED_EDGE('',*,*,#3704,.T.);
#3774 = ORIENTED_EDGE('',*,*,#3735,.T.);
#3775 = ORIENTED_EDGE('',*,*,#3757,.T.);
#3776 = PLANE('',#3777);
#3777 = AXIS2_PLACEMENT_3D('',#3778,#3779,#3780);
#3778 = CARTESIAN_POINT('',(2.977540440209E-14,6.565363407624E-14,700.)
  );
#3779 = DIRECTION('',(0.,0.,1.));
#3780 = DIRECTION('',(1.,0.,0.));
#3781 = ADVANCED_FACE('',(#3782),#3790,.T.);
#3782 = FACE_BOUND('',#3783,.T.);
#3783 = EDGE_LOOP('',(#3784,#3785,#3786,#3787,#3788,#3789));
#3784 = ORIENTED_EDGE('',*,*,#3595,.T.);
#3785 = ORIENTED_EDGE('',*,*,#3626,.T.);
#3786 = ORIENTED_EDGE('',*,*,#3657,.T.);
#3787 = ORIENTED_EDGE('',*,*,#3688,.T.);
#3788 = ORIENTED_EDGE('',*,*,#3719,.T.);
#3789 = ORIENTED_EDGE('',*,*,#3750,.T.);
#3790 = PLANE('',#3791);
#3791 = AXIS2_PLACEMENT_3D('',#3792,#3793,#3794);
#3792 = CARTESIAN_POINT('',(2.977540440209E-14,6.565363407624E-14,740.)
  );
#3793 = DIRECTION('',(0.,0.,1.));
#3794 = DIRECTION('',(1.,0.,0.));
#3795 = MANIFOLD_SOLID_BREP('',#3796);
#3796 = CLOSED_SHELL('',(#3797,#3839,#3870,#3901,#3934,#3967,#3998,#4029
    ,#4053,#4069));
#3797 = ADVANCED_FACE('',(#3798),#3834,.T.);
#3798 = FACE_BOUND('',#3799,.T.);
#3799 = EDGE_LOOP('',(#3800,#3811,#3819,#3828));
#3800 = ORIENTED_EDGE('',*,*,#3801,.F.);
#3801 = EDGE_CURVE('',#3802,#3804,#3806,.T.);
#3802 = VERTEX_POINT('',#3803);
#3803 = CARTESIAN_POINT('',(432.22431864335,408.63448015713,740.));
#3804 = VERTEX_POINT('',#3805);
#3805 = CARTESIAN_POINT('',(527.84609690826,434.25625842204,740.));
#3806 = CIRCLE('',#3807,70.);
#3807 = AXIS2_PLACEMENT_3D('',#3808,#3809,#3810);
#3808 = CARTESIAN_POINT('',(467.22431864335,469.25625842204,740.));
#3809 = DIRECTION('',(0.,-0.,1.));
#3810 = DIRECTION('',(0.5,0.866025403784,0.));
#3811 = ORIENTED_EDGE('',*,*,#3812,.F.);
#3812 = EDGE_CURVE('',#3813,#3802,#3815,.T.);
#3813 = VERTEX_POINT('',#3814);
#3814 = CARTESIAN_POINT('',(432.22431864335,408.63448015713,700.));
#3815 = LINE('',#3816,#3817);
#3816 = CARTESIAN_POINT('',(432.22431864335,408.63448015713,700.));
#3817 = VECTOR('',#3818,1.);
#3818 = DIRECTION('',(0.,0.,1.));
#3819 = ORIENTED_EDGE('',*,*,#3820,.T.);
#3820 = EDGE_CURVE('',#3813,#3821,#3823,.T.);
#3821 = VERTEX_POINT('',#3822);
#3822 = CARTESIAN_POINT('',(527.84609690826,434.25625842204,700.));
#3823 = CIRCLE('',#3824,70.);
#3824 = AXIS2_PLACEMENT_3D('',#3825,#3826,#3827);
#3825 = CARTESIAN_POINT('',(467.22431864335,469.25625842204,700.));
#3826 = DIRECTION('',(0.,-0.,1.));
#3827 = DIRECTION('',(0.5,0.866025403784,0.));
#3828 = ORIENTED_EDGE('',*,*,#3829,.T.);
#3829 = EDGE_CURVE('',#3821,#3804,#3830,.T.);
#3830 = LINE('',#3831,#3832);
#3831 = CARTESIAN_POINT('',(527.84609690826,434.25625842204,700.));
#3832 = VECTOR('',#3833,1.);
#3833 = DIRECTION('',(0.,0.,1.));
#3834 = CYLINDRICAL_SURFACE('',#3835,70.);
#3835 = AXIS2_PLACEMENT_3D('',#3836,#3837,#3838);
#3836 = CARTESIAN_POINT('',(467.22431864335,469.25625842204,700.));
#3837 = DIRECTION('',(0.,0.,1.));
#3838 = DIRECTION('',(0.5,0.866025403784,0.));
#3839 = ADVANCED_FACE('',(#3840),#3865,.F.);
#3840 = FACE_BOUND('',#3841,.F.);
#3841 = EDGE_LOOP('',(#3842,#3850,#3851,#3859));
#3842 = ORIENTED_EDGE('',*,*,#3843,.F.);
#3843 = EDGE_CURVE('',#3821,#3844,#3846,.T.);
#3844 = VERTEX_POINT('',#3845);
#3845 = CARTESIAN_POINT('',(1.067846096908E+03,1.369563694509E+03,700.)
  );
#3846 = LINE('',#3847,#3848);
#3847 = CARTESIAN_POINT('',(527.84609690826,434.25625842204,700.));
#3848 = VECTOR('',#3849,1.);
#3849 = DIRECTION('',(0.5,0.866025403784,0.));
#3850 = ORIENTED_EDGE('',*,*,#3829,.T.);
#3851 = ORIENTED_EDGE('',*,*,#3852,.T.);
#3852 = EDGE_CURVE('',#3804,#3853,#3855,.T.);
#3853 = VERTEX_POINT('',#3854);
#3854 = CARTESIAN_POINT('',(1.067846096908E+03,1.369563694509E+03,740.)
  );
#3855 = LINE('',#3856,#3857);
#3856 = CARTESIAN_POINT('',(527.84609690826,434.25625842204,740.));
#3857 = VECTOR('',#3858,1.);
#3858 = DIRECTION('',(0.5,0.866025403784,0.));
#3859 = ORIENTED_EDGE('',*,*,#3860,.F.);
#3860 = EDGE_CURVE('',#3844,#3853,#3861,.T.);
#3861 = LINE('',#3862,#3863);
#3862 = CARTESIAN_POINT('',(1.067846096908E+03,1.369563694509E+03,700.)
  );
#3863 = VECTOR('',#3864,1.);
#3864 = DIRECTION('',(0.,0.,1.));
#3865 = PLANE('',#3866);
#3866 = AXIS2_PLACEMENT_3D('',#3867,#3868,#3869);
#3867 = CARTESIAN_POINT('',(527.84609690826,434.25625842204,700.));
#3868 = DIRECTION('',(-0.866025403784,0.5,0.));
#3869 = DIRECTION('',(0.,0.,1.));
#3870 = ADVANCED_FACE('',(#3871),#3896,.F.);
#3871 = FACE_BOUND('',#3872,.F.);
#3872 = EDGE_LOOP('',(#3873,#3874,#3882,#3890));
#3873 = ORIENTED_EDGE('',*,*,#3812,.F.);
#3874 = ORIENTED_EDGE('',*,*,#3875,.T.);
#3875 = EDGE_CURVE('',#3813,#3876,#3878,.T.);
#3876 = VERTEX_POINT('',#3877);
#3877 = CARTESIAN_POINT('',(137.77568135664,578.63448015713,700.));
#3878 = LINE('',#3879,#3880);
#3879 = CARTESIAN_POINT('',(432.22431864335,408.63448015713,700.));
#3880 = VECTOR('',#3881,1.);
#3881 = DIRECTION('',(-0.866025403784,0.5,0.));
#3882 = ORIENTED_EDGE('',*,*,#3883,.T.);
#3883 = EDGE_CURVE('',#3876,#3884,#3886,.T.);
#3884 = VERTEX_POINT('',#3885);
#3885 = CARTESIAN_POINT('',(137.77568135664,578.63448015713,740.));
#3886 = LINE('',#3887,#3888);
#3887 = CARTESIAN_POINT('',(137.77568135664,578.63448015713,700.));
#3888 = VECTOR('',#3889,1.);
#3889 = DIRECTION('',(0.,0.,1.));
#3890 = ORIENTED_EDGE('',*,*,#3891,.F.);
#3891 = EDGE_CURVE('',#3802,#3884,#3892,.T.);
#3892 = LINE('',#3893,#3894);
#3893 = CARTESIAN_POINT('',(432.22431864335,408.63448015713,740.));
#3894 = VECTOR('',#3895,1.);
#3895 = DIRECTION('',(-0.866025403784,0.5,0.));
#3896 = PLANE('',#3897);
#3897 = AXIS2_PLACEMENT_3D('',#3898,#3899,#3900);
#3898 = CARTESIAN_POINT('',(432.22431864335,408.63448015713,700.));
#3899 = DIRECTION('',(0.5,0.866025403784,0.));
#3900 = DIRECTION('',(0.,0.,1.));
#3901 = ADVANCED_FACE('',(#3902),#3929,.T.);
#3902 = FACE_BOUND('',#3903,.T.);
#3903 = EDGE_LOOP('',(#3904,#3913,#3914,#3923));
#3904 = ORIENTED_EDGE('',*,*,#3905,.F.);
#3905 = EDGE_CURVE('',#3853,#3906,#3908,.T.);
#3906 = VERTEX_POINT('',#3907);
#3907 = CARTESIAN_POINT('',(1.042224318643E+03,1.465185472774E+03,740.)
  );
#3908 = CIRCLE('',#3909,70.);
#3909 = AXIS2_PLACEMENT_3D('',#3910,#3911,#3912);
#3910 = CARTESIAN_POINT('',(1.007224318643E+03,1.404563694509E+03,740.)
  );
#3911 = DIRECTION('',(0.,-0.,1.));
#3912 = DIRECTION('',(0.5,0.866025403784,0.));
#3913 = ORIENTED_EDGE('',*,*,#3860,.F.);
#3914 = ORIENTED_EDGE('',*,*,#3915,.T.);
#3915 = EDGE_CURVE('',#3844,#3916,#3918,.T.);
#3916 = VERTEX_POINT('',#3917);
#3917 = CARTESIAN_POINT('',(1.042224318643E+03,1.465185472774E+03,700.)
  );
#3918 = CIRCLE('',#3919,70.);
#3919 = AXIS2_PLACEMENT_3D('',#3920,#3921,#3922);
#3920 = CARTESIAN_POINT('',(1.007224318643E+03,1.404563694509E+03,700.)
  );
#3921 = DIRECTION('',(0.,-0.,1.));
#3922 = DIRECTION('',(0.5,0.866025403784,0.));
#3923 = ORIENTED_EDGE('',*,*,#3924,.T.);
#3924 = EDGE_CURVE('',#3916,#3906,#3925,.T.);
#3925 = LINE('',#3926,#3927);
#3926 = CARTESIAN_POINT('',(1.042224318643E+03,1.465185472774E+03,700.)
  );
#3927 = VECTOR('',#3928,1.);
#3928 = DIRECTION('',(0.,0.,1.));
#3929 = CYLINDRICAL_SURFACE('',#3930,70.);
#3930 = AXIS2_PLACEMENT_3D('',#3931,#3932,#3933);
#3931 = CARTESIAN_POINT('',(1.007224318643E+03,1.404563694509E+03,700.)
  );
#3932 = DIRECTION('',(0.,0.,1.));
#3933 = DIRECTION('',(0.5,0.866025403784,0.));
#3934 = ADVANCED_FACE('',(#3935),#3962,.T.);
#3935 = FACE_BOUND('',#3936,.T.);
#3936 = EDGE_LOOP('',(#3937,#3946,#3954,#3961));
#3937 = ORIENTED_EDGE('',*,*,#3938,.F.);
#3938 = EDGE_CURVE('',#3939,#3884,#3941,.T.);
#3939 = VERTEX_POINT('',#3940);
#3940 = CARTESIAN_POINT('',(112.15390309173,674.25625842204,740.));
#3941 = CIRCLE('',#3942,70.);
#3942 = AXIS2_PLACEMENT_3D('',#3943,#3944,#3945);
#3943 = CARTESIAN_POINT('',(172.77568135664,639.25625842204,740.));
#3944 = DIRECTION('',(0.,-0.,1.));
#3945 = DIRECTION('',(0.5,0.866025403784,0.));
#3946 = ORIENTED_EDGE('',*,*,#3947,.F.);
#3947 = EDGE_CURVE('',#3948,#3939,#3950,.T.);
#3948 = VERTEX_POINT('',#3949);
#3949 = CARTESIAN_POINT('',(112.15390309173,674.25625842204,700.));
#3950 = LINE('',#3951,#3952);
#3951 = CARTESIAN_POINT('',(112.15390309173,674.25625842204,700.));
#3952 = VECTOR('',#3953,1.);
#3953 = DIRECTION('',(0.,0.,1.));
#3954 = ORIENTED_EDGE('',*,*,#3955,.T.);
#3955 = EDGE_CURVE('',#3948,#3876,#3956,.T.);
#3956 = CIRCLE('',#3957,70.);
#3957 = AXIS2_PLACEMENT_3D('',#3958,#3959,#3960);
#3958 = CARTESIAN_POINT('',(172.77568135664,639.25625842204,700.));
#3959 = DIRECTION('',(0.,-0.,1.));
#3960 = DIRECTION('',(0.5,0.866025403784,0.));
#3961 = ORIENTED_EDGE('',*,*,#3883,.T.);
#3962 = CYLINDRICAL_SURFACE('',#3963,70.);
#3963 = AXIS2_PLACEMENT_3D('',#3964,#3965,#3966);
#3964 = CARTESIAN_POINT('',(172.77568135664,639.25625842204,700.));
#3965 = DIRECTION('',(0.,0.,1.));
#3966 = DIRECTION('',(0.5,0.866025403784,0.));
#3967 = ADVANCED_FACE('',(#3968),#3993,.T.);
#3968 = FACE_BOUND('',#3969,.T.);
#3969 = EDGE_LOOP('',(#3970,#3978,#3979,#3987));
#3970 = ORIENTED_EDGE('',*,*,#3971,.F.);
#3971 = EDGE_CURVE('',#3948,#3972,#3974,.T.);
#3972 = VERTEX_POINT('',#3973);
#3973 = CARTESIAN_POINT('',(652.15390309173,1.609563694509E+03,700.));
#3974 = LINE('',#3975,#3976);
#3975 = CARTESIAN_POINT('',(112.15390309173,674.25625842204,700.));
#3976 = VECTOR('',#3977,1.);
#3977 = DIRECTION('',(0.5,0.866025403784,0.));
#3978 = ORIENTED_EDGE('',*,*,#3947,.T.);
#3979 = ORIENTED_EDGE('',*,*,#3980,.T.);
#3980 = EDGE_CURVE('',#3939,#3981,#3983,.T.);
#3981 = VERTEX_POINT('',#3982);
#3982 = CARTESIAN_POINT('',(652.15390309173,1.609563694509E+03,740.));
#3983 = LINE('',#3984,#3985);
#3984 = CARTESIAN_POINT('',(112.15390309173,674.25625842204,740.));
#3985 = VECTOR('',#3986,1.);
#3986 = DIRECTION('',(0.5,0.866025403784,0.));
#3987 = ORIENTED_EDGE('',*,*,#3988,.F.);
#3988 = EDGE_CURVE('',#3972,#3981,#3989,.T.);
#3989 = LINE('',#3990,#3991);
#3990 = CARTESIAN_POINT('',(652.15390309173,1.609563694509E+03,700.));
#3991 = VECTOR('',#3992,1.);
#3992 = DIRECTION('',(0.,0.,1.));
#3993 = PLANE('',#3994);
#3994 = AXIS2_PLACEMENT_3D('',#3995,#3996,#3997);
#3995 = CARTESIAN_POINT('',(112.15390309173,674.25625842204,700.));
#3996 = DIRECTION('',(-0.866025403784,0.5,0.));
#3997 = DIRECTION('',(0.,0.,1.));
#3998 = ADVANCED_FACE('',(#3999),#4024,.T.);
#3999 = FACE_BOUND('',#4000,.T.);
#4000 = EDGE_LOOP('',(#4001,#4002,#4010,#4018));
#4001 = ORIENTED_EDGE('',*,*,#3924,.F.);
#4002 = ORIENTED_EDGE('',*,*,#4003,.T.);
#4003 = EDGE_CURVE('',#3916,#4004,#4006,.T.);
#4004 = VERTEX_POINT('',#4005);
#4005 = CARTESIAN_POINT('',(747.77568135664,1.635185472774E+03,700.));
#4006 = LINE('',#4007,#4008);
#4007 = CARTESIAN_POINT('',(1.042224318643E+03,1.465185472774E+03,700.)
  );
#4008 = VECTOR('',#4009,1.);
#4009 = DIRECTION('',(-0.866025403784,0.5,0.));
#4010 = ORIENTED_EDGE('',*,*,#4011,.T.);
#4011 = EDGE_CURVE('',#4004,#4012,#4014,.T.);
#4012 = VERTEX_POINT('',#4013);
#4013 = CARTESIAN_POINT('',(747.77568135664,1.635185472774E+03,740.));
#4014 = LINE('',#4015,#4016);
#4015 = CARTESIAN_POINT('',(747.77568135664,1.635185472774E+03,700.));
#4016 = VECTOR('',#4017,1.);
#4017 = DIRECTION('',(0.,0.,1.));
#4018 = ORIENTED_EDGE('',*,*,#4019,.F.);
#4019 = EDGE_CURVE('',#3906,#4012,#4020,.T.);
#4020 = LINE('',#4021,#4022);
#4021 = CARTESIAN_POINT('',(1.042224318643E+03,1.465185472774E+03,740.)
  );
#4022 = VECTOR('',#4023,1.);
#4023 = DIRECTION('',(-0.866025403784,0.5,0.));
#4024 = PLANE('',#4025);
#4025 = AXIS2_PLACEMENT_3D('',#4026,#4027,#4028);
#4026 = CARTESIAN_POINT('',(1.042224318643E+03,1.465185472774E+03,700.)
  );
#4027 = DIRECTION('',(0.5,0.866025403784,0.));
#4028 = DIRECTION('',(0.,0.,1.));
#4029 = ADVANCED_FACE('',(#4030),#4048,.T.);
#4030 = FACE_BOUND('',#4031,.T.);
#4031 = EDGE_LOOP('',(#4032,#4039,#4040,#4047));
#4032 = ORIENTED_EDGE('',*,*,#4033,.F.);
#4033 = EDGE_CURVE('',#4012,#3981,#4034,.T.);
#4034 = CIRCLE('',#4035,70.);
#4035 = AXIS2_PLACEMENT_3D('',#4036,#4037,#4038);
#4036 = CARTESIAN_POINT('',(712.77568135664,1.574563694509E+03,740.));
#4037 = DIRECTION('',(0.,-0.,1.));
#4038 = DIRECTION('',(0.5,0.866025403784,0.));
#4039 = ORIENTED_EDGE('',*,*,#4011,.F.);
#4040 = ORIENTED_EDGE('',*,*,#4041,.T.);
#4041 = EDGE_CURVE('',#4004,#3972,#4042,.T.);
#4042 = CIRCLE('',#4043,70.);
#4043 = AXIS2_PLACEMENT_3D('',#4044,#4045,#4046);
#4044 = CARTESIAN_POINT('',(712.77568135664,1.574563694509E+03,700.));
#4045 = DIRECTION('',(0.,-0.,1.));
#4046 = DIRECTION('',(0.5,0.866025403784,0.));
#4047 = ORIENTED_EDGE('',*,*,#3988,.T.);
#4048 = CYLINDRICAL_SURFACE('',#4049,70.);
#4049 = AXIS2_PLACEMENT_3D('',#4050,#4051,#4052);
#4050 = CARTESIAN_POINT('',(712.77568135664,1.574563694509E+03,700.));
#4051 = DIRECTION('',(0.,0.,1.));
#4052 = DIRECTION('',(0.5,0.866025403784,0.));
#4053 = ADVANCED_FACE('',(#4054),#4064,.T.);
#4054 = FACE_BOUND('',#4055,.T.);
#4055 = EDGE_LOOP('',(#4056,#4057,#4058,#4059,#4060,#4061,#4062,#4063));
#4056 = ORIENTED_EDGE('',*,*,#3801,.T.);
#4057 = ORIENTED_EDGE('',*,*,#3852,.T.);
#4058 = ORIENTED_EDGE('',*,*,#3905,.T.);
#4059 = ORIENTED_EDGE('',*,*,#4019,.T.);
#4060 = ORIENTED_EDGE('',*,*,#4033,.T.);
#4061 = ORIENTED_EDGE('',*,*,#3980,.F.);
#4062 = ORIENTED_EDGE('',*,*,#3938,.T.);
#4063 = ORIENTED_EDGE('',*,*,#3891,.F.);
#4064 = PLANE('',#4065);
#4065 = AXIS2_PLACEMENT_3D('',#4066,#4067,#4068);
#4066 = CARTESIAN_POINT('',(590.,1.021909976466E+03,740.));
#4067 = DIRECTION('',(0.,0.,1.));
#4068 = DIRECTION('',(0.5,0.866025403784,0.));
#4069 = ADVANCED_FACE('',(#4070),#4080,.T.);
#4070 = FACE_BOUND('',#4071,.T.);
#4071 = EDGE_LOOP('',(#4072,#4073,#4074,#4075,#4076,#4077,#4078,#4079));
#4072 = ORIENTED_EDGE('',*,*,#3820,.F.);
#4073 = ORIENTED_EDGE('',*,*,#3875,.T.);
#4074 = ORIENTED_EDGE('',*,*,#3955,.F.);
#4075 = ORIENTED_EDGE('',*,*,#3971,.T.);
#4076 = ORIENTED_EDGE('',*,*,#4041,.F.);
#4077 = ORIENTED_EDGE('',*,*,#4003,.F.);
#4078 = ORIENTED_EDGE('',*,*,#3915,.F.);
#4079 = ORIENTED_EDGE('',*,*,#3843,.F.);
#4080 = PLANE('',#4081);
#4081 = AXIS2_PLACEMENT_3D('',#4082,#4083,#4084);
#4082 = CARTESIAN_POINT('',(590.,1.021909976466E+03,700.));
#4083 = DIRECTION('',(0.,-0.,-1.));
#4084 = DIRECTION('',(-0.5,-0.866025403784,0.));
#4085 = MANIFOLD_SOLID_BREP('',#4086);
#4086 = CLOSED_SHELL('',(#4087,#4129,#4160,#4191,#4224,#4257,#4288,#4319
    ,#4343,#4359));
#4087 = ADVANCED_FACE('',(#4088),#4124,.T.);
#4088 = FACE_BOUND('',#4089,.T.);
#4089 = EDGE_LOOP('',(#4090,#4101,#4109,#4118));
#4090 = ORIENTED_EDGE('',*,*,#4091,.F.);
#4091 = EDGE_CURVE('',#4092,#4094,#4096,.T.);
#4092 = VERTEX_POINT('',#4093);
#4093 = CARTESIAN_POINT('',(-570.,170.,740.));
#4094 = VERTEX_POINT('',#4095);
#4095 = CARTESIAN_POINT('',(-640.,240.,740.));
#4096 = CIRCLE('',#4097,70.);
#4097 = AXIS2_PLACEMENT_3D('',#4098,#4099,#4100);
#4098 = CARTESIAN_POINT('',(-640.,170.,740.));
#4099 = DIRECTION('',(0.,0.,1.));
#4100 = DIRECTION('',(-1.,0.,0.));
#4101 = ORIENTED_EDGE('',*,*,#4102,.F.);
#4102 = EDGE_CURVE('',#4103,#4092,#4105,.T.);
#4103 = VERTEX_POINT('',#4104);
#4104 = CARTESIAN_POINT('',(-570.,170.,700.));
#4105 = LINE('',#4106,#4107);
#4106 = CARTESIAN_POINT('',(-570.,170.,700.));
#4107 = VECTOR('',#4108,1.);
#4108 = DIRECTION('',(0.,0.,1.));
#4109 = ORIENTED_EDGE('',*,*,#4110,.T.);
#4110 = EDGE_CURVE('',#4103,#4111,#4113,.T.);
#4111 = VERTEX_POINT('',#4112);
#4112 = CARTESIAN_POINT('',(-640.,240.,700.));
#4113 = CIRCLE('',#4114,70.);
#4114 = AXIS2_PLACEMENT_3D('',#4115,#4116,#4117);
#4115 = CARTESIAN_POINT('',(-640.,170.,700.));
#4116 = DIRECTION('',(0.,0.,1.));
#4117 = DIRECTION('',(-1.,0.,0.));
#4118 = ORIENTED_EDGE('',*,*,#4119,.T.);
#4119 = EDGE_CURVE('',#4111,#4094,#4120,.T.);
#4120 = LINE('',#4121,#4122);
#4121 = CARTESIAN_POINT('',(-640.,240.,700.));
#4122 = VECTOR('',#4123,1.);
#4123 = DIRECTION('',(0.,0.,1.));
#4124 = CYLINDRICAL_SURFACE('',#4125,70.);
#4125 = AXIS2_PLACEMENT_3D('',#4126,#4127,#4128);
#4126 = CARTESIAN_POINT('',(-640.,170.,700.));
#4127 = DIRECTION('',(0.,0.,1.));
#4128 = DIRECTION('',(-1.,0.,0.));
#4129 = ADVANCED_FACE('',(#4130),#4155,.F.);
#4130 = FACE_BOUND('',#4131,.F.);
#4131 = EDGE_LOOP('',(#4132,#4140,#4141,#4149));
#4132 = ORIENTED_EDGE('',*,*,#4133,.F.);
#4133 = EDGE_CURVE('',#4111,#4134,#4136,.T.);
#4134 = VERTEX_POINT('',#4135);
#4135 = CARTESIAN_POINT('',(-1.72E+03,240.,700.));
#4136 = LINE('',#4137,#4138);
#4137 = CARTESIAN_POINT('',(-640.,240.,700.));
#4138 = VECTOR('',#4139,1.);
#4139 = DIRECTION('',(-1.,0.,0.));
#4140 = ORIENTED_EDGE('',*,*,#4119,.T.);
#4141 = ORIENTED_EDGE('',*,*,#4142,.T.);
#4142 = EDGE_CURVE('',#4094,#4143,#4145,.T.);
#4143 = VERTEX_POINT('',#4144);
#4144 = CARTESIAN_POINT('',(-1.72E+03,240.,740.));
#4145 = LINE('',#4146,#4147);
#4146 = CARTESIAN_POINT('',(-640.,240.,740.));
#4147 = VECTOR('',#4148,1.);
#4148 = DIRECTION('',(-1.,0.,0.));
#4149 = ORIENTED_EDGE('',*,*,#4150,.F.);
#4150 = EDGE_CURVE('',#4134,#4143,#4151,.T.);
#4151 = LINE('',#4152,#4153);
#4152 = CARTESIAN_POINT('',(-1.72E+03,240.,700.));
#4153 = VECTOR('',#4154,1.);
#4154 = DIRECTION('',(0.,0.,1.));
#4155 = PLANE('',#4156);
#4156 = AXIS2_PLACEMENT_3D('',#4157,#4158,#4159);
#4157 = CARTESIAN_POINT('',(-640.,240.,700.));
#4158 = DIRECTION('',(0.,-1.,0.));
#4159 = DIRECTION('',(0.,0.,1.));
#4160 = ADVANCED_FACE('',(#4161),#4186,.F.);
#4161 = FACE_BOUND('',#4162,.F.);
#4162 = EDGE_LOOP('',(#4163,#4164,#4172,#4180));
#4163 = ORIENTED_EDGE('',*,*,#4102,.F.);
#4164 = ORIENTED_EDGE('',*,*,#4165,.T.);
#4165 = EDGE_CURVE('',#4103,#4166,#4168,.T.);
#4166 = VERTEX_POINT('',#4167);
#4167 = CARTESIAN_POINT('',(-570.,-170.,700.));
#4168 = LINE('',#4169,#4170);
#4169 = CARTESIAN_POINT('',(-570.,170.,700.));
#4170 = VECTOR('',#4171,1.);
#4171 = DIRECTION('',(0.,-1.,0.));
#4172 = ORIENTED_EDGE('',*,*,#4173,.T.);
#4173 = EDGE_CURVE('',#4166,#4174,#4176,.T.);
#4174 = VERTEX_POINT('',#4175);
#4175 = CARTESIAN_POINT('',(-570.,-170.,740.));
#4176 = LINE('',#4177,#4178);
#4177 = CARTESIAN_POINT('',(-570.,-170.,700.));
#4178 = VECTOR('',#4179,1.);
#4179 = DIRECTION('',(0.,0.,1.));
#4180 = ORIENTED_EDGE('',*,*,#4181,.F.);
#4181 = EDGE_CURVE('',#4092,#4174,#4182,.T.);
#4182 = LINE('',#4183,#4184);
#4183 = CARTESIAN_POINT('',(-570.,170.,740.));
#4184 = VECTOR('',#4185,1.);
#4185 = DIRECTION('',(0.,-1.,0.));
#4186 = PLANE('',#4187);
#4187 = AXIS2_PLACEMENT_3D('',#4188,#4189,#4190);
#4188 = CARTESIAN_POINT('',(-570.,170.,700.));
#4189 = DIRECTION('',(-1.,0.,0.));
#4190 = DIRECTION('',(0.,0.,1.));
#4191 = ADVANCED_FACE('',(#4192),#4219,.T.);
#4192 = FACE_BOUND('',#4193,.T.);
#4193 = EDGE_LOOP('',(#4194,#4203,#4204,#4213));
#4194 = ORIENTED_EDGE('',*,*,#4195,.F.);
#4195 = EDGE_CURVE('',#4143,#4196,#4198,.T.);
#4196 = VERTEX_POINT('',#4197);
#4197 = CARTESIAN_POINT('',(-1.79E+03,170.,740.));
#4198 = CIRCLE('',#4199,70.);
#4199 = AXIS2_PLACEMENT_3D('',#4200,#4201,#4202);
#4200 = CARTESIAN_POINT('',(-1.72E+03,170.,740.));
#4201 = DIRECTION('',(0.,0.,1.));
#4202 = DIRECTION('',(-1.,0.,0.));
#4203 = ORIENTED_EDGE('',*,*,#4150,.F.);
#4204 = ORIENTED_EDGE('',*,*,#4205,.T.);
#4205 = EDGE_CURVE('',#4134,#4206,#4208,.T.);
#4206 = VERTEX_POINT('',#4207);
#4207 = CARTESIAN_POINT('',(-1.79E+03,170.,700.));
#4208 = CIRCLE('',#4209,70.);
#4209 = AXIS2_PLACEMENT_3D('',#4210,#4211,#4212);
#4210 = CARTESIAN_POINT('',(-1.72E+03,170.,700.));
#4211 = DIRECTION('',(0.,0.,1.));
#4212 = DIRECTION('',(-1.,0.,0.));
#4213 = ORIENTED_EDGE('',*,*,#4214,.T.);
#4214 = EDGE_CURVE('',#4206,#4196,#4215,.T.);
#4215 = LINE('',#4216,#4217);
#4216 = CARTESIAN_POINT('',(-1.79E+03,170.,700.));
#4217 = VECTOR('',#4218,1.);
#4218 = DIRECTION('',(0.,0.,1.));
#4219 = CYLINDRICAL_SURFACE('',#4220,70.);
#4220 = AXIS2_PLACEMENT_3D('',#4221,#4222,#4223);
#4221 = CARTESIAN_POINT('',(-1.72E+03,170.,700.));
#4222 = DIRECTION('',(0.,0.,1.));
#4223 = DIRECTION('',(-1.,0.,0.));
#4224 = ADVANCED_FACE('',(#4225),#4252,.T.);
#4225 = FACE_BOUND('',#4226,.T.);
#4226 = EDGE_LOOP('',(#4227,#4236,#4244,#4251));
#4227 = ORIENTED_EDGE('',*,*,#4228,.F.);
#4228 = EDGE_CURVE('',#4229,#4174,#4231,.T.);
#4229 = VERTEX_POINT('',#4230);
#4230 = CARTESIAN_POINT('',(-640.,-240.,740.));
#4231 = CIRCLE('',#4232,70.);
#4232 = AXIS2_PLACEMENT_3D('',#4233,#4234,#4235);
#4233 = CARTESIAN_POINT('',(-640.,-170.,740.));
#4234 = DIRECTION('',(0.,0.,1.));
#4235 = DIRECTION('',(-1.,0.,0.));
#4236 = ORIENTED_EDGE('',*,*,#4237,.F.);
#4237 = EDGE_CURVE('',#4238,#4229,#4240,.T.);
#4238 = VERTEX_POINT('',#4239);
#4239 = CARTESIAN_POINT('',(-640.,-240.,700.));
#4240 = LINE('',#4241,#4242);
#4241 = CARTESIAN_POINT('',(-640.,-240.,700.));
#4242 = VECTOR('',#4243,1.);
#4243 = DIRECTION('',(0.,0.,1.));
#4244 = ORIENTED_EDGE('',*,*,#4245,.T.);
#4245 = EDGE_CURVE('',#4238,#4166,#4246,.T.);
#4246 = CIRCLE('',#4247,70.);
#4247 = AXIS2_PLACEMENT_3D('',#4248,#4249,#4250);
#4248 = CARTESIAN_POINT('',(-640.,-170.,700.));
#4249 = DIRECTION('',(0.,0.,1.));
#4250 = DIRECTION('',(-1.,0.,0.));
#4251 = ORIENTED_EDGE('',*,*,#4173,.T.);
#4252 = CYLINDRICAL_SURFACE('',#4253,70.);
#4253 = AXIS2_PLACEMENT_3D('',#4254,#4255,#4256);
#4254 = CARTESIAN_POINT('',(-640.,-170.,700.));
#4255 = DIRECTION('',(0.,0.,1.));
#4256 = DIRECTION('',(-1.,0.,0.));
#4257 = ADVANCED_FACE('',(#4258),#4283,.T.);
#4258 = FACE_BOUND('',#4259,.T.);
#4259 = EDGE_LOOP('',(#4260,#4268,#4269,#4277));
#4260 = ORIENTED_EDGE('',*,*,#4261,.F.);
#4261 = EDGE_CURVE('',#4238,#4262,#4264,.T.);
#4262 = VERTEX_POINT('',#4263);
#4263 = CARTESIAN_POINT('',(-1.72E+03,-240.,700.));
#4264 = LINE('',#4265,#4266);
#4265 = CARTESIAN_POINT('',(-640.,-240.,700.));
#4266 = VECTOR('',#4267,1.);
#4267 = DIRECTION('',(-1.,0.,0.));
#4268 = ORIENTED_EDGE('',*,*,#4237,.T.);
#4269 = ORIENTED_EDGE('',*,*,#4270,.T.);
#4270 = EDGE_CURVE('',#4229,#4271,#4273,.T.);
#4271 = VERTEX_POINT('',#4272);
#4272 = CARTESIAN_POINT('',(-1.72E+03,-240.,740.));
#4273 = LINE('',#4274,#4275);
#4274 = CARTESIAN_POINT('',(-640.,-240.,740.));
#4275 = VECTOR('',#4276,1.);
#4276 = DIRECTION('',(-1.,0.,0.));
#4277 = ORIENTED_EDGE('',*,*,#4278,.F.);
#4278 = EDGE_CURVE('',#4262,#4271,#4279,.T.);
#4279 = LINE('',#4280,#4281);
#4280 = CARTESIAN_POINT('',(-1.72E+03,-240.,700.));
#4281 = VECTOR('',#4282,1.);
#4282 = DIRECTION('',(0.,0.,1.));
#4283 = PLANE('',#4284);
#4284 = AXIS2_PLACEMENT_3D('',#4285,#4286,#4287);
#4285 = CARTESIAN_POINT('',(-640.,-240.,700.));
#4286 = DIRECTION('',(0.,-1.,0.));
#4287 = DIRECTION('',(0.,0.,1.));
#4288 = ADVANCED_FACE('',(#4289),#4314,.T.);
#4289 = FACE_BOUND('',#4290,.T.);
#4290 = EDGE_LOOP('',(#4291,#4292,#4300,#4308));
#4291 = ORIENTED_EDGE('',*,*,#4214,.F.);
#4292 = ORIENTED_EDGE('',*,*,#4293,.T.);
#4293 = EDGE_CURVE('',#4206,#4294,#4296,.T.);
#4294 = VERTEX_POINT('',#4295);
#4295 = CARTESIAN_POINT('',(-1.79E+03,-170.,700.));
#4296 = LINE('',#4297,#4298);
#4297 = CARTESIAN_POINT('',(-1.79E+03,170.,700.));
#4298 = VECTOR('',#4299,1.);
#4299 = DIRECTION('',(0.,-1.,0.));
#4300 = ORIENTED_EDGE('',*,*,#4301,.T.);
#4301 = EDGE_CURVE('',#4294,#4302,#4304,.T.);
#4302 = VERTEX_POINT('',#4303);
#4303 = CARTESIAN_POINT('',(-1.79E+03,-170.,740.));
#4304 = LINE('',#4305,#4306);
#4305 = CARTESIAN_POINT('',(-1.79E+03,-170.,700.));
#4306 = VECTOR('',#4307,1.);
#4307 = DIRECTION('',(0.,0.,1.));
#4308 = ORIENTED_EDGE('',*,*,#4309,.F.);
#4309 = EDGE_CURVE('',#4196,#4302,#4310,.T.);
#4310 = LINE('',#4311,#4312);
#4311 = CARTESIAN_POINT('',(-1.79E+03,170.,740.));
#4312 = VECTOR('',#4313,1.);
#4313 = DIRECTION('',(0.,-1.,0.));
#4314 = PLANE('',#4315);
#4315 = AXIS2_PLACEMENT_3D('',#4316,#4317,#4318);
#4316 = CARTESIAN_POINT('',(-1.79E+03,170.,700.));
#4317 = DIRECTION('',(-1.,0.,0.));
#4318 = DIRECTION('',(0.,0.,1.));
#4319 = ADVANCED_FACE('',(#4320),#4338,.T.);
#4320 = FACE_BOUND('',#4321,.T.);
#4321 = EDGE_LOOP('',(#4322,#4329,#4330,#4337));
#4322 = ORIENTED_EDGE('',*,*,#4323,.F.);
#4323 = EDGE_CURVE('',#4302,#4271,#4324,.T.);
#4324 = CIRCLE('',#4325,70.);
#4325 = AXIS2_PLACEMENT_3D('',#4326,#4327,#4328);
#4326 = CARTESIAN_POINT('',(-1.72E+03,-170.,740.));
#4327 = DIRECTION('',(0.,0.,1.));
#4328 = DIRECTION('',(-1.,0.,0.));
#4329 = ORIENTED_EDGE('',*,*,#4301,.F.);
#4330 = ORIENTED_EDGE('',*,*,#4331,.T.);
#4331 = EDGE_CURVE('',#4294,#4262,#4332,.T.);
#4332 = CIRCLE('',#4333,70.);
#4333 = AXIS2_PLACEMENT_3D('',#4334,#4335,#4336);
#4334 = CARTESIAN_POINT('',(-1.72E+03,-170.,700.));
#4335 = DIRECTION('',(0.,0.,1.));
#4336 = DIRECTION('',(-1.,0.,0.));
#4337 = ORIENTED_EDGE('',*,*,#4278,.T.);
#4338 = CYLINDRICAL_SURFACE('',#4339,70.);
#4339 = AXIS2_PLACEMENT_3D('',#4340,#4341,#4342);
#4340 = CARTESIAN_POINT('',(-1.72E+03,-170.,700.));
#4341 = DIRECTION('',(0.,0.,1.));
#4342 = DIRECTION('',(-1.,0.,0.));
#4343 = ADVANCED_FACE('',(#4344),#4354,.T.);
#4344 = FACE_BOUND('',#4345,.T.);
#4345 = EDGE_LOOP('',(#4346,#4347,#4348,#4349,#4350,#4351,#4352,#4353));
#4346 = ORIENTED_EDGE('',*,*,#4091,.T.);
#4347 = ORIENTED_EDGE('',*,*,#4142,.T.);
#4348 = ORIENTED_EDGE('',*,*,#4195,.T.);
#4349 = ORIENTED_EDGE('',*,*,#4309,.T.);
#4350 = ORIENTED_EDGE('',*,*,#4323,.T.);
#4351 = ORIENTED_EDGE('',*,*,#4270,.F.);
#4352 = ORIENTED_EDGE('',*,*,#4228,.T.);
#4353 = ORIENTED_EDGE('',*,*,#4181,.F.);
#4354 = PLANE('',#4355);
#4355 = AXIS2_PLACEMENT_3D('',#4356,#4357,#4358);
#4356 = CARTESIAN_POINT('',(-1.18E+03,-3.332686915956E-15,740.));
#4357 = DIRECTION('',(0.,0.,1.));
#4358 = DIRECTION('',(-1.,0.,0.));
#4359 = ADVANCED_FACE('',(#4360),#4370,.T.);
#4360 = FACE_BOUND('',#4361,.T.);
#4361 = EDGE_LOOP('',(#4362,#4363,#4364,#4365,#4366,#4367,#4368,#4369));
#4362 = ORIENTED_EDGE('',*,*,#4110,.F.);
#4363 = ORIENTED_EDGE('',*,*,#4165,.T.);
#4364 = ORIENTED_EDGE('',*,*,#4245,.F.);
#4365 = ORIENTED_EDGE('',*,*,#4261,.T.);
#4366 = ORIENTED_EDGE('',*,*,#4331,.F.);
#4367 = ORIENTED_EDGE('',*,*,#4293,.F.);
#4368 = ORIENTED_EDGE('',*,*,#4205,.F.);
#4369 = ORIENTED_EDGE('',*,*,#4133,.F.);
#4370 = PLANE('',#4371);
#4371 = AXIS2_PLACEMENT_3D('',#4372,#4373,#4374);
#4372 = CARTESIAN_POINT('',(-1.18E+03,8.887165109217E-15,700.));
#4373 = DIRECTION('',(0.,0.,-1.));
#4374 = DIRECTION('',(1.,0.,0.));
#4375 = MANIFOLD_SOLID_BREP('',#4376);
#4376 = CLOSED_SHELL('',(#4377,#4419,#4450,#4481,#4514,#4547,#4578,#4609
    ,#4633,#4649));
#4377 = ADVANCED_FACE('',(#4378),#4414,.T.);
#4378 = FACE_BOUND('',#4379,.T.);
#4379 = EDGE_LOOP('',(#4380,#4391,#4399,#4408));
#4380 = ORIENTED_EDGE('',*,*,#4381,.F.);
#4381 = EDGE_CURVE('',#4382,#4384,#4386,.T.);
#4382 = VERTEX_POINT('',#4383);
#4383 = CARTESIAN_POINT('',(137.77568135664,-578.6344801571,740.));
#4384 = VERTEX_POINT('',#4385);
#4385 = CARTESIAN_POINT('',(112.15390309173,-674.256258422,740.));
#4386 = CIRCLE('',#4387,70.);
#4387 = AXIS2_PLACEMENT_3D('',#4388,#4389,#4390);
#4388 = CARTESIAN_POINT('',(172.77568135664,-639.256258422,740.));
#4389 = DIRECTION('',(-0.,0.,1.));
#4390 = DIRECTION('',(0.5,-0.866025403784,0.));
#4391 = ORIENTED_EDGE('',*,*,#4392,.F.);
#4392 = EDGE_CURVE('',#4393,#4382,#4395,.T.);
#4393 = VERTEX_POINT('',#4394);
#4394 = CARTESIAN_POINT('',(137.77568135664,-578.6344801571,700.));
#4395 = LINE('',#4396,#4397);
#4396 = CARTESIAN_POINT('',(137.77568135664,-578.6344801571,700.));
#4397 = VECTOR('',#4398,1.);
#4398 = DIRECTION('',(0.,0.,1.));
#4399 = ORIENTED_EDGE('',*,*,#4400,.T.);
#4400 = EDGE_CURVE('',#4393,#4401,#4403,.T.);
#4401 = VERTEX_POINT('',#4402);
#4402 = CARTESIAN_POINT('',(112.15390309173,-674.256258422,700.));
#4403 = CIRCLE('',#4404,70.);
#4404 = AXIS2_PLACEMENT_3D('',#4405,#4406,#4407);
#4405 = CARTESIAN_POINT('',(172.77568135664,-639.256258422,700.));
#4406 = DIRECTION('',(-0.,0.,1.));
#4407 = DIRECTION('',(0.5,-0.866025403784,0.));
#4408 = ORIENTED_EDGE('',*,*,#4409,.T.);
#4409 = EDGE_CURVE('',#4401,#4384,#4410,.T.);
#4410 = LINE('',#4411,#4412);
#4411 = CARTESIAN_POINT('',(112.15390309173,-674.256258422,700.));
#4412 = VECTOR('',#4413,1.);
#4413 = DIRECTION('',(0.,0.,1.));
#4414 = CYLINDRICAL_SURFACE('',#4415,70.);
#4415 = AXIS2_PLACEMENT_3D('',#4416,#4417,#4418);
#4416 = CARTESIAN_POINT('',(172.77568135664,-639.256258422,700.));
#4417 = DIRECTION('',(0.,0.,1.));
#4418 = DIRECTION('',(0.5,-0.866025403784,0.));
#4419 = ADVANCED_FACE('',(#4420),#4445,.F.);
#4420 = FACE_BOUND('',#4421,.F.);
#4421 = EDGE_LOOP('',(#4422,#4430,#4431,#4439));
#4422 = ORIENTED_EDGE('',*,*,#4423,.F.);
#4423 = EDGE_CURVE('',#4401,#4424,#4426,.T.);
#4424 = VERTEX_POINT('',#4425);
#4425 = CARTESIAN_POINT('',(652.15390309173,-1.609563694509E+03,700.));
#4426 = LINE('',#4427,#4428);
#4427 = CARTESIAN_POINT('',(112.15390309173,-674.256258422,700.));
#4428 = VECTOR('',#4429,1.);
#4429 = DIRECTION('',(0.5,-0.866025403784,0.));
#4430 = ORIENTED_EDGE('',*,*,#4409,.T.);
#4431 = ORIENTED_EDGE('',*,*,#4432,.T.);
#4432 = EDGE_CURVE('',#4384,#4433,#4435,.T.);
#4433 = VERTEX_POINT('',#4434);
#4434 = CARTESIAN_POINT('',(652.15390309173,-1.609563694509E+03,740.));
#4435 = LINE('',#4436,#4437);
#4436 = CARTESIAN_POINT('',(112.15390309173,-674.256258422,740.));
#4437 = VECTOR('',#4438,1.);
#4438 = DIRECTION('',(0.5,-0.866025403784,0.));
#4439 = ORIENTED_EDGE('',*,*,#4440,.F.);
#4440 = EDGE_CURVE('',#4424,#4433,#4441,.T.);
#4441 = LINE('',#4442,#4443);
#4442 = CARTESIAN_POINT('',(652.15390309173,-1.609563694509E+03,700.));
#4443 = VECTOR('',#4444,1.);
#4444 = DIRECTION('',(0.,0.,1.));
#4445 = PLANE('',#4446);
#4446 = AXIS2_PLACEMENT_3D('',#4447,#4448,#4449);
#4447 = CARTESIAN_POINT('',(112.15390309173,-674.256258422,700.));
#4448 = DIRECTION('',(0.866025403784,0.5,0.));
#4449 = DIRECTION('',(0.,0.,1.));
#4450 = ADVANCED_FACE('',(#4451),#4476,.F.);
#4451 = FACE_BOUND('',#4452,.F.);
#4452 = EDGE_LOOP('',(#4453,#4454,#4462,#4470));
#4453 = ORIENTED_EDGE('',*,*,#4392,.F.);
#4454 = ORIENTED_EDGE('',*,*,#4455,.T.);
#4455 = EDGE_CURVE('',#4393,#4456,#4458,.T.);
#4456 = VERTEX_POINT('',#4457);
#4457 = CARTESIAN_POINT('',(432.22431864335,-408.6344801571,700.));
#4458 = LINE('',#4459,#4460);
#4459 = CARTESIAN_POINT('',(137.77568135664,-578.6344801571,700.));
#4460 = VECTOR('',#4461,1.);
#4461 = DIRECTION('',(0.866025403784,0.5,0.));
#4462 = ORIENTED_EDGE('',*,*,#4463,.T.);
#4463 = EDGE_CURVE('',#4456,#4464,#4466,.T.);
#4464 = VERTEX_POINT('',#4465);
#4465 = CARTESIAN_POINT('',(432.22431864335,-408.6344801571,740.));
#4466 = LINE('',#4467,#4468);
#4467 = CARTESIAN_POINT('',(432.22431864335,-408.6344801571,700.));
#4468 = VECTOR('',#4469,1.);
#4469 = DIRECTION('',(0.,0.,1.));
#4470 = ORIENTED_EDGE('',*,*,#4471,.F.);
#4471 = EDGE_CURVE('',#4382,#4464,#4472,.T.);
#4472 = LINE('',#4473,#4474);
#4473 = CARTESIAN_POINT('',(137.77568135664,-578.6344801571,740.));
#4474 = VECTOR('',#4475,1.);
#4475 = DIRECTION('',(0.866025403784,0.5,0.));
#4476 = PLANE('',#4477);
#4477 = AXIS2_PLACEMENT_3D('',#4478,#4479,#4480);
#4478 = CARTESIAN_POINT('',(137.77568135664,-578.6344801571,700.));
#4479 = DIRECTION('',(0.5,-0.866025403784,0.));
#4480 = DIRECTION('',(0.,0.,1.));
#4481 = ADVANCED_FACE('',(#4482),#4509,.T.);
#4482 = FACE_BOUND('',#4483,.T.);
#4483 = EDGE_LOOP('',(#4484,#4493,#4494,#4503));
#4484 = ORIENTED_EDGE('',*,*,#4485,.F.);
#4485 = EDGE_CURVE('',#4433,#4486,#4488,.T.);
#4486 = VERTEX_POINT('',#4487);
#4487 = CARTESIAN_POINT('',(747.77568135664,-1.635185472774E+03,740.));
#4488 = CIRCLE('',#4489,70.);
#4489 = AXIS2_PLACEMENT_3D('',#4490,#4491,#4492);
#4490 = CARTESIAN_POINT('',(712.77568135664,-1.574563694509E+03,740.));
#4491 = DIRECTION('',(-0.,0.,1.));
#4492 = DIRECTION('',(0.5,-0.866025403784,0.));
#4493 = ORIENTED_EDGE('',*,*,#4440,.F.);
#4494 = ORIENTED_EDGE('',*,*,#4495,.T.);
#4495 = EDGE_CURVE('',#4424,#4496,#4498,.T.);
#4496 = VERTEX_POINT('',#4497);
#4497 = CARTESIAN_POINT('',(747.77568135664,-1.635185472774E+03,700.));
#4498 = CIRCLE('',#4499,70.);
#4499 = AXIS2_PLACEMENT_3D('',#4500,#4501,#4502);
#4500 = CARTESIAN_POINT('',(712.77568135664,-1.574563694509E+03,700.));
#4501 = DIRECTION('',(-0.,0.,1.));
#4502 = DIRECTION('',(0.5,-0.866025403784,0.));
#4503 = ORIENTED_EDGE('',*,*,#4504,.T.);
#4504 = EDGE_CURVE('',#4496,#4486,#4505,.T.);
#4505 = LINE('',#4506,#4507);
#4506 = CARTESIAN_POINT('',(747.77568135664,-1.635185472774E+03,700.));
#4507 = VECTOR('',#4508,1.);
#4508 = DIRECTION('',(0.,0.,1.));
#4509 = CYLINDRICAL_SURFACE('',#4510,70.);
#4510 = AXIS2_PLACEMENT_3D('',#4511,#4512,#4513);
#4511 = CARTESIAN_POINT('',(712.77568135664,-1.574563694509E+03,700.));
#4512 = DIRECTION('',(0.,0.,1.));
#4513 = DIRECTION('',(0.5,-0.866025403784,0.));
#4514 = ADVANCED_FACE('',(#4515),#4542,.T.);
#4515 = FACE_BOUND('',#4516,.T.);
#4516 = EDGE_LOOP('',(#4517,#4526,#4534,#4541));
#4517 = ORIENTED_EDGE('',*,*,#4518,.F.);
#4518 = EDGE_CURVE('',#4519,#4464,#4521,.T.);
#4519 = VERTEX_POINT('',#4520);
#4520 = CARTESIAN_POINT('',(527.84609690826,-434.256258422,740.));
#4521 = CIRCLE('',#4522,70.);
#4522 = AXIS2_PLACEMENT_3D('',#4523,#4524,#4525);
#4523 = CARTESIAN_POINT('',(467.22431864335,-469.256258422,740.));
#4524 = DIRECTION('',(-0.,0.,1.));
#4525 = DIRECTION('',(0.5,-0.866025403784,0.));
#4526 = ORIENTED_EDGE('',*,*,#4527,.F.);
#4527 = EDGE_CURVE('',#4528,#4519,#4530,.T.);
#4528 = VERTEX_POINT('',#4529);
#4529 = CARTESIAN_POINT('',(527.84609690826,-434.256258422,700.));
#4530 = LINE('',#4531,#4532);
#4531 = CARTESIAN_POINT('',(527.84609690826,-434.256258422,700.));
#4532 = VECTOR('',#4533,1.);
#4533 = DIRECTION('',(0.,0.,1.));
#4534 = ORIENTED_EDGE('',*,*,#4535,.T.);
#4535 = EDGE_CURVE('',#4528,#4456,#4536,.T.);
#4536 = CIRCLE('',#4537,70.);
#4537 = AXIS2_PLACEMENT_3D('',#4538,#4539,#4540);
#4538 = CARTESIAN_POINT('',(467.22431864335,-469.256258422,700.));
#4539 = DIRECTION('',(-0.,0.,1.));
#4540 = DIRECTION('',(0.5,-0.866025403784,0.));
#4541 = ORIENTED_EDGE('',*,*,#4463,.T.);
#4542 = CYLINDRICAL_SURFACE('',#4543,70.);
#4543 = AXIS2_PLACEMENT_3D('',#4544,#4545,#4546);
#4544 = CARTESIAN_POINT('',(467.22431864335,-469.256258422,700.));
#4545 = DIRECTION('',(0.,0.,1.));
#4546 = DIRECTION('',(0.5,-0.866025403784,0.));
#4547 = ADVANCED_FACE('',(#4548),#4573,.T.);
#4548 = FACE_BOUND('',#4549,.T.);
#4549 = EDGE_LOOP('',(#4550,#4558,#4559,#4567));
#4550 = ORIENTED_EDGE('',*,*,#4551,.F.);
#4551 = EDGE_CURVE('',#4528,#4552,#4554,.T.);
#4552 = VERTEX_POINT('',#4553);
#4553 = CARTESIAN_POINT('',(1.067846096908E+03,-1.369563694509E+03,700.)
  );
#4554 = LINE('',#4555,#4556);
#4555 = CARTESIAN_POINT('',(527.84609690826,-434.256258422,700.));
#4556 = VECTOR('',#4557,1.);
#4557 = DIRECTION('',(0.5,-0.866025403784,0.));
#4558 = ORIENTED_EDGE('',*,*,#4527,.T.);
#4559 = ORIENTED_EDGE('',*,*,#4560,.T.);
#4560 = EDGE_CURVE('',#4519,#4561,#4563,.T.);
#4561 = VERTEX_POINT('',#4562);
#4562 = CARTESIAN_POINT('',(1.067846096908E+03,-1.369563694509E+03,740.)
  );
#4563 = LINE('',#4564,#4565);
#4564 = CARTESIAN_POINT('',(527.84609690826,-434.256258422,740.));
#4565 = VECTOR('',#4566,1.);
#4566 = DIRECTION('',(0.5,-0.866025403784,0.));
#4567 = ORIENTED_EDGE('',*,*,#4568,.F.);
#4568 = EDGE_CURVE('',#4552,#4561,#4569,.T.);
#4569 = LINE('',#4570,#4571);
#4570 = CARTESIAN_POINT('',(1.067846096908E+03,-1.369563694509E+03,700.)
  );
#4571 = VECTOR('',#4572,1.);
#4572 = DIRECTION('',(0.,0.,1.));
#4573 = PLANE('',#4574);
#4574 = AXIS2_PLACEMENT_3D('',#4575,#4576,#4577);
#4575 = CARTESIAN_POINT('',(527.84609690826,-434.256258422,700.));
#4576 = DIRECTION('',(0.866025403784,0.5,0.));
#4577 = DIRECTION('',(0.,0.,1.));
#4578 = ADVANCED_FACE('',(#4579),#4604,.T.);
#4579 = FACE_BOUND('',#4580,.T.);
#4580 = EDGE_LOOP('',(#4581,#4582,#4590,#4598));
#4581 = ORIENTED_EDGE('',*,*,#4504,.F.);
#4582 = ORIENTED_EDGE('',*,*,#4583,.T.);
#4583 = EDGE_CURVE('',#4496,#4584,#4586,.T.);
#4584 = VERTEX_POINT('',#4585);
#4585 = CARTESIAN_POINT('',(1.042224318643E+03,-1.465185472774E+03,700.)
  );
#4586 = LINE('',#4587,#4588);
#4587 = CARTESIAN_POINT('',(747.77568135664,-1.635185472774E+03,700.));
#4588 = VECTOR('',#4589,1.);
#4589 = DIRECTION('',(0.866025403784,0.5,0.));
#4590 = ORIENTED_EDGE('',*,*,#4591,.T.);
#4591 = EDGE_CURVE('',#4584,#4592,#4594,.T.);
#4592 = VERTEX_POINT('',#4593);
#4593 = CARTESIAN_POINT('',(1.042224318643E+03,-1.465185472774E+03,740.)
  );
#4594 = LINE('',#4595,#4596);
#4595 = CARTESIAN_POINT('',(1.042224318643E+03,-1.465185472774E+03,700.)
  );
#4596 = VECTOR('',#4597,1.);
#4597 = DIRECTION('',(0.,0.,1.));
#4598 = ORIENTED_EDGE('',*,*,#4599,.F.);
#4599 = EDGE_CURVE('',#4486,#4592,#4600,.T.);
#4600 = LINE('',#4601,#4602);
#4601 = CARTESIAN_POINT('',(747.77568135664,-1.635185472774E+03,740.));
#4602 = VECTOR('',#4603,1.);
#4603 = DIRECTION('',(0.866025403784,0.5,0.));
#4604 = PLANE('',#4605);
#4605 = AXIS2_PLACEMENT_3D('',#4606,#4607,#4608);
#4606 = CARTESIAN_POINT('',(747.77568135664,-1.635185472774E+03,700.));
#4607 = DIRECTION('',(0.5,-0.866025403784,0.));
#4608 = DIRECTION('',(0.,0.,1.));
#4609 = ADVANCED_FACE('',(#4610),#4628,.T.);
#4610 = FACE_BOUND('',#4611,.T.);
#4611 = EDGE_LOOP('',(#4612,#4619,#4620,#4627));
#4612 = ORIENTED_EDGE('',*,*,#4613,.F.);
#4613 = EDGE_CURVE('',#4592,#4561,#4614,.T.);
#4614 = CIRCLE('',#4615,70.);
#4615 = AXIS2_PLACEMENT_3D('',#4616,#4617,#4618);
#4616 = CARTESIAN_POINT('',(1.007224318643E+03,-1.404563694509E+03,740.)
  );
#4617 = DIRECTION('',(-0.,0.,1.));
#4618 = DIRECTION('',(0.5,-0.866025403784,0.));
#4619 = ORIENTED_EDGE('',*,*,#4591,.F.);
#4620 = ORIENTED_EDGE('',*,*,#4621,.T.);
#4621 = EDGE_CURVE('',#4584,#4552,#4622,.T.);
#4622 = CIRCLE('',#4623,70.);
#4623 = AXIS2_PLACEMENT_3D('',#4624,#4625,#4626);
#4624 = CARTESIAN_POINT('',(1.007224318643E+03,-1.404563694509E+03,700.)
  );
#4625 = DIRECTION('',(-0.,0.,1.));
#4626 = DIRECTION('',(0.5,-0.866025403784,0.));
#4627 = ORIENTED_EDGE('',*,*,#4568,.T.);
#4628 = CYLINDRICAL_SURFACE('',#4629,70.);
#4629 = AXIS2_PLACEMENT_3D('',#4630,#4631,#4632);
#4630 = CARTESIAN_POINT('',(1.007224318643E+03,-1.404563694509E+03,700.)
  );
#4631 = DIRECTION('',(0.,0.,1.));
#4632 = DIRECTION('',(0.5,-0.866025403784,0.));
#4633 = ADVANCED_FACE('',(#4634),#4644,.T.);
#4634 = FACE_BOUND('',#4635,.T.);
#4635 = EDGE_LOOP('',(#4636,#4637,#4638,#4639,#4640,#4641,#4642,#4643));
#4636 = ORIENTED_EDGE('',*,*,#4381,.T.);
#4637 = ORIENTED_EDGE('',*,*,#4432,.T.);
#4638 = ORIENTED_EDGE('',*,*,#4485,.T.);
#4639 = ORIENTED_EDGE('',*,*,#4599,.T.);
#4640 = ORIENTED_EDGE('',*,*,#4613,.T.);
#4641 = ORIENTED_EDGE('',*,*,#4560,.F.);
#4642 = ORIENTED_EDGE('',*,*,#4518,.T.);
#4643 = ORIENTED_EDGE('',*,*,#4471,.F.);
#4644 = PLANE('',#4645);
#4645 = AXIS2_PLACEMENT_3D('',#4646,#4647,#4648);
#4646 = CARTESIAN_POINT('',(590.,-1.021909976466E+03,740.));
#4647 = DIRECTION('',(0.,0.,1.));
#4648 = DIRECTION('',(0.5,-0.866025403784,0.));
#4649 = ADVANCED_FACE('',(#4650),#4660,.T.);
#4650 = FACE_BOUND('',#4651,.T.);
#4651 = EDGE_LOOP('',(#4652,#4653,#4654,#4655,#4656,#4657,#4658,#4659));
#4652 = ORIENTED_EDGE('',*,*,#4400,.F.);
#4653 = ORIENTED_EDGE('',*,*,#4455,.T.);
#4654 = ORIENTED_EDGE('',*,*,#4535,.F.);
#4655 = ORIENTED_EDGE('',*,*,#4551,.T.);
#4656 = ORIENTED_EDGE('',*,*,#4621,.F.);
#4657 = ORIENTED_EDGE('',*,*,#4583,.F.);
#4658 = ORIENTED_EDGE('',*,*,#4495,.F.);
#4659 = ORIENTED_EDGE('',*,*,#4423,.F.);
#4660 = PLANE('',#4661);
#4661 = AXIS2_PLACEMENT_3D('',#4662,#4663,#4664);
#4662 = CARTESIAN_POINT('',(590.,-1.021909976466E+03,700.));
#4663 = DIRECTION('',(-0.,0.,-1.));
#4664 = DIRECTION('',(-0.5,0.866025403784,0.));
#4665 = ( GEOMETRIC_REPRESENTATION_CONTEXT(3) 
GLOBAL_UNCERTAINTY_ASSIGNED_CONTEXT((#4669)) 
GLOBAL_UNIT_ASSIGNED_CONTEXT((#4666,#4667,#4668)) REPRESENTATION_CONTEXT
('Context #1','3D Context with UNIT and UNCERTAINTY') );
#4666 = ( LENGTH_UNIT() NAMED_UNIT(*) SI_UNIT(.MILLI.,.METRE.) );
#4667 = ( NAMED_UNIT(*) PLANE_ANGLE_UNIT() SI_UNIT($,.RADIAN.) );
#4668 = ( NAMED_UNIT(*) SI_UNIT($,.STERADIAN.) SOLID_ANGLE_UNIT() );
#4669 = UNCERTAINTY_MEASURE_WITH_UNIT(LENGTH_MEASURE(1.E-07),#4666,
  'distance_accuracy_value','confusion accuracy');
#4670 = PRODUCT_RELATED_PRODUCT_CATEGORY('part',$,(#7));
ENDSEC;
END-ISO-10303-21;
