ISO-10303-21;
HEADER;
FILE_DESCRIPTION(('FreeCAD Model'),'2;1');
FILE_NAME('Open CASCADE Shape Model','2026-09-16T22:00:49',('FreeCAD'),(
    'FreeCAD'),'Open CASCADE STEP processor 7.8','FreeCAD','Unknown');
FILE_SCHEMA(('AUTOMOTIVE_DESIGN { 1 0 10303 214 1 1 1 1 }'));
ENDSEC;
DATA;
#1 = APPLICATION_PROTOCOL_DEFINITION('international standard',
  'automotive_design',2000,#2);
#2 = APPLICATION_CONTEXT(
  'core data for automotive mechanical design processes');
#3 = SHAPE_DEFINITION_REPRESENTATION(#4,#10);
#4 = PRODUCT_DEFINITION_SHAPE('','',#5);
#5 = PRODUCT_DEFINITION('design','',#6,#9);
#6 = PRODUCT_DEFINITION_FORMATION('','',#7);
#7 = PRODUCT('Open CASCADE STEP translator 7.8 1',
  'Open CASCADE STEP translator 7.8 1','',(#8));
#8 = PRODUCT_CONTEXT('',#2,'mechanical');
#9 = PRODUCT_DEFINITION_CONTEXT('part definition',#2,'design');
#10 = SHAPE_REPRESENTATION('',(#11,#15,#231,#348,#498,#648,#798,#851,
    #904,#957,#1010,#1063,#1116,#1169,#1222,#1275,#1328,#1381,#1434,
    #1487,#1540,#1593,#1646,#1699,#1752,#1902,#1955,#2105,#2158,#2308,
    #2361,#2511,#2564,#2714,#2767,#2917,#2970,#3120,#3173,#3323,#3376,
    #3526,#3579,#3864,#4014,#4249,#4399,#4634,#4784,#5069,#5219,#5454,
    #5604,#5839,#5989,#6274,#6424,#6659,#6809,#7044,#7194,#7410,#7560,
    #7710),#7860);
#11 = AXIS2_PLACEMENT_3D('',#12,#13,#14);
#12 = CARTESIAN_POINT('',(0.,0.,0.));
#13 = DIRECTION('',(0.,0.,1.));
#14 = DIRECTION('',(1.,0.,-0.));
#15 = MANIFOLD_SOLID_BREP('',#16);
#16 = CLOSED_SHELL('',(#17,#57,#88,#119,#150,#181,#203,#217));
#17 = ADVANCED_FACE('',(#18),#52,.F.);
#18 = FACE_BOUND('',#19,.F.);
#19 = EDGE_LOOP('',(#20,#30,#38,#46));
#20 = ORIENTED_EDGE('',*,*,#21,.T.);
#21 = EDGE_CURVE('',#22,#24,#26,.T.);
#22 = VERTEX_POINT('',#23);
#23 = CARTESIAN_POINT('',(372.3909236273,215.,0.));
#24 = VERTEX_POINT('',#25);
#25 = CARTESIAN_POINT('',(372.3909236273,215.,100.));
#26 = LINE('',#27,#28);
#27 = CARTESIAN_POINT('',(372.3909236273,215.,0.));
#28 = VECTOR('',#29,1.);
#29 = DIRECTION('',(0.,0.,1.));
#30 = ORIENTED_EDGE('',*,*,#31,.T.);
#31 = EDGE_CURVE('',#24,#32,#34,.T.);
#32 = VERTEX_POINT('',#33);
#33 = CARTESIAN_POINT('',(2.632990618167E-14,430.,100.));
#34 = LINE('',#35,#36);
#35 = CARTESIAN_POINT('',(372.3909236273,215.,100.));
#36 = VECTOR('',#37,1.);
#37 = DIRECTION('',(-0.866025403784,0.5,0.));
#38 = ORIENTED_EDGE('',*,*,#39,.F.);
#39 = EDGE_CURVE('',#40,#32,#42,.T.);
#40 = VERTEX_POINT('',#41);
#41 = CARTESIAN_POINT('',(2.632990618167E-14,430.,0.));
#42 = LINE('',#43,#44);
#43 = CARTESIAN_POINT('',(2.632990618167E-14,430.,0.));
#44 = VECTOR('',#45,1.);
#45 = DIRECTION('',(0.,0.,1.));
#46 = ORIENTED_EDGE('',*,*,#47,.F.);
#47 = EDGE_CURVE('',#22,#40,#48,.T.);
#48 = LINE('',#49,#50);
#49 = CARTESIAN_POINT('',(372.3909236273,215.,0.));
#50 = VECTOR('',#51,1.);
#51 = DIRECTION('',(-0.866025403784,0.5,0.));
#52 = PLANE('',#53);
#53 = AXIS2_PLACEMENT_3D('',#54,#55,#56);
#54 = CARTESIAN_POINT('',(372.3909236273,215.,0.));
#55 = DIRECTION('',(-0.5,-0.866025403784,0.));
#56 = DIRECTION('',(-0.866025403784,0.5,0.));
#57 = ADVANCED_FACE('',(#58),#83,.F.);
#58 = FACE_BOUND('',#59,.F.);
#59 = EDGE_LOOP('',(#60,#61,#69,#77));
#60 = ORIENTED_EDGE('',*,*,#39,.T.);
#61 = ORIENTED_EDGE('',*,*,#62,.T.);
#62 = EDGE_CURVE('',#32,#63,#65,.T.);
#63 = VERTEX_POINT('',#64);
#64 = CARTESIAN_POINT('',(-372.3909236273,215.,100.));
#65 = LINE('',#66,#67);
#66 = CARTESIAN_POINT('',(2.632990618167E-14,430.,100.));
#67 = VECTOR('',#68,1.);
#68 = DIRECTION('',(-0.866025403784,-0.5,0.));
#69 = ORIENTED_EDGE('',*,*,#70,.F.);
#70 = EDGE_CURVE('',#71,#63,#73,.T.);
#71 = VERTEX_POINT('',#72);
#72 = CARTESIAN_POINT('',(-372.3909236273,215.,0.));
#73 = LINE('',#74,#75);
#74 = CARTESIAN_POINT('',(-372.3909236273,215.,0.));
#75 = VECTOR('',#76,1.);
#76 = DIRECTION('',(0.,0.,1.));
#77 = ORIENTED_EDGE('',*,*,#78,.F.);
#78 = EDGE_CURVE('',#40,#71,#79,.T.);
#79 = LINE('',#80,#81);
#80 = CARTESIAN_POINT('',(2.632990618167E-14,430.,0.));
#81 = VECTOR('',#82,1.);
#82 = DIRECTION('',(-0.866025403784,-0.5,0.));
#83 = PLANE('',#84);
#84 = AXIS2_PLACEMENT_3D('',#85,#86,#87);
#85 = CARTESIAN_POINT('',(2.632990618167E-14,430.,0.));
#86 = DIRECTION('',(0.5,-0.866025403784,0.));
#87 = DIRECTION('',(-0.866025403784,-0.5,0.));
#88 = ADVANCED_FACE('',(#89),#114,.F.);
#89 = FACE_BOUND('',#90,.F.);
#90 = EDGE_LOOP('',(#91,#92,#100,#108));
#91 = ORIENTED_EDGE('',*,*,#70,.T.);
#92 = ORIENTED_EDGE('',*,*,#93,.T.);
#93 = EDGE_CURVE('',#63,#94,#96,.T.);
#94 = VERTEX_POINT('',#95);
#95 = CARTESIAN_POINT('',(-372.3909236273,-215.,100.));
#96 = LINE('',#97,#98);
#97 = CARTESIAN_POINT('',(-372.3909236273,215.,100.));
#98 = VECTOR('',#99,1.);
#99 = DIRECTION('',(1.321939973507E-16,-1.,0.));
#100 = ORIENTED_EDGE('',*,*,#101,.F.);
#101 = EDGE_CURVE('',#102,#94,#104,.T.);
#102 = VERTEX_POINT('',#103);
#103 = CARTESIAN_POINT('',(-372.3909236273,-215.,0.));
#104 = LINE('',#105,#106);
#105 = CARTESIAN_POINT('',(-372.3909236273,-215.,0.));
#106 = VECTOR('',#107,1.);
#107 = DIRECTION('',(0.,0.,1.));
#108 = ORIENTED_EDGE('',*,*,#109,.F.);
#109 = EDGE_CURVE('',#71,#102,#110,.T.);
#110 = LINE('',#111,#112);
#111 = CARTESIAN_POINT('',(-372.3909236273,215.,0.));
#112 = VECTOR('',#113,1.);
#113 = DIRECTION('',(1.321939973507E-16,-1.,0.));
#114 = PLANE('',#115);
#115 = AXIS2_PLACEMENT_3D('',#116,#117,#118);
#116 = CARTESIAN_POINT('',(-372.3909236273,215.,0.));
#117 = DIRECTION('',(1.,1.321939973507E-16,0.));
#118 = DIRECTION('',(1.321939973507E-16,-1.,0.));
#119 = ADVANCED_FACE('',(#120),#145,.F.);
#120 = FACE_BOUND('',#121,.F.);
#121 = EDGE_LOOP('',(#122,#123,#131,#139));
#122 = ORIENTED_EDGE('',*,*,#101,.T.);
#123 = ORIENTED_EDGE('',*,*,#124,.T.);
#124 = EDGE_CURVE('',#94,#125,#127,.T.);
#125 = VERTEX_POINT('',#126);
#126 = CARTESIAN_POINT('',(-7.8989718545E-14,-430.,100.));
#127 = LINE('',#128,#129);
#128 = CARTESIAN_POINT('',(-372.3909236273,-215.,100.));
#129 = VECTOR('',#130,1.);
#130 = DIRECTION('',(0.866025403784,-0.5,0.));
#131 = ORIENTED_EDGE('',*,*,#132,.F.);
#132 = EDGE_CURVE('',#133,#125,#135,.T.);
#133 = VERTEX_POINT('',#134);
#134 = CARTESIAN_POINT('',(-7.8989718545E-14,-430.,0.));
#135 = LINE('',#136,#137);
#136 = CARTESIAN_POINT('',(-7.8989718545E-14,-430.,0.));
#137 = VECTOR('',#138,1.);
#138 = DIRECTION('',(0.,0.,1.));
#139 = ORIENTED_EDGE('',*,*,#140,.F.);
#140 = EDGE_CURVE('',#102,#133,#141,.T.);
#141 = LINE('',#142,#143);
#142 = CARTESIAN_POINT('',(-372.3909236273,-215.,0.));
#143 = VECTOR('',#144,1.);
#144 = DIRECTION('',(0.866025403784,-0.5,0.));
#145 = PLANE('',#146);
#146 = AXIS2_PLACEMENT_3D('',#147,#148,#149);
#147 = CARTESIAN_POINT('',(-372.3909236273,-215.,0.));
#148 = DIRECTION('',(0.5,0.866025403784,0.));
#149 = DIRECTION('',(0.866025403784,-0.5,0.));
#150 = ADVANCED_FACE('',(#151),#176,.F.);
#151 = FACE_BOUND('',#152,.F.);
#152 = EDGE_LOOP('',(#153,#154,#162,#170));
#153 = ORIENTED_EDGE('',*,*,#132,.T.);
#154 = ORIENTED_EDGE('',*,*,#155,.T.);
#155 = EDGE_CURVE('',#125,#156,#158,.T.);
#156 = VERTEX_POINT('',#157);
#157 = CARTESIAN_POINT('',(372.3909236273,-215.,100.));
#158 = LINE('',#159,#160);
#159 = CARTESIAN_POINT('',(-7.8989718545E-14,-430.,100.));
#160 = VECTOR('',#161,1.);
#161 = DIRECTION('',(0.866025403784,0.5,0.));
#162 = ORIENTED_EDGE('',*,*,#163,.F.);
#163 = EDGE_CURVE('',#164,#156,#166,.T.);
#164 = VERTEX_POINT('',#165);
#165 = CARTESIAN_POINT('',(372.3909236273,-215.,0.));
#166 = LINE('',#167,#168);
#167 = CARTESIAN_POINT('',(372.3909236273,-215.,0.));
#168 = VECTOR('',#169,1.);
#169 = DIRECTION('',(0.,0.,1.));
#170 = ORIENTED_EDGE('',*,*,#171,.F.);
#171 = EDGE_CURVE('',#133,#164,#172,.T.);
#172 = LINE('',#173,#174);
#173 = CARTESIAN_POINT('',(-7.8989718545E-14,-430.,0.));
#174 = VECTOR('',#175,1.);
#175 = DIRECTION('',(0.866025403784,0.5,0.));
#176 = PLANE('',#177);
#177 = AXIS2_PLACEMENT_3D('',#178,#179,#180);
#178 = CARTESIAN_POINT('',(-7.8989718545E-14,-430.,0.));
#179 = DIRECTION('',(-0.5,0.866025403784,0.));
#180 = DIRECTION('',(0.866025403784,0.5,0.));
#181 = ADVANCED_FACE('',(#182),#198,.F.);
#182 = FACE_BOUND('',#183,.F.);
#183 = EDGE_LOOP('',(#184,#185,#191,#192));
#184 = ORIENTED_EDGE('',*,*,#163,.T.);
#185 = ORIENTED_EDGE('',*,*,#186,.T.);
#186 = EDGE_CURVE('',#156,#24,#187,.T.);
#187 = LINE('',#188,#189);
#188 = CARTESIAN_POINT('',(372.3909236273,-215.,100.));
#189 = VECTOR('',#190,1.);
#190 = DIRECTION('',(3.965819920521E-16,1.,0.));
#191 = ORIENTED_EDGE('',*,*,#21,.F.);
#192 = ORIENTED_EDGE('',*,*,#193,.F.);
#193 = EDGE_CURVE('',#164,#22,#194,.T.);
#194 = LINE('',#195,#196);
#195 = CARTESIAN_POINT('',(372.3909236273,-215.,0.));
#196 = VECTOR('',#197,1.);
#197 = DIRECTION('',(3.965819920521E-16,1.,0.));
#198 = PLANE('',#199);
#199 = AXIS2_PLACEMENT_3D('',#200,#201,#202);
#200 = CARTESIAN_POINT('',(372.3909236273,-215.,0.));
#201 = DIRECTION('',(-1.,3.965819920521E-16,0.));
#202 = DIRECTION('',(3.965819920521E-16,1.,0.));
#203 = ADVANCED_FACE('',(#204),#212,.F.);
#204 = FACE_BOUND('',#205,.F.);
#205 = EDGE_LOOP('',(#206,#207,#208,#209,#210,#211));
#206 = ORIENTED_EDGE('',*,*,#47,.T.);
#207 = ORIENTED_EDGE('',*,*,#78,.T.);
#208 = ORIENTED_EDGE('',*,*,#109,.T.);
#209 = ORIENTED_EDGE('',*,*,#140,.T.);
#210 = ORIENTED_EDGE('',*,*,#171,.T.);
#211 = ORIENTED_EDGE('',*,*,#193,.T.);
#212 = PLANE('',#213);
#213 = AXIS2_PLACEMENT_3D('',#214,#215,#216);
#214 = CARTESIAN_POINT('',(-2.16228314605E-14,4.736951571734E-15,0.));
#215 = DIRECTION('',(0.,0.,1.));
#216 = DIRECTION('',(1.,0.,0.));
#217 = ADVANCED_FACE('',(#218),#226,.T.);
#218 = FACE_BOUND('',#219,.T.);
#219 = EDGE_LOOP('',(#220,#221,#222,#223,#224,#225));
#220 = ORIENTED_EDGE('',*,*,#31,.T.);
#221 = ORIENTED_EDGE('',*,*,#62,.T.);
#222 = ORIENTED_EDGE('',*,*,#93,.T.);
#223 = ORIENTED_EDGE('',*,*,#124,.T.);
#224 = ORIENTED_EDGE('',*,*,#155,.T.);
#225 = ORIENTED_EDGE('',*,*,#186,.T.);
#226 = PLANE('',#227);
#227 = AXIS2_PLACEMENT_3D('',#228,#229,#230);
#228 = CARTESIAN_POINT('',(-2.16228314605E-14,4.736951571734E-15,100.));
#229 = DIRECTION('',(0.,0.,1.));
#230 = DIRECTION('',(1.,0.,0.));
#231 = MANIFOLD_SOLID_BREP('',#232);
#232 = CLOSED_SHELL('',(#233,#273,#304,#326,#337));
#233 = ADVANCED_FACE('',(#234),#268,.F.);
#234 = FACE_BOUND('',#235,.F.);
#235 = EDGE_LOOP('',(#236,#246,#254,#262));
#236 = ORIENTED_EDGE('',*,*,#237,.T.);
#237 = EDGE_CURVE('',#238,#240,#242,.T.);
#238 = VERTEX_POINT('',#239);
#239 = CARTESIAN_POINT('',(2.020667218593E-14,330.,100.));
#240 = VERTEX_POINT('',#241);
#241 = CARTESIAN_POINT('',(2.020667218593E-14,330.,780.));
#242 = LINE('',#243,#244);
#243 = CARTESIAN_POINT('',(2.020667218593E-14,330.,100.));
#244 = VECTOR('',#245,1.);
#245 = DIRECTION('',(0.,0.,1.));
#246 = ORIENTED_EDGE('',*,*,#247,.T.);
#247 = EDGE_CURVE('',#240,#248,#250,.T.);
#248 = VERTEX_POINT('',#249);
#249 = CARTESIAN_POINT('',(-285.7883832488,-165.,780.));
#250 = LINE('',#251,#252);
#251 = CARTESIAN_POINT('',(2.020667218593E-14,330.,780.));
#252 = VECTOR('',#253,1.);
#253 = DIRECTION('',(-0.5,-0.866025403784,0.));
#254 = ORIENTED_EDGE('',*,*,#255,.F.);
#255 = EDGE_CURVE('',#256,#248,#258,.T.);
#256 = VERTEX_POINT('',#257);
#257 = CARTESIAN_POINT('',(-285.7883832488,-165.,100.));
#258 = LINE('',#259,#260);
#259 = CARTESIAN_POINT('',(-285.7883832488,-165.,100.));
#260 = VECTOR('',#261,1.);
#261 = DIRECTION('',(0.,0.,1.));
#262 = ORIENTED_EDGE('',*,*,#263,.F.);
#263 = EDGE_CURVE('',#238,#256,#264,.T.);
#264 = LINE('',#265,#266);
#265 = CARTESIAN_POINT('',(2.020667218593E-14,330.,100.));
#266 = VECTOR('',#267,1.);
#267 = DIRECTION('',(-0.5,-0.866025403784,0.));
#268 = PLANE('',#269);
#269 = AXIS2_PLACEMENT_3D('',#270,#271,#272);
#270 = CARTESIAN_POINT('',(2.020667218593E-14,330.,100.));
#271 = DIRECTION('',(0.866025403784,-0.5,0.));
#272 = DIRECTION('',(-0.5,-0.866025403784,0.));
#273 = ADVANCED_FACE('',(#274),#299,.F.);
#274 = FACE_BOUND('',#275,.F.);
#275 = EDGE_LOOP('',(#276,#277,#285,#293));
#276 = ORIENTED_EDGE('',*,*,#255,.T.);
#277 = ORIENTED_EDGE('',*,*,#278,.T.);
#278 = EDGE_CURVE('',#248,#279,#281,.T.);
#279 = VERTEX_POINT('',#280);
#280 = CARTESIAN_POINT('',(285.78838324886,-165.,780.));
#281 = LINE('',#282,#283);
#282 = CARTESIAN_POINT('',(-285.7883832488,-165.,780.));
#283 = VECTOR('',#284,1.);
#284 = DIRECTION('',(1.,-1.989003829148E-16,0.));
#285 = ORIENTED_EDGE('',*,*,#286,.F.);
#286 = EDGE_CURVE('',#287,#279,#289,.T.);
#287 = VERTEX_POINT('',#288);
#288 = CARTESIAN_POINT('',(285.78838324886,-165.,100.));
#289 = LINE('',#290,#291);
#290 = CARTESIAN_POINT('',(285.78838324886,-165.,100.));
#291 = VECTOR('',#292,1.);
#292 = DIRECTION('',(0.,0.,1.));
#293 = ORIENTED_EDGE('',*,*,#294,.F.);
#294 = EDGE_CURVE('',#256,#287,#295,.T.);
#295 = LINE('',#296,#297);
#296 = CARTESIAN_POINT('',(-285.7883832488,-165.,100.));
#297 = VECTOR('',#298,1.);
#298 = DIRECTION('',(1.,-1.989003829148E-16,0.));
#299 = PLANE('',#300);
#300 = AXIS2_PLACEMENT_3D('',#301,#302,#303);
#301 = CARTESIAN_POINT('',(-285.7883832488,-165.,100.));
#302 = DIRECTION('',(1.989003829148E-16,1.,0.));
#303 = DIRECTION('',(1.,-1.989003829148E-16,0.));
#304 = ADVANCED_FACE('',(#305),#321,.F.);
#305 = FACE_BOUND('',#306,.F.);
#306 = EDGE_LOOP('',(#307,#308,#314,#315));
#307 = ORIENTED_EDGE('',*,*,#286,.T.);
#308 = ORIENTED_EDGE('',*,*,#309,.T.);
#309 = EDGE_CURVE('',#279,#240,#310,.T.);
#310 = LINE('',#311,#312);
#311 = CARTESIAN_POINT('',(285.78838324886,-165.,780.));
#312 = VECTOR('',#313,1.);
#313 = DIRECTION('',(-0.5,0.866025403784,0.));
#314 = ORIENTED_EDGE('',*,*,#237,.F.);
#315 = ORIENTED_EDGE('',*,*,#316,.F.);
#316 = EDGE_CURVE('',#287,#238,#317,.T.);
#317 = LINE('',#318,#319);
#318 = CARTESIAN_POINT('',(285.78838324886,-165.,100.));
#319 = VECTOR('',#320,1.);
#320 = DIRECTION('',(-0.5,0.866025403784,0.));
#321 = PLANE('',#322);
#322 = AXIS2_PLACEMENT_3D('',#323,#324,#325);
#323 = CARTESIAN_POINT('',(285.78838324886,-165.,100.));
#324 = DIRECTION('',(-0.866025403784,-0.5,0.));
#325 = DIRECTION('',(-0.5,0.866025403784,0.));
#326 = ADVANCED_FACE('',(#327),#332,.F.);
#327 = FACE_BOUND('',#328,.F.);
#328 = EDGE_LOOP('',(#329,#330,#331));
#329 = ORIENTED_EDGE('',*,*,#263,.T.);
#330 = ORIENTED_EDGE('',*,*,#294,.T.);
#331 = ORIENTED_EDGE('',*,*,#316,.T.);
#332 = PLANE('',#333);
#333 = AXIS2_PLACEMENT_3D('',#334,#335,#336);
#334 = CARTESIAN_POINT('',(-3.957993284483E-14,-4.646937436563E-14,100.)
  );
#335 = DIRECTION('',(0.,0.,1.));
#336 = DIRECTION('',(1.,0.,0.));
#337 = ADVANCED_FACE('',(#338),#343,.T.);
#338 = FACE_BOUND('',#339,.T.);
#339 = EDGE_LOOP('',(#340,#341,#342));
#340 = ORIENTED_EDGE('',*,*,#247,.T.);
#341 = ORIENTED_EDGE('',*,*,#278,.T.);
#342 = ORIENTED_EDGE('',*,*,#309,.T.);
#343 = PLANE('',#344);
#344 = AXIS2_PLACEMENT_3D('',#345,#346,#347);
#345 = CARTESIAN_POINT('',(-3.957993284483E-14,-4.646937436563E-14,780.)
  );
#346 = DIRECTION('',(0.,0.,1.));
#347 = DIRECTION('',(1.,0.,0.));
#348 = MANIFOLD_SOLID_BREP('',#349);
#349 = CLOSED_SHELL('',(#350,#390,#430,#452,#474,#486));
#350 = ADVANCED_FACE('',(#351),#385,.F.);
#351 = FACE_BOUND('',#352,.F.);
#352 = EDGE_LOOP('',(#353,#363,#371,#379));
#353 = ORIENTED_EDGE('',*,*,#354,.F.);
#354 = EDGE_CURVE('',#355,#357,#359,.T.);
#355 = VERTEX_POINT('',#356);
#356 = CARTESIAN_POINT('',(162.7211431703,191.84128743664,28.));
#357 = VERTEX_POINT('',#358);
#358 = CARTESIAN_POINT('',(162.7211431703,191.84128743664,83.));
#359 = LINE('',#360,#361);
#360 = CARTESIAN_POINT('',(162.7211431703,191.84128743664,28.));
#361 = VECTOR('',#362,1.);
#362 = DIRECTION('',(0.,0.,1.));
#363 = ORIENTED_EDGE('',*,*,#364,.T.);
#364 = EDGE_CURVE('',#355,#365,#367,.T.);
#365 = VERTEX_POINT('',#366);
#366 = CARTESIAN_POINT('',(84.7788568297,236.84128743664,28.));
#367 = LINE('',#368,#369);
#368 = CARTESIAN_POINT('',(162.7211431703,191.84128743664,28.));
#369 = VECTOR('',#370,1.);
#370 = DIRECTION('',(-0.866025403784,0.5,0.));
#371 = ORIENTED_EDGE('',*,*,#372,.T.);
#372 = EDGE_CURVE('',#365,#373,#375,.T.);
#373 = VERTEX_POINT('',#374);
#374 = CARTESIAN_POINT('',(84.7788568297,236.84128743664,83.));
#375 = LINE('',#376,#377);
#376 = CARTESIAN_POINT('',(84.7788568297,236.84128743664,28.));
#377 = VECTOR('',#378,1.);
#378 = DIRECTION('',(0.,0.,1.));
#379 = ORIENTED_EDGE('',*,*,#380,.F.);
#380 = EDGE_CURVE('',#357,#373,#381,.T.);
#381 = LINE('',#382,#383);
#382 = CARTESIAN_POINT('',(162.7211431703,191.84128743664,83.));
#383 = VECTOR('',#384,1.);
#384 = DIRECTION('',(-0.866025403784,0.5,0.));
#385 = PLANE('',#386);
#386 = AXIS2_PLACEMENT_3D('',#387,#388,#389);
#387 = CARTESIAN_POINT('',(162.7211431703,191.84128743664,28.));
#388 = DIRECTION('',(0.5,0.866025403784,0.));
#389 = DIRECTION('',(0.,0.,1.));
#390 = ADVANCED_FACE('',(#391),#425,.T.);
#391 = FACE_BOUND('',#392,.T.);
#392 = EDGE_LOOP('',(#393,#403,#411,#419));
#393 = ORIENTED_EDGE('',*,*,#394,.F.);
#394 = EDGE_CURVE('',#395,#397,#399,.T.);
#395 = VERTEX_POINT('',#396);
#396 = CARTESIAN_POINT('',(687.7211431703,1.10116796141E+03,28.));
#397 = VERTEX_POINT('',#398);
#398 = CARTESIAN_POINT('',(687.7211431703,1.10116796141E+03,83.));
#399 = LINE('',#400,#401);
#400 = CARTESIAN_POINT('',(687.7211431703,1.10116796141E+03,28.));
#401 = VECTOR('',#402,1.);
#402 = DIRECTION('',(0.,0.,1.));
#403 = ORIENTED_EDGE('',*,*,#404,.T.);
#404 = EDGE_CURVE('',#395,#405,#407,.T.);
#405 = VERTEX_POINT('',#406);
#406 = CARTESIAN_POINT('',(609.7788568297,1.14616796141E+03,28.));
#407 = LINE('',#408,#409);
#408 = CARTESIAN_POINT('',(687.7211431703,1.10116796141E+03,28.));
#409 = VECTOR('',#410,1.);
#410 = DIRECTION('',(-0.866025403784,0.5,0.));
#411 = ORIENTED_EDGE('',*,*,#412,.T.);
#412 = EDGE_CURVE('',#405,#413,#415,.T.);
#413 = VERTEX_POINT('',#414);
#414 = CARTESIAN_POINT('',(609.7788568297,1.14616796141E+03,83.));
#415 = LINE('',#416,#417);
#416 = CARTESIAN_POINT('',(609.7788568297,1.14616796141E+03,28.));
#417 = VECTOR('',#418,1.);
#418 = DIRECTION('',(0.,0.,1.));
#419 = ORIENTED_EDGE('',*,*,#420,.F.);
#420 = EDGE_CURVE('',#397,#413,#421,.T.);
#421 = LINE('',#422,#423);
#422 = CARTESIAN_POINT('',(687.7211431703,1.10116796141E+03,83.));
#423 = VECTOR('',#424,1.);
#424 = DIRECTION('',(-0.866025403784,0.5,0.));
#425 = PLANE('',#426);
#426 = AXIS2_PLACEMENT_3D('',#427,#428,#429);
#427 = CARTESIAN_POINT('',(687.7211431703,1.10116796141E+03,28.));
#428 = DIRECTION('',(0.5,0.866025403784,0.));
#429 = DIRECTION('',(0.,0.,1.));
#430 = ADVANCED_FACE('',(#431),#447,.F.);
#431 = FACE_BOUND('',#432,.F.);
#432 = EDGE_LOOP('',(#433,#439,#440,#446));
#433 = ORIENTED_EDGE('',*,*,#434,.F.);
#434 = EDGE_CURVE('',#355,#395,#435,.T.);
#435 = LINE('',#436,#437);
#436 = CARTESIAN_POINT('',(162.7211431703,191.84128743664,28.));
#437 = VECTOR('',#438,1.);
#438 = DIRECTION('',(0.5,0.866025403784,0.));
#439 = ORIENTED_EDGE('',*,*,#354,.T.);
#440 = ORIENTED_EDGE('',*,*,#441,.T.);
#441 = EDGE_CURVE('',#357,#397,#442,.T.);
#442 = LINE('',#443,#444);
#443 = CARTESIAN_POINT('',(162.7211431703,191.84128743664,83.));
#444 = VECTOR('',#445,1.);
#445 = DIRECTION('',(0.5,0.866025403784,0.));
#446 = ORIENTED_EDGE('',*,*,#394,.F.);
#447 = PLANE('',#448);
#448 = AXIS2_PLACEMENT_3D('',#449,#450,#451);
#449 = CARTESIAN_POINT('',(162.7211431703,191.84128743664,28.));
#450 = DIRECTION('',(-0.866025403784,0.5,0.));
#451 = DIRECTION('',(0.,0.,1.));
#452 = ADVANCED_FACE('',(#453),#469,.T.);
#453 = FACE_BOUND('',#454,.T.);
#454 = EDGE_LOOP('',(#455,#461,#462,#468));
#455 = ORIENTED_EDGE('',*,*,#456,.F.);
#456 = EDGE_CURVE('',#365,#405,#457,.T.);
#457 = LINE('',#458,#459);
#458 = CARTESIAN_POINT('',(84.7788568297,236.84128743664,28.));
#459 = VECTOR('',#460,1.);
#460 = DIRECTION('',(0.5,0.866025403784,0.));
#461 = ORIENTED_EDGE('',*,*,#372,.T.);
#462 = ORIENTED_EDGE('',*,*,#463,.T.);
#463 = EDGE_CURVE('',#373,#413,#464,.T.);
#464 = LINE('',#465,#466);
#465 = CARTESIAN_POINT('',(84.7788568297,236.84128743664,83.));
#466 = VECTOR('',#467,1.);
#467 = DIRECTION('',(0.5,0.866025403784,0.));
#468 = ORIENTED_EDGE('',*,*,#412,.F.);
#469 = PLANE('',#470);
#470 = AXIS2_PLACEMENT_3D('',#471,#472,#473);
#471 = CARTESIAN_POINT('',(84.7788568297,236.84128743664,28.));
#472 = DIRECTION('',(-0.866025403784,0.5,0.));
#473 = DIRECTION('',(0.,0.,1.));
#474 = ADVANCED_FACE('',(#475),#481,.F.);
#475 = FACE_BOUND('',#476,.F.);
#476 = EDGE_LOOP('',(#477,#478,#479,#480));
#477 = ORIENTED_EDGE('',*,*,#364,.F.);
#478 = ORIENTED_EDGE('',*,*,#434,.T.);
#479 = ORIENTED_EDGE('',*,*,#404,.T.);
#480 = ORIENTED_EDGE('',*,*,#456,.F.);
#481 = PLANE('',#482);
#482 = AXIS2_PLACEMENT_3D('',#483,#484,#485);
#483 = CARTESIAN_POINT('',(162.7211431703,191.84128743664,28.));
#484 = DIRECTION('',(0.,0.,1.));
#485 = DIRECTION('',(0.5,0.866025403784,0.));
#486 = ADVANCED_FACE('',(#487),#493,.T.);
#487 = FACE_BOUND('',#488,.T.);
#488 = EDGE_LOOP('',(#489,#490,#491,#492));
#489 = ORIENTED_EDGE('',*,*,#380,.F.);
#490 = ORIENTED_EDGE('',*,*,#441,.T.);
#491 = ORIENTED_EDGE('',*,*,#420,.T.);
#492 = ORIENTED_EDGE('',*,*,#463,.F.);
#493 = PLANE('',#494);
#494 = AXIS2_PLACEMENT_3D('',#495,#496,#497);
#495 = CARTESIAN_POINT('',(162.7211431703,191.84128743664,83.));
#496 = DIRECTION('',(0.,0.,1.));
#497 = DIRECTION('',(0.5,0.866025403784,0.));
#498 = MANIFOLD_SOLID_BREP('',#499);
#499 = CLOSED_SHELL('',(#500,#540,#580,#602,#624,#636));
#500 = ADVANCED_FACE('',(#501),#535,.F.);
#501 = FACE_BOUND('',#502,.F.);
#502 = EDGE_LOOP('',(#503,#513,#521,#529));
#503 = ORIENTED_EDGE('',*,*,#504,.F.);
#504 = EDGE_CURVE('',#505,#507,#509,.T.);
#505 = VERTEX_POINT('',#506);
#506 = CARTESIAN_POINT('',(-247.5,45.,28.));
#507 = VERTEX_POINT('',#508);
#508 = CARTESIAN_POINT('',(-247.5,45.,83.));
#509 = LINE('',#510,#511);
#510 = CARTESIAN_POINT('',(-247.5,45.,28.));
#511 = VECTOR('',#512,1.);
#512 = DIRECTION('',(0.,0.,1.));
#513 = ORIENTED_EDGE('',*,*,#514,.T.);
#514 = EDGE_CURVE('',#505,#515,#517,.T.);
#515 = VERTEX_POINT('',#516);
#516 = CARTESIAN_POINT('',(-247.5,-45.,28.));
#517 = LINE('',#518,#519);
#518 = CARTESIAN_POINT('',(-247.5,45.,28.));
#519 = VECTOR('',#520,1.);
#520 = DIRECTION('',(0.,-1.,0.));
#521 = ORIENTED_EDGE('',*,*,#522,.T.);
#522 = EDGE_CURVE('',#515,#523,#525,.T.);
#523 = VERTEX_POINT('',#524);
#524 = CARTESIAN_POINT('',(-247.5,-45.,83.));
#525 = LINE('',#526,#527);
#526 = CARTESIAN_POINT('',(-247.5,-45.,28.));
#527 = VECTOR('',#528,1.);
#528 = DIRECTION('',(0.,0.,1.));
#529 = ORIENTED_EDGE('',*,*,#530,.F.);
#530 = EDGE_CURVE('',#507,#523,#531,.T.);
#531 = LINE('',#532,#533);
#532 = CARTESIAN_POINT('',(-247.5,45.,83.));
#533 = VECTOR('',#534,1.);
#534 = DIRECTION('',(0.,-1.,0.));
#535 = PLANE('',#536);
#536 = AXIS2_PLACEMENT_3D('',#537,#538,#539);
#537 = CARTESIAN_POINT('',(-247.5,45.,28.));
#538 = DIRECTION('',(-1.,0.,0.));
#539 = DIRECTION('',(0.,0.,1.));
#540 = ADVANCED_FACE('',(#541),#575,.T.);
#541 = FACE_BOUND('',#542,.T.);
#542 = EDGE_LOOP('',(#543,#553,#561,#569));
#543 = ORIENTED_EDGE('',*,*,#544,.F.);
#544 = EDGE_CURVE('',#545,#547,#549,.T.);
#545 = VERTEX_POINT('',#546);
#546 = CARTESIAN_POINT('',(-1.2975E+03,45.,28.));
#547 = VERTEX_POINT('',#548);
#548 = CARTESIAN_POINT('',(-1.2975E+03,45.,83.));
#549 = LINE('',#550,#551);
#550 = CARTESIAN_POINT('',(-1.2975E+03,45.,28.));
#551 = VECTOR('',#552,1.);
#552 = DIRECTION('',(0.,0.,1.));
#553 = ORIENTED_EDGE('',*,*,#554,.T.);
#554 = EDGE_CURVE('',#545,#555,#557,.T.);
#555 = VERTEX_POINT('',#556);
#556 = CARTESIAN_POINT('',(-1.2975E+03,-45.,28.));
#557 = LINE('',#558,#559);
#558 = CARTESIAN_POINT('',(-1.2975E+03,45.,28.));
#559 = VECTOR('',#560,1.);
#560 = DIRECTION('',(0.,-1.,0.));
#561 = ORIENTED_EDGE('',*,*,#562,.T.);
#562 = EDGE_CURVE('',#555,#563,#565,.T.);
#563 = VERTEX_POINT('',#564);
#564 = CARTESIAN_POINT('',(-1.2975E+03,-45.,83.));
#565 = LINE('',#566,#567);
#566 = CARTESIAN_POINT('',(-1.2975E+03,-45.,28.));
#567 = VECTOR('',#568,1.);
#568 = DIRECTION('',(0.,0.,1.));
#569 = ORIENTED_EDGE('',*,*,#570,.F.);
#570 = EDGE_CURVE('',#547,#563,#571,.T.);
#571 = LINE('',#572,#573);
#572 = CARTESIAN_POINT('',(-1.2975E+03,45.,83.));
#573 = VECTOR('',#574,1.);
#574 = DIRECTION('',(0.,-1.,0.));
#575 = PLANE('',#576);
#576 = AXIS2_PLACEMENT_3D('',#577,#578,#579);
#577 = CARTESIAN_POINT('',(-1.2975E+03,45.,28.));
#578 = DIRECTION('',(-1.,0.,0.));
#579 = DIRECTION('',(0.,0.,1.));
#580 = ADVANCED_FACE('',(#581),#597,.F.);
#581 = FACE_BOUND('',#582,.F.);
#582 = EDGE_LOOP('',(#583,#589,#590,#596));
#583 = ORIENTED_EDGE('',*,*,#584,.F.);
#584 = EDGE_CURVE('',#505,#545,#585,.T.);
#585 = LINE('',#586,#587);
#586 = CARTESIAN_POINT('',(-247.5,45.,28.));
#587 = VECTOR('',#588,1.);
#588 = DIRECTION('',(-1.,0.,0.));
#589 = ORIENTED_EDGE('',*,*,#504,.T.);
#590 = ORIENTED_EDGE('',*,*,#591,.T.);
#591 = EDGE_CURVE('',#507,#547,#592,.T.);
#592 = LINE('',#593,#594);
#593 = CARTESIAN_POINT('',(-247.5,45.,83.));
#594 = VECTOR('',#595,1.);
#595 = DIRECTION('',(-1.,0.,0.));
#596 = ORIENTED_EDGE('',*,*,#544,.F.);
#597 = PLANE('',#598);
#598 = AXIS2_PLACEMENT_3D('',#599,#600,#601);
#599 = CARTESIAN_POINT('',(-247.5,45.,28.));
#600 = DIRECTION('',(0.,-1.,0.));
#601 = DIRECTION('',(0.,0.,1.));
#602 = ADVANCED_FACE('',(#603),#619,.T.);
#603 = FACE_BOUND('',#604,.T.);
#604 = EDGE_LOOP('',(#605,#611,#612,#618));
#605 = ORIENTED_EDGE('',*,*,#606,.F.);
#606 = EDGE_CURVE('',#515,#555,#607,.T.);
#607 = LINE('',#608,#609);
#608 = CARTESIAN_POINT('',(-247.5,-45.,28.));
#609 = VECTOR('',#610,1.);
#610 = DIRECTION('',(-1.,0.,0.));
#611 = ORIENTED_EDGE('',*,*,#522,.T.);
#612 = ORIENTED_EDGE('',*,*,#613,.T.);
#613 = EDGE_CURVE('',#523,#563,#614,.T.);
#614 = LINE('',#615,#616);
#615 = CARTESIAN_POINT('',(-247.5,-45.,83.));
#616 = VECTOR('',#617,1.);
#617 = DIRECTION('',(-1.,0.,0.));
#618 = ORIENTED_EDGE('',*,*,#562,.F.);
#619 = PLANE('',#620);
#620 = AXIS2_PLACEMENT_3D('',#621,#622,#623);
#621 = CARTESIAN_POINT('',(-247.5,-45.,28.));
#622 = DIRECTION('',(0.,-1.,0.));
#623 = DIRECTION('',(0.,0.,1.));
#624 = ADVANCED_FACE('',(#625),#631,.F.);
#625 = FACE_BOUND('',#626,.F.);
#626 = EDGE_LOOP('',(#627,#628,#629,#630));
#627 = ORIENTED_EDGE('',*,*,#514,.F.);
#628 = ORIENTED_EDGE('',*,*,#584,.T.);
#629 = ORIENTED_EDGE('',*,*,#554,.T.);
#630 = ORIENTED_EDGE('',*,*,#606,.F.);
#631 = PLANE('',#632);
#632 = AXIS2_PLACEMENT_3D('',#633,#634,#635);
#633 = CARTESIAN_POINT('',(-247.5,45.,28.));
#634 = DIRECTION('',(0.,0.,1.));
#635 = DIRECTION('',(-1.,0.,0.));
#636 = ADVANCED_FACE('',(#637),#643,.T.);
#637 = FACE_BOUND('',#638,.T.);
#638 = EDGE_LOOP('',(#639,#640,#641,#642));
#639 = ORIENTED_EDGE('',*,*,#530,.F.);
#640 = ORIENTED_EDGE('',*,*,#591,.T.);
#641 = ORIENTED_EDGE('',*,*,#570,.T.);
#642 = ORIENTED_EDGE('',*,*,#613,.F.);
#643 = PLANE('',#644);
#644 = AXIS2_PLACEMENT_3D('',#645,#646,#647);
#645 = CARTESIAN_POINT('',(-247.5,45.,83.));
#646 = DIRECTION('',(0.,0.,1.));
#647 = DIRECTION('',(-1.,0.,0.));
#648 = MANIFOLD_SOLID_BREP('',#649);
#649 = CLOSED_SHELL('',(#650,#690,#730,#752,#774,#786));
#650 = ADVANCED_FACE('',(#651),#685,.F.);
#651 = FACE_BOUND('',#652,.F.);
#652 = EDGE_LOOP('',(#653,#663,#671,#679));
#653 = ORIENTED_EDGE('',*,*,#654,.F.);
#654 = EDGE_CURVE('',#655,#657,#659,.T.);
#655 = VERTEX_POINT('',#656);
#656 = CARTESIAN_POINT('',(84.7788568297,-236.8412874366,28.));
#657 = VERTEX_POINT('',#658);
#658 = CARTESIAN_POINT('',(84.7788568297,-236.8412874366,83.));
#659 = LINE('',#660,#661);
#660 = CARTESIAN_POINT('',(84.7788568297,-236.8412874366,28.));
#661 = VECTOR('',#662,1.);
#662 = DIRECTION('',(0.,0.,1.));
#663 = ORIENTED_EDGE('',*,*,#664,.T.);
#664 = EDGE_CURVE('',#655,#665,#667,.T.);
#665 = VERTEX_POINT('',#666);
#666 = CARTESIAN_POINT('',(162.7211431703,-191.8412874366,28.));
#667 = LINE('',#668,#669);
#668 = CARTESIAN_POINT('',(84.7788568297,-236.8412874366,28.));
#669 = VECTOR('',#670,1.);
#670 = DIRECTION('',(0.866025403784,0.5,0.));
#671 = ORIENTED_EDGE('',*,*,#672,.T.);
#672 = EDGE_CURVE('',#665,#673,#675,.T.);
#673 = VERTEX_POINT('',#674);
#674 = CARTESIAN_POINT('',(162.7211431703,-191.8412874366,83.));
#675 = LINE('',#676,#677);
#676 = CARTESIAN_POINT('',(162.7211431703,-191.8412874366,28.));
#677 = VECTOR('',#678,1.);
#678 = DIRECTION('',(0.,0.,1.));
#679 = ORIENTED_EDGE('',*,*,#680,.F.);
#680 = EDGE_CURVE('',#657,#673,#681,.T.);
#681 = LINE('',#682,#683);
#682 = CARTESIAN_POINT('',(84.7788568297,-236.8412874366,83.));
#683 = VECTOR('',#684,1.);
#684 = DIRECTION('',(0.866025403784,0.5,0.));
#685 = PLANE('',#686);
#686 = AXIS2_PLACEMENT_3D('',#687,#688,#689);
#687 = CARTESIAN_POINT('',(84.7788568297,-236.8412874366,28.));
#688 = DIRECTION('',(0.5,-0.866025403784,0.));
#689 = DIRECTION('',(0.,0.,1.));
#690 = ADVANCED_FACE('',(#691),#725,.T.);
#691 = FACE_BOUND('',#692,.T.);
#692 = EDGE_LOOP('',(#693,#703,#711,#719));
#693 = ORIENTED_EDGE('',*,*,#694,.F.);
#694 = EDGE_CURVE('',#695,#697,#699,.T.);
#695 = VERTEX_POINT('',#696);
#696 = CARTESIAN_POINT('',(609.7788568297,-1.14616796141E+03,28.));
#697 = VERTEX_POINT('',#698);
#698 = CARTESIAN_POINT('',(609.7788568297,-1.14616796141E+03,83.));
#699 = LINE('',#700,#701);
#700 = CARTESIAN_POINT('',(609.7788568297,-1.14616796141E+03,28.));
#701 = VECTOR('',#702,1.);
#702 = DIRECTION('',(0.,0.,1.));
#703 = ORIENTED_EDGE('',*,*,#704,.T.);
#704 = EDGE_CURVE('',#695,#705,#707,.T.);
#705 = VERTEX_POINT('',#706);
#706 = CARTESIAN_POINT('',(687.7211431703,-1.10116796141E+03,28.));
#707 = LINE('',#708,#709);
#708 = CARTESIAN_POINT('',(609.7788568297,-1.14616796141E+03,28.));
#709 = VECTOR('',#710,1.);
#710 = DIRECTION('',(0.866025403784,0.5,0.));
#711 = ORIENTED_EDGE('',*,*,#712,.T.);
#712 = EDGE_CURVE('',#705,#713,#715,.T.);
#713 = VERTEX_POINT('',#714);
#714 = CARTESIAN_POINT('',(687.7211431703,-1.10116796141E+03,83.));
#715 = LINE('',#716,#717);
#716 = CARTESIAN_POINT('',(687.7211431703,-1.10116796141E+03,28.));
#717 = VECTOR('',#718,1.);
#718 = DIRECTION('',(0.,0.,1.));
#719 = ORIENTED_EDGE('',*,*,#720,.F.);
#720 = EDGE_CURVE('',#697,#713,#721,.T.);
#721 = LINE('',#722,#723);
#722 = CARTESIAN_POINT('',(609.7788568297,-1.14616796141E+03,83.));
#723 = VECTOR('',#724,1.);
#724 = DIRECTION('',(0.866025403784,0.5,0.));
#725 = PLANE('',#726);
#726 = AXIS2_PLACEMENT_3D('',#727,#728,#729);
#727 = CARTESIAN_POINT('',(609.7788568297,-1.14616796141E+03,28.));
#728 = DIRECTION('',(0.5,-0.866025403784,0.));
#729 = DIRECTION('',(0.,0.,1.));
#730 = ADVANCED_FACE('',(#731),#747,.F.);
#731 = FACE_BOUND('',#732,.F.);
#732 = EDGE_LOOP('',(#733,#739,#740,#746));
#733 = ORIENTED_EDGE('',*,*,#734,.F.);
#734 = EDGE_CURVE('',#655,#695,#735,.T.);
#735 = LINE('',#736,#737);
#736 = CARTESIAN_POINT('',(84.7788568297,-236.8412874366,28.));
#737 = VECTOR('',#738,1.);
#738 = DIRECTION('',(0.5,-0.866025403784,0.));
#739 = ORIENTED_EDGE('',*,*,#654,.T.);
#740 = ORIENTED_EDGE('',*,*,#741,.T.);
#741 = EDGE_CURVE('',#657,#697,#742,.T.);
#742 = LINE('',#743,#744);
#743 = CARTESIAN_POINT('',(84.7788568297,-236.8412874366,83.));
#744 = VECTOR('',#745,1.);
#745 = DIRECTION('',(0.5,-0.866025403784,0.));
#746 = ORIENTED_EDGE('',*,*,#694,.F.);
#747 = PLANE('',#748);
#748 = AXIS2_PLACEMENT_3D('',#749,#750,#751);
#749 = CARTESIAN_POINT('',(84.7788568297,-236.8412874366,28.));
#750 = DIRECTION('',(0.866025403784,0.5,0.));
#751 = DIRECTION('',(0.,0.,1.));
#752 = ADVANCED_FACE('',(#753),#769,.T.);
#753 = FACE_BOUND('',#754,.T.);
#754 = EDGE_LOOP('',(#755,#761,#762,#768));
#755 = ORIENTED_EDGE('',*,*,#756,.F.);
#756 = EDGE_CURVE('',#665,#705,#757,.T.);
#757 = LINE('',#758,#759);
#758 = CARTESIAN_POINT('',(162.7211431703,-191.8412874366,28.));
#759 = VECTOR('',#760,1.);
#760 = DIRECTION('',(0.5,-0.866025403784,0.));
#761 = ORIENTED_EDGE('',*,*,#672,.T.);
#762 = ORIENTED_EDGE('',*,*,#763,.T.);
#763 = EDGE_CURVE('',#673,#713,#764,.T.);
#764 = LINE('',#765,#766);
#765 = CARTESIAN_POINT('',(162.7211431703,-191.8412874366,83.));
#766 = VECTOR('',#767,1.);
#767 = DIRECTION('',(0.5,-0.866025403784,0.));
#768 = ORIENTED_EDGE('',*,*,#712,.F.);
#769 = PLANE('',#770);
#770 = AXIS2_PLACEMENT_3D('',#771,#772,#773);
#771 = CARTESIAN_POINT('',(162.7211431703,-191.8412874366,28.));
#772 = DIRECTION('',(0.866025403784,0.5,0.));
#773 = DIRECTION('',(0.,0.,1.));
#774 = ADVANCED_FACE('',(#775),#781,.F.);
#775 = FACE_BOUND('',#776,.F.);
#776 = EDGE_LOOP('',(#777,#778,#779,#780));
#777 = ORIENTED_EDGE('',*,*,#664,.F.);
#778 = ORIENTED_EDGE('',*,*,#734,.T.);
#779 = ORIENTED_EDGE('',*,*,#704,.T.);
#780 = ORIENTED_EDGE('',*,*,#756,.F.);
#781 = PLANE('',#782);
#782 = AXIS2_PLACEMENT_3D('',#783,#784,#785);
#783 = CARTESIAN_POINT('',(84.7788568297,-236.8412874366,28.));
#784 = DIRECTION('',(0.,0.,1.));
#785 = DIRECTION('',(0.5,-0.866025403784,0.));
#786 = ADVANCED_FACE('',(#787),#793,.T.);
#787 = FACE_BOUND('',#788,.T.);
#788 = EDGE_LOOP('',(#789,#790,#791,#792));
#789 = ORIENTED_EDGE('',*,*,#680,.F.);
#790 = ORIENTED_EDGE('',*,*,#741,.T.);
#791 = ORIENTED_EDGE('',*,*,#720,.T.);
#792 = ORIENTED_EDGE('',*,*,#763,.F.);
#793 = PLANE('',#794);
#794 = AXIS2_PLACEMENT_3D('',#795,#796,#797);
#795 = CARTESIAN_POINT('',(84.7788568297,-236.8412874366,83.));
#796 = DIRECTION('',(0.,0.,1.));
#797 = DIRECTION('',(0.5,-0.866025403784,0.));
#798 = MANIFOLD_SOLID_BREP('',#799);
#799 = CLOSED_SHELL('',(#800,#833,#842));
#800 = ADVANCED_FACE('',(#801),#828,.T.);
#801 = FACE_BOUND('',#802,.T.);
#802 = EDGE_LOOP('',(#803,#812,#820,#827));
#803 = ORIENTED_EDGE('',*,*,#804,.F.);
#804 = EDGE_CURVE('',#805,#805,#807,.T.);
#805 = VERTEX_POINT('',#806);
#806 = CARTESIAN_POINT('',(686.02540378443,-3.673940397442E-14,28.));
#807 = CIRCLE('',#808,150.);
#808 = AXIS2_PLACEMENT_3D('',#809,#810,#811);
#809 = CARTESIAN_POINT('',(536.02540378443,0.,28.));
#810 = DIRECTION('',(0.,0.,1.));
#811 = DIRECTION('',(1.,0.,0.));
#812 = ORIENTED_EDGE('',*,*,#813,.F.);
#813 = EDGE_CURVE('',#814,#805,#816,.T.);
#814 = VERTEX_POINT('',#815);
#815 = CARTESIAN_POINT('',(686.02540378443,-3.673940397442E-14,0.));
#816 = LINE('',#817,#818);
#817 = CARTESIAN_POINT('',(686.02540378443,-3.673940397442E-14,0.));
#818 = VECTOR('',#819,1.);
#819 = DIRECTION('',(0.,0.,1.));
#820 = ORIENTED_EDGE('',*,*,#821,.T.);
#821 = EDGE_CURVE('',#814,#814,#822,.T.);
#822 = CIRCLE('',#823,150.);
#823 = AXIS2_PLACEMENT_3D('',#824,#825,#826);
#824 = CARTESIAN_POINT('',(536.02540378443,0.,0.));
#825 = DIRECTION('',(0.,0.,1.));
#826 = DIRECTION('',(1.,0.,0.));
#827 = ORIENTED_EDGE('',*,*,#813,.T.);
#828 = CYLINDRICAL_SURFACE('',#829,150.);
#829 = AXIS2_PLACEMENT_3D('',#830,#831,#832);
#830 = CARTESIAN_POINT('',(536.02540378443,0.,0.));
#831 = DIRECTION('',(0.,0.,1.));
#832 = DIRECTION('',(1.,0.,0.));
#833 = ADVANCED_FACE('',(#834),#837,.T.);
#834 = FACE_BOUND('',#835,.T.);
#835 = EDGE_LOOP('',(#836));
#836 = ORIENTED_EDGE('',*,*,#804,.T.);
#837 = PLANE('',#838);
#838 = AXIS2_PLACEMENT_3D('',#839,#840,#841);
#839 = CARTESIAN_POINT('',(536.02540378443,0.,28.));
#840 = DIRECTION('',(0.,0.,1.));
#841 = DIRECTION('',(1.,0.,0.));
#842 = ADVANCED_FACE('',(#843),#846,.F.);
#843 = FACE_BOUND('',#844,.T.);
#844 = EDGE_LOOP('',(#845));
#845 = ORIENTED_EDGE('',*,*,#821,.F.);
#846 = PLANE('',#847);
#847 = AXIS2_PLACEMENT_3D('',#848,#849,#850);
#848 = CARTESIAN_POINT('',(536.02540378443,0.,0.));
#849 = DIRECTION('',(0.,0.,1.));
#850 = DIRECTION('',(1.,0.,0.));
#851 = MANIFOLD_SOLID_BREP('',#852);
#852 = CLOSED_SHELL('',(#853,#886,#895));
#853 = ADVANCED_FACE('',(#854),#881,.T.);
#854 = FACE_BOUND('',#855,.T.);
#855 = EDGE_LOOP('',(#856,#865,#873,#880));
#856 = ORIENTED_EDGE('',*,*,#857,.F.);
#857 = EDGE_CURVE('',#858,#858,#860,.T.);
#858 = VERTEX_POINT('',#859);
#859 = CARTESIAN_POINT('',(593.52540378443,-1.408343819019E-14,458.));
#860 = CIRCLE('',#861,57.5);
#861 = AXIS2_PLACEMENT_3D('',#862,#863,#864);
#862 = CARTESIAN_POINT('',(536.02540378443,0.,458.));
#863 = DIRECTION('',(0.,0.,1.));
#864 = DIRECTION('',(1.,0.,0.));
#865 = ORIENTED_EDGE('',*,*,#866,.F.);
#866 = EDGE_CURVE('',#867,#858,#869,.T.);
#867 = VERTEX_POINT('',#868);
#868 = CARTESIAN_POINT('',(593.52540378443,-1.408343819019E-14,28.));
#869 = LINE('',#870,#871);
#870 = CARTESIAN_POINT('',(593.52540378443,-1.408343819019E-14,28.));
#871 = VECTOR('',#872,1.);
#872 = DIRECTION('',(0.,0.,1.));
#873 = ORIENTED_EDGE('',*,*,#874,.T.);
#874 = EDGE_CURVE('',#867,#867,#875,.T.);
#875 = CIRCLE('',#876,57.5);
#876 = AXIS2_PLACEMENT_3D('',#877,#878,#879);
#877 = CARTESIAN_POINT('',(536.02540378443,0.,28.));
#878 = DIRECTION('',(0.,0.,1.));
#879 = DIRECTION('',(1.,0.,0.));
#880 = ORIENTED_EDGE('',*,*,#866,.T.);
#881 = CYLINDRICAL_SURFACE('',#882,57.5);
#882 = AXIS2_PLACEMENT_3D('',#883,#884,#885);
#883 = CARTESIAN_POINT('',(536.02540378443,0.,28.));
#884 = DIRECTION('',(0.,0.,1.));
#885 = DIRECTION('',(1.,0.,0.));
#886 = ADVANCED_FACE('',(#887),#890,.T.);
#887 = FACE_BOUND('',#888,.T.);
#888 = EDGE_LOOP('',(#889));
#889 = ORIENTED_EDGE('',*,*,#857,.T.);
#890 = PLANE('',#891);
#891 = AXIS2_PLACEMENT_3D('',#892,#893,#894);
#892 = CARTESIAN_POINT('',(536.02540378443,0.,458.));
#893 = DIRECTION('',(0.,0.,1.));
#894 = DIRECTION('',(1.,0.,0.));
#895 = ADVANCED_FACE('',(#896),#899,.F.);
#896 = FACE_BOUND('',#897,.T.);
#897 = EDGE_LOOP('',(#898));
#898 = ORIENTED_EDGE('',*,*,#874,.F.);
#899 = PLANE('',#900);
#900 = AXIS2_PLACEMENT_3D('',#901,#902,#903);
#901 = CARTESIAN_POINT('',(536.02540378443,0.,28.));
#902 = DIRECTION('',(0.,0.,1.));
#903 = DIRECTION('',(1.,0.,0.));
#904 = MANIFOLD_SOLID_BREP('',#905);
#905 = CLOSED_SHELL('',(#906,#939,#948));
#906 = ADVANCED_FACE('',(#907),#934,.T.);
#907 = FACE_BOUND('',#908,.T.);
#908 = EDGE_LOOP('',(#909,#918,#926,#933));
#909 = ORIENTED_EDGE('',*,*,#910,.F.);
#910 = EDGE_CURVE('',#911,#911,#913,.T.);
#911 = VERTEX_POINT('',#912);
#912 = CARTESIAN_POINT('',(1.116025403784E+03,973.20508075688,28.));
#913 = CIRCLE('',#914,150.);
#914 = AXIS2_PLACEMENT_3D('',#915,#916,#917);
#915 = CARTESIAN_POINT('',(966.02540378443,973.20508075688,28.));
#916 = DIRECTION('',(0.,0.,1.));
#917 = DIRECTION('',(1.,0.,0.));
#918 = ORIENTED_EDGE('',*,*,#919,.F.);
#919 = EDGE_CURVE('',#920,#911,#922,.T.);
#920 = VERTEX_POINT('',#921);
#921 = CARTESIAN_POINT('',(1.116025403784E+03,973.20508075688,0.));
#922 = LINE('',#923,#924);
#923 = CARTESIAN_POINT('',(1.116025403784E+03,973.20508075688,0.));
#924 = VECTOR('',#925,1.);
#925 = DIRECTION('',(0.,0.,1.));
#926 = ORIENTED_EDGE('',*,*,#927,.T.);
#927 = EDGE_CURVE('',#920,#920,#928,.T.);
#928 = CIRCLE('',#929,150.);
#929 = AXIS2_PLACEMENT_3D('',#930,#931,#932);
#930 = CARTESIAN_POINT('',(966.02540378443,973.20508075688,0.));
#931 = DIRECTION('',(0.,0.,1.));
#932 = DIRECTION('',(1.,0.,0.));
#933 = ORIENTED_EDGE('',*,*,#919,.T.);
#934 = CYLINDRICAL_SURFACE('',#935,150.);
#935 = AXIS2_PLACEMENT_3D('',#936,#937,#938);
#936 = CARTESIAN_POINT('',(966.02540378443,973.20508075688,0.));
#937 = DIRECTION('',(0.,0.,1.));
#938 = DIRECTION('',(1.,0.,0.));
#939 = ADVANCED_FACE('',(#940),#943,.T.);
#940 = FACE_BOUND('',#941,.T.);
#941 = EDGE_LOOP('',(#942));
#942 = ORIENTED_EDGE('',*,*,#910,.T.);
#943 = PLANE('',#944);
#944 = AXIS2_PLACEMENT_3D('',#945,#946,#947);
#945 = CARTESIAN_POINT('',(966.02540378443,973.20508075688,28.));
#946 = DIRECTION('',(0.,0.,1.));
#947 = DIRECTION('',(1.,0.,0.));
#948 = ADVANCED_FACE('',(#949),#952,.F.);
#949 = FACE_BOUND('',#950,.T.);
#950 = EDGE_LOOP('',(#951));
#951 = ORIENTED_EDGE('',*,*,#927,.F.);
#952 = PLANE('',#953);
#953 = AXIS2_PLACEMENT_3D('',#954,#955,#956);
#954 = CARTESIAN_POINT('',(966.02540378443,973.20508075688,0.));
#955 = DIRECTION('',(0.,0.,1.));
#956 = DIRECTION('',(1.,0.,0.));
#957 = MANIFOLD_SOLID_BREP('',#958);
#958 = CLOSED_SHELL('',(#959,#992,#1001));
#959 = ADVANCED_FACE('',(#960),#987,.T.);
#960 = FACE_BOUND('',#961,.T.);
#961 = EDGE_LOOP('',(#962,#971,#979,#986));
#962 = ORIENTED_EDGE('',*,*,#963,.F.);
#963 = EDGE_CURVE('',#964,#964,#966,.T.);
#964 = VERTEX_POINT('',#965);
#965 = CARTESIAN_POINT('',(1.023525403784E+03,973.20508075688,458.));
#966 = CIRCLE('',#967,57.5);
#967 = AXIS2_PLACEMENT_3D('',#968,#969,#970);
#968 = CARTESIAN_POINT('',(966.02540378443,973.20508075688,458.));
#969 = DIRECTION('',(0.,0.,1.));
#970 = DIRECTION('',(1.,0.,0.));
#971 = ORIENTED_EDGE('',*,*,#972,.F.);
#972 = EDGE_CURVE('',#973,#964,#975,.T.);
#973 = VERTEX_POINT('',#974);
#974 = CARTESIAN_POINT('',(1.023525403784E+03,973.20508075688,28.));
#975 = LINE('',#976,#977);
#976 = CARTESIAN_POINT('',(1.023525403784E+03,973.20508075688,28.));
#977 = VECTOR('',#978,1.);
#978 = DIRECTION('',(0.,0.,1.));
#979 = ORIENTED_EDGE('',*,*,#980,.T.);
#980 = EDGE_CURVE('',#973,#973,#981,.T.);
#981 = CIRCLE('',#982,57.5);
#982 = AXIS2_PLACEMENT_3D('',#983,#984,#985);
#983 = CARTESIAN_POINT('',(966.02540378443,973.20508075688,28.));
#984 = DIRECTION('',(0.,0.,1.));
#985 = DIRECTION('',(1.,0.,0.));
#986 = ORIENTED_EDGE('',*,*,#972,.T.);
#987 = CYLINDRICAL_SURFACE('',#988,57.5);
#988 = AXIS2_PLACEMENT_3D('',#989,#990,#991);
#989 = CARTESIAN_POINT('',(966.02540378443,973.20508075688,28.));
#990 = DIRECTION('',(0.,0.,1.));
#991 = DIRECTION('',(1.,0.,0.));
#992 = ADVANCED_FACE('',(#993),#996,.T.);
#993 = FACE_BOUND('',#994,.T.);
#994 = EDGE_LOOP('',(#995));
#995 = ORIENTED_EDGE('',*,*,#963,.T.);
#996 = PLANE('',#997);
#997 = AXIS2_PLACEMENT_3D('',#998,#999,#1000);
#998 = CARTESIAN_POINT('',(966.02540378443,973.20508075688,458.));
#999 = DIRECTION('',(0.,0.,1.));
#1000 = DIRECTION('',(1.,0.,0.));
#1001 = ADVANCED_FACE('',(#1002),#1005,.F.);
#1002 = FACE_BOUND('',#1003,.T.);
#1003 = EDGE_LOOP('',(#1004));
#1004 = ORIENTED_EDGE('',*,*,#980,.F.);
#1005 = PLANE('',#1006);
#1006 = AXIS2_PLACEMENT_3D('',#1007,#1008,#1009);
#1007 = CARTESIAN_POINT('',(966.02540378443,973.20508075688,28.));
#1008 = DIRECTION('',(0.,0.,1.));
#1009 = DIRECTION('',(1.,0.,0.));
#1010 = MANIFOLD_SOLID_BREP('',#1011);
#1011 = CLOSED_SHELL('',(#1012,#1045,#1054));
#1012 = ADVANCED_FACE('',(#1013),#1040,.T.);
#1013 = FACE_BOUND('',#1014,.T.);
#1014 = EDGE_LOOP('',(#1015,#1024,#1032,#1039));
#1015 = ORIENTED_EDGE('',*,*,#1016,.F.);
#1016 = EDGE_CURVE('',#1017,#1017,#1019,.T.);
#1017 = VERTEX_POINT('',#1018);
#1018 = CARTESIAN_POINT('',(1.116025403784E+03,-973.2050807568,28.));
#1019 = CIRCLE('',#1020,150.);
#1020 = AXIS2_PLACEMENT_3D('',#1021,#1022,#1023);
#1021 = CARTESIAN_POINT('',(966.02540378443,-973.2050807568,28.));
#1022 = DIRECTION('',(0.,0.,1.));
#1023 = DIRECTION('',(1.,0.,0.));
#1024 = ORIENTED_EDGE('',*,*,#1025,.F.);
#1025 = EDGE_CURVE('',#1026,#1017,#1028,.T.);
#1026 = VERTEX_POINT('',#1027);
#1027 = CARTESIAN_POINT('',(1.116025403784E+03,-973.2050807568,0.));
#1028 = LINE('',#1029,#1030);
#1029 = CARTESIAN_POINT('',(1.116025403784E+03,-973.2050807568,0.));
#1030 = VECTOR('',#1031,1.);
#1031 = DIRECTION('',(0.,0.,1.));
#1032 = ORIENTED_EDGE('',*,*,#1033,.T.);
#1033 = EDGE_CURVE('',#1026,#1026,#1034,.T.);
#1034 = CIRCLE('',#1035,150.);
#1035 = AXIS2_PLACEMENT_3D('',#1036,#1037,#1038);
#1036 = CARTESIAN_POINT('',(966.02540378443,-973.2050807568,0.));
#1037 = DIRECTION('',(0.,0.,1.));
#1038 = DIRECTION('',(1.,0.,0.));
#1039 = ORIENTED_EDGE('',*,*,#1025,.T.);
#1040 = CYLINDRICAL_SURFACE('',#1041,150.);
#1041 = AXIS2_PLACEMENT_3D('',#1042,#1043,#1044);
#1042 = CARTESIAN_POINT('',(966.02540378443,-973.2050807568,0.));
#1043 = DIRECTION('',(0.,0.,1.));
#1044 = DIRECTION('',(1.,0.,0.));
#1045 = ADVANCED_FACE('',(#1046),#1049,.T.);
#1046 = FACE_BOUND('',#1047,.T.);
#1047 = EDGE_LOOP('',(#1048));
#1048 = ORIENTED_EDGE('',*,*,#1016,.T.);
#1049 = PLANE('',#1050);
#1050 = AXIS2_PLACEMENT_3D('',#1051,#1052,#1053);
#1051 = CARTESIAN_POINT('',(966.02540378443,-973.2050807568,28.));
#1052 = DIRECTION('',(0.,0.,1.));
#1053 = DIRECTION('',(1.,0.,0.));
#1054 = ADVANCED_FACE('',(#1055),#1058,.F.);
#1055 = FACE_BOUND('',#1056,.T.);
#1056 = EDGE_LOOP('',(#1057));
#1057 = ORIENTED_EDGE('',*,*,#1033,.F.);
#1058 = PLANE('',#1059);
#1059 = AXIS2_PLACEMENT_3D('',#1060,#1061,#1062);
#1060 = CARTESIAN_POINT('',(966.02540378443,-973.2050807568,0.));
#1061 = DIRECTION('',(0.,0.,1.));
#1062 = DIRECTION('',(1.,0.,0.));
#1063 = MANIFOLD_SOLID_BREP('',#1064);
#1064 = CLOSED_SHELL('',(#1065,#1098,#1107));
#1065 = ADVANCED_FACE('',(#1066),#1093,.T.);
#1066 = FACE_BOUND('',#1067,.T.);
#1067 = EDGE_LOOP('',(#1068,#1077,#1085,#1092));
#1068 = ORIENTED_EDGE('',*,*,#1069,.F.);
#1069 = EDGE_CURVE('',#1070,#1070,#1072,.T.);
#1070 = VERTEX_POINT('',#1071);
#1071 = CARTESIAN_POINT('',(1.023525403784E+03,-973.2050807568,458.));
#1072 = CIRCLE('',#1073,57.5);
#1073 = AXIS2_PLACEMENT_3D('',#1074,#1075,#1076);
#1074 = CARTESIAN_POINT('',(966.02540378443,-973.2050807568,458.));
#1075 = DIRECTION('',(0.,0.,1.));
#1076 = DIRECTION('',(1.,0.,0.));
#1077 = ORIENTED_EDGE('',*,*,#1078,.F.);
#1078 = EDGE_CURVE('',#1079,#1070,#1081,.T.);
#1079 = VERTEX_POINT('',#1080);
#1080 = CARTESIAN_POINT('',(1.023525403784E+03,-973.2050807568,28.));
#1081 = LINE('',#1082,#1083);
#1082 = CARTESIAN_POINT('',(1.023525403784E+03,-973.2050807568,28.));
#1083 = VECTOR('',#1084,1.);
#1084 = DIRECTION('',(0.,0.,1.));
#1085 = ORIENTED_EDGE('',*,*,#1086,.T.);
#1086 = EDGE_CURVE('',#1079,#1079,#1087,.T.);
#1087 = CIRCLE('',#1088,57.5);
#1088 = AXIS2_PLACEMENT_3D('',#1089,#1090,#1091);
#1089 = CARTESIAN_POINT('',(966.02540378443,-973.2050807568,28.));
#1090 = DIRECTION('',(0.,0.,1.));
#1091 = DIRECTION('',(1.,0.,0.));
#1092 = ORIENTED_EDGE('',*,*,#1078,.T.);
#1093 = CYLINDRICAL_SURFACE('',#1094,57.5);
#1094 = AXIS2_PLACEMENT_3D('',#1095,#1096,#1097);
#1095 = CARTESIAN_POINT('',(966.02540378443,-973.2050807568,28.));
#1096 = DIRECTION('',(0.,0.,1.));
#1097 = DIRECTION('',(1.,0.,0.));
#1098 = ADVANCED_FACE('',(#1099),#1102,.T.);
#1099 = FACE_BOUND('',#1100,.T.);
#1100 = EDGE_LOOP('',(#1101));
#1101 = ORIENTED_EDGE('',*,*,#1069,.T.);
#1102 = PLANE('',#1103);
#1103 = AXIS2_PLACEMENT_3D('',#1104,#1105,#1106);
#1104 = CARTESIAN_POINT('',(966.02540378443,-973.2050807568,458.));
#1105 = DIRECTION('',(0.,0.,1.));
#1106 = DIRECTION('',(1.,0.,0.));
#1107 = ADVANCED_FACE('',(#1108),#1111,.F.);
#1108 = FACE_BOUND('',#1109,.T.);
#1109 = EDGE_LOOP('',(#1110));
#1110 = ORIENTED_EDGE('',*,*,#1086,.F.);
#1111 = PLANE('',#1112);
#1112 = AXIS2_PLACEMENT_3D('',#1113,#1114,#1115);
#1113 = CARTESIAN_POINT('',(966.02540378443,-973.2050807568,28.));
#1114 = DIRECTION('',(0.,0.,1.));
#1115 = DIRECTION('',(1.,0.,0.));
#1116 = MANIFOLD_SOLID_BREP('',#1117);
#1117 = CLOSED_SHELL('',(#1118,#1151,#1160));
#1118 = ADVANCED_FACE('',(#1119),#1146,.T.);
#1119 = FACE_BOUND('',#1120,.T.);
#1120 = EDGE_LOOP('',(#1121,#1130,#1138,#1145));
#1121 = ORIENTED_EDGE('',*,*,#1122,.F.);
#1122 = EDGE_CURVE('',#1123,#1123,#1125,.T.);
#1123 = VERTEX_POINT('',#1124);
#1124 = CARTESIAN_POINT('',(-118.0127018922,464.21161675113,28.));
#1125 = CIRCLE('',#1126,150.);
#1126 = AXIS2_PLACEMENT_3D('',#1127,#1128,#1129);
#1127 = CARTESIAN_POINT('',(-268.0127018922,464.21161675113,28.));
#1128 = DIRECTION('',(0.,0.,1.));
#1129 = DIRECTION('',(1.,0.,0.));
#1130 = ORIENTED_EDGE('',*,*,#1131,.F.);
#1131 = EDGE_CURVE('',#1132,#1123,#1134,.T.);
#1132 = VERTEX_POINT('',#1133);
#1133 = CARTESIAN_POINT('',(-118.0127018922,464.21161675113,0.));
#1134 = LINE('',#1135,#1136);
#1135 = CARTESIAN_POINT('',(-118.0127018922,464.21161675113,0.));
#1136 = VECTOR('',#1137,1.);
#1137 = DIRECTION('',(0.,0.,1.));
#1138 = ORIENTED_EDGE('',*,*,#1139,.T.);
#1139 = EDGE_CURVE('',#1132,#1132,#1140,.T.);
#1140 = CIRCLE('',#1141,150.);
#1141 = AXIS2_PLACEMENT_3D('',#1142,#1143,#1144);
#1142 = CARTESIAN_POINT('',(-268.0127018922,464.21161675113,0.));
#1143 = DIRECTION('',(0.,0.,1.));
#1144 = DIRECTION('',(1.,0.,0.));
#1145 = ORIENTED_EDGE('',*,*,#1131,.T.);
#1146 = CYLINDRICAL_SURFACE('',#1147,150.);
#1147 = AXIS2_PLACEMENT_3D('',#1148,#1149,#1150);
#1148 = CARTESIAN_POINT('',(-268.0127018922,464.21161675113,0.));
#1149 = DIRECTION('',(0.,0.,1.));
#1150 = DIRECTION('',(1.,0.,0.));
#1151 = ADVANCED_FACE('',(#1152),#1155,.T.);
#1152 = FACE_BOUND('',#1153,.T.);
#1153 = EDGE_LOOP('',(#1154));
#1154 = ORIENTED_EDGE('',*,*,#1122,.T.);
#1155 = PLANE('',#1156);
#1156 = AXIS2_PLACEMENT_3D('',#1157,#1158,#1159);
#1157 = CARTESIAN_POINT('',(-268.0127018922,464.21161675113,28.));
#1158 = DIRECTION('',(0.,0.,1.));
#1159 = DIRECTION('',(1.,0.,0.));
#1160 = ADVANCED_FACE('',(#1161),#1164,.F.);
#1161 = FACE_BOUND('',#1162,.T.);
#1162 = EDGE_LOOP('',(#1163));
#1163 = ORIENTED_EDGE('',*,*,#1139,.F.);
#1164 = PLANE('',#1165);
#1165 = AXIS2_PLACEMENT_3D('',#1166,#1167,#1168);
#1166 = CARTESIAN_POINT('',(-268.0127018922,464.21161675113,0.));
#1167 = DIRECTION('',(0.,0.,1.));
#1168 = DIRECTION('',(1.,0.,0.));
#1169 = MANIFOLD_SOLID_BREP('',#1170);
#1170 = CLOSED_SHELL('',(#1171,#1204,#1213));
#1171 = ADVANCED_FACE('',(#1172),#1199,.T.);
#1172 = FACE_BOUND('',#1173,.T.);
#1173 = EDGE_LOOP('',(#1174,#1183,#1191,#1198));
#1174 = ORIENTED_EDGE('',*,*,#1175,.F.);
#1175 = EDGE_CURVE('',#1176,#1176,#1178,.T.);
#1176 = VERTEX_POINT('',#1177);
#1177 = CARTESIAN_POINT('',(-210.5127018922,464.21161675113,458.));
#1178 = CIRCLE('',#1179,57.5);
#1179 = AXIS2_PLACEMENT_3D('',#1180,#1181,#1182);
#1180 = CARTESIAN_POINT('',(-268.0127018922,464.21161675113,458.));
#1181 = DIRECTION('',(0.,0.,1.));
#1182 = DIRECTION('',(1.,0.,0.));
#1183 = ORIENTED_EDGE('',*,*,#1184,.F.);
#1184 = EDGE_CURVE('',#1185,#1176,#1187,.T.);
#1185 = VERTEX_POINT('',#1186);
#1186 = CARTESIAN_POINT('',(-210.5127018922,464.21161675113,28.));
#1187 = LINE('',#1188,#1189);
#1188 = CARTESIAN_POINT('',(-210.5127018922,464.21161675113,28.));
#1189 = VECTOR('',#1190,1.);
#1190 = DIRECTION('',(0.,0.,1.));
#1191 = ORIENTED_EDGE('',*,*,#1192,.T.);
#1192 = EDGE_CURVE('',#1185,#1185,#1193,.T.);
#1193 = CIRCLE('',#1194,57.5);
#1194 = AXIS2_PLACEMENT_3D('',#1195,#1196,#1197);
#1195 = CARTESIAN_POINT('',(-268.0127018922,464.21161675113,28.));
#1196 = DIRECTION('',(0.,0.,1.));
#1197 = DIRECTION('',(1.,0.,0.));
#1198 = ORIENTED_EDGE('',*,*,#1184,.T.);
#1199 = CYLINDRICAL_SURFACE('',#1200,57.5);
#1200 = AXIS2_PLACEMENT_3D('',#1201,#1202,#1203);
#1201 = CARTESIAN_POINT('',(-268.0127018922,464.21161675113,28.));
#1202 = DIRECTION('',(0.,0.,1.));
#1203 = DIRECTION('',(1.,0.,0.));
#1204 = ADVANCED_FACE('',(#1205),#1208,.T.);
#1205 = FACE_BOUND('',#1206,.T.);
#1206 = EDGE_LOOP('',(#1207));
#1207 = ORIENTED_EDGE('',*,*,#1175,.T.);
#1208 = PLANE('',#1209);
#1209 = AXIS2_PLACEMENT_3D('',#1210,#1211,#1212);
#1210 = CARTESIAN_POINT('',(-268.0127018922,464.21161675113,458.));
#1211 = DIRECTION('',(0.,0.,1.));
#1212 = DIRECTION('',(1.,0.,0.));
#1213 = ADVANCED_FACE('',(#1214),#1217,.F.);
#1214 = FACE_BOUND('',#1215,.T.);
#1215 = EDGE_LOOP('',(#1216));
#1216 = ORIENTED_EDGE('',*,*,#1192,.F.);
#1217 = PLANE('',#1218);
#1218 = AXIS2_PLACEMENT_3D('',#1219,#1220,#1221);
#1219 = CARTESIAN_POINT('',(-268.0127018922,464.21161675113,28.));
#1220 = DIRECTION('',(0.,0.,1.));
#1221 = DIRECTION('',(1.,0.,0.));
#1222 = MANIFOLD_SOLID_BREP('',#1223);
#1223 = CLOSED_SHELL('',(#1224,#1257,#1266));
#1224 = ADVANCED_FACE('',(#1225),#1252,.T.);
#1225 = FACE_BOUND('',#1226,.T.);
#1226 = EDGE_LOOP('',(#1227,#1236,#1244,#1251));
#1227 = ORIENTED_EDGE('',*,*,#1228,.F.);
#1228 = EDGE_CURVE('',#1229,#1229,#1231,.T.);
#1229 = VERTEX_POINT('',#1230);
#1230 = CARTESIAN_POINT('',(-1.17583302492E+03,350.,28.));
#1231 = CIRCLE('',#1232,150.);
#1232 = AXIS2_PLACEMENT_3D('',#1233,#1234,#1235);
#1233 = CARTESIAN_POINT('',(-1.32583302492E+03,350.,28.));
#1234 = DIRECTION('',(0.,0.,1.));
#1235 = DIRECTION('',(1.,0.,0.));
#1236 = ORIENTED_EDGE('',*,*,#1237,.F.);
#1237 = EDGE_CURVE('',#1238,#1229,#1240,.T.);
#1238 = VERTEX_POINT('',#1239);
#1239 = CARTESIAN_POINT('',(-1.17583302492E+03,350.,0.));
#1240 = LINE('',#1241,#1242);
#1241 = CARTESIAN_POINT('',(-1.17583302492E+03,350.,0.));
#1242 = VECTOR('',#1243,1.);
#1243 = DIRECTION('',(0.,0.,1.));
#1244 = ORIENTED_EDGE('',*,*,#1245,.T.);
#1245 = EDGE_CURVE('',#1238,#1238,#1246,.T.);
#1246 = CIRCLE('',#1247,150.);
#1247 = AXIS2_PLACEMENT_3D('',#1248,#1249,#1250);
#1248 = CARTESIAN_POINT('',(-1.32583302492E+03,350.,0.));
#1249 = DIRECTION('',(0.,0.,1.));
#1250 = DIRECTION('',(1.,0.,0.));
#1251 = ORIENTED_EDGE('',*,*,#1237,.T.);
#1252 = CYLINDRICAL_SURFACE('',#1253,150.);
#1253 = AXIS2_PLACEMENT_3D('',#1254,#1255,#1256);
#1254 = CARTESIAN_POINT('',(-1.32583302492E+03,350.,0.));
#1255 = DIRECTION('',(0.,0.,1.));
#1256 = DIRECTION('',(1.,0.,0.));
#1257 = ADVANCED_FACE('',(#1258),#1261,.T.);
#1258 = FACE_BOUND('',#1259,.T.);
#1259 = EDGE_LOOP('',(#1260));
#1260 = ORIENTED_EDGE('',*,*,#1228,.T.);
#1261 = PLANE('',#1262);
#1262 = AXIS2_PLACEMENT_3D('',#1263,#1264,#1265);
#1263 = CARTESIAN_POINT('',(-1.32583302492E+03,350.,28.));
#1264 = DIRECTION('',(0.,0.,1.));
#1265 = DIRECTION('',(1.,0.,0.));
#1266 = ADVANCED_FACE('',(#1267),#1270,.F.);
#1267 = FACE_BOUND('',#1268,.T.);
#1268 = EDGE_LOOP('',(#1269));
#1269 = ORIENTED_EDGE('',*,*,#1245,.F.);
#1270 = PLANE('',#1271);
#1271 = AXIS2_PLACEMENT_3D('',#1272,#1273,#1274);
#1272 = CARTESIAN_POINT('',(-1.32583302492E+03,350.,0.));
#1273 = DIRECTION('',(0.,0.,1.));
#1274 = DIRECTION('',(1.,0.,0.));
#1275 = MANIFOLD_SOLID_BREP('',#1276);
#1276 = CLOSED_SHELL('',(#1277,#1310,#1319));
#1277 = ADVANCED_FACE('',(#1278),#1305,.T.);
#1278 = FACE_BOUND('',#1279,.T.);
#1279 = EDGE_LOOP('',(#1280,#1289,#1297,#1304));
#1280 = ORIENTED_EDGE('',*,*,#1281,.F.);
#1281 = EDGE_CURVE('',#1282,#1282,#1284,.T.);
#1282 = VERTEX_POINT('',#1283);
#1283 = CARTESIAN_POINT('',(-1.26833302492E+03,350.,458.));
#1284 = CIRCLE('',#1285,57.5);
#1285 = AXIS2_PLACEMENT_3D('',#1286,#1287,#1288);
#1286 = CARTESIAN_POINT('',(-1.32583302492E+03,350.,458.));
#1287 = DIRECTION('',(0.,0.,1.));
#1288 = DIRECTION('',(1.,0.,0.));
#1289 = ORIENTED_EDGE('',*,*,#1290,.F.);
#1290 = EDGE_CURVE('',#1291,#1282,#1293,.T.);
#1291 = VERTEX_POINT('',#1292);
#1292 = CARTESIAN_POINT('',(-1.26833302492E+03,350.,28.));
#1293 = LINE('',#1294,#1295);
#1294 = CARTESIAN_POINT('',(-1.26833302492E+03,350.,28.));
#1295 = VECTOR('',#1296,1.);
#1296 = DIRECTION('',(0.,0.,1.));
#1297 = ORIENTED_EDGE('',*,*,#1298,.T.);
#1298 = EDGE_CURVE('',#1291,#1291,#1299,.T.);
#1299 = CIRCLE('',#1300,57.5);
#1300 = AXIS2_PLACEMENT_3D('',#1301,#1302,#1303);
#1301 = CARTESIAN_POINT('',(-1.32583302492E+03,350.,28.));
#1302 = DIRECTION('',(0.,0.,1.));
#1303 = DIRECTION('',(1.,0.,0.));
#1304 = ORIENTED_EDGE('',*,*,#1290,.T.);
#1305 = CYLINDRICAL_SURFACE('',#1306,57.5);
#1306 = AXIS2_PLACEMENT_3D('',#1307,#1308,#1309);
#1307 = CARTESIAN_POINT('',(-1.32583302492E+03,350.,28.));
#1308 = DIRECTION('',(0.,0.,1.));
#1309 = DIRECTION('',(1.,0.,0.));
#1310 = ADVANCED_FACE('',(#1311),#1314,.T.);
#1311 = FACE_BOUND('',#1312,.T.);
#1312 = EDGE_LOOP('',(#1313));
#1313 = ORIENTED_EDGE('',*,*,#1281,.T.);
#1314 = PLANE('',#1315);
#1315 = AXIS2_PLACEMENT_3D('',#1316,#1317,#1318);
#1316 = CARTESIAN_POINT('',(-1.32583302492E+03,350.,458.));
#1317 = DIRECTION('',(0.,0.,1.));
#1318 = DIRECTION('',(1.,0.,0.));
#1319 = ADVANCED_FACE('',(#1320),#1323,.F.);
#1320 = FACE_BOUND('',#1321,.T.);
#1321 = EDGE_LOOP('',(#1322));
#1322 = ORIENTED_EDGE('',*,*,#1298,.F.);
#1323 = PLANE('',#1324);
#1324 = AXIS2_PLACEMENT_3D('',#1325,#1326,#1327);
#1325 = CARTESIAN_POINT('',(-1.32583302492E+03,350.,28.));
#1326 = DIRECTION('',(0.,0.,1.));
#1327 = DIRECTION('',(1.,0.,0.));
#1328 = MANIFOLD_SOLID_BREP('',#1329);
#1329 = CLOSED_SHELL('',(#1330,#1363,#1372));
#1330 = ADVANCED_FACE('',(#1331),#1358,.T.);
#1331 = FACE_BOUND('',#1332,.T.);
#1332 = EDGE_LOOP('',(#1333,#1342,#1350,#1357));
#1333 = ORIENTED_EDGE('',*,*,#1334,.F.);
#1334 = EDGE_CURVE('',#1335,#1335,#1337,.T.);
#1335 = VERTEX_POINT('',#1336);
#1336 = CARTESIAN_POINT('',(509.80762113533,1.323205080757E+03,28.));
#1337 = CIRCLE('',#1338,150.);
#1338 = AXIS2_PLACEMENT_3D('',#1339,#1340,#1341);
#1339 = CARTESIAN_POINT('',(359.80762113533,1.323205080757E+03,28.));
#1340 = DIRECTION('',(0.,0.,1.));
#1341 = DIRECTION('',(1.,0.,0.));
#1342 = ORIENTED_EDGE('',*,*,#1343,.F.);
#1343 = EDGE_CURVE('',#1344,#1335,#1346,.T.);
#1344 = VERTEX_POINT('',#1345);
#1345 = CARTESIAN_POINT('',(509.80762113533,1.323205080757E+03,0.));
#1346 = LINE('',#1347,#1348);
#1347 = CARTESIAN_POINT('',(509.80762113533,1.323205080757E+03,0.));
#1348 = VECTOR('',#1349,1.);
#1349 = DIRECTION('',(0.,0.,1.));
#1350 = ORIENTED_EDGE('',*,*,#1351,.T.);
#1351 = EDGE_CURVE('',#1344,#1344,#1352,.T.);
#1352 = CIRCLE('',#1353,150.);
#1353 = AXIS2_PLACEMENT_3D('',#1354,#1355,#1356);
#1354 = CARTESIAN_POINT('',(359.80762113533,1.323205080757E+03,0.));
#1355 = DIRECTION('',(0.,0.,1.));
#1356 = DIRECTION('',(1.,0.,0.));
#1357 = ORIENTED_EDGE('',*,*,#1343,.T.);
#1358 = CYLINDRICAL_SURFACE('',#1359,150.);
#1359 = AXIS2_PLACEMENT_3D('',#1360,#1361,#1362);
#1360 = CARTESIAN_POINT('',(359.80762113533,1.323205080757E+03,0.));
#1361 = DIRECTION('',(0.,0.,1.));
#1362 = DIRECTION('',(1.,0.,0.));
#1363 = ADVANCED_FACE('',(#1364),#1367,.T.);
#1364 = FACE_BOUND('',#1365,.T.);
#1365 = EDGE_LOOP('',(#1366));
#1366 = ORIENTED_EDGE('',*,*,#1334,.T.);
#1367 = PLANE('',#1368);
#1368 = AXIS2_PLACEMENT_3D('',#1369,#1370,#1371);
#1369 = CARTESIAN_POINT('',(359.80762113533,1.323205080757E+03,28.));
#1370 = DIRECTION('',(0.,0.,1.));
#1371 = DIRECTION('',(1.,0.,0.));
#1372 = ADVANCED_FACE('',(#1373),#1376,.F.);
#1373 = FACE_BOUND('',#1374,.T.);
#1374 = EDGE_LOOP('',(#1375));
#1375 = ORIENTED_EDGE('',*,*,#1351,.F.);
#1376 = PLANE('',#1377);
#1377 = AXIS2_PLACEMENT_3D('',#1378,#1379,#1380);
#1378 = CARTESIAN_POINT('',(359.80762113533,1.323205080757E+03,0.));
#1379 = DIRECTION('',(0.,0.,1.));
#1380 = DIRECTION('',(1.,0.,0.));
#1381 = MANIFOLD_SOLID_BREP('',#1382);
#1382 = CLOSED_SHELL('',(#1383,#1416,#1425));
#1383 = ADVANCED_FACE('',(#1384),#1411,.T.);
#1384 = FACE_BOUND('',#1385,.T.);
#1385 = EDGE_LOOP('',(#1386,#1395,#1403,#1410));
#1386 = ORIENTED_EDGE('',*,*,#1387,.F.);
#1387 = EDGE_CURVE('',#1388,#1388,#1390,.T.);
#1388 = VERTEX_POINT('',#1389);
#1389 = CARTESIAN_POINT('',(417.30762113533,1.323205080757E+03,458.));
#1390 = CIRCLE('',#1391,57.5);
#1391 = AXIS2_PLACEMENT_3D('',#1392,#1393,#1394);
#1392 = CARTESIAN_POINT('',(359.80762113533,1.323205080757E+03,458.));
#1393 = DIRECTION('',(0.,0.,1.));
#1394 = DIRECTION('',(1.,0.,0.));
#1395 = ORIENTED_EDGE('',*,*,#1396,.F.);
#1396 = EDGE_CURVE('',#1397,#1388,#1399,.T.);
#1397 = VERTEX_POINT('',#1398);
#1398 = CARTESIAN_POINT('',(417.30762113533,1.323205080757E+03,28.));
#1399 = LINE('',#1400,#1401);
#1400 = CARTESIAN_POINT('',(417.30762113533,1.323205080757E+03,28.));
#1401 = VECTOR('',#1402,1.);
#1402 = DIRECTION('',(0.,0.,1.));
#1403 = ORIENTED_EDGE('',*,*,#1404,.T.);
#1404 = EDGE_CURVE('',#1397,#1397,#1405,.T.);
#1405 = CIRCLE('',#1406,57.5);
#1406 = AXIS2_PLACEMENT_3D('',#1407,#1408,#1409);
#1407 = CARTESIAN_POINT('',(359.80762113533,1.323205080757E+03,28.));
#1408 = DIRECTION('',(0.,0.,1.));
#1409 = DIRECTION('',(1.,0.,0.));
#1410 = ORIENTED_EDGE('',*,*,#1396,.T.);
#1411 = CYLINDRICAL_SURFACE('',#1412,57.5);
#1412 = AXIS2_PLACEMENT_3D('',#1413,#1414,#1415);
#1413 = CARTESIAN_POINT('',(359.80762113533,1.323205080757E+03,28.));
#1414 = DIRECTION('',(0.,0.,1.));
#1415 = DIRECTION('',(1.,0.,0.));
#1416 = ADVANCED_FACE('',(#1417),#1420,.T.);
#1417 = FACE_BOUND('',#1418,.T.);
#1418 = EDGE_LOOP('',(#1419));
#1419 = ORIENTED_EDGE('',*,*,#1387,.T.);
#1420 = PLANE('',#1421);
#1421 = AXIS2_PLACEMENT_3D('',#1422,#1423,#1424);
#1422 = CARTESIAN_POINT('',(359.80762113533,1.323205080757E+03,458.));
#1423 = DIRECTION('',(0.,0.,1.));
#1424 = DIRECTION('',(1.,0.,0.));
#1425 = ADVANCED_FACE('',(#1426),#1429,.F.);
#1426 = FACE_BOUND('',#1427,.T.);
#1427 = EDGE_LOOP('',(#1428));
#1428 = ORIENTED_EDGE('',*,*,#1404,.F.);
#1429 = PLANE('',#1430);
#1430 = AXIS2_PLACEMENT_3D('',#1431,#1432,#1433);
#1431 = CARTESIAN_POINT('',(359.80762113533,1.323205080757E+03,28.));
#1432 = DIRECTION('',(0.,0.,1.));
#1433 = DIRECTION('',(1.,0.,0.));
#1434 = MANIFOLD_SOLID_BREP('',#1435);
#1435 = CLOSED_SHELL('',(#1436,#1469,#1478));
#1436 = ADVANCED_FACE('',(#1437),#1464,.T.);
#1437 = FACE_BOUND('',#1438,.T.);
#1438 = EDGE_LOOP('',(#1439,#1448,#1456,#1463));
#1439 = ORIENTED_EDGE('',*,*,#1440,.F.);
#1440 = EDGE_CURVE('',#1441,#1441,#1443,.T.);
#1441 = VERTEX_POINT('',#1442);
#1442 = CARTESIAN_POINT('',(-118.0127018922,-464.2116167511,28.));
#1443 = CIRCLE('',#1444,150.);
#1444 = AXIS2_PLACEMENT_3D('',#1445,#1446,#1447);
#1445 = CARTESIAN_POINT('',(-268.0127018922,-464.2116167511,28.));
#1446 = DIRECTION('',(0.,0.,1.));
#1447 = DIRECTION('',(1.,0.,0.));
#1448 = ORIENTED_EDGE('',*,*,#1449,.F.);
#1449 = EDGE_CURVE('',#1450,#1441,#1452,.T.);
#1450 = VERTEX_POINT('',#1451);
#1451 = CARTESIAN_POINT('',(-118.0127018922,-464.2116167511,0.));
#1452 = LINE('',#1453,#1454);
#1453 = CARTESIAN_POINT('',(-118.0127018922,-464.2116167511,0.));
#1454 = VECTOR('',#1455,1.);
#1455 = DIRECTION('',(0.,0.,1.));
#1456 = ORIENTED_EDGE('',*,*,#1457,.T.);
#1457 = EDGE_CURVE('',#1450,#1450,#1458,.T.);
#1458 = CIRCLE('',#1459,150.);
#1459 = AXIS2_PLACEMENT_3D('',#1460,#1461,#1462);
#1460 = CARTESIAN_POINT('',(-268.0127018922,-464.2116167511,0.));
#1461 = DIRECTION('',(0.,0.,1.));
#1462 = DIRECTION('',(1.,0.,0.));
#1463 = ORIENTED_EDGE('',*,*,#1449,.T.);
#1464 = CYLINDRICAL_SURFACE('',#1465,150.);
#1465 = AXIS2_PLACEMENT_3D('',#1466,#1467,#1468);
#1466 = CARTESIAN_POINT('',(-268.0127018922,-464.2116167511,0.));
#1467 = DIRECTION('',(0.,0.,1.));
#1468 = DIRECTION('',(1.,0.,0.));
#1469 = ADVANCED_FACE('',(#1470),#1473,.T.);
#1470 = FACE_BOUND('',#1471,.T.);
#1471 = EDGE_LOOP('',(#1472));
#1472 = ORIENTED_EDGE('',*,*,#1440,.T.);
#1473 = PLANE('',#1474);
#1474 = AXIS2_PLACEMENT_3D('',#1475,#1476,#1477);
#1475 = CARTESIAN_POINT('',(-268.0127018922,-464.2116167511,28.));
#1476 = DIRECTION('',(0.,0.,1.));
#1477 = DIRECTION('',(1.,0.,0.));
#1478 = ADVANCED_FACE('',(#1479),#1482,.F.);
#1479 = FACE_BOUND('',#1480,.T.);
#1480 = EDGE_LOOP('',(#1481));
#1481 = ORIENTED_EDGE('',*,*,#1457,.F.);
#1482 = PLANE('',#1483);
#1483 = AXIS2_PLACEMENT_3D('',#1484,#1485,#1486);
#1484 = CARTESIAN_POINT('',(-268.0127018922,-464.2116167511,0.));
#1485 = DIRECTION('',(0.,0.,1.));
#1486 = DIRECTION('',(1.,0.,0.));
#1487 = MANIFOLD_SOLID_BREP('',#1488);
#1488 = CLOSED_SHELL('',(#1489,#1522,#1531));
#1489 = ADVANCED_FACE('',(#1490),#1517,.T.);
#1490 = FACE_BOUND('',#1491,.T.);
#1491 = EDGE_LOOP('',(#1492,#1501,#1509,#1516));
#1492 = ORIENTED_EDGE('',*,*,#1493,.F.);
#1493 = EDGE_CURVE('',#1494,#1494,#1496,.T.);
#1494 = VERTEX_POINT('',#1495);
#1495 = CARTESIAN_POINT('',(-210.5127018922,-464.2116167511,458.));
#1496 = CIRCLE('',#1497,57.5);
#1497 = AXIS2_PLACEMENT_3D('',#1498,#1499,#1500);
#1498 = CARTESIAN_POINT('',(-268.0127018922,-464.2116167511,458.));
#1499 = DIRECTION('',(0.,0.,1.));
#1500 = DIRECTION('',(1.,0.,0.));
#1501 = ORIENTED_EDGE('',*,*,#1502,.F.);
#1502 = EDGE_CURVE('',#1503,#1494,#1505,.T.);
#1503 = VERTEX_POINT('',#1504);
#1504 = CARTESIAN_POINT('',(-210.5127018922,-464.2116167511,28.));
#1505 = LINE('',#1506,#1507);
#1506 = CARTESIAN_POINT('',(-210.5127018922,-464.2116167511,28.));
#1507 = VECTOR('',#1508,1.);
#1508 = DIRECTION('',(0.,0.,1.));
#1509 = ORIENTED_EDGE('',*,*,#1510,.T.);
#1510 = EDGE_CURVE('',#1503,#1503,#1511,.T.);
#1511 = CIRCLE('',#1512,57.5);
#1512 = AXIS2_PLACEMENT_3D('',#1513,#1514,#1515);
#1513 = CARTESIAN_POINT('',(-268.0127018922,-464.2116167511,28.));
#1514 = DIRECTION('',(0.,0.,1.));
#1515 = DIRECTION('',(1.,0.,0.));
#1516 = ORIENTED_EDGE('',*,*,#1502,.T.);
#1517 = CYLINDRICAL_SURFACE('',#1518,57.5);
#1518 = AXIS2_PLACEMENT_3D('',#1519,#1520,#1521);
#1519 = CARTESIAN_POINT('',(-268.0127018922,-464.2116167511,28.));
#1520 = DIRECTION('',(0.,0.,1.));
#1521 = DIRECTION('',(1.,0.,0.));
#1522 = ADVANCED_FACE('',(#1523),#1526,.T.);
#1523 = FACE_BOUND('',#1524,.T.);
#1524 = EDGE_LOOP('',(#1525));
#1525 = ORIENTED_EDGE('',*,*,#1493,.T.);
#1526 = PLANE('',#1527);
#1527 = AXIS2_PLACEMENT_3D('',#1528,#1529,#1530);
#1528 = CARTESIAN_POINT('',(-268.0127018922,-464.2116167511,458.));
#1529 = DIRECTION('',(0.,0.,1.));
#1530 = DIRECTION('',(1.,0.,0.));
#1531 = ADVANCED_FACE('',(#1532),#1535,.F.);
#1532 = FACE_BOUND('',#1533,.T.);
#1533 = EDGE_LOOP('',(#1534));
#1534 = ORIENTED_EDGE('',*,*,#1510,.F.);
#1535 = PLANE('',#1536);
#1536 = AXIS2_PLACEMENT_3D('',#1537,#1538,#1539);
#1537 = CARTESIAN_POINT('',(-268.0127018922,-464.2116167511,28.));
#1538 = DIRECTION('',(0.,0.,1.));
#1539 = DIRECTION('',(1.,0.,0.));
#1540 = MANIFOLD_SOLID_BREP('',#1541);
#1541 = CLOSED_SHELL('',(#1542,#1575,#1584));
#1542 = ADVANCED_FACE('',(#1543),#1570,.T.);
#1543 = FACE_BOUND('',#1544,.T.);
#1544 = EDGE_LOOP('',(#1545,#1554,#1562,#1569));
#1545 = ORIENTED_EDGE('',*,*,#1546,.F.);
#1546 = EDGE_CURVE('',#1547,#1547,#1549,.T.);
#1547 = VERTEX_POINT('',#1548);
#1548 = CARTESIAN_POINT('',(509.80762113533,-1.323205080757E+03,28.));
#1549 = CIRCLE('',#1550,150.);
#1550 = AXIS2_PLACEMENT_3D('',#1551,#1552,#1553);
#1551 = CARTESIAN_POINT('',(359.80762113533,-1.323205080757E+03,28.));
#1552 = DIRECTION('',(0.,0.,1.));
#1553 = DIRECTION('',(1.,0.,0.));
#1554 = ORIENTED_EDGE('',*,*,#1555,.F.);
#1555 = EDGE_CURVE('',#1556,#1547,#1558,.T.);
#1556 = VERTEX_POINT('',#1557);
#1557 = CARTESIAN_POINT('',(509.80762113533,-1.323205080757E+03,0.));
#1558 = LINE('',#1559,#1560);
#1559 = CARTESIAN_POINT('',(509.80762113533,-1.323205080757E+03,0.));
#1560 = VECTOR('',#1561,1.);
#1561 = DIRECTION('',(0.,0.,1.));
#1562 = ORIENTED_EDGE('',*,*,#1563,.T.);
#1563 = EDGE_CURVE('',#1556,#1556,#1564,.T.);
#1564 = CIRCLE('',#1565,150.);
#1565 = AXIS2_PLACEMENT_3D('',#1566,#1567,#1568);
#1566 = CARTESIAN_POINT('',(359.80762113533,-1.323205080757E+03,0.));
#1567 = DIRECTION('',(0.,0.,1.));
#1568 = DIRECTION('',(1.,0.,0.));
#1569 = ORIENTED_EDGE('',*,*,#1555,.T.);
#1570 = CYLINDRICAL_SURFACE('',#1571,150.);
#1571 = AXIS2_PLACEMENT_3D('',#1572,#1573,#1574);
#1572 = CARTESIAN_POINT('',(359.80762113533,-1.323205080757E+03,0.));
#1573 = DIRECTION('',(0.,0.,1.));
#1574 = DIRECTION('',(1.,0.,0.));
#1575 = ADVANCED_FACE('',(#1576),#1579,.T.);
#1576 = FACE_BOUND('',#1577,.T.);
#1577 = EDGE_LOOP('',(#1578));
#1578 = ORIENTED_EDGE('',*,*,#1546,.T.);
#1579 = PLANE('',#1580);
#1580 = AXIS2_PLACEMENT_3D('',#1581,#1582,#1583);
#1581 = CARTESIAN_POINT('',(359.80762113533,-1.323205080757E+03,28.));
#1582 = DIRECTION('',(0.,0.,1.));
#1583 = DIRECTION('',(1.,0.,0.));
#1584 = ADVANCED_FACE('',(#1585),#1588,.F.);
#1585 = FACE_BOUND('',#1586,.T.);
#1586 = EDGE_LOOP('',(#1587));
#1587 = ORIENTED_EDGE('',*,*,#1563,.F.);
#1588 = PLANE('',#1589);
#1589 = AXIS2_PLACEMENT_3D('',#1590,#1591,#1592);
#1590 = CARTESIAN_POINT('',(359.80762113533,-1.323205080757E+03,0.));
#1591 = DIRECTION('',(0.,0.,1.));
#1592 = DIRECTION('',(1.,0.,0.));
#1593 = MANIFOLD_SOLID_BREP('',#1594);
#1594 = CLOSED_SHELL('',(#1595,#1628,#1637));
#1595 = ADVANCED_FACE('',(#1596),#1623,.T.);
#1596 = FACE_BOUND('',#1597,.T.);
#1597 = EDGE_LOOP('',(#1598,#1607,#1615,#1622));
#1598 = ORIENTED_EDGE('',*,*,#1599,.F.);
#1599 = EDGE_CURVE('',#1600,#1600,#1602,.T.);
#1600 = VERTEX_POINT('',#1601);
#1601 = CARTESIAN_POINT('',(417.30762113533,-1.323205080757E+03,458.));
#1602 = CIRCLE('',#1603,57.5);
#1603 = AXIS2_PLACEMENT_3D('',#1604,#1605,#1606);
#1604 = CARTESIAN_POINT('',(359.80762113533,-1.323205080757E+03,458.));
#1605 = DIRECTION('',(0.,0.,1.));
#1606 = DIRECTION('',(1.,0.,0.));
#1607 = ORIENTED_EDGE('',*,*,#1608,.F.);
#1608 = EDGE_CURVE('',#1609,#1600,#1611,.T.);
#1609 = VERTEX_POINT('',#1610);
#1610 = CARTESIAN_POINT('',(417.30762113533,-1.323205080757E+03,28.));
#1611 = LINE('',#1612,#1613);
#1612 = CARTESIAN_POINT('',(417.30762113533,-1.323205080757E+03,28.));
#1613 = VECTOR('',#1614,1.);
#1614 = DIRECTION('',(0.,0.,1.));
#1615 = ORIENTED_EDGE('',*,*,#1616,.T.);
#1616 = EDGE_CURVE('',#1609,#1609,#1617,.T.);
#1617 = CIRCLE('',#1618,57.5);
#1618 = AXIS2_PLACEMENT_3D('',#1619,#1620,#1621);
#1619 = CARTESIAN_POINT('',(359.80762113533,-1.323205080757E+03,28.));
#1620 = DIRECTION('',(0.,0.,1.));
#1621 = DIRECTION('',(1.,0.,0.));
#1622 = ORIENTED_EDGE('',*,*,#1608,.T.);
#1623 = CYLINDRICAL_SURFACE('',#1624,57.5);
#1624 = AXIS2_PLACEMENT_3D('',#1625,#1626,#1627);
#1625 = CARTESIAN_POINT('',(359.80762113533,-1.323205080757E+03,28.));
#1626 = DIRECTION('',(0.,0.,1.));
#1627 = DIRECTION('',(1.,0.,0.));
#1628 = ADVANCED_FACE('',(#1629),#1632,.T.);
#1629 = FACE_BOUND('',#1630,.T.);
#1630 = EDGE_LOOP('',(#1631));
#1631 = ORIENTED_EDGE('',*,*,#1599,.T.);
#1632 = PLANE('',#1633);
#1633 = AXIS2_PLACEMENT_3D('',#1634,#1635,#1636);
#1634 = CARTESIAN_POINT('',(359.80762113533,-1.323205080757E+03,458.));
#1635 = DIRECTION('',(0.,0.,1.));
#1636 = DIRECTION('',(1.,0.,0.));
#1637 = ADVANCED_FACE('',(#1638),#1641,.F.);
#1638 = FACE_BOUND('',#1639,.T.);
#1639 = EDGE_LOOP('',(#1640));
#1640 = ORIENTED_EDGE('',*,*,#1616,.F.);
#1641 = PLANE('',#1642);
#1642 = AXIS2_PLACEMENT_3D('',#1643,#1644,#1645);
#1643 = CARTESIAN_POINT('',(359.80762113533,-1.323205080757E+03,28.));
#1644 = DIRECTION('',(0.,0.,1.));
#1645 = DIRECTION('',(1.,0.,0.));
#1646 = MANIFOLD_SOLID_BREP('',#1647);
#1647 = CLOSED_SHELL('',(#1648,#1681,#1690));
#1648 = ADVANCED_FACE('',(#1649),#1676,.T.);
#1649 = FACE_BOUND('',#1650,.T.);
#1650 = EDGE_LOOP('',(#1651,#1660,#1668,#1675));
#1651 = ORIENTED_EDGE('',*,*,#1652,.F.);
#1652 = EDGE_CURVE('',#1653,#1653,#1655,.T.);
#1653 = VERTEX_POINT('',#1654);
#1654 = CARTESIAN_POINT('',(-1.17583302492E+03,-350.,28.));
#1655 = CIRCLE('',#1656,150.);
#1656 = AXIS2_PLACEMENT_3D('',#1657,#1658,#1659);
#1657 = CARTESIAN_POINT('',(-1.32583302492E+03,-350.,28.));
#1658 = DIRECTION('',(0.,0.,1.));
#1659 = DIRECTION('',(1.,0.,0.));
#1660 = ORIENTED_EDGE('',*,*,#1661,.F.);
#1661 = EDGE_CURVE('',#1662,#1653,#1664,.T.);
#1662 = VERTEX_POINT('',#1663);
#1663 = CARTESIAN_POINT('',(-1.17583302492E+03,-350.,0.));
#1664 = LINE('',#1665,#1666);
#1665 = CARTESIAN_POINT('',(-1.17583302492E+03,-350.,0.));
#1666 = VECTOR('',#1667,1.);
#1667 = DIRECTION('',(0.,0.,1.));
#1668 = ORIENTED_EDGE('',*,*,#1669,.T.);
#1669 = EDGE_CURVE('',#1662,#1662,#1670,.T.);
#1670 = CIRCLE('',#1671,150.);
#1671 = AXIS2_PLACEMENT_3D('',#1672,#1673,#1674);
#1672 = CARTESIAN_POINT('',(-1.32583302492E+03,-350.,0.));
#1673 = DIRECTION('',(0.,0.,1.));
#1674 = DIRECTION('',(1.,0.,0.));
#1675 = ORIENTED_EDGE('',*,*,#1661,.T.);
#1676 = CYLINDRICAL_SURFACE('',#1677,150.);
#1677 = AXIS2_PLACEMENT_3D('',#1678,#1679,#1680);
#1678 = CARTESIAN_POINT('',(-1.32583302492E+03,-350.,0.));
#1679 = DIRECTION('',(0.,0.,1.));
#1680 = DIRECTION('',(1.,0.,0.));
#1681 = ADVANCED_FACE('',(#1682),#1685,.T.);
#1682 = FACE_BOUND('',#1683,.T.);
#1683 = EDGE_LOOP('',(#1684));
#1684 = ORIENTED_EDGE('',*,*,#1652,.T.);
#1685 = PLANE('',#1686);
#1686 = AXIS2_PLACEMENT_3D('',#1687,#1688,#1689);
#1687 = CARTESIAN_POINT('',(-1.32583302492E+03,-350.,28.));
#1688 = DIRECTION('',(0.,0.,1.));
#1689 = DIRECTION('',(1.,0.,0.));
#1690 = ADVANCED_FACE('',(#1691),#1694,.F.);
#1691 = FACE_BOUND('',#1692,.T.);
#1692 = EDGE_LOOP('',(#1693));
#1693 = ORIENTED_EDGE('',*,*,#1669,.F.);
#1694 = PLANE('',#1695);
#1695 = AXIS2_PLACEMENT_3D('',#1696,#1697,#1698);
#1696 = CARTESIAN_POINT('',(-1.32583302492E+03,-350.,0.));
#1697 = DIRECTION('',(0.,0.,1.));
#1698 = DIRECTION('',(1.,0.,0.));
#1699 = MANIFOLD_SOLID_BREP('',#1700);
#1700 = CLOSED_SHELL('',(#1701,#1734,#1743));
#1701 = ADVANCED_FACE('',(#1702),#1729,.T.);
#1702 = FACE_BOUND('',#1703,.T.);
#1703 = EDGE_LOOP('',(#1704,#1713,#1721,#1728));
#1704 = ORIENTED_EDGE('',*,*,#1705,.F.);
#1705 = EDGE_CURVE('',#1706,#1706,#1708,.T.);
#1706 = VERTEX_POINT('',#1707);
#1707 = CARTESIAN_POINT('',(-1.26833302492E+03,-350.,458.));
#1708 = CIRCLE('',#1709,57.5);
#1709 = AXIS2_PLACEMENT_3D('',#1710,#1711,#1712);
#1710 = CARTESIAN_POINT('',(-1.32583302492E+03,-350.,458.));
#1711 = DIRECTION('',(0.,0.,1.));
#1712 = DIRECTION('',(1.,0.,0.));
#1713 = ORIENTED_EDGE('',*,*,#1714,.F.);
#1714 = EDGE_CURVE('',#1715,#1706,#1717,.T.);
#1715 = VERTEX_POINT('',#1716);
#1716 = CARTESIAN_POINT('',(-1.26833302492E+03,-350.,28.));
#1717 = LINE('',#1718,#1719);
#1718 = CARTESIAN_POINT('',(-1.26833302492E+03,-350.,28.));
#1719 = VECTOR('',#1720,1.);
#1720 = DIRECTION('',(0.,0.,1.));
#1721 = ORIENTED_EDGE('',*,*,#1722,.T.);
#1722 = EDGE_CURVE('',#1715,#1715,#1723,.T.);
#1723 = CIRCLE('',#1724,57.5);
#1724 = AXIS2_PLACEMENT_3D('',#1725,#1726,#1727);
#1725 = CARTESIAN_POINT('',(-1.32583302492E+03,-350.,28.));
#1726 = DIRECTION('',(0.,0.,1.));
#1727 = DIRECTION('',(1.,0.,0.));
#1728 = ORIENTED_EDGE('',*,*,#1714,.T.);
#1729 = CYLINDRICAL_SURFACE('',#1730,57.5);
#1730 = AXIS2_PLACEMENT_3D('',#1731,#1732,#1733);
#1731 = CARTESIAN_POINT('',(-1.32583302492E+03,-350.,28.));
#1732 = DIRECTION('',(0.,0.,1.));
#1733 = DIRECTION('',(1.,0.,0.));
#1734 = ADVANCED_FACE('',(#1735),#1738,.T.);
#1735 = FACE_BOUND('',#1736,.T.);
#1736 = EDGE_LOOP('',(#1737));
#1737 = ORIENTED_EDGE('',*,*,#1705,.T.);
#1738 = PLANE('',#1739);
#1739 = AXIS2_PLACEMENT_3D('',#1740,#1741,#1742);
#1740 = CARTESIAN_POINT('',(-1.32583302492E+03,-350.,458.));
#1741 = DIRECTION('',(0.,0.,1.));
#1742 = DIRECTION('',(1.,0.,0.));
#1743 = ADVANCED_FACE('',(#1744),#1747,.F.);
#1744 = FACE_BOUND('',#1745,.T.);
#1745 = EDGE_LOOP('',(#1746));
#1746 = ORIENTED_EDGE('',*,*,#1722,.F.);
#1747 = PLANE('',#1748);
#1748 = AXIS2_PLACEMENT_3D('',#1749,#1750,#1751);
#1749 = CARTESIAN_POINT('',(-1.32583302492E+03,-350.,28.));
#1750 = DIRECTION('',(0.,0.,1.));
#1751 = DIRECTION('',(1.,0.,0.));
#1752 = MANIFOLD_SOLID_BREP('',#1753);
#1753 = CLOSED_SHELL('',(#1754,#1794,#1825,#1856,#1878,#1890));
#1754 = ADVANCED_FACE('',(#1755),#1789,.F.);
#1755 = FACE_BOUND('',#1756,.F.);
#1756 = EDGE_LOOP('',(#1757,#1767,#1775,#1783));
#1757 = ORIENTED_EDGE('',*,*,#1758,.T.);
#1758 = EDGE_CURVE('',#1759,#1761,#1763,.T.);
#1759 = VERTEX_POINT('',#1760);
#1760 = CARTESIAN_POINT('',(466.02540378443,-507.1796769724,710.));
#1761 = VERTEX_POINT('',#1762);
#1762 = CARTESIAN_POINT('',(466.02540378443,-507.1796769724,750.));
#1763 = LINE('',#1764,#1765);
#1764 = CARTESIAN_POINT('',(466.02540378443,-507.1796769724,710.));
#1765 = VECTOR('',#1766,1.);
#1766 = DIRECTION('',(0.,0.,1.));
#1767 = ORIENTED_EDGE('',*,*,#1768,.T.);
#1768 = EDGE_CURVE('',#1761,#1769,#1771,.T.);
#1769 = VERTEX_POINT('',#1770);
#1770 = CARTESIAN_POINT('',(866.02540378443,-400.,750.));
#1771 = LINE('',#1772,#1773);
#1772 = CARTESIAN_POINT('',(466.02540378443,-507.1796769724,750.));
#1773 = VECTOR('',#1774,1.);
#1774 = DIRECTION('',(0.965925826289,0.258819045103,0.));
#1775 = ORIENTED_EDGE('',*,*,#1776,.F.);
#1776 = EDGE_CURVE('',#1777,#1769,#1779,.T.);
#1777 = VERTEX_POINT('',#1778);
#1778 = CARTESIAN_POINT('',(866.02540378443,-400.,710.));
#1779 = LINE('',#1780,#1781);
#1780 = CARTESIAN_POINT('',(866.02540378443,-400.,710.));
#1781 = VECTOR('',#1782,1.);
#1782 = DIRECTION('',(0.,0.,1.));
#1783 = ORIENTED_EDGE('',*,*,#1784,.F.);
#1784 = EDGE_CURVE('',#1759,#1777,#1785,.T.);
#1785 = LINE('',#1786,#1787);
#1786 = CARTESIAN_POINT('',(466.02540378443,-507.1796769724,710.));
#1787 = VECTOR('',#1788,1.);
#1788 = DIRECTION('',(0.965925826289,0.258819045103,0.));
#1789 = PLANE('',#1790);
#1790 = AXIS2_PLACEMENT_3D('',#1791,#1792,#1793);
#1791 = CARTESIAN_POINT('',(466.02540378443,-507.1796769724,710.));
#1792 = DIRECTION('',(-0.258819045103,0.965925826289,0.));
#1793 = DIRECTION('',(0.965925826289,0.258819045103,0.));
#1794 = ADVANCED_FACE('',(#1795),#1820,.F.);
#1795 = FACE_BOUND('',#1796,.F.);
#1796 = EDGE_LOOP('',(#1797,#1798,#1806,#1814));
#1797 = ORIENTED_EDGE('',*,*,#1776,.T.);
#1798 = ORIENTED_EDGE('',*,*,#1799,.T.);
#1799 = EDGE_CURVE('',#1769,#1800,#1802,.T.);
#1800 = VERTEX_POINT('',#1801);
#1801 = CARTESIAN_POINT('',(866.02540378443,400.,750.));
#1802 = LINE('',#1803,#1804);
#1803 = CARTESIAN_POINT('',(866.02540378443,-400.,750.));
#1804 = VECTOR('',#1805,1.);
#1805 = DIRECTION('',(0.,1.,0.));
#1806 = ORIENTED_EDGE('',*,*,#1807,.F.);
#1807 = EDGE_CURVE('',#1808,#1800,#1810,.T.);
#1808 = VERTEX_POINT('',#1809);
#1809 = CARTESIAN_POINT('',(866.02540378443,400.,710.));
#1810 = LINE('',#1811,#1812);
#1811 = CARTESIAN_POINT('',(866.02540378443,400.,710.));
#1812 = VECTOR('',#1813,1.);
#1813 = DIRECTION('',(0.,0.,1.));
#1814 = ORIENTED_EDGE('',*,*,#1815,.F.);
#1815 = EDGE_CURVE('',#1777,#1808,#1816,.T.);
#1816 = LINE('',#1817,#1818);
#1817 = CARTESIAN_POINT('',(866.02540378443,-400.,710.));
#1818 = VECTOR('',#1819,1.);
#1819 = DIRECTION('',(0.,1.,0.));
#1820 = PLANE('',#1821);
#1821 = AXIS2_PLACEMENT_3D('',#1822,#1823,#1824);
#1822 = CARTESIAN_POINT('',(866.02540378443,-400.,710.));
#1823 = DIRECTION('',(-1.,0.,0.));
#1824 = DIRECTION('',(0.,1.,0.));
#1825 = ADVANCED_FACE('',(#1826),#1851,.F.);
#1826 = FACE_BOUND('',#1827,.F.);
#1827 = EDGE_LOOP('',(#1828,#1829,#1837,#1845));
#1828 = ORIENTED_EDGE('',*,*,#1807,.T.);
#1829 = ORIENTED_EDGE('',*,*,#1830,.T.);
#1830 = EDGE_CURVE('',#1800,#1831,#1833,.T.);
#1831 = VERTEX_POINT('',#1832);
#1832 = CARTESIAN_POINT('',(466.02540378443,507.17967697244,750.));
#1833 = LINE('',#1834,#1835);
#1834 = CARTESIAN_POINT('',(866.02540378443,400.,750.));
#1835 = VECTOR('',#1836,1.);
#1836 = DIRECTION('',(-0.965925826289,0.258819045103,0.));
#1837 = ORIENTED_EDGE('',*,*,#1838,.F.);
#1838 = EDGE_CURVE('',#1839,#1831,#1841,.T.);
#1839 = VERTEX_POINT('',#1840);
#1840 = CARTESIAN_POINT('',(466.02540378443,507.17967697244,710.));
#1841 = LINE('',#1842,#1843);
#1842 = CARTESIAN_POINT('',(466.02540378443,507.17967697244,710.));
#1843 = VECTOR('',#1844,1.);
#1844 = DIRECTION('',(0.,0.,1.));
#1845 = ORIENTED_EDGE('',*,*,#1846,.F.);
#1846 = EDGE_CURVE('',#1808,#1839,#1847,.T.);
#1847 = LINE('',#1848,#1849);
#1848 = CARTESIAN_POINT('',(866.02540378443,400.,710.));
#1849 = VECTOR('',#1850,1.);
#1850 = DIRECTION('',(-0.965925826289,0.258819045103,0.));
#1851 = PLANE('',#1852);
#1852 = AXIS2_PLACEMENT_3D('',#1853,#1854,#1855);
#1853 = CARTESIAN_POINT('',(866.02540378443,400.,710.));
#1854 = DIRECTION('',(-0.258819045103,-0.965925826289,0.));
#1855 = DIRECTION('',(-0.965925826289,0.258819045103,0.));
#1856 = ADVANCED_FACE('',(#1857),#1873,.F.);
#1857 = FACE_BOUND('',#1858,.F.);
#1858 = EDGE_LOOP('',(#1859,#1860,#1866,#1867));
#1859 = ORIENTED_EDGE('',*,*,#1838,.T.);
#1860 = ORIENTED_EDGE('',*,*,#1861,.T.);
#1861 = EDGE_CURVE('',#1831,#1761,#1862,.T.);
#1862 = LINE('',#1863,#1864);
#1863 = CARTESIAN_POINT('',(466.02540378443,507.17967697244,750.));
#1864 = VECTOR('',#1865,1.);
#1865 = DIRECTION('',(0.,-1.,0.));
#1866 = ORIENTED_EDGE('',*,*,#1758,.F.);
#1867 = ORIENTED_EDGE('',*,*,#1868,.F.);
#1868 = EDGE_CURVE('',#1839,#1759,#1869,.T.);
#1869 = LINE('',#1870,#1871);
#1870 = CARTESIAN_POINT('',(466.02540378443,507.17967697244,710.));
#1871 = VECTOR('',#1872,1.);
#1872 = DIRECTION('',(0.,-1.,0.));
#1873 = PLANE('',#1874);
#1874 = AXIS2_PLACEMENT_3D('',#1875,#1876,#1877);
#1875 = CARTESIAN_POINT('',(466.02540378443,507.17967697244,710.));
#1876 = DIRECTION('',(1.,0.,0.));
#1877 = DIRECTION('',(0.,-1.,0.));
#1878 = ADVANCED_FACE('',(#1879),#1885,.F.);
#1879 = FACE_BOUND('',#1880,.F.);
#1880 = EDGE_LOOP('',(#1881,#1882,#1883,#1884));
#1881 = ORIENTED_EDGE('',*,*,#1784,.T.);
#1882 = ORIENTED_EDGE('',*,*,#1815,.T.);
#1883 = ORIENTED_EDGE('',*,*,#1846,.T.);
#1884 = ORIENTED_EDGE('',*,*,#1868,.T.);
#1885 = PLANE('',#1886);
#1886 = AXIS2_PLACEMENT_3D('',#1887,#1888,#1889);
#1887 = CARTESIAN_POINT('',(649.80191539432,-2.934422979712E-15,710.));
#1888 = DIRECTION('',(0.,0.,1.));
#1889 = DIRECTION('',(1.,0.,0.));
#1890 = ADVANCED_FACE('',(#1891),#1897,.T.);
#1891 = FACE_BOUND('',#1892,.T.);
#1892 = EDGE_LOOP('',(#1893,#1894,#1895,#1896));
#1893 = ORIENTED_EDGE('',*,*,#1768,.T.);
#1894 = ORIENTED_EDGE('',*,*,#1799,.T.);
#1895 = ORIENTED_EDGE('',*,*,#1830,.T.);
#1896 = ORIENTED_EDGE('',*,*,#1861,.T.);
#1897 = PLANE('',#1898);
#1898 = AXIS2_PLACEMENT_3D('',#1899,#1900,#1901);
#1899 = CARTESIAN_POINT('',(649.80191539432,-2.934422979712E-15,750.));
#1900 = DIRECTION('',(0.,0.,1.));
#1901 = DIRECTION('',(1.,0.,0.));
#1902 = MANIFOLD_SOLID_BREP('',#1903);
#1903 = CLOSED_SHELL('',(#1904,#1937,#1946));
#1904 = ADVANCED_FACE('',(#1905),#1932,.T.);
#1905 = FACE_BOUND('',#1906,.T.);
#1906 = EDGE_LOOP('',(#1907,#1916,#1924,#1931));
#1907 = ORIENTED_EDGE('',*,*,#1908,.F.);
#1908 = EDGE_CURVE('',#1909,#1909,#1911,.T.);
#1909 = VERTEX_POINT('',#1910);
#1910 = CARTESIAN_POINT('',(579.02540378443,-1.053196247267E-14,710.));
#1911 = CIRCLE('',#1912,43.);
#1912 = AXIS2_PLACEMENT_3D('',#1913,#1914,#1915);
#1913 = CARTESIAN_POINT('',(536.02540378443,0.,710.));
#1914 = DIRECTION('',(0.,0.,1.));
#1915 = DIRECTION('',(1.,0.,0.));
#1916 = ORIENTED_EDGE('',*,*,#1917,.F.);
#1917 = EDGE_CURVE('',#1918,#1909,#1920,.T.);
#1918 = VERTEX_POINT('',#1919);
#1919 = CARTESIAN_POINT('',(579.02540378443,-1.053196247267E-14,301.));
#1920 = LINE('',#1921,#1922);
#1921 = CARTESIAN_POINT('',(579.02540378443,-1.053196247267E-14,301.));
#1922 = VECTOR('',#1923,1.);
#1923 = DIRECTION('',(0.,0.,1.));
#1924 = ORIENTED_EDGE('',*,*,#1925,.T.);
#1925 = EDGE_CURVE('',#1918,#1918,#1926,.T.);
#1926 = CIRCLE('',#1927,43.);
#1927 = AXIS2_PLACEMENT_3D('',#1928,#1929,#1930);
#1928 = CARTESIAN_POINT('',(536.02540378443,0.,301.));
#1929 = DIRECTION('',(0.,0.,1.));
#1930 = DIRECTION('',(1.,0.,0.));
#1931 = ORIENTED_EDGE('',*,*,#1917,.T.);
#1932 = CYLINDRICAL_SURFACE('',#1933,43.);
#1933 = AXIS2_PLACEMENT_3D('',#1934,#1935,#1936);
#1934 = CARTESIAN_POINT('',(536.02540378443,0.,301.));
#1935 = DIRECTION('',(0.,0.,1.));
#1936 = DIRECTION('',(1.,0.,0.));
#1937 = ADVANCED_FACE('',(#1938),#1941,.T.);
#1938 = FACE_BOUND('',#1939,.T.);
#1939 = EDGE_LOOP('',(#1940));
#1940 = ORIENTED_EDGE('',*,*,#1908,.T.);
#1941 = PLANE('',#1942);
#1942 = AXIS2_PLACEMENT_3D('',#1943,#1944,#1945);
#1943 = CARTESIAN_POINT('',(536.02540378443,0.,710.));
#1944 = DIRECTION('',(0.,0.,1.));
#1945 = DIRECTION('',(1.,0.,0.));
#1946 = ADVANCED_FACE('',(#1947),#1950,.F.);
#1947 = FACE_BOUND('',#1948,.T.);
#1948 = EDGE_LOOP('',(#1949));
#1949 = ORIENTED_EDGE('',*,*,#1925,.F.);
#1950 = PLANE('',#1951);
#1951 = AXIS2_PLACEMENT_3D('',#1952,#1953,#1954);
#1952 = CARTESIAN_POINT('',(536.02540378443,0.,301.));
#1953 = DIRECTION('',(0.,0.,1.));
#1954 = DIRECTION('',(1.,0.,0.));
#1955 = MANIFOLD_SOLID_BREP('',#1956);
#1956 = CLOSED_SHELL('',(#1957,#1997,#2028,#2059,#2081,#2093));
#1957 = ADVANCED_FACE('',(#1958),#1992,.T.);
#1958 = FACE_BOUND('',#1959,.T.);
#1959 = EDGE_LOOP('',(#1960,#1970,#1978,#1986));
#1960 = ORIENTED_EDGE('',*,*,#1961,.T.);
#1961 = EDGE_CURVE('',#1962,#1964,#1966,.T.);
#1962 = VERTEX_POINT('',#1963);
#1963 = CARTESIAN_POINT('',(466.02540378443,507.17967697244,710.));
#1964 = VERTEX_POINT('',#1965);
#1965 = CARTESIAN_POINT('',(466.02540378443,507.17967697244,750.));
#1966 = LINE('',#1967,#1968);
#1967 = CARTESIAN_POINT('',(466.02540378443,507.17967697244,710.));
#1968 = VECTOR('',#1969,1.);
#1969 = DIRECTION('',(0.,0.,1.));
#1970 = ORIENTED_EDGE('',*,*,#1971,.T.);
#1971 = EDGE_CURVE('',#1964,#1972,#1974,.T.);
#1972 = VERTEX_POINT('',#1973);
#1973 = CARTESIAN_POINT('',(1.066025403784E+03,1.546410161514E+03,750.)
  );
#1974 = LINE('',#1975,#1976);
#1975 = CARTESIAN_POINT('',(466.02540378443,507.17967697244,750.));
#1976 = VECTOR('',#1977,1.);
#1977 = DIRECTION('',(0.5,0.866025403784,0.));
#1978 = ORIENTED_EDGE('',*,*,#1979,.F.);
#1979 = EDGE_CURVE('',#1980,#1972,#1982,.T.);
#1980 = VERTEX_POINT('',#1981);
#1981 = CARTESIAN_POINT('',(1.066025403784E+03,1.546410161514E+03,710.)
  );
#1982 = LINE('',#1983,#1984);
#1983 = CARTESIAN_POINT('',(1.066025403784E+03,1.546410161514E+03,710.)
  );
#1984 = VECTOR('',#1985,1.);
#1985 = DIRECTION('',(0.,0.,1.));
#1986 = ORIENTED_EDGE('',*,*,#1987,.F.);
#1987 = EDGE_CURVE('',#1962,#1980,#1988,.T.);
#1988 = LINE('',#1989,#1990);
#1989 = CARTESIAN_POINT('',(466.02540378443,507.17967697244,710.));
#1990 = VECTOR('',#1991,1.);
#1991 = DIRECTION('',(0.5,0.866025403784,0.));
#1992 = PLANE('',#1993);
#1993 = AXIS2_PLACEMENT_3D('',#1994,#1995,#1996);
#1994 = CARTESIAN_POINT('',(466.02540378443,507.17967697244,710.));
#1995 = DIRECTION('',(-0.866025403784,0.5,0.));
#1996 = DIRECTION('',(0.5,0.866025403784,0.));
#1997 = ADVANCED_FACE('',(#1998),#2023,.T.);
#1998 = FACE_BOUND('',#1999,.T.);
#1999 = EDGE_LOOP('',(#2000,#2001,#2009,#2017));
#2000 = ORIENTED_EDGE('',*,*,#1979,.T.);
#2001 = ORIENTED_EDGE('',*,*,#2002,.T.);
#2002 = EDGE_CURVE('',#1972,#2003,#2005,.T.);
#2003 = VERTEX_POINT('',#2004);
#2004 = CARTESIAN_POINT('',(1.466025403784E+03,1.439230484541E+03,750.)
  );
#2005 = LINE('',#2006,#2007);
#2006 = CARTESIAN_POINT('',(1.066025403784E+03,1.546410161514E+03,750.)
  );
#2007 = VECTOR('',#2008,1.);
#2008 = DIRECTION('',(0.965925826289,-0.258819045103,0.));
#2009 = ORIENTED_EDGE('',*,*,#2010,.F.);
#2010 = EDGE_CURVE('',#2011,#2003,#2013,.T.);
#2011 = VERTEX_POINT('',#2012);
#2012 = CARTESIAN_POINT('',(1.466025403784E+03,1.439230484541E+03,710.)
  );
#2013 = LINE('',#2014,#2015);
#2014 = CARTESIAN_POINT('',(1.466025403784E+03,1.439230484541E+03,710.)
  );
#2015 = VECTOR('',#2016,1.);
#2016 = DIRECTION('',(0.,0.,1.));
#2017 = ORIENTED_EDGE('',*,*,#2018,.F.);
#2018 = EDGE_CURVE('',#1980,#2011,#2019,.T.);
#2019 = LINE('',#2020,#2021);
#2020 = CARTESIAN_POINT('',(1.066025403784E+03,1.546410161514E+03,710.)
  );
#2021 = VECTOR('',#2022,1.);
#2022 = DIRECTION('',(0.965925826289,-0.258819045103,0.));
#2023 = PLANE('',#2024);
#2024 = AXIS2_PLACEMENT_3D('',#2025,#2026,#2027);
#2025 = CARTESIAN_POINT('',(1.066025403784E+03,1.546410161514E+03,710.)
  );
#2026 = DIRECTION('',(0.258819045103,0.965925826289,0.));
#2027 = DIRECTION('',(0.965925826289,-0.258819045103,0.));
#2028 = ADVANCED_FACE('',(#2029),#2054,.T.);
#2029 = FACE_BOUND('',#2030,.T.);
#2030 = EDGE_LOOP('',(#2031,#2032,#2040,#2048));
#2031 = ORIENTED_EDGE('',*,*,#2010,.T.);
#2032 = ORIENTED_EDGE('',*,*,#2033,.T.);
#2033 = EDGE_CURVE('',#2003,#2034,#2036,.T.);
#2034 = VERTEX_POINT('',#2035);
#2035 = CARTESIAN_POINT('',(866.02540378443,400.,750.));
#2036 = LINE('',#2037,#2038);
#2037 = CARTESIAN_POINT('',(1.466025403784E+03,1.439230484541E+03,750.)
  );
#2038 = VECTOR('',#2039,1.);
#2039 = DIRECTION('',(-0.5,-0.866025403784,0.));
#2040 = ORIENTED_EDGE('',*,*,#2041,.F.);
#2041 = EDGE_CURVE('',#2042,#2034,#2044,.T.);
#2042 = VERTEX_POINT('',#2043);
#2043 = CARTESIAN_POINT('',(866.02540378443,400.,710.));
#2044 = LINE('',#2045,#2046);
#2045 = CARTESIAN_POINT('',(866.02540378443,400.,710.));
#2046 = VECTOR('',#2047,1.);
#2047 = DIRECTION('',(0.,0.,1.));
#2048 = ORIENTED_EDGE('',*,*,#2049,.F.);
#2049 = EDGE_CURVE('',#2011,#2042,#2050,.T.);
#2050 = LINE('',#2051,#2052);
#2051 = CARTESIAN_POINT('',(1.466025403784E+03,1.439230484541E+03,710.)
  );
#2052 = VECTOR('',#2053,1.);
#2053 = DIRECTION('',(-0.5,-0.866025403784,0.));
#2054 = PLANE('',#2055);
#2055 = AXIS2_PLACEMENT_3D('',#2056,#2057,#2058);
#2056 = CARTESIAN_POINT('',(1.466025403784E+03,1.439230484541E+03,710.)
  );
#2057 = DIRECTION('',(0.866025403784,-0.5,0.));
#2058 = DIRECTION('',(-0.5,-0.866025403784,0.));
#2059 = ADVANCED_FACE('',(#2060),#2076,.T.);
#2060 = FACE_BOUND('',#2061,.T.);
#2061 = EDGE_LOOP('',(#2062,#2063,#2069,#2070));
#2062 = ORIENTED_EDGE('',*,*,#2041,.T.);
#2063 = ORIENTED_EDGE('',*,*,#2064,.T.);
#2064 = EDGE_CURVE('',#2034,#1964,#2065,.T.);
#2065 = LINE('',#2066,#2067);
#2066 = CARTESIAN_POINT('',(866.02540378443,400.,750.));
#2067 = VECTOR('',#2068,1.);
#2068 = DIRECTION('',(-0.965925826289,0.258819045103,0.));
#2069 = ORIENTED_EDGE('',*,*,#1961,.F.);
#2070 = ORIENTED_EDGE('',*,*,#2071,.F.);
#2071 = EDGE_CURVE('',#2042,#1962,#2072,.T.);
#2072 = LINE('',#2073,#2074);
#2073 = CARTESIAN_POINT('',(866.02540378443,400.,710.));
#2074 = VECTOR('',#2075,1.);
#2075 = DIRECTION('',(-0.965925826289,0.258819045103,0.));
#2076 = PLANE('',#2077);
#2077 = AXIS2_PLACEMENT_3D('',#2078,#2079,#2080);
#2078 = CARTESIAN_POINT('',(866.02540378443,400.,710.));
#2079 = DIRECTION('',(-0.258819045103,-0.965925826289,0.));
#2080 = DIRECTION('',(-0.965925826289,0.258819045103,0.));
#2081 = ADVANCED_FACE('',(#2082),#2088,.T.);
#2082 = FACE_BOUND('',#2083,.T.);
#2083 = EDGE_LOOP('',(#2084,#2085,#2086,#2087));
#2084 = ORIENTED_EDGE('',*,*,#1987,.T.);
#2085 = ORIENTED_EDGE('',*,*,#2018,.T.);
#2086 = ORIENTED_EDGE('',*,*,#2049,.T.);
#2087 = ORIENTED_EDGE('',*,*,#2071,.T.);
#2088 = PLANE('',#2089);
#2089 = AXIS2_PLACEMENT_3D('',#2090,#2091,#2092);
#2090 = CARTESIAN_POINT('',(966.02540378443,973.20508075688,710.));
#2091 = DIRECTION('',(-0.,-0.,-1.));
#2092 = DIRECTION('',(-1.,0.,0.));
#2093 = ADVANCED_FACE('',(#2094),#2100,.F.);
#2094 = FACE_BOUND('',#2095,.F.);
#2095 = EDGE_LOOP('',(#2096,#2097,#2098,#2099));
#2096 = ORIENTED_EDGE('',*,*,#1971,.T.);
#2097 = ORIENTED_EDGE('',*,*,#2002,.T.);
#2098 = ORIENTED_EDGE('',*,*,#2033,.T.);
#2099 = ORIENTED_EDGE('',*,*,#2064,.T.);
#2100 = PLANE('',#2101);
#2101 = AXIS2_PLACEMENT_3D('',#2102,#2103,#2104);
#2102 = CARTESIAN_POINT('',(966.02540378443,973.20508075688,750.));
#2103 = DIRECTION('',(-0.,-0.,-1.));
#2104 = DIRECTION('',(-1.,0.,0.));
#2105 = MANIFOLD_SOLID_BREP('',#2106);
#2106 = CLOSED_SHELL('',(#2107,#2140,#2149));
#2107 = ADVANCED_FACE('',(#2108),#2135,.T.);
#2108 = FACE_BOUND('',#2109,.T.);
#2109 = EDGE_LOOP('',(#2110,#2119,#2127,#2134));
#2110 = ORIENTED_EDGE('',*,*,#2111,.F.);
#2111 = EDGE_CURVE('',#2112,#2112,#2114,.T.);
#2112 = VERTEX_POINT('',#2113);
#2113 = CARTESIAN_POINT('',(1.009025403784E+03,973.20508075688,710.));
#2114 = CIRCLE('',#2115,43.);
#2115 = AXIS2_PLACEMENT_3D('',#2116,#2117,#2118);
#2116 = CARTESIAN_POINT('',(966.02540378443,973.20508075688,710.));
#2117 = DIRECTION('',(0.,0.,1.));
#2118 = DIRECTION('',(1.,0.,0.));
#2119 = ORIENTED_EDGE('',*,*,#2120,.F.);
#2120 = EDGE_CURVE('',#2121,#2112,#2123,.T.);
#2121 = VERTEX_POINT('',#2122);
#2122 = CARTESIAN_POINT('',(1.009025403784E+03,973.20508075688,301.));
#2123 = LINE('',#2124,#2125);
#2124 = CARTESIAN_POINT('',(1.009025403784E+03,973.20508075688,301.));
#2125 = VECTOR('',#2126,1.);
#2126 = DIRECTION('',(0.,0.,1.));
#2127 = ORIENTED_EDGE('',*,*,#2128,.T.);
#2128 = EDGE_CURVE('',#2121,#2121,#2129,.T.);
#2129 = CIRCLE('',#2130,43.);
#2130 = AXIS2_PLACEMENT_3D('',#2131,#2132,#2133);
#2131 = CARTESIAN_POINT('',(966.02540378443,973.20508075688,301.));
#2132 = DIRECTION('',(0.,0.,1.));
#2133 = DIRECTION('',(1.,0.,0.));
#2134 = ORIENTED_EDGE('',*,*,#2120,.T.);
#2135 = CYLINDRICAL_SURFACE('',#2136,43.);
#2136 = AXIS2_PLACEMENT_3D('',#2137,#2138,#2139);
#2137 = CARTESIAN_POINT('',(966.02540378443,973.20508075688,301.));
#2138 = DIRECTION('',(0.,0.,1.));
#2139 = DIRECTION('',(1.,0.,0.));
#2140 = ADVANCED_FACE('',(#2141),#2144,.T.);
#2141 = FACE_BOUND('',#2142,.T.);
#2142 = EDGE_LOOP('',(#2143));
#2143 = ORIENTED_EDGE('',*,*,#2111,.T.);
#2144 = PLANE('',#2145);
#2145 = AXIS2_PLACEMENT_3D('',#2146,#2147,#2148);
#2146 = CARTESIAN_POINT('',(966.02540378443,973.20508075688,710.));
#2147 = DIRECTION('',(0.,0.,1.));
#2148 = DIRECTION('',(1.,0.,0.));
#2149 = ADVANCED_FACE('',(#2150),#2153,.F.);
#2150 = FACE_BOUND('',#2151,.T.);
#2151 = EDGE_LOOP('',(#2152));
#2152 = ORIENTED_EDGE('',*,*,#2128,.F.);
#2153 = PLANE('',#2154);
#2154 = AXIS2_PLACEMENT_3D('',#2155,#2156,#2157);
#2155 = CARTESIAN_POINT('',(966.02540378443,973.20508075688,301.));
#2156 = DIRECTION('',(0.,0.,1.));
#2157 = DIRECTION('',(1.,0.,0.));
#2158 = MANIFOLD_SOLID_BREP('',#2159);
#2159 = CLOSED_SHELL('',(#2160,#2200,#2231,#2262,#2284,#2296));
#2160 = ADVANCED_FACE('',(#2161),#2195,.F.);
#2161 = FACE_BOUND('',#2162,.F.);
#2162 = EDGE_LOOP('',(#2163,#2173,#2181,#2189));
#2163 = ORIENTED_EDGE('',*,*,#2164,.T.);
#2164 = EDGE_CURVE('',#2165,#2167,#2169,.T.);
#2165 = VERTEX_POINT('',#2166);
#2166 = CARTESIAN_POINT('',(466.02540378443,-507.1796769724,710.));
#2167 = VERTEX_POINT('',#2168);
#2168 = CARTESIAN_POINT('',(466.02540378443,-507.1796769724,750.));
#2169 = LINE('',#2170,#2171);
#2170 = CARTESIAN_POINT('',(466.02540378443,-507.1796769724,710.));
#2171 = VECTOR('',#2172,1.);
#2172 = DIRECTION('',(0.,0.,1.));
#2173 = ORIENTED_EDGE('',*,*,#2174,.T.);
#2174 = EDGE_CURVE('',#2167,#2175,#2177,.T.);
#2175 = VERTEX_POINT('',#2176);
#2176 = CARTESIAN_POINT('',(1.066025403784E+03,-1.546410161514E+03,750.)
  );
#2177 = LINE('',#2178,#2179);
#2178 = CARTESIAN_POINT('',(466.02540378443,-507.1796769724,750.));
#2179 = VECTOR('',#2180,1.);
#2180 = DIRECTION('',(0.5,-0.866025403784,0.));
#2181 = ORIENTED_EDGE('',*,*,#2182,.F.);
#2182 = EDGE_CURVE('',#2183,#2175,#2185,.T.);
#2183 = VERTEX_POINT('',#2184);
#2184 = CARTESIAN_POINT('',(1.066025403784E+03,-1.546410161514E+03,710.)
  );
#2185 = LINE('',#2186,#2187);
#2186 = CARTESIAN_POINT('',(1.066025403784E+03,-1.546410161514E+03,710.)
  );
#2187 = VECTOR('',#2188,1.);
#2188 = DIRECTION('',(0.,0.,1.));
#2189 = ORIENTED_EDGE('',*,*,#2190,.F.);
#2190 = EDGE_CURVE('',#2165,#2183,#2191,.T.);
#2191 = LINE('',#2192,#2193);
#2192 = CARTESIAN_POINT('',(466.02540378443,-507.1796769724,710.));
#2193 = VECTOR('',#2194,1.);
#2194 = DIRECTION('',(0.5,-0.866025403784,0.));
#2195 = PLANE('',#2196);
#2196 = AXIS2_PLACEMENT_3D('',#2197,#2198,#2199);
#2197 = CARTESIAN_POINT('',(466.02540378443,-507.1796769724,710.));
#2198 = DIRECTION('',(0.866025403784,0.5,0.));
#2199 = DIRECTION('',(0.5,-0.866025403784,0.));
#2200 = ADVANCED_FACE('',(#2201),#2226,.F.);
#2201 = FACE_BOUND('',#2202,.F.);
#2202 = EDGE_LOOP('',(#2203,#2204,#2212,#2220));
#2203 = ORIENTED_EDGE('',*,*,#2182,.T.);
#2204 = ORIENTED_EDGE('',*,*,#2205,.T.);
#2205 = EDGE_CURVE('',#2175,#2206,#2208,.T.);
#2206 = VERTEX_POINT('',#2207);
#2207 = CARTESIAN_POINT('',(1.466025403784E+03,-1.439230484541E+03,750.)
  );
#2208 = LINE('',#2209,#2210);
#2209 = CARTESIAN_POINT('',(1.066025403784E+03,-1.546410161514E+03,750.)
  );
#2210 = VECTOR('',#2211,1.);
#2211 = DIRECTION('',(0.965925826289,0.258819045103,0.));
#2212 = ORIENTED_EDGE('',*,*,#2213,.F.);
#2213 = EDGE_CURVE('',#2214,#2206,#2216,.T.);
#2214 = VERTEX_POINT('',#2215);
#2215 = CARTESIAN_POINT('',(1.466025403784E+03,-1.439230484541E+03,710.)
  );
#2216 = LINE('',#2217,#2218);
#2217 = CARTESIAN_POINT('',(1.466025403784E+03,-1.439230484541E+03,710.)
  );
#2218 = VECTOR('',#2219,1.);
#2219 = DIRECTION('',(0.,0.,1.));
#2220 = ORIENTED_EDGE('',*,*,#2221,.F.);
#2221 = EDGE_CURVE('',#2183,#2214,#2222,.T.);
#2222 = LINE('',#2223,#2224);
#2223 = CARTESIAN_POINT('',(1.066025403784E+03,-1.546410161514E+03,710.)
  );
#2224 = VECTOR('',#2225,1.);
#2225 = DIRECTION('',(0.965925826289,0.258819045103,0.));
#2226 = PLANE('',#2227);
#2227 = AXIS2_PLACEMENT_3D('',#2228,#2229,#2230);
#2228 = CARTESIAN_POINT('',(1.066025403784E+03,-1.546410161514E+03,710.)
  );
#2229 = DIRECTION('',(-0.258819045103,0.965925826289,0.));
#2230 = DIRECTION('',(0.965925826289,0.258819045103,0.));
#2231 = ADVANCED_FACE('',(#2232),#2257,.F.);
#2232 = FACE_BOUND('',#2233,.F.);
#2233 = EDGE_LOOP('',(#2234,#2235,#2243,#2251));
#2234 = ORIENTED_EDGE('',*,*,#2213,.T.);
#2235 = ORIENTED_EDGE('',*,*,#2236,.T.);
#2236 = EDGE_CURVE('',#2206,#2237,#2239,.T.);
#2237 = VERTEX_POINT('',#2238);
#2238 = CARTESIAN_POINT('',(866.02540378443,-400.,750.));
#2239 = LINE('',#2240,#2241);
#2240 = CARTESIAN_POINT('',(1.466025403784E+03,-1.439230484541E+03,750.)
  );
#2241 = VECTOR('',#2242,1.);
#2242 = DIRECTION('',(-0.5,0.866025403784,0.));
#2243 = ORIENTED_EDGE('',*,*,#2244,.F.);
#2244 = EDGE_CURVE('',#2245,#2237,#2247,.T.);
#2245 = VERTEX_POINT('',#2246);
#2246 = CARTESIAN_POINT('',(866.02540378443,-400.,710.));
#2247 = LINE('',#2248,#2249);
#2248 = CARTESIAN_POINT('',(866.02540378443,-400.,710.));
#2249 = VECTOR('',#2250,1.);
#2250 = DIRECTION('',(0.,0.,1.));
#2251 = ORIENTED_EDGE('',*,*,#2252,.F.);
#2252 = EDGE_CURVE('',#2214,#2245,#2253,.T.);
#2253 = LINE('',#2254,#2255);
#2254 = CARTESIAN_POINT('',(1.466025403784E+03,-1.439230484541E+03,710.)
  );
#2255 = VECTOR('',#2256,1.);
#2256 = DIRECTION('',(-0.5,0.866025403784,0.));
#2257 = PLANE('',#2258);
#2258 = AXIS2_PLACEMENT_3D('',#2259,#2260,#2261);
#2259 = CARTESIAN_POINT('',(1.466025403784E+03,-1.439230484541E+03,710.)
  );
#2260 = DIRECTION('',(-0.866025403784,-0.5,0.));
#2261 = DIRECTION('',(-0.5,0.866025403784,0.));
#2262 = ADVANCED_FACE('',(#2263),#2279,.F.);
#2263 = FACE_BOUND('',#2264,.F.);
#2264 = EDGE_LOOP('',(#2265,#2266,#2272,#2273));
#2265 = ORIENTED_EDGE('',*,*,#2244,.T.);
#2266 = ORIENTED_EDGE('',*,*,#2267,.T.);
#2267 = EDGE_CURVE('',#2237,#2167,#2268,.T.);
#2268 = LINE('',#2269,#2270);
#2269 = CARTESIAN_POINT('',(866.02540378443,-400.,750.));
#2270 = VECTOR('',#2271,1.);
#2271 = DIRECTION('',(-0.965925826289,-0.258819045103,0.));
#2272 = ORIENTED_EDGE('',*,*,#2164,.F.);
#2273 = ORIENTED_EDGE('',*,*,#2274,.F.);
#2274 = EDGE_CURVE('',#2245,#2165,#2275,.T.);
#2275 = LINE('',#2276,#2277);
#2276 = CARTESIAN_POINT('',(866.02540378443,-400.,710.));
#2277 = VECTOR('',#2278,1.);
#2278 = DIRECTION('',(-0.965925826289,-0.258819045103,0.));
#2279 = PLANE('',#2280);
#2280 = AXIS2_PLACEMENT_3D('',#2281,#2282,#2283);
#2281 = CARTESIAN_POINT('',(866.02540378443,-400.,710.));
#2282 = DIRECTION('',(0.258819045103,-0.965925826289,0.));
#2283 = DIRECTION('',(-0.965925826289,-0.258819045103,0.));
#2284 = ADVANCED_FACE('',(#2285),#2291,.F.);
#2285 = FACE_BOUND('',#2286,.F.);
#2286 = EDGE_LOOP('',(#2287,#2288,#2289,#2290));
#2287 = ORIENTED_EDGE('',*,*,#2190,.T.);
#2288 = ORIENTED_EDGE('',*,*,#2221,.T.);
#2289 = ORIENTED_EDGE('',*,*,#2252,.T.);
#2290 = ORIENTED_EDGE('',*,*,#2274,.T.);
#2291 = PLANE('',#2292);
#2292 = AXIS2_PLACEMENT_3D('',#2293,#2294,#2295);
#2293 = CARTESIAN_POINT('',(966.02540378443,-973.2050807568,710.));
#2294 = DIRECTION('',(0.,0.,1.));
#2295 = DIRECTION('',(1.,0.,0.));
#2296 = ADVANCED_FACE('',(#2297),#2303,.T.);
#2297 = FACE_BOUND('',#2298,.T.);
#2298 = EDGE_LOOP('',(#2299,#2300,#2301,#2302));
#2299 = ORIENTED_EDGE('',*,*,#2174,.T.);
#2300 = ORIENTED_EDGE('',*,*,#2205,.T.);
#2301 = ORIENTED_EDGE('',*,*,#2236,.T.);
#2302 = ORIENTED_EDGE('',*,*,#2267,.T.);
#2303 = PLANE('',#2304);
#2304 = AXIS2_PLACEMENT_3D('',#2305,#2306,#2307);
#2305 = CARTESIAN_POINT('',(966.02540378443,-973.2050807568,750.));
#2306 = DIRECTION('',(0.,0.,1.));
#2307 = DIRECTION('',(1.,0.,0.));
#2308 = MANIFOLD_SOLID_BREP('',#2309);
#2309 = CLOSED_SHELL('',(#2310,#2343,#2352));
#2310 = ADVANCED_FACE('',(#2311),#2338,.T.);
#2311 = FACE_BOUND('',#2312,.T.);
#2312 = EDGE_LOOP('',(#2313,#2322,#2330,#2337));
#2313 = ORIENTED_EDGE('',*,*,#2314,.F.);
#2314 = EDGE_CURVE('',#2315,#2315,#2317,.T.);
#2315 = VERTEX_POINT('',#2316);
#2316 = CARTESIAN_POINT('',(1.009025403784E+03,-973.2050807568,710.));
#2317 = CIRCLE('',#2318,43.);
#2318 = AXIS2_PLACEMENT_3D('',#2319,#2320,#2321);
#2319 = CARTESIAN_POINT('',(966.02540378443,-973.2050807568,710.));
#2320 = DIRECTION('',(0.,0.,1.));
#2321 = DIRECTION('',(1.,0.,0.));
#2322 = ORIENTED_EDGE('',*,*,#2323,.F.);
#2323 = EDGE_CURVE('',#2324,#2315,#2326,.T.);
#2324 = VERTEX_POINT('',#2325);
#2325 = CARTESIAN_POINT('',(1.009025403784E+03,-973.2050807568,301.));
#2326 = LINE('',#2327,#2328);
#2327 = CARTESIAN_POINT('',(1.009025403784E+03,-973.2050807568,301.));
#2328 = VECTOR('',#2329,1.);
#2329 = DIRECTION('',(0.,0.,1.));
#2330 = ORIENTED_EDGE('',*,*,#2331,.T.);
#2331 = EDGE_CURVE('',#2324,#2324,#2332,.T.);
#2332 = CIRCLE('',#2333,43.);
#2333 = AXIS2_PLACEMENT_3D('',#2334,#2335,#2336);
#2334 = CARTESIAN_POINT('',(966.02540378443,-973.2050807568,301.));
#2335 = DIRECTION('',(0.,0.,1.));
#2336 = DIRECTION('',(1.,0.,0.));
#2337 = ORIENTED_EDGE('',*,*,#2323,.T.);
#2338 = CYLINDRICAL_SURFACE('',#2339,43.);
#2339 = AXIS2_PLACEMENT_3D('',#2340,#2341,#2342);
#2340 = CARTESIAN_POINT('',(966.02540378443,-973.2050807568,301.));
#2341 = DIRECTION('',(0.,0.,1.));
#2342 = DIRECTION('',(1.,0.,0.));
#2343 = ADVANCED_FACE('',(#2344),#2347,.T.);
#2344 = FACE_BOUND('',#2345,.T.);
#2345 = EDGE_LOOP('',(#2346));
#2346 = ORIENTED_EDGE('',*,*,#2314,.T.);
#2347 = PLANE('',#2348);
#2348 = AXIS2_PLACEMENT_3D('',#2349,#2350,#2351);
#2349 = CARTESIAN_POINT('',(966.02540378443,-973.2050807568,710.));
#2350 = DIRECTION('',(0.,0.,1.));
#2351 = DIRECTION('',(1.,0.,0.));
#2352 = ADVANCED_FACE('',(#2353),#2356,.F.);
#2353 = FACE_BOUND('',#2354,.T.);
#2354 = EDGE_LOOP('',(#2355));
#2355 = ORIENTED_EDGE('',*,*,#2331,.F.);
#2356 = PLANE('',#2357);
#2357 = AXIS2_PLACEMENT_3D('',#2358,#2359,#2360);
#2358 = CARTESIAN_POINT('',(966.02540378443,-973.2050807568,301.));
#2359 = DIRECTION('',(0.,0.,1.));
#2360 = DIRECTION('',(1.,0.,0.));
#2361 = MANIFOLD_SOLID_BREP('',#2362);
#2362 = CLOSED_SHELL('',(#2363,#2403,#2434,#2465,#2487,#2499));
#2363 = ADVANCED_FACE('',(#2364),#2398,.F.);
#2364 = FACE_BOUND('',#2365,.F.);
#2365 = EDGE_LOOP('',(#2366,#2376,#2384,#2392));
#2366 = ORIENTED_EDGE('',*,*,#2367,.T.);
#2367 = EDGE_CURVE('',#2368,#2370,#2372,.T.);
#2368 = VERTEX_POINT('',#2369);
#2369 = CARTESIAN_POINT('',(206.2177826491,657.17967697244,710.));
#2370 = VERTEX_POINT('',#2371);
#2371 = CARTESIAN_POINT('',(206.2177826491,657.17967697244,750.));
#2372 = LINE('',#2373,#2374);
#2373 = CARTESIAN_POINT('',(206.2177826491,657.17967697244,710.));
#2374 = VECTOR('',#2375,1.);
#2375 = DIRECTION('',(0.,0.,1.));
#2376 = ORIENTED_EDGE('',*,*,#2377,.T.);
#2377 = EDGE_CURVE('',#2370,#2378,#2380,.T.);
#2378 = VERTEX_POINT('',#2379);
#2379 = CARTESIAN_POINT('',(-86.60254037844,950.,750.));
#2380 = LINE('',#2381,#2382);
#2381 = CARTESIAN_POINT('',(206.2177826491,657.17967697244,750.));
#2382 = VECTOR('',#2383,1.);
#2383 = DIRECTION('',(-0.707106781187,0.707106781187,0.));
#2384 = ORIENTED_EDGE('',*,*,#2385,.F.);
#2385 = EDGE_CURVE('',#2386,#2378,#2388,.T.);
#2386 = VERTEX_POINT('',#2387);
#2387 = CARTESIAN_POINT('',(-86.60254037844,950.,710.));
#2388 = LINE('',#2389,#2390);
#2389 = CARTESIAN_POINT('',(-86.60254037844,950.,710.));
#2390 = VECTOR('',#2391,1.);
#2391 = DIRECTION('',(0.,0.,1.));
#2392 = ORIENTED_EDGE('',*,*,#2393,.F.);
#2393 = EDGE_CURVE('',#2368,#2386,#2394,.T.);
#2394 = LINE('',#2395,#2396);
#2395 = CARTESIAN_POINT('',(206.2177826491,657.17967697244,710.));
#2396 = VECTOR('',#2397,1.);
#2397 = DIRECTION('',(-0.707106781187,0.707106781187,0.));
#2398 = PLANE('',#2399);
#2399 = AXIS2_PLACEMENT_3D('',#2400,#2401,#2402);
#2400 = CARTESIAN_POINT('',(206.2177826491,657.17967697244,710.));
#2401 = DIRECTION('',(-0.707106781187,-0.707106781187,0.));
#2402 = DIRECTION('',(-0.707106781187,0.707106781187,0.));
#2403 = ADVANCED_FACE('',(#2404),#2429,.F.);
#2404 = FACE_BOUND('',#2405,.F.);
#2405 = EDGE_LOOP('',(#2406,#2407,#2415,#2423));
#2406 = ORIENTED_EDGE('',*,*,#2385,.T.);
#2407 = ORIENTED_EDGE('',*,*,#2408,.T.);
#2408 = EDGE_CURVE('',#2378,#2409,#2411,.T.);
#2409 = VERTEX_POINT('',#2410);
#2410 = CARTESIAN_POINT('',(-779.4228634059,550.,750.));
#2411 = LINE('',#2412,#2413);
#2412 = CARTESIAN_POINT('',(-86.60254037844,950.,750.));
#2413 = VECTOR('',#2414,1.);
#2414 = DIRECTION('',(-0.866025403784,-0.5,0.));
#2415 = ORIENTED_EDGE('',*,*,#2416,.F.);
#2416 = EDGE_CURVE('',#2417,#2409,#2419,.T.);
#2417 = VERTEX_POINT('',#2418);
#2418 = CARTESIAN_POINT('',(-779.4228634059,550.,710.));
#2419 = LINE('',#2420,#2421);
#2420 = CARTESIAN_POINT('',(-779.4228634059,550.,710.));
#2421 = VECTOR('',#2422,1.);
#2422 = DIRECTION('',(0.,0.,1.));
#2423 = ORIENTED_EDGE('',*,*,#2424,.F.);
#2424 = EDGE_CURVE('',#2386,#2417,#2425,.T.);
#2425 = LINE('',#2426,#2427);
#2426 = CARTESIAN_POINT('',(-86.60254037844,950.,710.));
#2427 = VECTOR('',#2428,1.);
#2428 = DIRECTION('',(-0.866025403784,-0.5,0.));
#2429 = PLANE('',#2430);
#2430 = AXIS2_PLACEMENT_3D('',#2431,#2432,#2433);
#2431 = CARTESIAN_POINT('',(-86.60254037844,950.,710.));
#2432 = DIRECTION('',(0.5,-0.866025403784,0.));
#2433 = DIRECTION('',(-0.866025403784,-0.5,0.));
#2434 = ADVANCED_FACE('',(#2435),#2460,.F.);
#2435 = FACE_BOUND('',#2436,.F.);
#2436 = EDGE_LOOP('',(#2437,#2438,#2446,#2454));
#2437 = ORIENTED_EDGE('',*,*,#2416,.T.);
#2438 = ORIENTED_EDGE('',*,*,#2439,.T.);
#2439 = EDGE_CURVE('',#2409,#2440,#2442,.T.);
#2440 = VERTEX_POINT('',#2441);
#2441 = CARTESIAN_POINT('',(-672.2431864335,150.,750.));
#2442 = LINE('',#2443,#2444);
#2443 = CARTESIAN_POINT('',(-779.4228634059,550.,750.));
#2444 = VECTOR('',#2445,1.);
#2445 = DIRECTION('',(0.258819045103,-0.965925826289,0.));
#2446 = ORIENTED_EDGE('',*,*,#2447,.F.);
#2447 = EDGE_CURVE('',#2448,#2440,#2450,.T.);
#2448 = VERTEX_POINT('',#2449);
#2449 = CARTESIAN_POINT('',(-672.2431864335,150.,710.));
#2450 = LINE('',#2451,#2452);
#2451 = CARTESIAN_POINT('',(-672.2431864335,150.,710.));
#2452 = VECTOR('',#2453,1.);
#2453 = DIRECTION('',(0.,0.,1.));
#2454 = ORIENTED_EDGE('',*,*,#2455,.F.);
#2455 = EDGE_CURVE('',#2417,#2448,#2456,.T.);
#2456 = LINE('',#2457,#2458);
#2457 = CARTESIAN_POINT('',(-779.4228634059,550.,710.));
#2458 = VECTOR('',#2459,1.);
#2459 = DIRECTION('',(0.258819045103,-0.965925826289,0.));
#2460 = PLANE('',#2461);
#2461 = AXIS2_PLACEMENT_3D('',#2462,#2463,#2464);
#2462 = CARTESIAN_POINT('',(-779.4228634059,550.,710.));
#2463 = DIRECTION('',(0.965925826289,0.258819045103,0.));
#2464 = DIRECTION('',(0.258819045103,-0.965925826289,0.));
#2465 = ADVANCED_FACE('',(#2466),#2482,.F.);
#2466 = FACE_BOUND('',#2467,.F.);
#2467 = EDGE_LOOP('',(#2468,#2469,#2475,#2476));
#2468 = ORIENTED_EDGE('',*,*,#2447,.T.);
#2469 = ORIENTED_EDGE('',*,*,#2470,.T.);
#2470 = EDGE_CURVE('',#2440,#2370,#2471,.T.);
#2471 = LINE('',#2472,#2473);
#2472 = CARTESIAN_POINT('',(-672.2431864335,150.,750.));
#2473 = VECTOR('',#2474,1.);
#2474 = DIRECTION('',(0.866025403784,0.5,0.));
#2475 = ORIENTED_EDGE('',*,*,#2367,.F.);
#2476 = ORIENTED_EDGE('',*,*,#2477,.F.);
#2477 = EDGE_CURVE('',#2448,#2368,#2478,.T.);
#2478 = LINE('',#2479,#2480);
#2479 = CARTESIAN_POINT('',(-672.2431864335,150.,710.));
#2480 = VECTOR('',#2481,1.);
#2481 = DIRECTION('',(0.866025403784,0.5,0.));
#2482 = PLANE('',#2483);
#2483 = AXIS2_PLACEMENT_3D('',#2484,#2485,#2486);
#2484 = CARTESIAN_POINT('',(-672.2431864335,150.,710.));
#2485 = DIRECTION('',(-0.5,0.866025403784,0.));
#2486 = DIRECTION('',(0.866025403784,0.5,0.));
#2487 = ADVANCED_FACE('',(#2488),#2494,.F.);
#2488 = FACE_BOUND('',#2489,.F.);
#2489 = EDGE_LOOP('',(#2490,#2491,#2492,#2493));
#2490 = ORIENTED_EDGE('',*,*,#2393,.T.);
#2491 = ORIENTED_EDGE('',*,*,#2424,.T.);
#2492 = ORIENTED_EDGE('',*,*,#2455,.T.);
#2493 = ORIENTED_EDGE('',*,*,#2477,.T.);
#2494 = PLANE('',#2495);
#2495 = AXIS2_PLACEMENT_3D('',#2496,#2497,#2498);
#2496 = CARTESIAN_POINT('',(-324.9009576971,562.74496615927,710.));
#2497 = DIRECTION('',(0.,0.,1.));
#2498 = DIRECTION('',(1.,0.,0.));
#2499 = ADVANCED_FACE('',(#2500),#2506,.T.);
#2500 = FACE_BOUND('',#2501,.T.);
#2501 = EDGE_LOOP('',(#2502,#2503,#2504,#2505));
#2502 = ORIENTED_EDGE('',*,*,#2377,.T.);
#2503 = ORIENTED_EDGE('',*,*,#2408,.T.);
#2504 = ORIENTED_EDGE('',*,*,#2439,.T.);
#2505 = ORIENTED_EDGE('',*,*,#2470,.T.);
#2506 = PLANE('',#2507);
#2507 = AXIS2_PLACEMENT_3D('',#2508,#2509,#2510);
#2508 = CARTESIAN_POINT('',(-324.9009576971,562.74496615927,750.));
#2509 = DIRECTION('',(0.,0.,1.));
#2510 = DIRECTION('',(1.,0.,0.));
#2511 = MANIFOLD_SOLID_BREP('',#2512);
#2512 = CLOSED_SHELL('',(#2513,#2546,#2555));
#2513 = ADVANCED_FACE('',(#2514),#2541,.T.);
#2514 = FACE_BOUND('',#2515,.T.);
#2515 = EDGE_LOOP('',(#2516,#2525,#2533,#2540));
#2516 = ORIENTED_EDGE('',*,*,#2517,.F.);
#2517 = EDGE_CURVE('',#2518,#2518,#2520,.T.);
#2518 = VERTEX_POINT('',#2519);
#2519 = CARTESIAN_POINT('',(-225.0127018922,464.21161675113,710.));
#2520 = CIRCLE('',#2521,43.);
#2521 = AXIS2_PLACEMENT_3D('',#2522,#2523,#2524);
#2522 = CARTESIAN_POINT('',(-268.0127018922,464.21161675113,710.));
#2523 = DIRECTION('',(0.,0.,1.));
#2524 = DIRECTION('',(1.,0.,0.));
#2525 = ORIENTED_EDGE('',*,*,#2526,.F.);
#2526 = EDGE_CURVE('',#2527,#2518,#2529,.T.);
#2527 = VERTEX_POINT('',#2528);
#2528 = CARTESIAN_POINT('',(-225.0127018922,464.21161675113,301.));
#2529 = LINE('',#2530,#2531);
#2530 = CARTESIAN_POINT('',(-225.0127018922,464.21161675113,301.));
#2531 = VECTOR('',#2532,1.);
#2532 = DIRECTION('',(0.,0.,1.));
#2533 = ORIENTED_EDGE('',*,*,#2534,.T.);
#2534 = EDGE_CURVE('',#2527,#2527,#2535,.T.);
#2535 = CIRCLE('',#2536,43.);
#2536 = AXIS2_PLACEMENT_3D('',#2537,#2538,#2539);
#2537 = CARTESIAN_POINT('',(-268.0127018922,464.21161675113,301.));
#2538 = DIRECTION('',(0.,0.,1.));
#2539 = DIRECTION('',(1.,0.,0.));
#2540 = ORIENTED_EDGE('',*,*,#2526,.T.);
#2541 = CYLINDRICAL_SURFACE('',#2542,43.);
#2542 = AXIS2_PLACEMENT_3D('',#2543,#2544,#2545);
#2543 = CARTESIAN_POINT('',(-268.0127018922,464.21161675113,301.));
#2544 = DIRECTION('',(0.,0.,1.));
#2545 = DIRECTION('',(1.,0.,0.));
#2546 = ADVANCED_FACE('',(#2547),#2550,.T.);
#2547 = FACE_BOUND('',#2548,.T.);
#2548 = EDGE_LOOP('',(#2549));
#2549 = ORIENTED_EDGE('',*,*,#2517,.T.);
#2550 = PLANE('',#2551);
#2551 = AXIS2_PLACEMENT_3D('',#2552,#2553,#2554);
#2552 = CARTESIAN_POINT('',(-268.0127018922,464.21161675113,710.));
#2553 = DIRECTION('',(0.,0.,1.));
#2554 = DIRECTION('',(1.,0.,0.));
#2555 = ADVANCED_FACE('',(#2556),#2559,.F.);
#2556 = FACE_BOUND('',#2557,.T.);
#2557 = EDGE_LOOP('',(#2558));
#2558 = ORIENTED_EDGE('',*,*,#2534,.F.);
#2559 = PLANE('',#2560);
#2560 = AXIS2_PLACEMENT_3D('',#2561,#2562,#2563);
#2561 = CARTESIAN_POINT('',(-268.0127018922,464.21161675113,301.));
#2562 = DIRECTION('',(0.,0.,1.));
#2563 = DIRECTION('',(1.,0.,0.));
#2564 = MANIFOLD_SOLID_BREP('',#2565);
#2565 = CLOSED_SHELL('',(#2566,#2606,#2637,#2668,#2690,#2702));
#2566 = ADVANCED_FACE('',(#2567),#2601,.T.);
#2567 = FACE_BOUND('',#2568,.T.);
#2568 = EDGE_LOOP('',(#2569,#2579,#2587,#2595));
#2569 = ORIENTED_EDGE('',*,*,#2570,.T.);
#2570 = EDGE_CURVE('',#2571,#2573,#2575,.T.);
#2571 = VERTEX_POINT('',#2572);
#2572 = CARTESIAN_POINT('',(-672.2431864335,150.,710.));
#2573 = VERTEX_POINT('',#2574);
#2574 = CARTESIAN_POINT('',(-672.2431864335,150.,750.));
#2575 = LINE('',#2576,#2577);
#2576 = CARTESIAN_POINT('',(-672.2431864335,150.,710.));
#2577 = VECTOR('',#2578,1.);
#2578 = DIRECTION('',(0.,0.,1.));
#2579 = ORIENTED_EDGE('',*,*,#2580,.T.);
#2580 = EDGE_CURVE('',#2573,#2581,#2583,.T.);
#2581 = VERTEX_POINT('',#2582);
#2582 = CARTESIAN_POINT('',(-1.872243186434E+03,150.,750.));
#2583 = LINE('',#2584,#2585);
#2584 = CARTESIAN_POINT('',(-672.2431864335,150.,750.));
#2585 = VECTOR('',#2586,1.);
#2586 = DIRECTION('',(-1.,1.184237892934E-16,0.));
#2587 = ORIENTED_EDGE('',*,*,#2588,.F.);
#2588 = EDGE_CURVE('',#2589,#2581,#2591,.T.);
#2589 = VERTEX_POINT('',#2590);
#2590 = CARTESIAN_POINT('',(-1.872243186434E+03,150.,710.));
#2591 = LINE('',#2592,#2593);
#2592 = CARTESIAN_POINT('',(-1.872243186434E+03,150.,710.));
#2593 = VECTOR('',#2594,1.);
#2594 = DIRECTION('',(0.,0.,1.));
#2595 = ORIENTED_EDGE('',*,*,#2596,.F.);
#2596 = EDGE_CURVE('',#2571,#2589,#2597,.T.);
#2597 = LINE('',#2598,#2599);
#2598 = CARTESIAN_POINT('',(-672.2431864335,150.,710.));
#2599 = VECTOR('',#2600,1.);
#2600 = DIRECTION('',(-1.,1.184237892934E-16,0.));
#2601 = PLANE('',#2602);
#2602 = AXIS2_PLACEMENT_3D('',#2603,#2604,#2605);
#2603 = CARTESIAN_POINT('',(-672.2431864335,150.,710.));
#2604 = DIRECTION('',(-1.184237892934E-16,-1.,0.));
#2605 = DIRECTION('',(-1.,1.184237892934E-16,0.));
#2606 = ADVANCED_FACE('',(#2607),#2632,.T.);
#2607 = FACE_BOUND('',#2608,.T.);
#2608 = EDGE_LOOP('',(#2609,#2610,#2618,#2626));
#2609 = ORIENTED_EDGE('',*,*,#2588,.T.);
#2610 = ORIENTED_EDGE('',*,*,#2611,.T.);
#2611 = EDGE_CURVE('',#2581,#2612,#2614,.T.);
#2612 = VERTEX_POINT('',#2613);
#2613 = CARTESIAN_POINT('',(-1.979422863406E+03,550.,750.));
#2614 = LINE('',#2615,#2616);
#2615 = CARTESIAN_POINT('',(-1.872243186434E+03,150.,750.));
#2616 = VECTOR('',#2617,1.);
#2617 = DIRECTION('',(-0.258819045103,0.965925826289,0.));
#2618 = ORIENTED_EDGE('',*,*,#2619,.F.);
#2619 = EDGE_CURVE('',#2620,#2612,#2622,.T.);
#2620 = VERTEX_POINT('',#2621);
#2621 = CARTESIAN_POINT('',(-1.979422863406E+03,550.,710.));
#2622 = LINE('',#2623,#2624);
#2623 = CARTESIAN_POINT('',(-1.979422863406E+03,550.,710.));
#2624 = VECTOR('',#2625,1.);
#2625 = DIRECTION('',(0.,0.,1.));
#2626 = ORIENTED_EDGE('',*,*,#2627,.F.);
#2627 = EDGE_CURVE('',#2589,#2620,#2628,.T.);
#2628 = LINE('',#2629,#2630);
#2629 = CARTESIAN_POINT('',(-1.872243186434E+03,150.,710.));
#2630 = VECTOR('',#2631,1.);
#2631 = DIRECTION('',(-0.258819045103,0.965925826289,0.));
#2632 = PLANE('',#2633);
#2633 = AXIS2_PLACEMENT_3D('',#2634,#2635,#2636);
#2634 = CARTESIAN_POINT('',(-1.872243186434E+03,150.,710.));
#2635 = DIRECTION('',(-0.965925826289,-0.258819045103,0.));
#2636 = DIRECTION('',(-0.258819045103,0.965925826289,0.));
#2637 = ADVANCED_FACE('',(#2638),#2663,.T.);
#2638 = FACE_BOUND('',#2639,.T.);
#2639 = EDGE_LOOP('',(#2640,#2641,#2649,#2657));
#2640 = ORIENTED_EDGE('',*,*,#2619,.T.);
#2641 = ORIENTED_EDGE('',*,*,#2642,.T.);
#2642 = EDGE_CURVE('',#2612,#2643,#2645,.T.);
#2643 = VERTEX_POINT('',#2644);
#2644 = CARTESIAN_POINT('',(-779.4228634059,550.,750.));
#2645 = LINE('',#2646,#2647);
#2646 = CARTESIAN_POINT('',(-1.979422863406E+03,550.,750.));
#2647 = VECTOR('',#2648,1.);
#2648 = DIRECTION('',(1.,-9.473903143468E-17,0.));
#2649 = ORIENTED_EDGE('',*,*,#2650,.F.);
#2650 = EDGE_CURVE('',#2651,#2643,#2653,.T.);
#2651 = VERTEX_POINT('',#2652);
#2652 = CARTESIAN_POINT('',(-779.4228634059,550.,710.));
#2653 = LINE('',#2654,#2655);
#2654 = CARTESIAN_POINT('',(-779.4228634059,550.,710.));
#2655 = VECTOR('',#2656,1.);
#2656 = DIRECTION('',(0.,0.,1.));
#2657 = ORIENTED_EDGE('',*,*,#2658,.F.);
#2658 = EDGE_CURVE('',#2620,#2651,#2659,.T.);
#2659 = LINE('',#2660,#2661);
#2660 = CARTESIAN_POINT('',(-1.979422863406E+03,550.,710.));
#2661 = VECTOR('',#2662,1.);
#2662 = DIRECTION('',(1.,-9.473903143468E-17,0.));
#2663 = PLANE('',#2664);
#2664 = AXIS2_PLACEMENT_3D('',#2665,#2666,#2667);
#2665 = CARTESIAN_POINT('',(-1.979422863406E+03,550.,710.));
#2666 = DIRECTION('',(9.473903143468E-17,1.,0.));
#2667 = DIRECTION('',(1.,-9.473903143468E-17,0.));
#2668 = ADVANCED_FACE('',(#2669),#2685,.T.);
#2669 = FACE_BOUND('',#2670,.T.);
#2670 = EDGE_LOOP('',(#2671,#2672,#2678,#2679));
#2671 = ORIENTED_EDGE('',*,*,#2650,.T.);
#2672 = ORIENTED_EDGE('',*,*,#2673,.T.);
#2673 = EDGE_CURVE('',#2643,#2573,#2674,.T.);
#2674 = LINE('',#2675,#2676);
#2675 = CARTESIAN_POINT('',(-779.4228634059,550.,750.));
#2676 = VECTOR('',#2677,1.);
#2677 = DIRECTION('',(0.258819045103,-0.965925826289,0.));
#2678 = ORIENTED_EDGE('',*,*,#2570,.F.);
#2679 = ORIENTED_EDGE('',*,*,#2680,.F.);
#2680 = EDGE_CURVE('',#2651,#2571,#2681,.T.);
#2681 = LINE('',#2682,#2683);
#2682 = CARTESIAN_POINT('',(-779.4228634059,550.,710.));
#2683 = VECTOR('',#2684,1.);
#2684 = DIRECTION('',(0.258819045103,-0.965925826289,0.));
#2685 = PLANE('',#2686);
#2686 = AXIS2_PLACEMENT_3D('',#2687,#2688,#2689);
#2687 = CARTESIAN_POINT('',(-779.4228634059,550.,710.));
#2688 = DIRECTION('',(0.965925826289,0.258819045103,0.));
#2689 = DIRECTION('',(0.258819045103,-0.965925826289,0.));
#2690 = ADVANCED_FACE('',(#2691),#2697,.T.);
#2691 = FACE_BOUND('',#2692,.T.);
#2692 = EDGE_LOOP('',(#2693,#2694,#2695,#2696));
#2693 = ORIENTED_EDGE('',*,*,#2596,.T.);
#2694 = ORIENTED_EDGE('',*,*,#2627,.T.);
#2695 = ORIENTED_EDGE('',*,*,#2658,.T.);
#2696 = ORIENTED_EDGE('',*,*,#2680,.T.);
#2697 = PLANE('',#2698);
#2698 = AXIS2_PLACEMENT_3D('',#2699,#2700,#2701);
#2699 = CARTESIAN_POINT('',(-1.32583302492E+03,350.,710.));
#2700 = DIRECTION('',(-0.,-0.,-1.));
#2701 = DIRECTION('',(-1.,0.,0.));
#2702 = ADVANCED_FACE('',(#2703),#2709,.F.);
#2703 = FACE_BOUND('',#2704,.F.);
#2704 = EDGE_LOOP('',(#2705,#2706,#2707,#2708));
#2705 = ORIENTED_EDGE('',*,*,#2580,.T.);
#2706 = ORIENTED_EDGE('',*,*,#2611,.T.);
#2707 = ORIENTED_EDGE('',*,*,#2642,.T.);
#2708 = ORIENTED_EDGE('',*,*,#2673,.T.);
#2709 = PLANE('',#2710);
#2710 = AXIS2_PLACEMENT_3D('',#2711,#2712,#2713);
#2711 = CARTESIAN_POINT('',(-1.32583302492E+03,350.,750.));
#2712 = DIRECTION('',(-0.,-0.,-1.));
#2713 = DIRECTION('',(-1.,0.,0.));
#2714 = MANIFOLD_SOLID_BREP('',#2715);
#2715 = CLOSED_SHELL('',(#2716,#2749,#2758));
#2716 = ADVANCED_FACE('',(#2717),#2744,.T.);
#2717 = FACE_BOUND('',#2718,.T.);
#2718 = EDGE_LOOP('',(#2719,#2728,#2736,#2743));
#2719 = ORIENTED_EDGE('',*,*,#2720,.F.);
#2720 = EDGE_CURVE('',#2721,#2721,#2723,.T.);
#2721 = VERTEX_POINT('',#2722);
#2722 = CARTESIAN_POINT('',(-1.28283302492E+03,350.,710.));
#2723 = CIRCLE('',#2724,43.);
#2724 = AXIS2_PLACEMENT_3D('',#2725,#2726,#2727);
#2725 = CARTESIAN_POINT('',(-1.32583302492E+03,350.,710.));
#2726 = DIRECTION('',(0.,0.,1.));
#2727 = DIRECTION('',(1.,0.,0.));
#2728 = ORIENTED_EDGE('',*,*,#2729,.F.);
#2729 = EDGE_CURVE('',#2730,#2721,#2732,.T.);
#2730 = VERTEX_POINT('',#2731);
#2731 = CARTESIAN_POINT('',(-1.28283302492E+03,350.,301.));
#2732 = LINE('',#2733,#2734);
#2733 = CARTESIAN_POINT('',(-1.28283302492E+03,350.,301.));
#2734 = VECTOR('',#2735,1.);
#2735 = DIRECTION('',(0.,0.,1.));
#2736 = ORIENTED_EDGE('',*,*,#2737,.T.);
#2737 = EDGE_CURVE('',#2730,#2730,#2738,.T.);
#2738 = CIRCLE('',#2739,43.);
#2739 = AXIS2_PLACEMENT_3D('',#2740,#2741,#2742);
#2740 = CARTESIAN_POINT('',(-1.32583302492E+03,350.,301.));
#2741 = DIRECTION('',(0.,0.,1.));
#2742 = DIRECTION('',(1.,0.,0.));
#2743 = ORIENTED_EDGE('',*,*,#2729,.T.);
#2744 = CYLINDRICAL_SURFACE('',#2745,43.);
#2745 = AXIS2_PLACEMENT_3D('',#2746,#2747,#2748);
#2746 = CARTESIAN_POINT('',(-1.32583302492E+03,350.,301.));
#2747 = DIRECTION('',(0.,0.,1.));
#2748 = DIRECTION('',(1.,0.,0.));
#2749 = ADVANCED_FACE('',(#2750),#2753,.T.);
#2750 = FACE_BOUND('',#2751,.T.);
#2751 = EDGE_LOOP('',(#2752));
#2752 = ORIENTED_EDGE('',*,*,#2720,.T.);
#2753 = PLANE('',#2754);
#2754 = AXIS2_PLACEMENT_3D('',#2755,#2756,#2757);
#2755 = CARTESIAN_POINT('',(-1.32583302492E+03,350.,710.));
#2756 = DIRECTION('',(0.,0.,1.));
#2757 = DIRECTION('',(1.,0.,0.));
#2758 = ADVANCED_FACE('',(#2759),#2762,.F.);
#2759 = FACE_BOUND('',#2760,.T.);
#2760 = EDGE_LOOP('',(#2761));
#2761 = ORIENTED_EDGE('',*,*,#2737,.F.);
#2762 = PLANE('',#2763);
#2763 = AXIS2_PLACEMENT_3D('',#2764,#2765,#2766);
#2764 = CARTESIAN_POINT('',(-1.32583302492E+03,350.,301.));
#2765 = DIRECTION('',(0.,0.,1.));
#2766 = DIRECTION('',(1.,0.,0.));
#2767 = MANIFOLD_SOLID_BREP('',#2768);
#2768 = CLOSED_SHELL('',(#2769,#2809,#2840,#2871,#2893,#2905));
#2769 = ADVANCED_FACE('',(#2770),#2804,.F.);
#2770 = FACE_BOUND('',#2771,.F.);
#2771 = EDGE_LOOP('',(#2772,#2782,#2790,#2798));
#2772 = ORIENTED_EDGE('',*,*,#2773,.T.);
#2773 = EDGE_CURVE('',#2774,#2776,#2778,.T.);
#2774 = VERTEX_POINT('',#2775);
#2775 = CARTESIAN_POINT('',(206.2177826491,657.17967697244,710.));
#2776 = VERTEX_POINT('',#2777);
#2777 = CARTESIAN_POINT('',(206.2177826491,657.17967697244,750.));
#2778 = LINE('',#2779,#2780);
#2779 = CARTESIAN_POINT('',(206.2177826491,657.17967697244,710.));
#2780 = VECTOR('',#2781,1.);
#2781 = DIRECTION('',(0.,0.,1.));
#2782 = ORIENTED_EDGE('',*,*,#2783,.T.);
#2783 = EDGE_CURVE('',#2776,#2784,#2786,.T.);
#2784 = VERTEX_POINT('',#2785);
#2785 = CARTESIAN_POINT('',(806.2177826491,1.696410161514E+03,750.));
#2786 = LINE('',#2787,#2788);
#2787 = CARTESIAN_POINT('',(206.2177826491,657.17967697244,750.));
#2788 = VECTOR('',#2789,1.);
#2789 = DIRECTION('',(0.5,0.866025403784,0.));
#2790 = ORIENTED_EDGE('',*,*,#2791,.F.);
#2791 = EDGE_CURVE('',#2792,#2784,#2794,.T.);
#2792 = VERTEX_POINT('',#2793);
#2793 = CARTESIAN_POINT('',(806.2177826491,1.696410161514E+03,710.));
#2794 = LINE('',#2795,#2796);
#2795 = CARTESIAN_POINT('',(806.2177826491,1.696410161514E+03,710.));
#2796 = VECTOR('',#2797,1.);
#2797 = DIRECTION('',(0.,0.,1.));
#2798 = ORIENTED_EDGE('',*,*,#2799,.F.);
#2799 = EDGE_CURVE('',#2774,#2792,#2800,.T.);
#2800 = LINE('',#2801,#2802);
#2801 = CARTESIAN_POINT('',(206.2177826491,657.17967697244,710.));
#2802 = VECTOR('',#2803,1.);
#2803 = DIRECTION('',(0.5,0.866025403784,0.));
#2804 = PLANE('',#2805);
#2805 = AXIS2_PLACEMENT_3D('',#2806,#2807,#2808);
#2806 = CARTESIAN_POINT('',(206.2177826491,657.17967697244,710.));
#2807 = DIRECTION('',(-0.866025403784,0.5,0.));
#2808 = DIRECTION('',(0.5,0.866025403784,0.));
#2809 = ADVANCED_FACE('',(#2810),#2835,.F.);
#2810 = FACE_BOUND('',#2811,.F.);
#2811 = EDGE_LOOP('',(#2812,#2813,#2821,#2829));
#2812 = ORIENTED_EDGE('',*,*,#2791,.T.);
#2813 = ORIENTED_EDGE('',*,*,#2814,.T.);
#2814 = EDGE_CURVE('',#2784,#2815,#2817,.T.);
#2815 = VERTEX_POINT('',#2816);
#2816 = CARTESIAN_POINT('',(513.39745962155,1.989230484541E+03,750.));
#2817 = LINE('',#2818,#2819);
#2818 = CARTESIAN_POINT('',(806.2177826491,1.696410161514E+03,750.));
#2819 = VECTOR('',#2820,1.);
#2820 = DIRECTION('',(-0.707106781187,0.707106781187,0.));
#2821 = ORIENTED_EDGE('',*,*,#2822,.F.);
#2822 = EDGE_CURVE('',#2823,#2815,#2825,.T.);
#2823 = VERTEX_POINT('',#2824);
#2824 = CARTESIAN_POINT('',(513.39745962155,1.989230484541E+03,710.));
#2825 = LINE('',#2826,#2827);
#2826 = CARTESIAN_POINT('',(513.39745962155,1.989230484541E+03,710.));
#2827 = VECTOR('',#2828,1.);
#2828 = DIRECTION('',(0.,0.,1.));
#2829 = ORIENTED_EDGE('',*,*,#2830,.F.);
#2830 = EDGE_CURVE('',#2792,#2823,#2831,.T.);
#2831 = LINE('',#2832,#2833);
#2832 = CARTESIAN_POINT('',(806.2177826491,1.696410161514E+03,710.));
#2833 = VECTOR('',#2834,1.);
#2834 = DIRECTION('',(-0.707106781187,0.707106781187,0.));
#2835 = PLANE('',#2836);
#2836 = AXIS2_PLACEMENT_3D('',#2837,#2838,#2839);
#2837 = CARTESIAN_POINT('',(806.2177826491,1.696410161514E+03,710.));
#2838 = DIRECTION('',(-0.707106781187,-0.707106781187,0.));
#2839 = DIRECTION('',(-0.707106781187,0.707106781187,0.));
#2840 = ADVANCED_FACE('',(#2841),#2866,.F.);
#2841 = FACE_BOUND('',#2842,.F.);
#2842 = EDGE_LOOP('',(#2843,#2844,#2852,#2860));
#2843 = ORIENTED_EDGE('',*,*,#2822,.T.);
#2844 = ORIENTED_EDGE('',*,*,#2845,.T.);
#2845 = EDGE_CURVE('',#2815,#2846,#2848,.T.);
#2846 = VERTEX_POINT('',#2847);
#2847 = CARTESIAN_POINT('',(-86.60254037844,950.,750.));
#2848 = LINE('',#2849,#2850);
#2849 = CARTESIAN_POINT('',(513.39745962155,1.989230484541E+03,750.));
#2850 = VECTOR('',#2851,1.);
#2851 = DIRECTION('',(-0.5,-0.866025403784,0.));
#2852 = ORIENTED_EDGE('',*,*,#2853,.F.);
#2853 = EDGE_CURVE('',#2854,#2846,#2856,.T.);
#2854 = VERTEX_POINT('',#2855);
#2855 = CARTESIAN_POINT('',(-86.60254037844,950.,710.));
#2856 = LINE('',#2857,#2858);
#2857 = CARTESIAN_POINT('',(-86.60254037844,950.,710.));
#2858 = VECTOR('',#2859,1.);
#2859 = DIRECTION('',(0.,0.,1.));
#2860 = ORIENTED_EDGE('',*,*,#2861,.F.);
#2861 = EDGE_CURVE('',#2823,#2854,#2862,.T.);
#2862 = LINE('',#2863,#2864);
#2863 = CARTESIAN_POINT('',(513.39745962155,1.989230484541E+03,710.));
#2864 = VECTOR('',#2865,1.);
#2865 = DIRECTION('',(-0.5,-0.866025403784,0.));
#2866 = PLANE('',#2867);
#2867 = AXIS2_PLACEMENT_3D('',#2868,#2869,#2870);
#2868 = CARTESIAN_POINT('',(513.39745962155,1.989230484541E+03,710.));
#2869 = DIRECTION('',(0.866025403784,-0.5,0.));
#2870 = DIRECTION('',(-0.5,-0.866025403784,0.));
#2871 = ADVANCED_FACE('',(#2872),#2888,.F.);
#2872 = FACE_BOUND('',#2873,.F.);
#2873 = EDGE_LOOP('',(#2874,#2875,#2881,#2882));
#2874 = ORIENTED_EDGE('',*,*,#2853,.T.);
#2875 = ORIENTED_EDGE('',*,*,#2876,.T.);
#2876 = EDGE_CURVE('',#2846,#2776,#2877,.T.);
#2877 = LINE('',#2878,#2879);
#2878 = CARTESIAN_POINT('',(-86.60254037844,950.,750.));
#2879 = VECTOR('',#2880,1.);
#2880 = DIRECTION('',(0.707106781187,-0.707106781187,0.));
#2881 = ORIENTED_EDGE('',*,*,#2773,.F.);
#2882 = ORIENTED_EDGE('',*,*,#2883,.F.);
#2883 = EDGE_CURVE('',#2854,#2774,#2884,.T.);
#2884 = LINE('',#2885,#2886);
#2885 = CARTESIAN_POINT('',(-86.60254037844,950.,710.));
#2886 = VECTOR('',#2887,1.);
#2887 = DIRECTION('',(0.707106781187,-0.707106781187,0.));
#2888 = PLANE('',#2889);
#2889 = AXIS2_PLACEMENT_3D('',#2890,#2891,#2892);
#2890 = CARTESIAN_POINT('',(-86.60254037844,950.,710.));
#2891 = DIRECTION('',(0.707106781187,0.707106781187,0.));
#2892 = DIRECTION('',(0.707106781187,-0.707106781187,0.));
#2893 = ADVANCED_FACE('',(#2894),#2900,.F.);
#2894 = FACE_BOUND('',#2895,.F.);
#2895 = EDGE_LOOP('',(#2896,#2897,#2898,#2899));
#2896 = ORIENTED_EDGE('',*,*,#2799,.T.);
#2897 = ORIENTED_EDGE('',*,*,#2830,.T.);
#2898 = ORIENTED_EDGE('',*,*,#2861,.T.);
#2899 = ORIENTED_EDGE('',*,*,#2883,.T.);
#2900 = PLANE('',#2901);
#2901 = AXIS2_PLACEMENT_3D('',#2902,#2903,#2904);
#2902 = CARTESIAN_POINT('',(359.80762113533,1.323205080757E+03,710.));
#2903 = DIRECTION('',(0.,0.,1.));
#2904 = DIRECTION('',(1.,0.,0.));
#2905 = ADVANCED_FACE('',(#2906),#2912,.T.);
#2906 = FACE_BOUND('',#2907,.T.);
#2907 = EDGE_LOOP('',(#2908,#2909,#2910,#2911));
#2908 = ORIENTED_EDGE('',*,*,#2783,.T.);
#2909 = ORIENTED_EDGE('',*,*,#2814,.T.);
#2910 = ORIENTED_EDGE('',*,*,#2845,.T.);
#2911 = ORIENTED_EDGE('',*,*,#2876,.T.);
#2912 = PLANE('',#2913);
#2913 = AXIS2_PLACEMENT_3D('',#2914,#2915,#2916);
#2914 = CARTESIAN_POINT('',(359.80762113533,1.323205080757E+03,750.));
#2915 = DIRECTION('',(0.,0.,1.));
#2916 = DIRECTION('',(1.,0.,0.));
#2917 = MANIFOLD_SOLID_BREP('',#2918);
#2918 = CLOSED_SHELL('',(#2919,#2952,#2961));
#2919 = ADVANCED_FACE('',(#2920),#2947,.T.);
#2920 = FACE_BOUND('',#2921,.T.);
#2921 = EDGE_LOOP('',(#2922,#2931,#2939,#2946));
#2922 = ORIENTED_EDGE('',*,*,#2923,.F.);
#2923 = EDGE_CURVE('',#2924,#2924,#2926,.T.);
#2924 = VERTEX_POINT('',#2925);
#2925 = CARTESIAN_POINT('',(402.80762113533,1.323205080757E+03,710.));
#2926 = CIRCLE('',#2927,43.);
#2927 = AXIS2_PLACEMENT_3D('',#2928,#2929,#2930);
#2928 = CARTESIAN_POINT('',(359.80762113533,1.323205080757E+03,710.));
#2929 = DIRECTION('',(0.,0.,1.));
#2930 = DIRECTION('',(1.,0.,0.));
#2931 = ORIENTED_EDGE('',*,*,#2932,.F.);
#2932 = EDGE_CURVE('',#2933,#2924,#2935,.T.);
#2933 = VERTEX_POINT('',#2934);
#2934 = CARTESIAN_POINT('',(402.80762113533,1.323205080757E+03,301.));
#2935 = LINE('',#2936,#2937);
#2936 = CARTESIAN_POINT('',(402.80762113533,1.323205080757E+03,301.));
#2937 = VECTOR('',#2938,1.);
#2938 = DIRECTION('',(0.,0.,1.));
#2939 = ORIENTED_EDGE('',*,*,#2940,.T.);
#2940 = EDGE_CURVE('',#2933,#2933,#2941,.T.);
#2941 = CIRCLE('',#2942,43.);
#2942 = AXIS2_PLACEMENT_3D('',#2943,#2944,#2945);
#2943 = CARTESIAN_POINT('',(359.80762113533,1.323205080757E+03,301.));
#2944 = DIRECTION('',(0.,0.,1.));
#2945 = DIRECTION('',(1.,0.,0.));
#2946 = ORIENTED_EDGE('',*,*,#2932,.T.);
#2947 = CYLINDRICAL_SURFACE('',#2948,43.);
#2948 = AXIS2_PLACEMENT_3D('',#2949,#2950,#2951);
#2949 = CARTESIAN_POINT('',(359.80762113533,1.323205080757E+03,301.));
#2950 = DIRECTION('',(0.,0.,1.));
#2951 = DIRECTION('',(1.,0.,0.));
#2952 = ADVANCED_FACE('',(#2953),#2956,.T.);
#2953 = FACE_BOUND('',#2954,.T.);
#2954 = EDGE_LOOP('',(#2955));
#2955 = ORIENTED_EDGE('',*,*,#2923,.T.);
#2956 = PLANE('',#2957);
#2957 = AXIS2_PLACEMENT_3D('',#2958,#2959,#2960);
#2958 = CARTESIAN_POINT('',(359.80762113533,1.323205080757E+03,710.));
#2959 = DIRECTION('',(0.,0.,1.));
#2960 = DIRECTION('',(1.,0.,0.));
#2961 = ADVANCED_FACE('',(#2962),#2965,.F.);
#2962 = FACE_BOUND('',#2963,.T.);
#2963 = EDGE_LOOP('',(#2964));
#2964 = ORIENTED_EDGE('',*,*,#2940,.F.);
#2965 = PLANE('',#2966);
#2966 = AXIS2_PLACEMENT_3D('',#2967,#2968,#2969);
#2967 = CARTESIAN_POINT('',(359.80762113533,1.323205080757E+03,301.));
#2968 = DIRECTION('',(0.,0.,1.));
#2969 = DIRECTION('',(1.,0.,0.));
#2970 = MANIFOLD_SOLID_BREP('',#2971);
#2971 = CLOSED_SHELL('',(#2972,#3012,#3043,#3074,#3096,#3108));
#2972 = ADVANCED_FACE('',(#2973),#3007,.F.);
#2973 = FACE_BOUND('',#2974,.F.);
#2974 = EDGE_LOOP('',(#2975,#2985,#2993,#3001));
#2975 = ORIENTED_EDGE('',*,*,#2976,.T.);
#2976 = EDGE_CURVE('',#2977,#2979,#2981,.T.);
#2977 = VERTEX_POINT('',#2978);
#2978 = CARTESIAN_POINT('',(-672.2431864335,-150.,710.));
#2979 = VERTEX_POINT('',#2980);
#2980 = CARTESIAN_POINT('',(-672.2431864335,-150.,750.));
#2981 = LINE('',#2982,#2983);
#2982 = CARTESIAN_POINT('',(-672.2431864335,-150.,710.));
#2983 = VECTOR('',#2984,1.);
#2984 = DIRECTION('',(0.,0.,1.));
#2985 = ORIENTED_EDGE('',*,*,#2986,.T.);
#2986 = EDGE_CURVE('',#2979,#2987,#2989,.T.);
#2987 = VERTEX_POINT('',#2988);
#2988 = CARTESIAN_POINT('',(-779.4228634059,-550.,750.));
#2989 = LINE('',#2990,#2991);
#2990 = CARTESIAN_POINT('',(-672.2431864335,-150.,750.));
#2991 = VECTOR('',#2992,1.);
#2992 = DIRECTION('',(-0.258819045103,-0.965925826289,0.));
#2993 = ORIENTED_EDGE('',*,*,#2994,.F.);
#2994 = EDGE_CURVE('',#2995,#2987,#2997,.T.);
#2995 = VERTEX_POINT('',#2996);
#2996 = CARTESIAN_POINT('',(-779.4228634059,-550.,710.));
#2997 = LINE('',#2998,#2999);
#2998 = CARTESIAN_POINT('',(-779.4228634059,-550.,710.));
#2999 = VECTOR('',#3000,1.);
#3000 = DIRECTION('',(0.,0.,1.));
#3001 = ORIENTED_EDGE('',*,*,#3002,.F.);
#3002 = EDGE_CURVE('',#2977,#2995,#3003,.T.);
#3003 = LINE('',#3004,#3005);
#3004 = CARTESIAN_POINT('',(-672.2431864335,-150.,710.));
#3005 = VECTOR('',#3006,1.);
#3006 = DIRECTION('',(-0.258819045103,-0.965925826289,0.));
#3007 = PLANE('',#3008);
#3008 = AXIS2_PLACEMENT_3D('',#3009,#3010,#3011);
#3009 = CARTESIAN_POINT('',(-672.2431864335,-150.,710.));
#3010 = DIRECTION('',(0.965925826289,-0.258819045103,0.));
#3011 = DIRECTION('',(-0.258819045103,-0.965925826289,0.));
#3012 = ADVANCED_FACE('',(#3013),#3038,.F.);
#3013 = FACE_BOUND('',#3014,.F.);
#3014 = EDGE_LOOP('',(#3015,#3016,#3024,#3032));
#3015 = ORIENTED_EDGE('',*,*,#2994,.T.);
#3016 = ORIENTED_EDGE('',*,*,#3017,.T.);
#3017 = EDGE_CURVE('',#2987,#3018,#3020,.T.);
#3018 = VERTEX_POINT('',#3019);
#3019 = CARTESIAN_POINT('',(-86.60254037844,-950.,750.));
#3020 = LINE('',#3021,#3022);
#3021 = CARTESIAN_POINT('',(-779.4228634059,-550.,750.));
#3022 = VECTOR('',#3023,1.);
#3023 = DIRECTION('',(0.866025403784,-0.5,0.));
#3024 = ORIENTED_EDGE('',*,*,#3025,.F.);
#3025 = EDGE_CURVE('',#3026,#3018,#3028,.T.);
#3026 = VERTEX_POINT('',#3027);
#3027 = CARTESIAN_POINT('',(-86.60254037844,-950.,710.));
#3028 = LINE('',#3029,#3030);
#3029 = CARTESIAN_POINT('',(-86.60254037844,-950.,710.));
#3030 = VECTOR('',#3031,1.);
#3031 = DIRECTION('',(0.,0.,1.));
#3032 = ORIENTED_EDGE('',*,*,#3033,.F.);
#3033 = EDGE_CURVE('',#2995,#3026,#3034,.T.);
#3034 = LINE('',#3035,#3036);
#3035 = CARTESIAN_POINT('',(-779.4228634059,-550.,710.));
#3036 = VECTOR('',#3037,1.);
#3037 = DIRECTION('',(0.866025403784,-0.5,0.));
#3038 = PLANE('',#3039);
#3039 = AXIS2_PLACEMENT_3D('',#3040,#3041,#3042);
#3040 = CARTESIAN_POINT('',(-779.4228634059,-550.,710.));
#3041 = DIRECTION('',(0.5,0.866025403784,0.));
#3042 = DIRECTION('',(0.866025403784,-0.5,0.));
#3043 = ADVANCED_FACE('',(#3044),#3069,.F.);
#3044 = FACE_BOUND('',#3045,.F.);
#3045 = EDGE_LOOP('',(#3046,#3047,#3055,#3063));
#3046 = ORIENTED_EDGE('',*,*,#3025,.T.);
#3047 = ORIENTED_EDGE('',*,*,#3048,.T.);
#3048 = EDGE_CURVE('',#3018,#3049,#3051,.T.);
#3049 = VERTEX_POINT('',#3050);
#3050 = CARTESIAN_POINT('',(206.2177826491,-657.1796769724,750.));
#3051 = LINE('',#3052,#3053);
#3052 = CARTESIAN_POINT('',(-86.60254037844,-950.,750.));
#3053 = VECTOR('',#3054,1.);
#3054 = DIRECTION('',(0.707106781187,0.707106781187,0.));
#3055 = ORIENTED_EDGE('',*,*,#3056,.F.);
#3056 = EDGE_CURVE('',#3057,#3049,#3059,.T.);
#3057 = VERTEX_POINT('',#3058);
#3058 = CARTESIAN_POINT('',(206.2177826491,-657.1796769724,710.));
#3059 = LINE('',#3060,#3061);
#3060 = CARTESIAN_POINT('',(206.2177826491,-657.1796769724,710.));
#3061 = VECTOR('',#3062,1.);
#3062 = DIRECTION('',(0.,0.,1.));
#3063 = ORIENTED_EDGE('',*,*,#3064,.F.);
#3064 = EDGE_CURVE('',#3026,#3057,#3065,.T.);
#3065 = LINE('',#3066,#3067);
#3066 = CARTESIAN_POINT('',(-86.60254037844,-950.,710.));
#3067 = VECTOR('',#3068,1.);
#3068 = DIRECTION('',(0.707106781187,0.707106781187,0.));
#3069 = PLANE('',#3070);
#3070 = AXIS2_PLACEMENT_3D('',#3071,#3072,#3073);
#3071 = CARTESIAN_POINT('',(-86.60254037844,-950.,710.));
#3072 = DIRECTION('',(-0.707106781187,0.707106781187,0.));
#3073 = DIRECTION('',(0.707106781187,0.707106781187,0.));
#3074 = ADVANCED_FACE('',(#3075),#3091,.F.);
#3075 = FACE_BOUND('',#3076,.F.);
#3076 = EDGE_LOOP('',(#3077,#3078,#3084,#3085));
#3077 = ORIENTED_EDGE('',*,*,#3056,.T.);
#3078 = ORIENTED_EDGE('',*,*,#3079,.T.);
#3079 = EDGE_CURVE('',#3049,#2979,#3080,.T.);
#3080 = LINE('',#3081,#3082);
#3081 = CARTESIAN_POINT('',(206.2177826491,-657.1796769724,750.));
#3082 = VECTOR('',#3083,1.);
#3083 = DIRECTION('',(-0.866025403784,0.5,0.));
#3084 = ORIENTED_EDGE('',*,*,#2976,.F.);
#3085 = ORIENTED_EDGE('',*,*,#3086,.F.);
#3086 = EDGE_CURVE('',#3057,#2977,#3087,.T.);
#3087 = LINE('',#3088,#3089);
#3088 = CARTESIAN_POINT('',(206.2177826491,-657.1796769724,710.));
#3089 = VECTOR('',#3090,1.);
#3090 = DIRECTION('',(-0.866025403784,0.5,0.));
#3091 = PLANE('',#3092);
#3092 = AXIS2_PLACEMENT_3D('',#3093,#3094,#3095);
#3093 = CARTESIAN_POINT('',(206.2177826491,-657.1796769724,710.));
#3094 = DIRECTION('',(-0.5,-0.866025403784,0.));
#3095 = DIRECTION('',(-0.866025403784,0.5,0.));
#3096 = ADVANCED_FACE('',(#3097),#3103,.F.);
#3097 = FACE_BOUND('',#3098,.F.);
#3098 = EDGE_LOOP('',(#3099,#3100,#3101,#3102));
#3099 = ORIENTED_EDGE('',*,*,#3002,.T.);
#3100 = ORIENTED_EDGE('',*,*,#3033,.T.);
#3101 = ORIENTED_EDGE('',*,*,#3064,.T.);
#3102 = ORIENTED_EDGE('',*,*,#3086,.T.);
#3103 = PLANE('',#3104);
#3104 = AXIS2_PLACEMENT_3D('',#3105,#3106,#3107);
#3105 = CARTESIAN_POINT('',(-324.9009576971,-562.7449661592,710.));
#3106 = DIRECTION('',(0.,0.,1.));
#3107 = DIRECTION('',(1.,0.,0.));
#3108 = ADVANCED_FACE('',(#3109),#3115,.T.);
#3109 = FACE_BOUND('',#3110,.T.);
#3110 = EDGE_LOOP('',(#3111,#3112,#3113,#3114));
#3111 = ORIENTED_EDGE('',*,*,#2986,.T.);
#3112 = ORIENTED_EDGE('',*,*,#3017,.T.);
#3113 = ORIENTED_EDGE('',*,*,#3048,.T.);
#3114 = ORIENTED_EDGE('',*,*,#3079,.T.);
#3115 = PLANE('',#3116);
#3116 = AXIS2_PLACEMENT_3D('',#3117,#3118,#3119);
#3117 = CARTESIAN_POINT('',(-324.9009576971,-562.7449661592,750.));
#3118 = DIRECTION('',(0.,0.,1.));
#3119 = DIRECTION('',(1.,0.,0.));
#3120 = MANIFOLD_SOLID_BREP('',#3121);
#3121 = CLOSED_SHELL('',(#3122,#3155,#3164));
#3122 = ADVANCED_FACE('',(#3123),#3150,.T.);
#3123 = FACE_BOUND('',#3124,.T.);
#3124 = EDGE_LOOP('',(#3125,#3134,#3142,#3149));
#3125 = ORIENTED_EDGE('',*,*,#3126,.F.);
#3126 = EDGE_CURVE('',#3127,#3127,#3129,.T.);
#3127 = VERTEX_POINT('',#3128);
#3128 = CARTESIAN_POINT('',(-225.0127018922,-464.2116167511,710.));
#3129 = CIRCLE('',#3130,43.);
#3130 = AXIS2_PLACEMENT_3D('',#3131,#3132,#3133);
#3131 = CARTESIAN_POINT('',(-268.0127018922,-464.2116167511,710.));
#3132 = DIRECTION('',(0.,0.,1.));
#3133 = DIRECTION('',(1.,0.,0.));
#3134 = ORIENTED_EDGE('',*,*,#3135,.F.);
#3135 = EDGE_CURVE('',#3136,#3127,#3138,.T.);
#3136 = VERTEX_POINT('',#3137);
#3137 = CARTESIAN_POINT('',(-225.0127018922,-464.2116167511,301.));
#3138 = LINE('',#3139,#3140);
#3139 = CARTESIAN_POINT('',(-225.0127018922,-464.2116167511,301.));
#3140 = VECTOR('',#3141,1.);
#3141 = DIRECTION('',(0.,0.,1.));
#3142 = ORIENTED_EDGE('',*,*,#3143,.T.);
#3143 = EDGE_CURVE('',#3136,#3136,#3144,.T.);
#3144 = CIRCLE('',#3145,43.);
#3145 = AXIS2_PLACEMENT_3D('',#3146,#3147,#3148);
#3146 = CARTESIAN_POINT('',(-268.0127018922,-464.2116167511,301.));
#3147 = DIRECTION('',(0.,0.,1.));
#3148 = DIRECTION('',(1.,0.,0.));
#3149 = ORIENTED_EDGE('',*,*,#3135,.T.);
#3150 = CYLINDRICAL_SURFACE('',#3151,43.);
#3151 = AXIS2_PLACEMENT_3D('',#3152,#3153,#3154);
#3152 = CARTESIAN_POINT('',(-268.0127018922,-464.2116167511,301.));
#3153 = DIRECTION('',(0.,0.,1.));
#3154 = DIRECTION('',(1.,0.,0.));
#3155 = ADVANCED_FACE('',(#3156),#3159,.T.);
#3156 = FACE_BOUND('',#3157,.T.);
#3157 = EDGE_LOOP('',(#3158));
#3158 = ORIENTED_EDGE('',*,*,#3126,.T.);
#3159 = PLANE('',#3160);
#3160 = AXIS2_PLACEMENT_3D('',#3161,#3162,#3163);
#3161 = CARTESIAN_POINT('',(-268.0127018922,-464.2116167511,710.));
#3162 = DIRECTION('',(0.,0.,1.));
#3163 = DIRECTION('',(1.,0.,0.));
#3164 = ADVANCED_FACE('',(#3165),#3168,.F.);
#3165 = FACE_BOUND('',#3166,.T.);
#3166 = EDGE_LOOP('',(#3167));
#3167 = ORIENTED_EDGE('',*,*,#3143,.F.);
#3168 = PLANE('',#3169);
#3169 = AXIS2_PLACEMENT_3D('',#3170,#3171,#3172);
#3170 = CARTESIAN_POINT('',(-268.0127018922,-464.2116167511,301.));
#3171 = DIRECTION('',(0.,0.,1.));
#3172 = DIRECTION('',(1.,0.,0.));
#3173 = MANIFOLD_SOLID_BREP('',#3174);
#3174 = CLOSED_SHELL('',(#3175,#3215,#3246,#3277,#3299,#3311));
#3175 = ADVANCED_FACE('',(#3176),#3210,.T.);
#3176 = FACE_BOUND('',#3177,.T.);
#3177 = EDGE_LOOP('',(#3178,#3188,#3196,#3204));
#3178 = ORIENTED_EDGE('',*,*,#3179,.T.);
#3179 = EDGE_CURVE('',#3180,#3182,#3184,.T.);
#3180 = VERTEX_POINT('',#3181);
#3181 = CARTESIAN_POINT('',(206.2177826491,-657.1796769724,710.));
#3182 = VERTEX_POINT('',#3183);
#3183 = CARTESIAN_POINT('',(206.2177826491,-657.1796769724,750.));
#3184 = LINE('',#3185,#3186);
#3185 = CARTESIAN_POINT('',(206.2177826491,-657.1796769724,710.));
#3186 = VECTOR('',#3187,1.);
#3187 = DIRECTION('',(0.,0.,1.));
#3188 = ORIENTED_EDGE('',*,*,#3189,.T.);
#3189 = EDGE_CURVE('',#3182,#3190,#3192,.T.);
#3190 = VERTEX_POINT('',#3191);
#3191 = CARTESIAN_POINT('',(806.2177826491,-1.696410161514E+03,750.));
#3192 = LINE('',#3193,#3194);
#3193 = CARTESIAN_POINT('',(206.2177826491,-657.1796769724,750.));
#3194 = VECTOR('',#3195,1.);
#3195 = DIRECTION('',(0.5,-0.866025403784,0.));
#3196 = ORIENTED_EDGE('',*,*,#3197,.F.);
#3197 = EDGE_CURVE('',#3198,#3190,#3200,.T.);
#3198 = VERTEX_POINT('',#3199);
#3199 = CARTESIAN_POINT('',(806.2177826491,-1.696410161514E+03,710.));
#3200 = LINE('',#3201,#3202);
#3201 = CARTESIAN_POINT('',(806.2177826491,-1.696410161514E+03,710.));
#3202 = VECTOR('',#3203,1.);
#3203 = DIRECTION('',(0.,0.,1.));
#3204 = ORIENTED_EDGE('',*,*,#3205,.F.);
#3205 = EDGE_CURVE('',#3180,#3198,#3206,.T.);
#3206 = LINE('',#3207,#3208);
#3207 = CARTESIAN_POINT('',(206.2177826491,-657.1796769724,710.));
#3208 = VECTOR('',#3209,1.);
#3209 = DIRECTION('',(0.5,-0.866025403784,0.));
#3210 = PLANE('',#3211);
#3211 = AXIS2_PLACEMENT_3D('',#3212,#3213,#3214);
#3212 = CARTESIAN_POINT('',(206.2177826491,-657.1796769724,710.));
#3213 = DIRECTION('',(0.866025403784,0.5,0.));
#3214 = DIRECTION('',(0.5,-0.866025403784,0.));
#3215 = ADVANCED_FACE('',(#3216),#3241,.T.);
#3216 = FACE_BOUND('',#3217,.T.);
#3217 = EDGE_LOOP('',(#3218,#3219,#3227,#3235));
#3218 = ORIENTED_EDGE('',*,*,#3197,.T.);
#3219 = ORIENTED_EDGE('',*,*,#3220,.T.);
#3220 = EDGE_CURVE('',#3190,#3221,#3223,.T.);
#3221 = VERTEX_POINT('',#3222);
#3222 = CARTESIAN_POINT('',(513.39745962155,-1.989230484541E+03,750.));
#3223 = LINE('',#3224,#3225);
#3224 = CARTESIAN_POINT('',(806.2177826491,-1.696410161514E+03,750.));
#3225 = VECTOR('',#3226,1.);
#3226 = DIRECTION('',(-0.707106781187,-0.707106781187,0.));
#3227 = ORIENTED_EDGE('',*,*,#3228,.F.);
#3228 = EDGE_CURVE('',#3229,#3221,#3231,.T.);
#3229 = VERTEX_POINT('',#3230);
#3230 = CARTESIAN_POINT('',(513.39745962155,-1.989230484541E+03,710.));
#3231 = LINE('',#3232,#3233);
#3232 = CARTESIAN_POINT('',(513.39745962155,-1.989230484541E+03,710.));
#3233 = VECTOR('',#3234,1.);
#3234 = DIRECTION('',(0.,0.,1.));
#3235 = ORIENTED_EDGE('',*,*,#3236,.F.);
#3236 = EDGE_CURVE('',#3198,#3229,#3237,.T.);
#3237 = LINE('',#3238,#3239);
#3238 = CARTESIAN_POINT('',(806.2177826491,-1.696410161514E+03,710.));
#3239 = VECTOR('',#3240,1.);
#3240 = DIRECTION('',(-0.707106781187,-0.707106781187,0.));
#3241 = PLANE('',#3242);
#3242 = AXIS2_PLACEMENT_3D('',#3243,#3244,#3245);
#3243 = CARTESIAN_POINT('',(806.2177826491,-1.696410161514E+03,710.));
#3244 = DIRECTION('',(0.707106781187,-0.707106781187,0.));
#3245 = DIRECTION('',(-0.707106781187,-0.707106781187,0.));
#3246 = ADVANCED_FACE('',(#3247),#3272,.T.);
#3247 = FACE_BOUND('',#3248,.T.);
#3248 = EDGE_LOOP('',(#3249,#3250,#3258,#3266));
#3249 = ORIENTED_EDGE('',*,*,#3228,.T.);
#3250 = ORIENTED_EDGE('',*,*,#3251,.T.);
#3251 = EDGE_CURVE('',#3221,#3252,#3254,.T.);
#3252 = VERTEX_POINT('',#3253);
#3253 = CARTESIAN_POINT('',(-86.60254037844,-950.,750.));
#3254 = LINE('',#3255,#3256);
#3255 = CARTESIAN_POINT('',(513.39745962155,-1.989230484541E+03,750.));
#3256 = VECTOR('',#3257,1.);
#3257 = DIRECTION('',(-0.5,0.866025403784,0.));
#3258 = ORIENTED_EDGE('',*,*,#3259,.F.);
#3259 = EDGE_CURVE('',#3260,#3252,#3262,.T.);
#3260 = VERTEX_POINT('',#3261);
#3261 = CARTESIAN_POINT('',(-86.60254037844,-950.,710.));
#3262 = LINE('',#3263,#3264);
#3263 = CARTESIAN_POINT('',(-86.60254037844,-950.,710.));
#3264 = VECTOR('',#3265,1.);
#3265 = DIRECTION('',(0.,0.,1.));
#3266 = ORIENTED_EDGE('',*,*,#3267,.F.);
#3267 = EDGE_CURVE('',#3229,#3260,#3268,.T.);
#3268 = LINE('',#3269,#3270);
#3269 = CARTESIAN_POINT('',(513.39745962155,-1.989230484541E+03,710.));
#3270 = VECTOR('',#3271,1.);
#3271 = DIRECTION('',(-0.5,0.866025403784,0.));
#3272 = PLANE('',#3273);
#3273 = AXIS2_PLACEMENT_3D('',#3274,#3275,#3276);
#3274 = CARTESIAN_POINT('',(513.39745962155,-1.989230484541E+03,710.));
#3275 = DIRECTION('',(-0.866025403784,-0.5,0.));
#3276 = DIRECTION('',(-0.5,0.866025403784,0.));
#3277 = ADVANCED_FACE('',(#3278),#3294,.T.);
#3278 = FACE_BOUND('',#3279,.T.);
#3279 = EDGE_LOOP('',(#3280,#3281,#3287,#3288));
#3280 = ORIENTED_EDGE('',*,*,#3259,.T.);
#3281 = ORIENTED_EDGE('',*,*,#3282,.T.);
#3282 = EDGE_CURVE('',#3252,#3182,#3283,.T.);
#3283 = LINE('',#3284,#3285);
#3284 = CARTESIAN_POINT('',(-86.60254037844,-950.,750.));
#3285 = VECTOR('',#3286,1.);
#3286 = DIRECTION('',(0.707106781187,0.707106781187,0.));
#3287 = ORIENTED_EDGE('',*,*,#3179,.F.);
#3288 = ORIENTED_EDGE('',*,*,#3289,.F.);
#3289 = EDGE_CURVE('',#3260,#3180,#3290,.T.);
#3290 = LINE('',#3291,#3292);
#3291 = CARTESIAN_POINT('',(-86.60254037844,-950.,710.));
#3292 = VECTOR('',#3293,1.);
#3293 = DIRECTION('',(0.707106781187,0.707106781187,0.));
#3294 = PLANE('',#3295);
#3295 = AXIS2_PLACEMENT_3D('',#3296,#3297,#3298);
#3296 = CARTESIAN_POINT('',(-86.60254037844,-950.,710.));
#3297 = DIRECTION('',(-0.707106781187,0.707106781187,0.));
#3298 = DIRECTION('',(0.707106781187,0.707106781187,0.));
#3299 = ADVANCED_FACE('',(#3300),#3306,.T.);
#3300 = FACE_BOUND('',#3301,.T.);
#3301 = EDGE_LOOP('',(#3302,#3303,#3304,#3305));
#3302 = ORIENTED_EDGE('',*,*,#3205,.T.);
#3303 = ORIENTED_EDGE('',*,*,#3236,.T.);
#3304 = ORIENTED_EDGE('',*,*,#3267,.T.);
#3305 = ORIENTED_EDGE('',*,*,#3289,.T.);
#3306 = PLANE('',#3307);
#3307 = AXIS2_PLACEMENT_3D('',#3308,#3309,#3310);
#3308 = CARTESIAN_POINT('',(359.80762113533,-1.323205080757E+03,710.));
#3309 = DIRECTION('',(-0.,-0.,-1.));
#3310 = DIRECTION('',(-1.,0.,0.));
#3311 = ADVANCED_FACE('',(#3312),#3318,.F.);
#3312 = FACE_BOUND('',#3313,.F.);
#3313 = EDGE_LOOP('',(#3314,#3315,#3316,#3317));
#3314 = ORIENTED_EDGE('',*,*,#3189,.T.);
#3315 = ORIENTED_EDGE('',*,*,#3220,.T.);
#3316 = ORIENTED_EDGE('',*,*,#3251,.T.);
#3317 = ORIENTED_EDGE('',*,*,#3282,.T.);
#3318 = PLANE('',#3319);
#3319 = AXIS2_PLACEMENT_3D('',#3320,#3321,#3322);
#3320 = CARTESIAN_POINT('',(359.80762113533,-1.323205080757E+03,750.));
#3321 = DIRECTION('',(-0.,-0.,-1.));
#3322 = DIRECTION('',(-1.,0.,0.));
#3323 = MANIFOLD_SOLID_BREP('',#3324);
#3324 = CLOSED_SHELL('',(#3325,#3358,#3367));
#3325 = ADVANCED_FACE('',(#3326),#3353,.T.);
#3326 = FACE_BOUND('',#3327,.T.);
#3327 = EDGE_LOOP('',(#3328,#3337,#3345,#3352));
#3328 = ORIENTED_EDGE('',*,*,#3329,.F.);
#3329 = EDGE_CURVE('',#3330,#3330,#3332,.T.);
#3330 = VERTEX_POINT('',#3331);
#3331 = CARTESIAN_POINT('',(402.80762113533,-1.323205080757E+03,710.));
#3332 = CIRCLE('',#3333,43.);
#3333 = AXIS2_PLACEMENT_3D('',#3334,#3335,#3336);
#3334 = CARTESIAN_POINT('',(359.80762113533,-1.323205080757E+03,710.));
#3335 = DIRECTION('',(0.,0.,1.));
#3336 = DIRECTION('',(1.,0.,0.));
#3337 = ORIENTED_EDGE('',*,*,#3338,.F.);
#3338 = EDGE_CURVE('',#3339,#3330,#3341,.T.);
#3339 = VERTEX_POINT('',#3340);
#3340 = CARTESIAN_POINT('',(402.80762113533,-1.323205080757E+03,301.));
#3341 = LINE('',#3342,#3343);
#3342 = CARTESIAN_POINT('',(402.80762113533,-1.323205080757E+03,301.));
#3343 = VECTOR('',#3344,1.);
#3344 = DIRECTION('',(0.,0.,1.));
#3345 = ORIENTED_EDGE('',*,*,#3346,.T.);
#3346 = EDGE_CURVE('',#3339,#3339,#3347,.T.);
#3347 = CIRCLE('',#3348,43.);
#3348 = AXIS2_PLACEMENT_3D('',#3349,#3350,#3351);
#3349 = CARTESIAN_POINT('',(359.80762113533,-1.323205080757E+03,301.));
#3350 = DIRECTION('',(0.,0.,1.));
#3351 = DIRECTION('',(1.,0.,0.));
#3352 = ORIENTED_EDGE('',*,*,#3338,.T.);
#3353 = CYLINDRICAL_SURFACE('',#3354,43.);
#3354 = AXIS2_PLACEMENT_3D('',#3355,#3356,#3357);
#3355 = CARTESIAN_POINT('',(359.80762113533,-1.323205080757E+03,301.));
#3356 = DIRECTION('',(0.,0.,1.));
#3357 = DIRECTION('',(1.,0.,0.));
#3358 = ADVANCED_FACE('',(#3359),#3362,.T.);
#3359 = FACE_BOUND('',#3360,.T.);
#3360 = EDGE_LOOP('',(#3361));
#3361 = ORIENTED_EDGE('',*,*,#3329,.T.);
#3362 = PLANE('',#3363);
#3363 = AXIS2_PLACEMENT_3D('',#3364,#3365,#3366);
#3364 = CARTESIAN_POINT('',(359.80762113533,-1.323205080757E+03,710.));
#3365 = DIRECTION('',(0.,0.,1.));
#3366 = DIRECTION('',(1.,0.,0.));
#3367 = ADVANCED_FACE('',(#3368),#3371,.F.);
#3368 = FACE_BOUND('',#3369,.T.);
#3369 = EDGE_LOOP('',(#3370));
#3370 = ORIENTED_EDGE('',*,*,#3346,.F.);
#3371 = PLANE('',#3372);
#3372 = AXIS2_PLACEMENT_3D('',#3373,#3374,#3375);
#3373 = CARTESIAN_POINT('',(359.80762113533,-1.323205080757E+03,301.));
#3374 = DIRECTION('',(0.,0.,1.));
#3375 = DIRECTION('',(1.,0.,0.));
#3376 = MANIFOLD_SOLID_BREP('',#3377);
#3377 = CLOSED_SHELL('',(#3378,#3418,#3449,#3480,#3502,#3514));
#3378 = ADVANCED_FACE('',(#3379),#3413,.F.);
#3379 = FACE_BOUND('',#3380,.F.);
#3380 = EDGE_LOOP('',(#3381,#3391,#3399,#3407));
#3381 = ORIENTED_EDGE('',*,*,#3382,.T.);
#3382 = EDGE_CURVE('',#3383,#3385,#3387,.T.);
#3383 = VERTEX_POINT('',#3384);
#3384 = CARTESIAN_POINT('',(-672.2431864335,-150.,710.));
#3385 = VERTEX_POINT('',#3386);
#3386 = CARTESIAN_POINT('',(-672.2431864335,-150.,750.));
#3387 = LINE('',#3388,#3389);
#3388 = CARTESIAN_POINT('',(-672.2431864335,-150.,710.));
#3389 = VECTOR('',#3390,1.);
#3390 = DIRECTION('',(0.,0.,1.));
#3391 = ORIENTED_EDGE('',*,*,#3392,.T.);
#3392 = EDGE_CURVE('',#3385,#3393,#3395,.T.);
#3393 = VERTEX_POINT('',#3394);
#3394 = CARTESIAN_POINT('',(-1.872243186434E+03,-150.,750.));
#3395 = LINE('',#3396,#3397);
#3396 = CARTESIAN_POINT('',(-672.2431864335,-150.,750.));
#3397 = VECTOR('',#3398,1.);
#3398 = DIRECTION('',(-1.,1.184237892934E-16,0.));
#3399 = ORIENTED_EDGE('',*,*,#3400,.F.);
#3400 = EDGE_CURVE('',#3401,#3393,#3403,.T.);
#3401 = VERTEX_POINT('',#3402);
#3402 = CARTESIAN_POINT('',(-1.872243186434E+03,-150.,710.));
#3403 = LINE('',#3404,#3405);
#3404 = CARTESIAN_POINT('',(-1.872243186434E+03,-150.,710.));
#3405 = VECTOR('',#3406,1.);
#3406 = DIRECTION('',(0.,0.,1.));
#3407 = ORIENTED_EDGE('',*,*,#3408,.F.);
#3408 = EDGE_CURVE('',#3383,#3401,#3409,.T.);
#3409 = LINE('',#3410,#3411);
#3410 = CARTESIAN_POINT('',(-672.2431864335,-150.,710.));
#3411 = VECTOR('',#3412,1.);
#3412 = DIRECTION('',(-1.,1.184237892934E-16,0.));
#3413 = PLANE('',#3414);
#3414 = AXIS2_PLACEMENT_3D('',#3415,#3416,#3417);
#3415 = CARTESIAN_POINT('',(-672.2431864335,-150.,710.));
#3416 = DIRECTION('',(-1.184237892934E-16,-1.,0.));
#3417 = DIRECTION('',(-1.,1.184237892934E-16,0.));
#3418 = ADVANCED_FACE('',(#3419),#3444,.F.);
#3419 = FACE_BOUND('',#3420,.F.);
#3420 = EDGE_LOOP('',(#3421,#3422,#3430,#3438));
#3421 = ORIENTED_EDGE('',*,*,#3400,.T.);
#3422 = ORIENTED_EDGE('',*,*,#3423,.T.);
#3423 = EDGE_CURVE('',#3393,#3424,#3426,.T.);
#3424 = VERTEX_POINT('',#3425);
#3425 = CARTESIAN_POINT('',(-1.979422863406E+03,-549.9999999999,750.));
#3426 = LINE('',#3427,#3428);
#3427 = CARTESIAN_POINT('',(-1.872243186434E+03,-150.,750.));
#3428 = VECTOR('',#3429,1.);
#3429 = DIRECTION('',(-0.258819045103,-0.965925826289,0.));
#3430 = ORIENTED_EDGE('',*,*,#3431,.F.);
#3431 = EDGE_CURVE('',#3432,#3424,#3434,.T.);
#3432 = VERTEX_POINT('',#3433);
#3433 = CARTESIAN_POINT('',(-1.979422863406E+03,-549.9999999999,710.));
#3434 = LINE('',#3435,#3436);
#3435 = CARTESIAN_POINT('',(-1.979422863406E+03,-549.9999999999,710.));
#3436 = VECTOR('',#3437,1.);
#3437 = DIRECTION('',(0.,0.,1.));
#3438 = ORIENTED_EDGE('',*,*,#3439,.F.);
#3439 = EDGE_CURVE('',#3401,#3432,#3440,.T.);
#3440 = LINE('',#3441,#3442);
#3441 = CARTESIAN_POINT('',(-1.872243186434E+03,-150.,710.));
#3442 = VECTOR('',#3443,1.);
#3443 = DIRECTION('',(-0.258819045103,-0.965925826289,0.));
#3444 = PLANE('',#3445);
#3445 = AXIS2_PLACEMENT_3D('',#3446,#3447,#3448);
#3446 = CARTESIAN_POINT('',(-1.872243186434E+03,-150.,710.));
#3447 = DIRECTION('',(0.965925826289,-0.258819045103,0.));
#3448 = DIRECTION('',(-0.258819045103,-0.965925826289,0.));
#3449 = ADVANCED_FACE('',(#3450),#3475,.F.);
#3450 = FACE_BOUND('',#3451,.F.);
#3451 = EDGE_LOOP('',(#3452,#3453,#3461,#3469));
#3452 = ORIENTED_EDGE('',*,*,#3431,.T.);
#3453 = ORIENTED_EDGE('',*,*,#3454,.T.);
#3454 = EDGE_CURVE('',#3424,#3455,#3457,.T.);
#3455 = VERTEX_POINT('',#3456);
#3456 = CARTESIAN_POINT('',(-779.4228634059,-550.,750.));
#3457 = LINE('',#3458,#3459);
#3458 = CARTESIAN_POINT('',(-1.979422863406E+03,-549.9999999999,750.));
#3459 = VECTOR('',#3460,1.);
#3460 = DIRECTION('',(1.,-9.473903143468E-17,0.));
#3461 = ORIENTED_EDGE('',*,*,#3462,.F.);
#3462 = EDGE_CURVE('',#3463,#3455,#3465,.T.);
#3463 = VERTEX_POINT('',#3464);
#3464 = CARTESIAN_POINT('',(-779.4228634059,-550.,710.));
#3465 = LINE('',#3466,#3467);
#3466 = CARTESIAN_POINT('',(-779.4228634059,-550.,710.));
#3467 = VECTOR('',#3468,1.);
#3468 = DIRECTION('',(0.,0.,1.));
#3469 = ORIENTED_EDGE('',*,*,#3470,.F.);
#3470 = EDGE_CURVE('',#3432,#3463,#3471,.T.);
#3471 = LINE('',#3472,#3473);
#3472 = CARTESIAN_POINT('',(-1.979422863406E+03,-549.9999999999,710.));
#3473 = VECTOR('',#3474,1.);
#3474 = DIRECTION('',(1.,-9.473903143468E-17,0.));
#3475 = PLANE('',#3476);
#3476 = AXIS2_PLACEMENT_3D('',#3477,#3478,#3479);
#3477 = CARTESIAN_POINT('',(-1.979422863406E+03,-549.9999999999,710.));
#3478 = DIRECTION('',(9.473903143468E-17,1.,0.));
#3479 = DIRECTION('',(1.,-9.473903143468E-17,0.));
#3480 = ADVANCED_FACE('',(#3481),#3497,.F.);
#3481 = FACE_BOUND('',#3482,.F.);
#3482 = EDGE_LOOP('',(#3483,#3484,#3490,#3491));
#3483 = ORIENTED_EDGE('',*,*,#3462,.T.);
#3484 = ORIENTED_EDGE('',*,*,#3485,.T.);
#3485 = EDGE_CURVE('',#3455,#3385,#3486,.T.);
#3486 = LINE('',#3487,#3488);
#3487 = CARTESIAN_POINT('',(-779.4228634059,-550.,750.));
#3488 = VECTOR('',#3489,1.);
#3489 = DIRECTION('',(0.258819045103,0.965925826289,0.));
#3490 = ORIENTED_EDGE('',*,*,#3382,.F.);
#3491 = ORIENTED_EDGE('',*,*,#3492,.F.);
#3492 = EDGE_CURVE('',#3463,#3383,#3493,.T.);
#3493 = LINE('',#3494,#3495);
#3494 = CARTESIAN_POINT('',(-779.4228634059,-550.,710.));
#3495 = VECTOR('',#3496,1.);
#3496 = DIRECTION('',(0.258819045103,0.965925826289,0.));
#3497 = PLANE('',#3498);
#3498 = AXIS2_PLACEMENT_3D('',#3499,#3500,#3501);
#3499 = CARTESIAN_POINT('',(-779.4228634059,-550.,710.));
#3500 = DIRECTION('',(-0.965925826289,0.258819045103,0.));
#3501 = DIRECTION('',(0.258819045103,0.965925826289,0.));
#3502 = ADVANCED_FACE('',(#3503),#3509,.F.);
#3503 = FACE_BOUND('',#3504,.F.);
#3504 = EDGE_LOOP('',(#3505,#3506,#3507,#3508));
#3505 = ORIENTED_EDGE('',*,*,#3408,.T.);
#3506 = ORIENTED_EDGE('',*,*,#3439,.T.);
#3507 = ORIENTED_EDGE('',*,*,#3470,.T.);
#3508 = ORIENTED_EDGE('',*,*,#3492,.T.);
#3509 = PLANE('',#3510);
#3510 = AXIS2_PLACEMENT_3D('',#3511,#3512,#3513);
#3511 = CARTESIAN_POINT('',(-1.32583302492E+03,-350.,710.));
#3512 = DIRECTION('',(0.,0.,1.));
#3513 = DIRECTION('',(1.,0.,0.));
#3514 = ADVANCED_FACE('',(#3515),#3521,.T.);
#3515 = FACE_BOUND('',#3516,.T.);
#3516 = EDGE_LOOP('',(#3517,#3518,#3519,#3520));
#3517 = ORIENTED_EDGE('',*,*,#3392,.T.);
#3518 = ORIENTED_EDGE('',*,*,#3423,.T.);
#3519 = ORIENTED_EDGE('',*,*,#3454,.T.);
#3520 = ORIENTED_EDGE('',*,*,#3485,.T.);
#3521 = PLANE('',#3522);
#3522 = AXIS2_PLACEMENT_3D('',#3523,#3524,#3525);
#3523 = CARTESIAN_POINT('',(-1.32583302492E+03,-350.,750.));
#3524 = DIRECTION('',(0.,0.,1.));
#3525 = DIRECTION('',(1.,0.,0.));
#3526 = MANIFOLD_SOLID_BREP('',#3527);
#3527 = CLOSED_SHELL('',(#3528,#3561,#3570));
#3528 = ADVANCED_FACE('',(#3529),#3556,.T.);
#3529 = FACE_BOUND('',#3530,.T.);
#3530 = EDGE_LOOP('',(#3531,#3540,#3548,#3555));
#3531 = ORIENTED_EDGE('',*,*,#3532,.F.);
#3532 = EDGE_CURVE('',#3533,#3533,#3535,.T.);
#3533 = VERTEX_POINT('',#3534);
#3534 = CARTESIAN_POINT('',(-1.28283302492E+03,-350.,710.));
#3535 = CIRCLE('',#3536,43.);
#3536 = AXIS2_PLACEMENT_3D('',#3537,#3538,#3539);
#3537 = CARTESIAN_POINT('',(-1.32583302492E+03,-350.,710.));
#3538 = DIRECTION('',(0.,0.,1.));
#3539 = DIRECTION('',(1.,0.,0.));
#3540 = ORIENTED_EDGE('',*,*,#3541,.F.);
#3541 = EDGE_CURVE('',#3542,#3533,#3544,.T.);
#3542 = VERTEX_POINT('',#3543);
#3543 = CARTESIAN_POINT('',(-1.28283302492E+03,-350.,301.));
#3544 = LINE('',#3545,#3546);
#3545 = CARTESIAN_POINT('',(-1.28283302492E+03,-350.,301.));
#3546 = VECTOR('',#3547,1.);
#3547 = DIRECTION('',(0.,0.,1.));
#3548 = ORIENTED_EDGE('',*,*,#3549,.T.);
#3549 = EDGE_CURVE('',#3542,#3542,#3550,.T.);
#3550 = CIRCLE('',#3551,43.);
#3551 = AXIS2_PLACEMENT_3D('',#3552,#3553,#3554);
#3552 = CARTESIAN_POINT('',(-1.32583302492E+03,-350.,301.));
#3553 = DIRECTION('',(0.,0.,1.));
#3554 = DIRECTION('',(1.,0.,0.));
#3555 = ORIENTED_EDGE('',*,*,#3541,.T.);
#3556 = CYLINDRICAL_SURFACE('',#3557,43.);
#3557 = AXIS2_PLACEMENT_3D('',#3558,#3559,#3560);
#3558 = CARTESIAN_POINT('',(-1.32583302492E+03,-350.,301.));
#3559 = DIRECTION('',(0.,0.,1.));
#3560 = DIRECTION('',(1.,0.,0.));
#3561 = ADVANCED_FACE('',(#3562),#3565,.T.);
#3562 = FACE_BOUND('',#3563,.T.);
#3563 = EDGE_LOOP('',(#3564));
#3564 = ORIENTED_EDGE('',*,*,#3532,.T.);
#3565 = PLANE('',#3566);
#3566 = AXIS2_PLACEMENT_3D('',#3567,#3568,#3569);
#3567 = CARTESIAN_POINT('',(-1.32583302492E+03,-350.,710.));
#3568 = DIRECTION('',(0.,0.,1.));
#3569 = DIRECTION('',(1.,0.,0.));
#3570 = ADVANCED_FACE('',(#3571),#3574,.F.);
#3571 = FACE_BOUND('',#3572,.T.);
#3572 = EDGE_LOOP('',(#3573));
#3573 = ORIENTED_EDGE('',*,*,#3549,.F.);
#3574 = PLANE('',#3575);
#3575 = AXIS2_PLACEMENT_3D('',#3576,#3577,#3578);
#3576 = CARTESIAN_POINT('',(-1.32583302492E+03,-350.,301.));
#3577 = DIRECTION('',(0.,0.,1.));
#3578 = DIRECTION('',(1.,0.,0.));
#3579 = MANIFOLD_SOLID_BREP('',#3580);
#3580 = CLOSED_SHELL('',(#3581,#3637,#3668,#3692,#3716,#3741,#3757,#3782
    ,#3801,#3844,#3855));
#3581 = ADVANCED_FACE('',(#3582),#3632,.F.);
#3582 = FACE_BOUND('',#3583,.F.);
#3583 = EDGE_LOOP('',(#3584,#3594,#3602,#3610,#3618,#3626));
#3584 = ORIENTED_EDGE('',*,*,#3585,.F.);
#3585 = EDGE_CURVE('',#3586,#3588,#3590,.T.);
#3586 = VERTEX_POINT('',#3587);
#3587 = CARTESIAN_POINT('',(381.,-325.,845.));
#3588 = VERTEX_POINT('',#3589);
#3589 = CARTESIAN_POINT('',(381.,-325.,1.215E+03));
#3590 = LINE('',#3591,#3592);
#3591 = CARTESIAN_POINT('',(381.,-325.,845.));
#3592 = VECTOR('',#3593,1.);
#3593 = DIRECTION('',(0.,0.,1.));
#3594 = ORIENTED_EDGE('',*,*,#3595,.T.);
#3595 = EDGE_CURVE('',#3586,#3596,#3598,.T.);
#3596 = VERTEX_POINT('',#3597);
#3597 = CARTESIAN_POINT('',(381.,-40.79215610874,845.));
#3598 = LINE('',#3599,#3600);
#3599 = CARTESIAN_POINT('',(381.,-325.,845.));
#3600 = VECTOR('',#3601,1.);
#3601 = DIRECTION('',(0.,1.,0.));
#3602 = ORIENTED_EDGE('',*,*,#3603,.T.);
#3603 = EDGE_CURVE('',#3596,#3604,#3606,.T.);
#3604 = VERTEX_POINT('',#3605);
#3605 = CARTESIAN_POINT('',(381.,40.792156108743,845.));
#3606 = LINE('',#3607,#3608);
#3607 = CARTESIAN_POINT('',(381.,-325.,845.));
#3608 = VECTOR('',#3609,1.);
#3609 = DIRECTION('',(0.,1.,0.));
#3610 = ORIENTED_EDGE('',*,*,#3611,.T.);
#3611 = EDGE_CURVE('',#3604,#3612,#3614,.T.);
#3612 = VERTEX_POINT('',#3613);
#3613 = CARTESIAN_POINT('',(381.,325.,845.));
#3614 = LINE('',#3615,#3616);
#3615 = CARTESIAN_POINT('',(381.,-325.,845.));
#3616 = VECTOR('',#3617,1.);
#3617 = DIRECTION('',(0.,1.,0.));
#3618 = ORIENTED_EDGE('',*,*,#3619,.T.);
#3619 = EDGE_CURVE('',#3612,#3620,#3622,.T.);
#3620 = VERTEX_POINT('',#3621);
#3621 = CARTESIAN_POINT('',(381.,325.,1.215E+03));
#3622 = LINE('',#3623,#3624);
#3623 = CARTESIAN_POINT('',(381.,325.,845.));
#3624 = VECTOR('',#3625,1.);
#3625 = DIRECTION('',(0.,0.,1.));
#3626 = ORIENTED_EDGE('',*,*,#3627,.F.);
#3627 = EDGE_CURVE('',#3588,#3620,#3628,.T.);
#3628 = LINE('',#3629,#3630);
#3629 = CARTESIAN_POINT('',(381.,-325.,1.215E+03));
#3630 = VECTOR('',#3631,1.);
#3631 = DIRECTION('',(0.,1.,0.));
#3632 = PLANE('',#3633);
#3633 = AXIS2_PLACEMENT_3D('',#3634,#3635,#3636);
#3634 = CARTESIAN_POINT('',(381.,-325.,845.));
#3635 = DIRECTION('',(1.,0.,0.));
#3636 = DIRECTION('',(0.,0.,1.));
#3637 = ADVANCED_FACE('',(#3638),#3663,.F.);
#3638 = FACE_BOUND('',#3639,.F.);
#3639 = EDGE_LOOP('',(#3640,#3648,#3649,#3657));
#3640 = ORIENTED_EDGE('',*,*,#3641,.F.);
#3641 = EDGE_CURVE('',#3586,#3642,#3644,.T.);
#3642 = VERTEX_POINT('',#3643);
#3643 = CARTESIAN_POINT('',(419.,-325.,845.));
#3644 = LINE('',#3645,#3646);
#3645 = CARTESIAN_POINT('',(381.,-325.,845.));
#3646 = VECTOR('',#3647,1.);
#3647 = DIRECTION('',(1.,0.,0.));
#3648 = ORIENTED_EDGE('',*,*,#3585,.T.);
#3649 = ORIENTED_EDGE('',*,*,#3650,.T.);
#3650 = EDGE_CURVE('',#3588,#3651,#3653,.T.);
#3651 = VERTEX_POINT('',#3652);
#3652 = CARTESIAN_POINT('',(419.,-325.,1.215E+03));
#3653 = LINE('',#3654,#3655);
#3654 = CARTESIAN_POINT('',(381.,-325.,1.215E+03));
#3655 = VECTOR('',#3656,1.);
#3656 = DIRECTION('',(1.,0.,0.));
#3657 = ORIENTED_EDGE('',*,*,#3658,.F.);
#3658 = EDGE_CURVE('',#3642,#3651,#3659,.T.);
#3659 = LINE('',#3660,#3661);
#3660 = CARTESIAN_POINT('',(419.,-325.,845.));
#3661 = VECTOR('',#3662,1.);
#3662 = DIRECTION('',(0.,0.,1.));
#3663 = PLANE('',#3664);
#3664 = AXIS2_PLACEMENT_3D('',#3665,#3666,#3667);
#3665 = CARTESIAN_POINT('',(381.,-325.,845.));
#3666 = DIRECTION('',(0.,1.,0.));
#3667 = DIRECTION('',(0.,0.,1.));
#3668 = ADVANCED_FACE('',(#3669),#3687,.T.);
#3669 = FACE_BOUND('',#3670,.T.);
#3670 = EDGE_LOOP('',(#3671,#3672,#3673,#3681));
#3671 = ORIENTED_EDGE('',*,*,#3627,.F.);
#3672 = ORIENTED_EDGE('',*,*,#3650,.T.);
#3673 = ORIENTED_EDGE('',*,*,#3674,.T.);
#3674 = EDGE_CURVE('',#3651,#3675,#3677,.T.);
#3675 = VERTEX_POINT('',#3676);
#3676 = CARTESIAN_POINT('',(419.,325.,1.215E+03));
#3677 = LINE('',#3678,#3679);
#3678 = CARTESIAN_POINT('',(419.,-325.,1.215E+03));
#3679 = VECTOR('',#3680,1.);
#3680 = DIRECTION('',(0.,1.,0.));
#3681 = ORIENTED_EDGE('',*,*,#3682,.F.);
#3682 = EDGE_CURVE('',#3620,#3675,#3683,.T.);
#3683 = LINE('',#3684,#3685);
#3684 = CARTESIAN_POINT('',(381.,325.,1.215E+03));
#3685 = VECTOR('',#3686,1.);
#3686 = DIRECTION('',(1.,0.,0.));
#3687 = PLANE('',#3688);
#3688 = AXIS2_PLACEMENT_3D('',#3689,#3690,#3691);
#3689 = CARTESIAN_POINT('',(381.,-325.,1.215E+03));
#3690 = DIRECTION('',(0.,0.,1.));
#3691 = DIRECTION('',(1.,0.,0.));
#3692 = ADVANCED_FACE('',(#3693),#3711,.T.);
#3693 = FACE_BOUND('',#3694,.T.);
#3694 = EDGE_LOOP('',(#3695,#3703,#3704,#3705));
#3695 = ORIENTED_EDGE('',*,*,#3696,.F.);
#3696 = EDGE_CURVE('',#3612,#3697,#3699,.T.);
#3697 = VERTEX_POINT('',#3698);
#3698 = CARTESIAN_POINT('',(419.,325.,845.));
#3699 = LINE('',#3700,#3701);
#3700 = CARTESIAN_POINT('',(381.,325.,845.));
#3701 = VECTOR('',#3702,1.);
#3702 = DIRECTION('',(1.,0.,0.));
#3703 = ORIENTED_EDGE('',*,*,#3619,.T.);
#3704 = ORIENTED_EDGE('',*,*,#3682,.T.);
#3705 = ORIENTED_EDGE('',*,*,#3706,.F.);
#3706 = EDGE_CURVE('',#3697,#3675,#3707,.T.);
#3707 = LINE('',#3708,#3709);
#3708 = CARTESIAN_POINT('',(419.,325.,845.));
#3709 = VECTOR('',#3710,1.);
#3710 = DIRECTION('',(0.,0.,1.));
#3711 = PLANE('',#3712);
#3712 = AXIS2_PLACEMENT_3D('',#3713,#3714,#3715);
#3713 = CARTESIAN_POINT('',(381.,325.,845.));
#3714 = DIRECTION('',(0.,1.,0.));
#3715 = DIRECTION('',(0.,0.,1.));
#3716 = ADVANCED_FACE('',(#3717),#3736,.F.);
#3717 = FACE_BOUND('',#3718,.F.);
#3718 = EDGE_LOOP('',(#3719,#3720,#3721,#3729));
#3719 = ORIENTED_EDGE('',*,*,#3595,.F.);
#3720 = ORIENTED_EDGE('',*,*,#3641,.T.);
#3721 = ORIENTED_EDGE('',*,*,#3722,.T.);
#3722 = EDGE_CURVE('',#3642,#3723,#3725,.T.);
#3723 = VERTEX_POINT('',#3724);
#3724 = CARTESIAN_POINT('',(419.,-40.79215610874,845.));
#3725 = LINE('',#3726,#3727);
#3726 = CARTESIAN_POINT('',(419.,-325.,845.));
#3727 = VECTOR('',#3728,1.);
#3728 = DIRECTION('',(0.,1.,0.));
#3729 = ORIENTED_EDGE('',*,*,#3730,.F.);
#3730 = EDGE_CURVE('',#3596,#3723,#3731,.T.);
#3731 = CIRCLE('',#3732,45.);
#3732 = AXIS2_PLACEMENT_3D('',#3733,#3734,#3735);
#3733 = CARTESIAN_POINT('',(400.,0.,845.));
#3734 = DIRECTION('',(0.,0.,1.));
#3735 = DIRECTION('',(1.,0.,0.));
#3736 = PLANE('',#3737);
#3737 = AXIS2_PLACEMENT_3D('',#3738,#3739,#3740);
#3738 = CARTESIAN_POINT('',(381.,-325.,845.));
#3739 = DIRECTION('',(0.,0.,1.));
#3740 = DIRECTION('',(1.,0.,0.));
#3741 = ADVANCED_FACE('',(#3742),#3752,.T.);
#3742 = FACE_BOUND('',#3743,.T.);
#3743 = EDGE_LOOP('',(#3744,#3745));
#3744 = ORIENTED_EDGE('',*,*,#3603,.T.);
#3745 = ORIENTED_EDGE('',*,*,#3746,.T.);
#3746 = EDGE_CURVE('',#3604,#3596,#3747,.T.);
#3747 = CIRCLE('',#3748,45.);
#3748 = AXIS2_PLACEMENT_3D('',#3749,#3750,#3751);
#3749 = CARTESIAN_POINT('',(400.,0.,845.));
#3750 = DIRECTION('',(0.,0.,1.));
#3751 = DIRECTION('',(1.,0.,0.));
#3752 = PLANE('',#3753);
#3753 = AXIS2_PLACEMENT_3D('',#3754,#3755,#3756);
#3754 = CARTESIAN_POINT('',(400.,0.,845.));
#3755 = DIRECTION('',(0.,0.,1.));
#3756 = DIRECTION('',(1.,0.,0.));
#3757 = ADVANCED_FACE('',(#3758),#3777,.F.);
#3758 = FACE_BOUND('',#3759,.F.);
#3759 = EDGE_LOOP('',(#3760,#3761,#3770,#3776));
#3760 = ORIENTED_EDGE('',*,*,#3611,.F.);
#3761 = ORIENTED_EDGE('',*,*,#3762,.F.);
#3762 = EDGE_CURVE('',#3763,#3604,#3765,.T.);
#3763 = VERTEX_POINT('',#3764);
#3764 = CARTESIAN_POINT('',(419.,40.792156108742,845.));
#3765 = CIRCLE('',#3766,45.);
#3766 = AXIS2_PLACEMENT_3D('',#3767,#3768,#3769);
#3767 = CARTESIAN_POINT('',(400.,0.,845.));
#3768 = DIRECTION('',(0.,0.,1.));
#3769 = DIRECTION('',(1.,0.,0.));
#3770 = ORIENTED_EDGE('',*,*,#3771,.T.);
#3771 = EDGE_CURVE('',#3763,#3697,#3772,.T.);
#3772 = LINE('',#3773,#3774);
#3773 = CARTESIAN_POINT('',(419.,-325.,845.));
#3774 = VECTOR('',#3775,1.);
#3775 = DIRECTION('',(0.,1.,0.));
#3776 = ORIENTED_EDGE('',*,*,#3696,.F.);
#3777 = PLANE('',#3778);
#3778 = AXIS2_PLACEMENT_3D('',#3779,#3780,#3781);
#3779 = CARTESIAN_POINT('',(381.,-325.,845.));
#3780 = DIRECTION('',(0.,0.,1.));
#3781 = DIRECTION('',(1.,0.,0.));
#3782 = ADVANCED_FACE('',(#3783),#3796,.T.);
#3783 = FACE_BOUND('',#3784,.T.);
#3784 = EDGE_LOOP('',(#3785,#3786,#3787,#3793,#3794,#3795));
#3785 = ORIENTED_EDGE('',*,*,#3658,.F.);
#3786 = ORIENTED_EDGE('',*,*,#3722,.T.);
#3787 = ORIENTED_EDGE('',*,*,#3788,.T.);
#3788 = EDGE_CURVE('',#3723,#3763,#3789,.T.);
#3789 = LINE('',#3790,#3791);
#3790 = CARTESIAN_POINT('',(419.,-325.,845.));
#3791 = VECTOR('',#3792,1.);
#3792 = DIRECTION('',(0.,1.,0.));
#3793 = ORIENTED_EDGE('',*,*,#3771,.T.);
#3794 = ORIENTED_EDGE('',*,*,#3706,.T.);
#3795 = ORIENTED_EDGE('',*,*,#3674,.F.);
#3796 = PLANE('',#3797);
#3797 = AXIS2_PLACEMENT_3D('',#3798,#3799,#3800);
#3798 = CARTESIAN_POINT('',(419.,-325.,845.));
#3799 = DIRECTION('',(1.,0.,0.));
#3800 = DIRECTION('',(0.,0.,1.));
#3801 = ADVANCED_FACE('',(#3802),#3839,.T.);
#3802 = FACE_BOUND('',#3803,.T.);
#3803 = EDGE_LOOP('',(#3804,#3814,#3821,#3822,#3823,#3824,#3831,#3832));
#3804 = ORIENTED_EDGE('',*,*,#3805,.T.);
#3805 = EDGE_CURVE('',#3806,#3808,#3810,.T.);
#3806 = VERTEX_POINT('',#3807);
#3807 = CARTESIAN_POINT('',(445.,-1.102182119233E-14,750.));
#3808 = VERTEX_POINT('',#3809);
#3809 = CARTESIAN_POINT('',(445.,-1.102182119233E-14,845.));
#3810 = LINE('',#3811,#3812);
#3811 = CARTESIAN_POINT('',(445.,-1.102182119233E-14,750.));
#3812 = VECTOR('',#3813,1.);
#3813 = DIRECTION('',(0.,0.,1.));
#3814 = ORIENTED_EDGE('',*,*,#3815,.F.);
#3815 = EDGE_CURVE('',#3723,#3808,#3816,.T.);
#3816 = CIRCLE('',#3817,45.);
#3817 = AXIS2_PLACEMENT_3D('',#3818,#3819,#3820);
#3818 = CARTESIAN_POINT('',(400.,0.,845.));
#3819 = DIRECTION('',(0.,0.,1.));
#3820 = DIRECTION('',(1.,0.,0.));
#3821 = ORIENTED_EDGE('',*,*,#3730,.F.);
#3822 = ORIENTED_EDGE('',*,*,#3746,.F.);
#3823 = ORIENTED_EDGE('',*,*,#3762,.F.);
#3824 = ORIENTED_EDGE('',*,*,#3825,.F.);
#3825 = EDGE_CURVE('',#3808,#3763,#3826,.T.);
#3826 = CIRCLE('',#3827,45.);
#3827 = AXIS2_PLACEMENT_3D('',#3828,#3829,#3830);
#3828 = CARTESIAN_POINT('',(400.,0.,845.));
#3829 = DIRECTION('',(0.,0.,1.));
#3830 = DIRECTION('',(1.,0.,0.));
#3831 = ORIENTED_EDGE('',*,*,#3805,.F.);
#3832 = ORIENTED_EDGE('',*,*,#3833,.T.);
#3833 = EDGE_CURVE('',#3806,#3806,#3834,.T.);
#3834 = CIRCLE('',#3835,45.);
#3835 = AXIS2_PLACEMENT_3D('',#3836,#3837,#3838);
#3836 = CARTESIAN_POINT('',(400.,0.,750.));
#3837 = DIRECTION('',(0.,0.,1.));
#3838 = DIRECTION('',(1.,0.,0.));
#3839 = CYLINDRICAL_SURFACE('',#3840,45.);
#3840 = AXIS2_PLACEMENT_3D('',#3841,#3842,#3843);
#3841 = CARTESIAN_POINT('',(400.,0.,750.));
#3842 = DIRECTION('',(0.,0.,1.));
#3843 = DIRECTION('',(1.,0.,0.));
#3844 = ADVANCED_FACE('',(#3845),#3850,.T.);
#3845 = FACE_BOUND('',#3846,.T.);
#3846 = EDGE_LOOP('',(#3847,#3848,#3849));
#3847 = ORIENTED_EDGE('',*,*,#3815,.T.);
#3848 = ORIENTED_EDGE('',*,*,#3825,.T.);
#3849 = ORIENTED_EDGE('',*,*,#3788,.F.);
#3850 = PLANE('',#3851);
#3851 = AXIS2_PLACEMENT_3D('',#3852,#3853,#3854);
#3852 = CARTESIAN_POINT('',(400.,0.,845.));
#3853 = DIRECTION('',(0.,0.,1.));
#3854 = DIRECTION('',(1.,0.,0.));
#3855 = ADVANCED_FACE('',(#3856),#3859,.F.);
#3856 = FACE_BOUND('',#3857,.T.);
#3857 = EDGE_LOOP('',(#3858));
#3858 = ORIENTED_EDGE('',*,*,#3833,.F.);
#3859 = PLANE('',#3860);
#3860 = AXIS2_PLACEMENT_3D('',#3861,#3862,#3863);
#3861 = CARTESIAN_POINT('',(400.,0.,750.));
#3862 = DIRECTION('',(0.,0.,1.));
#3863 = DIRECTION('',(1.,0.,0.));
#3864 = MANIFOLD_SOLID_BREP('',#3865);
#3865 = CLOSED_SHELL('',(#3866,#3906,#3946,#3968,#3990,#4002));
#3866 = ADVANCED_FACE('',(#3867),#3901,.F.);
#3867 = FACE_BOUND('',#3868,.F.);
#3868 = EDGE_LOOP('',(#3869,#3879,#3887,#3895));
#3869 = ORIENTED_EDGE('',*,*,#3870,.F.);
#3870 = EDGE_CURVE('',#3871,#3873,#3875,.T.);
#3871 = VERTEX_POINT('',#3872);
#3872 = CARTESIAN_POINT('',(419.,-307.,863.));
#3873 = VERTEX_POINT('',#3874);
#3874 = CARTESIAN_POINT('',(419.,-307.,1.197E+03));
#3875 = LINE('',#3876,#3877);
#3876 = CARTESIAN_POINT('',(419.,-307.,863.));
#3877 = VECTOR('',#3878,1.);
#3878 = DIRECTION('',(0.,0.,1.));
#3879 = ORIENTED_EDGE('',*,*,#3880,.T.);
#3880 = EDGE_CURVE('',#3871,#3881,#3883,.T.);
#3881 = VERTEX_POINT('',#3882);
#3882 = CARTESIAN_POINT('',(419.,307.,863.));
#3883 = LINE('',#3884,#3885);
#3884 = CARTESIAN_POINT('',(419.,-307.,863.));
#3885 = VECTOR('',#3886,1.);
#3886 = DIRECTION('',(0.,1.,0.));
#3887 = ORIENTED_EDGE('',*,*,#3888,.T.);
#3888 = EDGE_CURVE('',#3881,#3889,#3891,.T.);
#3889 = VERTEX_POINT('',#3890);
#3890 = CARTESIAN_POINT('',(419.,307.,1.197E+03));
#3891 = LINE('',#3892,#3893);
#3892 = CARTESIAN_POINT('',(419.,307.,863.));
#3893 = VECTOR('',#3894,1.);
#3894 = DIRECTION('',(0.,0.,1.));
#3895 = ORIENTED_EDGE('',*,*,#3896,.F.);
#3896 = EDGE_CURVE('',#3873,#3889,#3897,.T.);
#3897 = LINE('',#3898,#3899);
#3898 = CARTESIAN_POINT('',(419.,-307.,1.197E+03));
#3899 = VECTOR('',#3900,1.);
#3900 = DIRECTION('',(0.,1.,0.));
#3901 = PLANE('',#3902);
#3902 = AXIS2_PLACEMENT_3D('',#3903,#3904,#3905);
#3903 = CARTESIAN_POINT('',(419.,-307.,863.));
#3904 = DIRECTION('',(1.,0.,0.));
#3905 = DIRECTION('',(0.,0.,1.));
#3906 = ADVANCED_FACE('',(#3907),#3941,.T.);
#3907 = FACE_BOUND('',#3908,.T.);
#3908 = EDGE_LOOP('',(#3909,#3919,#3927,#3935));
#3909 = ORIENTED_EDGE('',*,*,#3910,.F.);
#3910 = EDGE_CURVE('',#3911,#3913,#3915,.T.);
#3911 = VERTEX_POINT('',#3912);
#3912 = CARTESIAN_POINT('',(422.,-307.,863.));
#3913 = VERTEX_POINT('',#3914);
#3914 = CARTESIAN_POINT('',(422.,-307.,1.197E+03));
#3915 = LINE('',#3916,#3917);
#3916 = CARTESIAN_POINT('',(422.,-307.,863.));
#3917 = VECTOR('',#3918,1.);
#3918 = DIRECTION('',(0.,0.,1.));
#3919 = ORIENTED_EDGE('',*,*,#3920,.T.);
#3920 = EDGE_CURVE('',#3911,#3921,#3923,.T.);
#3921 = VERTEX_POINT('',#3922);
#3922 = CARTESIAN_POINT('',(422.,307.,863.));
#3923 = LINE('',#3924,#3925);
#3924 = CARTESIAN_POINT('',(422.,-307.,863.));
#3925 = VECTOR('',#3926,1.);
#3926 = DIRECTION('',(0.,1.,0.));
#3927 = ORIENTED_EDGE('',*,*,#3928,.T.);
#3928 = EDGE_CURVE('',#3921,#3929,#3931,.T.);
#3929 = VERTEX_POINT('',#3930);
#3930 = CARTESIAN_POINT('',(422.,307.,1.197E+03));
#3931 = LINE('',#3932,#3933);
#3932 = CARTESIAN_POINT('',(422.,307.,863.));
#3933 = VECTOR('',#3934,1.);
#3934 = DIRECTION('',(0.,0.,1.));
#3935 = ORIENTED_EDGE('',*,*,#3936,.F.);
#3936 = EDGE_CURVE('',#3913,#3929,#3937,.T.);
#3937 = LINE('',#3938,#3939);
#3938 = CARTESIAN_POINT('',(422.,-307.,1.197E+03));
#3939 = VECTOR('',#3940,1.);
#3940 = DIRECTION('',(0.,1.,0.));
#3941 = PLANE('',#3942);
#3942 = AXIS2_PLACEMENT_3D('',#3943,#3944,#3945);
#3943 = CARTESIAN_POINT('',(422.,-307.,863.));
#3944 = DIRECTION('',(1.,0.,0.));
#3945 = DIRECTION('',(0.,0.,1.));
#3946 = ADVANCED_FACE('',(#3947),#3963,.F.);
#3947 = FACE_BOUND('',#3948,.F.);
#3948 = EDGE_LOOP('',(#3949,#3955,#3956,#3962));
#3949 = ORIENTED_EDGE('',*,*,#3950,.F.);
#3950 = EDGE_CURVE('',#3871,#3911,#3951,.T.);
#3951 = LINE('',#3952,#3953);
#3952 = CARTESIAN_POINT('',(419.,-307.,863.));
#3953 = VECTOR('',#3954,1.);
#3954 = DIRECTION('',(1.,0.,0.));
#3955 = ORIENTED_EDGE('',*,*,#3870,.T.);
#3956 = ORIENTED_EDGE('',*,*,#3957,.T.);
#3957 = EDGE_CURVE('',#3873,#3913,#3958,.T.);
#3958 = LINE('',#3959,#3960);
#3959 = CARTESIAN_POINT('',(419.,-307.,1.197E+03));
#3960 = VECTOR('',#3961,1.);
#3961 = DIRECTION('',(1.,0.,0.));
#3962 = ORIENTED_EDGE('',*,*,#3910,.F.);
#3963 = PLANE('',#3964);
#3964 = AXIS2_PLACEMENT_3D('',#3965,#3966,#3967);
#3965 = CARTESIAN_POINT('',(419.,-307.,863.));
#3966 = DIRECTION('',(0.,1.,0.));
#3967 = DIRECTION('',(0.,0.,1.));
#3968 = ADVANCED_FACE('',(#3969),#3985,.T.);
#3969 = FACE_BOUND('',#3970,.T.);
#3970 = EDGE_LOOP('',(#3971,#3977,#3978,#3984));
#3971 = ORIENTED_EDGE('',*,*,#3972,.F.);
#3972 = EDGE_CURVE('',#3881,#3921,#3973,.T.);
#3973 = LINE('',#3974,#3975);
#3974 = CARTESIAN_POINT('',(419.,307.,863.));
#3975 = VECTOR('',#3976,1.);
#3976 = DIRECTION('',(1.,0.,0.));
#3977 = ORIENTED_EDGE('',*,*,#3888,.T.);
#3978 = ORIENTED_EDGE('',*,*,#3979,.T.);
#3979 = EDGE_CURVE('',#3889,#3929,#3980,.T.);
#3980 = LINE('',#3981,#3982);
#3981 = CARTESIAN_POINT('',(419.,307.,1.197E+03));
#3982 = VECTOR('',#3983,1.);
#3983 = DIRECTION('',(1.,0.,0.));
#3984 = ORIENTED_EDGE('',*,*,#3928,.F.);
#3985 = PLANE('',#3986);
#3986 = AXIS2_PLACEMENT_3D('',#3987,#3988,#3989);
#3987 = CARTESIAN_POINT('',(419.,307.,863.));
#3988 = DIRECTION('',(0.,1.,0.));
#3989 = DIRECTION('',(0.,0.,1.));
#3990 = ADVANCED_FACE('',(#3991),#3997,.F.);
#3991 = FACE_BOUND('',#3992,.F.);
#3992 = EDGE_LOOP('',(#3993,#3994,#3995,#3996));
#3993 = ORIENTED_EDGE('',*,*,#3880,.F.);
#3994 = ORIENTED_EDGE('',*,*,#3950,.T.);
#3995 = ORIENTED_EDGE('',*,*,#3920,.T.);
#3996 = ORIENTED_EDGE('',*,*,#3972,.F.);
#3997 = PLANE('',#3998);
#3998 = AXIS2_PLACEMENT_3D('',#3999,#4000,#4001);
#3999 = CARTESIAN_POINT('',(419.,-307.,863.));
#4000 = DIRECTION('',(0.,0.,1.));
#4001 = DIRECTION('',(1.,0.,0.));
#4002 = ADVANCED_FACE('',(#4003),#4009,.T.);
#4003 = FACE_BOUND('',#4004,.T.);
#4004 = EDGE_LOOP('',(#4005,#4006,#4007,#4008));
#4005 = ORIENTED_EDGE('',*,*,#3896,.F.);
#4006 = ORIENTED_EDGE('',*,*,#3957,.T.);
#4007 = ORIENTED_EDGE('',*,*,#3936,.T.);
#4008 = ORIENTED_EDGE('',*,*,#3979,.F.);
#4009 = PLANE('',#4010);
#4010 = AXIS2_PLACEMENT_3D('',#4011,#4012,#4013);
#4011 = CARTESIAN_POINT('',(419.,-307.,1.197E+03));
#4012 = DIRECTION('',(0.,0.,1.));
#4013 = DIRECTION('',(1.,0.,0.));
#4014 = MANIFOLD_SOLID_BREP('',#4015);
#4015 = CLOSED_SHELL('',(#4016,#4072,#4103,#4127,#4151,#4185,#4201,#4213
    ,#4240));
#4016 = ADVANCED_FACE('',(#4017),#4067,.F.);
#4017 = FACE_BOUND('',#4018,.F.);
#4018 = EDGE_LOOP('',(#4019,#4029,#4037,#4045,#4053,#4061));
#4019 = ORIENTED_EDGE('',*,*,#4020,.F.);
#4020 = EDGE_CURVE('',#4021,#4023,#4025,.T.);
#4021 = VERTEX_POINT('',#4022);
#4022 = CARTESIAN_POINT('',(313.74505710975,362.63310974039,845.));
#4023 = VERTEX_POINT('',#4024);
#4024 = CARTESIAN_POINT('',(313.74505710975,362.63310974039,1.215E+03));
#4025 = LINE('',#4026,#4027);
#4026 = CARTESIAN_POINT('',(313.74505710975,362.63310974039,845.));
#4027 = VECTOR('',#4028,1.);
#4028 = DIRECTION('',(0.,0.,1.));
#4029 = ORIENTED_EDGE('',*,*,#4030,.T.);
#4030 = EDGE_CURVE('',#4021,#4031,#4033,.T.);
#4031 = VERTEX_POINT('',#4032);
#4032 = CARTESIAN_POINT('',(455.93533530621,588.65946794109,845.));
#4033 = LINE('',#4034,#4035);
#4034 = CARTESIAN_POINT('',(313.74505710975,362.63310974039,845.));
#4035 = VECTOR('',#4036,1.);
#4036 = DIRECTION('',(0.532484410528,0.84643981035,0.));
#4037 = ORIENTED_EDGE('',*,*,#4038,.T.);
#4038 = EDGE_CURVE('',#4031,#4039,#4041,.T.);
#4039 = VERTEX_POINT('',#4040);
#4040 = CARTESIAN_POINT('',(500.2585112496,659.11580412275,845.));
#4041 = LINE('',#4042,#4043);
#4042 = CARTESIAN_POINT('',(313.74505710975,362.63310974039,845.));
#4043 = VECTOR('',#4044,1.);
#4044 = DIRECTION('',(0.532484410528,0.84643981035,0.));
#4045 = ORIENTED_EDGE('',*,*,#4046,.T.);
#4046 = EDGE_CURVE('',#4039,#4047,#4049,.T.);
#4047 = VERTEX_POINT('',#4048);
#4048 = CARTESIAN_POINT('',(611.93632700521,836.6394035363,845.));
#4049 = LINE('',#4050,#4051);
#4050 = CARTESIAN_POINT('',(313.74505710975,362.63310974039,845.));
#4051 = VECTOR('',#4052,1.);
#4052 = DIRECTION('',(0.532484410528,0.84643981035,0.));
#4053 = ORIENTED_EDGE('',*,*,#4054,.T.);
#4054 = EDGE_CURVE('',#4047,#4055,#4057,.T.);
#4055 = VERTEX_POINT('',#4056);
#4056 = CARTESIAN_POINT('',(611.93632700521,836.6394035363,1.215E+03));
#4057 = LINE('',#4058,#4059);
#4058 = CARTESIAN_POINT('',(611.93632700521,836.6394035363,845.));
#4059 = VECTOR('',#4060,1.);
#4060 = DIRECTION('',(0.,0.,1.));
#4061 = ORIENTED_EDGE('',*,*,#4062,.F.);
#4062 = EDGE_CURVE('',#4023,#4055,#4063,.T.);
#4063 = LINE('',#4064,#4065);
#4064 = CARTESIAN_POINT('',(313.74505710975,362.63310974039,1.215E+03));
#4065 = VECTOR('',#4066,1.);
#4066 = DIRECTION('',(0.532484410528,0.84643981035,0.));
#4067 = PLANE('',#4068);
#4068 = AXIS2_PLACEMENT_3D('',#4069,#4070,#4071);
#4069 = CARTESIAN_POINT('',(313.74505710975,362.63310974039,845.));
#4070 = DIRECTION('',(0.84643981035,-0.532484410528,0.));
#4071 = DIRECTION('',(0.,0.,1.));
#4072 = ADVANCED_FACE('',(#4073),#4098,.F.);
#4073 = FACE_BOUND('',#4074,.F.);
#4074 = EDGE_LOOP('',(#4075,#4083,#4084,#4092));
#4075 = ORIENTED_EDGE('',*,*,#4076,.F.);
#4076 = EDGE_CURVE('',#4021,#4077,#4079,.T.);
#4077 = VERTEX_POINT('',#4078);
#4078 = CARTESIAN_POINT('',(345.90976990305,342.39870214035,845.));
#4079 = LINE('',#4080,#4081);
#4080 = CARTESIAN_POINT('',(313.74505710975,362.63310974039,845.));
#4081 = VECTOR('',#4082,1.);
#4082 = DIRECTION('',(0.84643981035,-0.532484410528,0.));
#4083 = ORIENTED_EDGE('',*,*,#4020,.T.);
#4084 = ORIENTED_EDGE('',*,*,#4085,.T.);
#4085 = EDGE_CURVE('',#4023,#4086,#4088,.T.);
#4086 = VERTEX_POINT('',#4087);
#4087 = CARTESIAN_POINT('',(345.90976990305,342.39870214035,1.215E+03));
#4088 = LINE('',#4089,#4090);
#4089 = CARTESIAN_POINT('',(313.74505710975,362.63310974039,1.215E+03));
#4090 = VECTOR('',#4091,1.);
#4091 = DIRECTION('',(0.84643981035,-0.532484410528,0.));
#4092 = ORIENTED_EDGE('',*,*,#4093,.F.);
#4093 = EDGE_CURVE('',#4077,#4086,#4094,.T.);
#4094 = LINE('',#4095,#4096);
#4095 = CARTESIAN_POINT('',(345.90976990305,342.39870214035,845.));
#4096 = VECTOR('',#4097,1.);
#4097 = DIRECTION('',(0.,0.,1.));
#4098 = PLANE('',#4099);
#4099 = AXIS2_PLACEMENT_3D('',#4100,#4101,#4102);
#4100 = CARTESIAN_POINT('',(313.74505710975,362.63310974039,845.));
#4101 = DIRECTION('',(0.532484410528,0.84643981035,0.));
#4102 = DIRECTION('',(0.,0.,1.));
#4103 = ADVANCED_FACE('',(#4104),#4122,.T.);
#4104 = FACE_BOUND('',#4105,.T.);
#4105 = EDGE_LOOP('',(#4106,#4107,#4108,#4116));
#4106 = ORIENTED_EDGE('',*,*,#4062,.F.);
#4107 = ORIENTED_EDGE('',*,*,#4085,.T.);
#4108 = ORIENTED_EDGE('',*,*,#4109,.T.);
#4109 = EDGE_CURVE('',#4086,#4110,#4112,.T.);
#4110 = VERTEX_POINT('',#4111);
#4111 = CARTESIAN_POINT('',(644.10103979851,816.40499593625,1.215E+03));
#4112 = LINE('',#4113,#4114);
#4113 = CARTESIAN_POINT('',(345.90976990305,342.39870214035,1.215E+03));
#4114 = VECTOR('',#4115,1.);
#4115 = DIRECTION('',(0.532484410528,0.84643981035,0.));
#4116 = ORIENTED_EDGE('',*,*,#4117,.F.);
#4117 = EDGE_CURVE('',#4055,#4110,#4118,.T.);
#4118 = LINE('',#4119,#4120);
#4119 = CARTESIAN_POINT('',(611.93632700521,836.6394035363,1.215E+03));
#4120 = VECTOR('',#4121,1.);
#4121 = DIRECTION('',(0.84643981035,-0.532484410528,0.));
#4122 = PLANE('',#4123);
#4123 = AXIS2_PLACEMENT_3D('',#4124,#4125,#4126);
#4124 = CARTESIAN_POINT('',(313.74505710975,362.63310974039,1.215E+03));
#4125 = DIRECTION('',(0.,0.,1.));
#4126 = DIRECTION('',(0.84643981035,-0.532484410528,0.));
#4127 = ADVANCED_FACE('',(#4128),#4146,.T.);
#4128 = FACE_BOUND('',#4129,.T.);
#4129 = EDGE_LOOP('',(#4130,#4138,#4139,#4140));
#4130 = ORIENTED_EDGE('',*,*,#4131,.F.);
#4131 = EDGE_CURVE('',#4047,#4132,#4134,.T.);
#4132 = VERTEX_POINT('',#4133);
#4133 = CARTESIAN_POINT('',(644.10103979851,816.40499593625,845.));
#4134 = LINE('',#4135,#4136);
#4135 = CARTESIAN_POINT('',(611.93632700521,836.6394035363,845.));
#4136 = VECTOR('',#4137,1.);
#4137 = DIRECTION('',(0.84643981035,-0.532484410528,0.));
#4138 = ORIENTED_EDGE('',*,*,#4054,.T.);
#4139 = ORIENTED_EDGE('',*,*,#4117,.T.);
#4140 = ORIENTED_EDGE('',*,*,#4141,.F.);
#4141 = EDGE_CURVE('',#4132,#4110,#4142,.T.);
#4142 = LINE('',#4143,#4144);
#4143 = CARTESIAN_POINT('',(644.10103979851,816.40499593625,845.));
#4144 = VECTOR('',#4145,1.);
#4145 = DIRECTION('',(0.,0.,1.));
#4146 = PLANE('',#4147);
#4147 = AXIS2_PLACEMENT_3D('',#4148,#4149,#4150);
#4148 = CARTESIAN_POINT('',(611.93632700521,836.6394035363,845.));
#4149 = DIRECTION('',(0.532484410528,0.84643981035,0.));
#4150 = DIRECTION('',(0.,0.,1.));
#4151 = ADVANCED_FACE('',(#4152),#4180,.F.);
#4152 = FACE_BOUND('',#4153,.F.);
#4153 = EDGE_LOOP('',(#4154,#4155,#4156,#4162,#4163,#4164,#4173));
#4154 = ORIENTED_EDGE('',*,*,#4030,.F.);
#4155 = ORIENTED_EDGE('',*,*,#4076,.T.);
#4156 = ORIENTED_EDGE('',*,*,#4157,.T.);
#4157 = EDGE_CURVE('',#4077,#4132,#4158,.T.);
#4158 = LINE('',#4159,#4160);
#4159 = CARTESIAN_POINT('',(345.90976990305,342.39870214035,845.));
#4160 = VECTOR('',#4161,1.);
#4161 = DIRECTION('',(0.532484410528,0.84643981035,0.));
#4162 = ORIENTED_EDGE('',*,*,#4131,.F.);
#4163 = ORIENTED_EDGE('',*,*,#4046,.F.);
#4164 = ORIENTED_EDGE('',*,*,#4165,.F.);
#4165 = EDGE_CURVE('',#4166,#4039,#4168,.T.);
#4166 = VERTEX_POINT('',#4167);
#4167 = CARTESIAN_POINT('',(508.61215932167,632.99981495186,845.));
#4168 = CIRCLE('',#4169,45.);
#4169 = AXIS2_PLACEMENT_3D('',#4170,#4171,#4172);
#4170 = CARTESIAN_POINT('',(463.61215932167,632.99981495186,845.));
#4171 = DIRECTION('',(0.,0.,1.));
#4172 = DIRECTION('',(1.,0.,0.));
#4173 = ORIENTED_EDGE('',*,*,#4174,.F.);
#4174 = EDGE_CURVE('',#4031,#4166,#4175,.T.);
#4175 = CIRCLE('',#4176,45.);
#4176 = AXIS2_PLACEMENT_3D('',#4177,#4178,#4179);
#4177 = CARTESIAN_POINT('',(463.61215932167,632.99981495186,845.));
#4178 = DIRECTION('',(0.,0.,1.));
#4179 = DIRECTION('',(1.,0.,0.));
#4180 = PLANE('',#4181);
#4181 = AXIS2_PLACEMENT_3D('',#4182,#4183,#4184);
#4182 = CARTESIAN_POINT('',(313.74505710975,362.63310974039,845.));
#4183 = DIRECTION('',(0.,0.,1.));
#4184 = DIRECTION('',(0.84643981035,-0.532484410528,0.));
#4185 = ADVANCED_FACE('',(#4186),#4196,.T.);
#4186 = FACE_BOUND('',#4187,.T.);
#4187 = EDGE_LOOP('',(#4188,#4189));
#4188 = ORIENTED_EDGE('',*,*,#4038,.T.);
#4189 = ORIENTED_EDGE('',*,*,#4190,.T.);
#4190 = EDGE_CURVE('',#4039,#4031,#4191,.T.);
#4191 = CIRCLE('',#4192,45.);
#4192 = AXIS2_PLACEMENT_3D('',#4193,#4194,#4195);
#4193 = CARTESIAN_POINT('',(463.61215932167,632.99981495186,845.));
#4194 = DIRECTION('',(0.,0.,1.));
#4195 = DIRECTION('',(1.,0.,0.));
#4196 = PLANE('',#4197);
#4197 = AXIS2_PLACEMENT_3D('',#4198,#4199,#4200);
#4198 = CARTESIAN_POINT('',(463.61215932167,632.99981495186,845.));
#4199 = DIRECTION('',(0.,0.,1.));
#4200 = DIRECTION('',(1.,0.,0.));
#4201 = ADVANCED_FACE('',(#4202),#4208,.T.);
#4202 = FACE_BOUND('',#4203,.T.);
#4203 = EDGE_LOOP('',(#4204,#4205,#4206,#4207));
#4204 = ORIENTED_EDGE('',*,*,#4093,.F.);
#4205 = ORIENTED_EDGE('',*,*,#4157,.T.);
#4206 = ORIENTED_EDGE('',*,*,#4141,.T.);
#4207 = ORIENTED_EDGE('',*,*,#4109,.F.);
#4208 = PLANE('',#4209);
#4209 = AXIS2_PLACEMENT_3D('',#4210,#4211,#4212);
#4210 = CARTESIAN_POINT('',(345.90976990305,342.39870214035,845.));
#4211 = DIRECTION('',(0.84643981035,-0.532484410528,0.));
#4212 = DIRECTION('',(0.,0.,1.));
#4213 = ADVANCED_FACE('',(#4214),#4235,.T.);
#4214 = FACE_BOUND('',#4215,.T.);
#4215 = EDGE_LOOP('',(#4216,#4224,#4225,#4226,#4227,#4228));
#4216 = ORIENTED_EDGE('',*,*,#4217,.T.);
#4217 = EDGE_CURVE('',#4218,#4166,#4220,.T.);
#4218 = VERTEX_POINT('',#4219);
#4219 = CARTESIAN_POINT('',(508.61215932167,632.99981495186,750.));
#4220 = LINE('',#4221,#4222);
#4221 = CARTESIAN_POINT('',(508.61215932167,632.99981495186,750.));
#4222 = VECTOR('',#4223,1.);
#4223 = DIRECTION('',(0.,0.,1.));
#4224 = ORIENTED_EDGE('',*,*,#4174,.F.);
#4225 = ORIENTED_EDGE('',*,*,#4190,.F.);
#4226 = ORIENTED_EDGE('',*,*,#4165,.F.);
#4227 = ORIENTED_EDGE('',*,*,#4217,.F.);
#4228 = ORIENTED_EDGE('',*,*,#4229,.T.);
#4229 = EDGE_CURVE('',#4218,#4218,#4230,.T.);
#4230 = CIRCLE('',#4231,45.);
#4231 = AXIS2_PLACEMENT_3D('',#4232,#4233,#4234);
#4232 = CARTESIAN_POINT('',(463.61215932167,632.99981495186,750.));
#4233 = DIRECTION('',(0.,0.,1.));
#4234 = DIRECTION('',(1.,0.,0.));
#4235 = CYLINDRICAL_SURFACE('',#4236,45.);
#4236 = AXIS2_PLACEMENT_3D('',#4237,#4238,#4239);
#4237 = CARTESIAN_POINT('',(463.61215932167,632.99981495186,750.));
#4238 = DIRECTION('',(0.,0.,1.));
#4239 = DIRECTION('',(1.,0.,0.));
#4240 = ADVANCED_FACE('',(#4241),#4244,.F.);
#4241 = FACE_BOUND('',#4242,.T.);
#4242 = EDGE_LOOP('',(#4243));
#4243 = ORIENTED_EDGE('',*,*,#4229,.F.);
#4244 = PLANE('',#4245);
#4245 = AXIS2_PLACEMENT_3D('',#4246,#4247,#4248);
#4246 = CARTESIAN_POINT('',(463.61215932167,632.99981495186,750.));
#4247 = DIRECTION('',(0.,0.,1.));
#4248 = DIRECTION('',(1.,0.,0.));
#4249 = MANIFOLD_SOLID_BREP('',#4250);
#4250 = CLOSED_SHELL('',(#4251,#4291,#4331,#4353,#4375,#4387));
#4251 = ADVANCED_FACE('',(#4252),#4286,.F.);
#4252 = FACE_BOUND('',#4253,.F.);
#4253 = EDGE_LOOP('',(#4254,#4264,#4272,#4280));
#4254 = ORIENTED_EDGE('',*,*,#4255,.F.);
#4255 = EDGE_CURVE('',#4256,#4258,#4260,.T.);
#4256 = VERTEX_POINT('',#4257);
#4257 = CARTESIAN_POINT('',(355.49448929254,357.63461872664,863.));
#4258 = VERTEX_POINT('',#4259);
#4259 = CARTESIAN_POINT('',(355.49448929254,357.63461872664,1.197E+03));
#4260 = LINE('',#4261,#4262);
#4261 = CARTESIAN_POINT('',(355.49448929254,357.63461872664,863.));
#4262 = VECTOR('',#4263,1.);
#4263 = DIRECTION('',(0.,0.,1.));
#4264 = ORIENTED_EDGE('',*,*,#4265,.T.);
#4265 = EDGE_CURVE('',#4256,#4266,#4268,.T.);
#4266 = VERTEX_POINT('',#4267);
#4267 = CARTESIAN_POINT('',(634.51632040901,801.16907934996,863.));
#4268 = LINE('',#4269,#4270);
#4269 = CARTESIAN_POINT('',(355.49448929254,357.63461872664,863.));
#4270 = VECTOR('',#4271,1.);
#4271 = DIRECTION('',(0.532484410528,0.84643981035,0.));
#4272 = ORIENTED_EDGE('',*,*,#4273,.T.);
#4273 = EDGE_CURVE('',#4266,#4274,#4276,.T.);
#4274 = VERTEX_POINT('',#4275);
#4275 = CARTESIAN_POINT('',(634.51632040901,801.16907934996,1.197E+03));
#4276 = LINE('',#4277,#4278);
#4277 = CARTESIAN_POINT('',(634.51632040901,801.16907934996,863.));
#4278 = VECTOR('',#4279,1.);
#4279 = DIRECTION('',(0.,0.,1.));
#4280 = ORIENTED_EDGE('',*,*,#4281,.F.);
#4281 = EDGE_CURVE('',#4258,#4274,#4282,.T.);
#4282 = LINE('',#4283,#4284);
#4283 = CARTESIAN_POINT('',(355.49448929254,357.63461872664,1.197E+03));
#4284 = VECTOR('',#4285,1.);
#4285 = DIRECTION('',(0.532484410528,0.84643981035,0.));
#4286 = PLANE('',#4287);
#4287 = AXIS2_PLACEMENT_3D('',#4288,#4289,#4290);
#4288 = CARTESIAN_POINT('',(355.49448929254,357.63461872664,863.));
#4289 = DIRECTION('',(0.84643981035,-0.532484410528,0.));
#4290 = DIRECTION('',(0.,0.,1.));
#4291 = ADVANCED_FACE('',(#4292),#4326,.T.);
#4292 = FACE_BOUND('',#4293,.T.);
#4293 = EDGE_LOOP('',(#4294,#4304,#4312,#4320));
#4294 = ORIENTED_EDGE('',*,*,#4295,.F.);
#4295 = EDGE_CURVE('',#4296,#4298,#4300,.T.);
#4296 = VERTEX_POINT('',#4297);
#4297 = CARTESIAN_POINT('',(358.03380872359,356.03716549506,863.));
#4298 = VERTEX_POINT('',#4299);
#4299 = CARTESIAN_POINT('',(358.03380872359,356.03716549506,1.197E+03));
#4300 = LINE('',#4301,#4302);
#4301 = CARTESIAN_POINT('',(358.03380872359,356.03716549506,863.));
#4302 = VECTOR('',#4303,1.);
#4303 = DIRECTION('',(0.,0.,1.));
#4304 = ORIENTED_EDGE('',*,*,#4305,.T.);
#4305 = EDGE_CURVE('',#4296,#4306,#4308,.T.);
#4306 = VERTEX_POINT('',#4307);
#4307 = CARTESIAN_POINT('',(637.05563984006,799.57162611837,863.));
#4308 = LINE('',#4309,#4310);
#4309 = CARTESIAN_POINT('',(358.03380872359,356.03716549506,863.));
#4310 = VECTOR('',#4311,1.);
#4311 = DIRECTION('',(0.532484410528,0.84643981035,0.));
#4312 = ORIENTED_EDGE('',*,*,#4313,.T.);
#4313 = EDGE_CURVE('',#4306,#4314,#4316,.T.);
#4314 = VERTEX_POINT('',#4315);
#4315 = CARTESIAN_POINT('',(637.05563984006,799.57162611837,1.197E+03));
#4316 = LINE('',#4317,#4318);
#4317 = CARTESIAN_POINT('',(637.05563984006,799.57162611837,863.));
#4318 = VECTOR('',#4319,1.);
#4319 = DIRECTION('',(0.,0.,1.));
#4320 = ORIENTED_EDGE('',*,*,#4321,.F.);
#4321 = EDGE_CURVE('',#4298,#4314,#4322,.T.);
#4322 = LINE('',#4323,#4324);
#4323 = CARTESIAN_POINT('',(358.03380872359,356.03716549506,1.197E+03));
#4324 = VECTOR('',#4325,1.);
#4325 = DIRECTION('',(0.532484410528,0.84643981035,0.));
#4326 = PLANE('',#4327);
#4327 = AXIS2_PLACEMENT_3D('',#4328,#4329,#4330);
#4328 = CARTESIAN_POINT('',(358.03380872359,356.03716549506,863.));
#4329 = DIRECTION('',(0.84643981035,-0.532484410528,0.));
#4330 = DIRECTION('',(0.,0.,1.));
#4331 = ADVANCED_FACE('',(#4332),#4348,.F.);
#4332 = FACE_BOUND('',#4333,.F.);
#4333 = EDGE_LOOP('',(#4334,#4340,#4341,#4347));
#4334 = ORIENTED_EDGE('',*,*,#4335,.F.);
#4335 = EDGE_CURVE('',#4256,#4296,#4336,.T.);
#4336 = LINE('',#4337,#4338);
#4337 = CARTESIAN_POINT('',(355.49448929254,357.63461872664,863.));
#4338 = VECTOR('',#4339,1.);
#4339 = DIRECTION('',(0.84643981035,-0.532484410528,0.));
#4340 = ORIENTED_EDGE('',*,*,#4255,.T.);
#4341 = ORIENTED_EDGE('',*,*,#4342,.T.);
#4342 = EDGE_CURVE('',#4258,#4298,#4343,.T.);
#4343 = LINE('',#4344,#4345);
#4344 = CARTESIAN_POINT('',(355.49448929254,357.63461872664,1.197E+03));
#4345 = VECTOR('',#4346,1.);
#4346 = DIRECTION('',(0.84643981035,-0.532484410528,0.));
#4347 = ORIENTED_EDGE('',*,*,#4295,.F.);
#4348 = PLANE('',#4349);
#4349 = AXIS2_PLACEMENT_3D('',#4350,#4351,#4352);
#4350 = CARTESIAN_POINT('',(355.49448929254,357.63461872664,863.));
#4351 = DIRECTION('',(0.532484410528,0.84643981035,0.));
#4352 = DIRECTION('',(0.,0.,1.));
#4353 = ADVANCED_FACE('',(#4354),#4370,.T.);
#4354 = FACE_BOUND('',#4355,.T.);
#4355 = EDGE_LOOP('',(#4356,#4362,#4363,#4369));
#4356 = ORIENTED_EDGE('',*,*,#4357,.F.);
#4357 = EDGE_CURVE('',#4266,#4306,#4358,.T.);
#4358 = LINE('',#4359,#4360);
#4359 = CARTESIAN_POINT('',(634.51632040901,801.16907934996,863.));
#4360 = VECTOR('',#4361,1.);
#4361 = DIRECTION('',(0.84643981035,-0.532484410528,0.));
#4362 = ORIENTED_EDGE('',*,*,#4273,.T.);
#4363 = ORIENTED_EDGE('',*,*,#4364,.T.);
#4364 = EDGE_CURVE('',#4274,#4314,#4365,.T.);
#4365 = LINE('',#4366,#4367);
#4366 = CARTESIAN_POINT('',(634.51632040901,801.16907934996,1.197E+03));
#4367 = VECTOR('',#4368,1.);
#4368 = DIRECTION('',(0.84643981035,-0.532484410528,0.));
#4369 = ORIENTED_EDGE('',*,*,#4313,.F.);
#4370 = PLANE('',#4371);
#4371 = AXIS2_PLACEMENT_3D('',#4372,#4373,#4374);
#4372 = CARTESIAN_POINT('',(634.51632040901,801.16907934996,863.));
#4373 = DIRECTION('',(0.532484410528,0.84643981035,0.));
#4374 = DIRECTION('',(0.,0.,1.));
#4375 = ADVANCED_FACE('',(#4376),#4382,.F.);
#4376 = FACE_BOUND('',#4377,.F.);
#4377 = EDGE_LOOP('',(#4378,#4379,#4380,#4381));
#4378 = ORIENTED_EDGE('',*,*,#4265,.F.);
#4379 = ORIENTED_EDGE('',*,*,#4335,.T.);
#4380 = ORIENTED_EDGE('',*,*,#4305,.T.);
#4381 = ORIENTED_EDGE('',*,*,#4357,.F.);
#4382 = PLANE('',#4383);
#4383 = AXIS2_PLACEMENT_3D('',#4384,#4385,#4386);
#4384 = CARTESIAN_POINT('',(355.49448929254,357.63461872664,863.));
#4385 = DIRECTION('',(0.,0.,1.));
#4386 = DIRECTION('',(0.84643981035,-0.532484410528,0.));
#4387 = ADVANCED_FACE('',(#4388),#4394,.T.);
#4388 = FACE_BOUND('',#4389,.T.);
#4389 = EDGE_LOOP('',(#4390,#4391,#4392,#4393));
#4390 = ORIENTED_EDGE('',*,*,#4281,.F.);
#4391 = ORIENTED_EDGE('',*,*,#4342,.T.);
#4392 = ORIENTED_EDGE('',*,*,#4321,.T.);
#4393 = ORIENTED_EDGE('',*,*,#4364,.F.);
#4394 = PLANE('',#4395);
#4395 = AXIS2_PLACEMENT_3D('',#4396,#4397,#4398);
#4396 = CARTESIAN_POINT('',(355.49448929254,357.63461872664,1.197E+03));
#4397 = DIRECTION('',(0.,0.,1.));
#4398 = DIRECTION('',(0.84643981035,-0.532484410528,0.));
#4399 = MANIFOLD_SOLID_BREP('',#4400);
#4400 = CLOSED_SHELL('',(#4401,#4457,#4488,#4512,#4536,#4570,#4586,#4598
    ,#4625));
#4401 = ADVANCED_FACE('',(#4402),#4452,.F.);
#4402 = FACE_BOUND('',#4403,.F.);
#4403 = EDGE_LOOP('',(#4404,#4414,#4422,#4430,#4438,#4446));
#4404 = ORIENTED_EDGE('',*,*,#4405,.F.);
#4405 = EDGE_CURVE('',#4406,#4408,#4410,.T.);
#4406 = VERTEX_POINT('',#4407);
#4407 = CARTESIAN_POINT('',(611.93632700521,-836.6394035363,845.));
#4408 = VERTEX_POINT('',#4409);
#4409 = CARTESIAN_POINT('',(611.93632700521,-836.6394035363,1.215E+03));
#4410 = LINE('',#4411,#4412);
#4411 = CARTESIAN_POINT('',(611.93632700521,-836.6394035363,845.));
#4412 = VECTOR('',#4413,1.);
#4413 = DIRECTION('',(0.,0.,1.));
#4414 = ORIENTED_EDGE('',*,*,#4415,.T.);
#4415 = EDGE_CURVE('',#4406,#4416,#4418,.T.);
#4416 = VERTEX_POINT('',#4417);
#4417 = CARTESIAN_POINT('',(500.2585112496,-659.1158041227,845.));
#4418 = LINE('',#4419,#4420);
#4419 = CARTESIAN_POINT('',(611.93632700521,-836.6394035363,845.));
#4420 = VECTOR('',#4421,1.);
#4421 = DIRECTION('',(-0.532484410528,0.84643981035,0.));
#4422 = ORIENTED_EDGE('',*,*,#4423,.T.);
#4423 = EDGE_CURVE('',#4416,#4424,#4426,.T.);
#4424 = VERTEX_POINT('',#4425);
#4425 = CARTESIAN_POINT('',(455.93533530621,-588.659467941,845.));
#4426 = LINE('',#4427,#4428);
#4427 = CARTESIAN_POINT('',(611.93632700521,-836.6394035363,845.));
#4428 = VECTOR('',#4429,1.);
#4429 = DIRECTION('',(-0.532484410528,0.84643981035,0.));
#4430 = ORIENTED_EDGE('',*,*,#4431,.T.);
#4431 = EDGE_CURVE('',#4424,#4432,#4434,.T.);
#4432 = VERTEX_POINT('',#4433);
#4433 = CARTESIAN_POINT('',(313.74505710975,-362.6331097403,845.));
#4434 = LINE('',#4435,#4436);
#4435 = CARTESIAN_POINT('',(611.93632700521,-836.6394035363,845.));
#4436 = VECTOR('',#4437,1.);
#4437 = DIRECTION('',(-0.532484410528,0.84643981035,0.));
#4438 = ORIENTED_EDGE('',*,*,#4439,.T.);
#4439 = EDGE_CURVE('',#4432,#4440,#4442,.T.);
#4440 = VERTEX_POINT('',#4441);
#4441 = CARTESIAN_POINT('',(313.74505710975,-362.6331097403,1.215E+03));
#4442 = LINE('',#4443,#4444);
#4443 = CARTESIAN_POINT('',(313.74505710975,-362.6331097403,845.));
#4444 = VECTOR('',#4445,1.);
#4445 = DIRECTION('',(0.,0.,1.));
#4446 = ORIENTED_EDGE('',*,*,#4447,.F.);
#4447 = EDGE_CURVE('',#4408,#4440,#4448,.T.);
#4448 = LINE('',#4449,#4450);
#4449 = CARTESIAN_POINT('',(611.93632700521,-836.6394035363,1.215E+03));
#4450 = VECTOR('',#4451,1.);
#4451 = DIRECTION('',(-0.532484410528,0.84643981035,0.));
#4452 = PLANE('',#4453);
#4453 = AXIS2_PLACEMENT_3D('',#4454,#4455,#4456);
#4454 = CARTESIAN_POINT('',(611.93632700521,-836.6394035363,845.));
#4455 = DIRECTION('',(0.84643981035,0.532484410528,0.));
#4456 = DIRECTION('',(0.,0.,1.));
#4457 = ADVANCED_FACE('',(#4458),#4483,.F.);
#4458 = FACE_BOUND('',#4459,.F.);
#4459 = EDGE_LOOP('',(#4460,#4468,#4469,#4477));
#4460 = ORIENTED_EDGE('',*,*,#4461,.F.);
#4461 = EDGE_CURVE('',#4406,#4462,#4464,.T.);
#4462 = VERTEX_POINT('',#4463);
#4463 = CARTESIAN_POINT('',(644.10103979851,-816.4049959362,845.));
#4464 = LINE('',#4465,#4466);
#4465 = CARTESIAN_POINT('',(611.93632700521,-836.6394035363,845.));
#4466 = VECTOR('',#4467,1.);
#4467 = DIRECTION('',(0.84643981035,0.532484410528,0.));
#4468 = ORIENTED_EDGE('',*,*,#4405,.T.);
#4469 = ORIENTED_EDGE('',*,*,#4470,.T.);
#4470 = EDGE_CURVE('',#4408,#4471,#4473,.T.);
#4471 = VERTEX_POINT('',#4472);
#4472 = CARTESIAN_POINT('',(644.10103979851,-816.4049959362,1.215E+03));
#4473 = LINE('',#4474,#4475);
#4474 = CARTESIAN_POINT('',(611.93632700521,-836.6394035363,1.215E+03));
#4475 = VECTOR('',#4476,1.);
#4476 = DIRECTION('',(0.84643981035,0.532484410528,0.));
#4477 = ORIENTED_EDGE('',*,*,#4478,.F.);
#4478 = EDGE_CURVE('',#4462,#4471,#4479,.T.);
#4479 = LINE('',#4480,#4481);
#4480 = CARTESIAN_POINT('',(644.10103979851,-816.4049959362,845.));
#4481 = VECTOR('',#4482,1.);
#4482 = DIRECTION('',(0.,0.,1.));
#4483 = PLANE('',#4484);
#4484 = AXIS2_PLACEMENT_3D('',#4485,#4486,#4487);
#4485 = CARTESIAN_POINT('',(611.93632700521,-836.6394035363,845.));
#4486 = DIRECTION('',(-0.532484410528,0.84643981035,0.));
#4487 = DIRECTION('',(0.,0.,1.));
#4488 = ADVANCED_FACE('',(#4489),#4507,.T.);
#4489 = FACE_BOUND('',#4490,.T.);
#4490 = EDGE_LOOP('',(#4491,#4492,#4493,#4501));
#4491 = ORIENTED_EDGE('',*,*,#4447,.F.);
#4492 = ORIENTED_EDGE('',*,*,#4470,.T.);
#4493 = ORIENTED_EDGE('',*,*,#4494,.T.);
#4494 = EDGE_CURVE('',#4471,#4495,#4497,.T.);
#4495 = VERTEX_POINT('',#4496);
#4496 = CARTESIAN_POINT('',(345.90976990305,-342.3987021403,1.215E+03));
#4497 = LINE('',#4498,#4499);
#4498 = CARTESIAN_POINT('',(644.10103979851,-816.4049959362,1.215E+03));
#4499 = VECTOR('',#4500,1.);
#4500 = DIRECTION('',(-0.532484410528,0.84643981035,0.));
#4501 = ORIENTED_EDGE('',*,*,#4502,.F.);
#4502 = EDGE_CURVE('',#4440,#4495,#4503,.T.);
#4503 = LINE('',#4504,#4505);
#4504 = CARTESIAN_POINT('',(313.74505710975,-362.6331097403,1.215E+03));
#4505 = VECTOR('',#4506,1.);
#4506 = DIRECTION('',(0.84643981035,0.532484410528,0.));
#4507 = PLANE('',#4508);
#4508 = AXIS2_PLACEMENT_3D('',#4509,#4510,#4511);
#4509 = CARTESIAN_POINT('',(611.93632700521,-836.6394035363,1.215E+03));
#4510 = DIRECTION('',(0.,0.,1.));
#4511 = DIRECTION('',(0.84643981035,0.532484410528,0.));
#4512 = ADVANCED_FACE('',(#4513),#4531,.T.);
#4513 = FACE_BOUND('',#4514,.T.);
#4514 = EDGE_LOOP('',(#4515,#4523,#4524,#4525));
#4515 = ORIENTED_EDGE('',*,*,#4516,.F.);
#4516 = EDGE_CURVE('',#4432,#4517,#4519,.T.);
#4517 = VERTEX_POINT('',#4518);
#4518 = CARTESIAN_POINT('',(345.90976990305,-342.3987021403,845.));
#4519 = LINE('',#4520,#4521);
#4520 = CARTESIAN_POINT('',(313.74505710975,-362.6331097403,845.));
#4521 = VECTOR('',#4522,1.);
#4522 = DIRECTION('',(0.84643981035,0.532484410528,0.));
#4523 = ORIENTED_EDGE('',*,*,#4439,.T.);
#4524 = ORIENTED_EDGE('',*,*,#4502,.T.);
#4525 = ORIENTED_EDGE('',*,*,#4526,.F.);
#4526 = EDGE_CURVE('',#4517,#4495,#4527,.T.);
#4527 = LINE('',#4528,#4529);
#4528 = CARTESIAN_POINT('',(345.90976990305,-342.3987021403,845.));
#4529 = VECTOR('',#4530,1.);
#4530 = DIRECTION('',(0.,0.,1.));
#4531 = PLANE('',#4532);
#4532 = AXIS2_PLACEMENT_3D('',#4533,#4534,#4535);
#4533 = CARTESIAN_POINT('',(313.74505710975,-362.6331097403,845.));
#4534 = DIRECTION('',(-0.532484410528,0.84643981035,0.));
#4535 = DIRECTION('',(0.,0.,1.));
#4536 = ADVANCED_FACE('',(#4537),#4565,.F.);
#4537 = FACE_BOUND('',#4538,.F.);
#4538 = EDGE_LOOP('',(#4539,#4540,#4541,#4547,#4548,#4549,#4558));
#4539 = ORIENTED_EDGE('',*,*,#4415,.F.);
#4540 = ORIENTED_EDGE('',*,*,#4461,.T.);
#4541 = ORIENTED_EDGE('',*,*,#4542,.T.);
#4542 = EDGE_CURVE('',#4462,#4517,#4543,.T.);
#4543 = LINE('',#4544,#4545);
#4544 = CARTESIAN_POINT('',(644.10103979851,-816.4049959362,845.));
#4545 = VECTOR('',#4546,1.);
#4546 = DIRECTION('',(-0.532484410528,0.84643981035,0.));
#4547 = ORIENTED_EDGE('',*,*,#4516,.F.);
#4548 = ORIENTED_EDGE('',*,*,#4431,.F.);
#4549 = ORIENTED_EDGE('',*,*,#4550,.F.);
#4550 = EDGE_CURVE('',#4551,#4424,#4553,.T.);
#4551 = VERTEX_POINT('',#4552);
#4552 = CARTESIAN_POINT('',(508.61215932167,-632.9998149518,845.));
#4553 = CIRCLE('',#4554,45.);
#4554 = AXIS2_PLACEMENT_3D('',#4555,#4556,#4557);
#4555 = CARTESIAN_POINT('',(463.61215932167,-632.9998149518,845.));
#4556 = DIRECTION('',(0.,0.,1.));
#4557 = DIRECTION('',(1.,0.,0.));
#4558 = ORIENTED_EDGE('',*,*,#4559,.F.);
#4559 = EDGE_CURVE('',#4416,#4551,#4560,.T.);
#4560 = CIRCLE('',#4561,45.);
#4561 = AXIS2_PLACEMENT_3D('',#4562,#4563,#4564);
#4562 = CARTESIAN_POINT('',(463.61215932167,-632.9998149518,845.));
#4563 = DIRECTION('',(0.,0.,1.));
#4564 = DIRECTION('',(1.,0.,0.));
#4565 = PLANE('',#4566);
#4566 = AXIS2_PLACEMENT_3D('',#4567,#4568,#4569);
#4567 = CARTESIAN_POINT('',(611.93632700521,-836.6394035363,845.));
#4568 = DIRECTION('',(0.,0.,1.));
#4569 = DIRECTION('',(0.84643981035,0.532484410528,0.));
#4570 = ADVANCED_FACE('',(#4571),#4581,.T.);
#4571 = FACE_BOUND('',#4572,.T.);
#4572 = EDGE_LOOP('',(#4573,#4574));
#4573 = ORIENTED_EDGE('',*,*,#4423,.T.);
#4574 = ORIENTED_EDGE('',*,*,#4575,.T.);
#4575 = EDGE_CURVE('',#4424,#4416,#4576,.T.);
#4576 = CIRCLE('',#4577,45.);
#4577 = AXIS2_PLACEMENT_3D('',#4578,#4579,#4580);
#4578 = CARTESIAN_POINT('',(463.61215932167,-632.9998149518,845.));
#4579 = DIRECTION('',(0.,0.,1.));
#4580 = DIRECTION('',(1.,0.,0.));
#4581 = PLANE('',#4582);
#4582 = AXIS2_PLACEMENT_3D('',#4583,#4584,#4585);
#4583 = CARTESIAN_POINT('',(463.61215932167,-632.9998149518,845.));
#4584 = DIRECTION('',(0.,0.,1.));
#4585 = DIRECTION('',(1.,0.,0.));
#4586 = ADVANCED_FACE('',(#4587),#4593,.T.);
#4587 = FACE_BOUND('',#4588,.T.);
#4588 = EDGE_LOOP('',(#4589,#4590,#4591,#4592));
#4589 = ORIENTED_EDGE('',*,*,#4478,.F.);
#4590 = ORIENTED_EDGE('',*,*,#4542,.T.);
#4591 = ORIENTED_EDGE('',*,*,#4526,.T.);
#4592 = ORIENTED_EDGE('',*,*,#4494,.F.);
#4593 = PLANE('',#4594);
#4594 = AXIS2_PLACEMENT_3D('',#4595,#4596,#4597);
#4595 = CARTESIAN_POINT('',(644.10103979851,-816.4049959362,845.));
#4596 = DIRECTION('',(0.84643981035,0.532484410528,0.));
#4597 = DIRECTION('',(0.,0.,1.));
#4598 = ADVANCED_FACE('',(#4599),#4620,.T.);
#4599 = FACE_BOUND('',#4600,.T.);
#4600 = EDGE_LOOP('',(#4601,#4609,#4610,#4611,#4612,#4613));
#4601 = ORIENTED_EDGE('',*,*,#4602,.T.);
#4602 = EDGE_CURVE('',#4603,#4551,#4605,.T.);
#4603 = VERTEX_POINT('',#4604);
#4604 = CARTESIAN_POINT('',(508.61215932167,-632.9998149518,750.));
#4605 = LINE('',#4606,#4607);
#4606 = CARTESIAN_POINT('',(508.61215932167,-632.9998149518,750.));
#4607 = VECTOR('',#4608,1.);
#4608 = DIRECTION('',(0.,0.,1.));
#4609 = ORIENTED_EDGE('',*,*,#4559,.F.);
#4610 = ORIENTED_EDGE('',*,*,#4575,.F.);
#4611 = ORIENTED_EDGE('',*,*,#4550,.F.);
#4612 = ORIENTED_EDGE('',*,*,#4602,.F.);
#4613 = ORIENTED_EDGE('',*,*,#4614,.T.);
#4614 = EDGE_CURVE('',#4603,#4603,#4615,.T.);
#4615 = CIRCLE('',#4616,45.);
#4616 = AXIS2_PLACEMENT_3D('',#4617,#4618,#4619);
#4617 = CARTESIAN_POINT('',(463.61215932167,-632.9998149518,750.));
#4618 = DIRECTION('',(0.,0.,1.));
#4619 = DIRECTION('',(1.,0.,0.));
#4620 = CYLINDRICAL_SURFACE('',#4621,45.);
#4621 = AXIS2_PLACEMENT_3D('',#4622,#4623,#4624);
#4622 = CARTESIAN_POINT('',(463.61215932167,-632.9998149518,750.));
#4623 = DIRECTION('',(0.,0.,1.));
#4624 = DIRECTION('',(1.,0.,0.));
#4625 = ADVANCED_FACE('',(#4626),#4629,.F.);
#4626 = FACE_BOUND('',#4627,.T.);
#4627 = EDGE_LOOP('',(#4628));
#4628 = ORIENTED_EDGE('',*,*,#4614,.F.);
#4629 = PLANE('',#4630);
#4630 = AXIS2_PLACEMENT_3D('',#4631,#4632,#4633);
#4631 = CARTESIAN_POINT('',(463.61215932167,-632.9998149518,750.));
#4632 = DIRECTION('',(0.,0.,1.));
#4633 = DIRECTION('',(1.,0.,0.));
#4634 = MANIFOLD_SOLID_BREP('',#4635);
#4635 = CLOSED_SHELL('',(#4636,#4676,#4716,#4738,#4760,#4772));
#4636 = ADVANCED_FACE('',(#4637),#4671,.F.);
#4637 = FACE_BOUND('',#4638,.F.);
#4638 = EDGE_LOOP('',(#4639,#4649,#4657,#4665));
#4639 = ORIENTED_EDGE('',*,*,#4640,.F.);
#4640 = EDGE_CURVE('',#4641,#4643,#4645,.T.);
#4641 = VERTEX_POINT('',#4642);
#4642 = CARTESIAN_POINT('',(634.51632040901,-801.1690793499,863.));
#4643 = VERTEX_POINT('',#4644);
#4644 = CARTESIAN_POINT('',(634.51632040901,-801.1690793499,1.197E+03));
#4645 = LINE('',#4646,#4647);
#4646 = CARTESIAN_POINT('',(634.51632040901,-801.1690793499,863.));
#4647 = VECTOR('',#4648,1.);
#4648 = DIRECTION('',(0.,0.,1.));
#4649 = ORIENTED_EDGE('',*,*,#4650,.T.);
#4650 = EDGE_CURVE('',#4641,#4651,#4653,.T.);
#4651 = VERTEX_POINT('',#4652);
#4652 = CARTESIAN_POINT('',(355.49448929254,-357.6346187266,863.));
#4653 = LINE('',#4654,#4655);
#4654 = CARTESIAN_POINT('',(634.51632040901,-801.1690793499,863.));
#4655 = VECTOR('',#4656,1.);
#4656 = DIRECTION('',(-0.532484410528,0.84643981035,0.));
#4657 = ORIENTED_EDGE('',*,*,#4658,.T.);
#4658 = EDGE_CURVE('',#4651,#4659,#4661,.T.);
#4659 = VERTEX_POINT('',#4660);
#4660 = CARTESIAN_POINT('',(355.49448929254,-357.6346187266,1.197E+03));
#4661 = LINE('',#4662,#4663);
#4662 = CARTESIAN_POINT('',(355.49448929254,-357.6346187266,863.));
#4663 = VECTOR('',#4664,1.);
#4664 = DIRECTION('',(0.,0.,1.));
#4665 = ORIENTED_EDGE('',*,*,#4666,.F.);
#4666 = EDGE_CURVE('',#4643,#4659,#4667,.T.);
#4667 = LINE('',#4668,#4669);
#4668 = CARTESIAN_POINT('',(634.51632040901,-801.1690793499,1.197E+03));
#4669 = VECTOR('',#4670,1.);
#4670 = DIRECTION('',(-0.532484410528,0.84643981035,0.));
#4671 = PLANE('',#4672);
#4672 = AXIS2_PLACEMENT_3D('',#4673,#4674,#4675);
#4673 = CARTESIAN_POINT('',(634.51632040901,-801.1690793499,863.));
#4674 = DIRECTION('',(0.84643981035,0.532484410528,0.));
#4675 = DIRECTION('',(0.,0.,1.));
#4676 = ADVANCED_FACE('',(#4677),#4711,.T.);
#4677 = FACE_BOUND('',#4678,.T.);
#4678 = EDGE_LOOP('',(#4679,#4689,#4697,#4705));
#4679 = ORIENTED_EDGE('',*,*,#4680,.F.);
#4680 = EDGE_CURVE('',#4681,#4683,#4685,.T.);
#4681 = VERTEX_POINT('',#4682);
#4682 = CARTESIAN_POINT('',(637.05563984006,-799.5716261183,863.));
#4683 = VERTEX_POINT('',#4684);
#4684 = CARTESIAN_POINT('',(637.05563984006,-799.5716261183,1.197E+03));
#4685 = LINE('',#4686,#4687);
#4686 = CARTESIAN_POINT('',(637.05563984006,-799.5716261183,863.));
#4687 = VECTOR('',#4688,1.);
#4688 = DIRECTION('',(0.,0.,1.));
#4689 = ORIENTED_EDGE('',*,*,#4690,.T.);
#4690 = EDGE_CURVE('',#4681,#4691,#4693,.T.);
#4691 = VERTEX_POINT('',#4692);
#4692 = CARTESIAN_POINT('',(358.03380872359,-356.037165495,863.));
#4693 = LINE('',#4694,#4695);
#4694 = CARTESIAN_POINT('',(637.05563984006,-799.5716261183,863.));
#4695 = VECTOR('',#4696,1.);
#4696 = DIRECTION('',(-0.532484410528,0.84643981035,0.));
#4697 = ORIENTED_EDGE('',*,*,#4698,.T.);
#4698 = EDGE_CURVE('',#4691,#4699,#4701,.T.);
#4699 = VERTEX_POINT('',#4700);
#4700 = CARTESIAN_POINT('',(358.03380872359,-356.037165495,1.197E+03));
#4701 = LINE('',#4702,#4703);
#4702 = CARTESIAN_POINT('',(358.03380872359,-356.037165495,863.));
#4703 = VECTOR('',#4704,1.);
#4704 = DIRECTION('',(0.,0.,1.));
#4705 = ORIENTED_EDGE('',*,*,#4706,.F.);
#4706 = EDGE_CURVE('',#4683,#4699,#4707,.T.);
#4707 = LINE('',#4708,#4709);
#4708 = CARTESIAN_POINT('',(637.05563984006,-799.5716261183,1.197E+03));
#4709 = VECTOR('',#4710,1.);
#4710 = DIRECTION('',(-0.532484410528,0.84643981035,0.));
#4711 = PLANE('',#4712);
#4712 = AXIS2_PLACEMENT_3D('',#4713,#4714,#4715);
#4713 = CARTESIAN_POINT('',(637.05563984006,-799.5716261183,863.));
#4714 = DIRECTION('',(0.84643981035,0.532484410528,0.));
#4715 = DIRECTION('',(0.,0.,1.));
#4716 = ADVANCED_FACE('',(#4717),#4733,.F.);
#4717 = FACE_BOUND('',#4718,.F.);
#4718 = EDGE_LOOP('',(#4719,#4725,#4726,#4732));
#4719 = ORIENTED_EDGE('',*,*,#4720,.F.);
#4720 = EDGE_CURVE('',#4641,#4681,#4721,.T.);
#4721 = LINE('',#4722,#4723);
#4722 = CARTESIAN_POINT('',(634.51632040901,-801.1690793499,863.));
#4723 = VECTOR('',#4724,1.);
#4724 = DIRECTION('',(0.84643981035,0.532484410528,0.));
#4725 = ORIENTED_EDGE('',*,*,#4640,.T.);
#4726 = ORIENTED_EDGE('',*,*,#4727,.T.);
#4727 = EDGE_CURVE('',#4643,#4683,#4728,.T.);
#4728 = LINE('',#4729,#4730);
#4729 = CARTESIAN_POINT('',(634.51632040901,-801.1690793499,1.197E+03));
#4730 = VECTOR('',#4731,1.);
#4731 = DIRECTION('',(0.84643981035,0.532484410528,0.));
#4732 = ORIENTED_EDGE('',*,*,#4680,.F.);
#4733 = PLANE('',#4734);
#4734 = AXIS2_PLACEMENT_3D('',#4735,#4736,#4737);
#4735 = CARTESIAN_POINT('',(634.51632040901,-801.1690793499,863.));
#4736 = DIRECTION('',(-0.532484410528,0.84643981035,0.));
#4737 = DIRECTION('',(0.,0.,1.));
#4738 = ADVANCED_FACE('',(#4739),#4755,.T.);
#4739 = FACE_BOUND('',#4740,.T.);
#4740 = EDGE_LOOP('',(#4741,#4747,#4748,#4754));
#4741 = ORIENTED_EDGE('',*,*,#4742,.F.);
#4742 = EDGE_CURVE('',#4651,#4691,#4743,.T.);
#4743 = LINE('',#4744,#4745);
#4744 = CARTESIAN_POINT('',(355.49448929254,-357.6346187266,863.));
#4745 = VECTOR('',#4746,1.);
#4746 = DIRECTION('',(0.84643981035,0.532484410528,0.));
#4747 = ORIENTED_EDGE('',*,*,#4658,.T.);
#4748 = ORIENTED_EDGE('',*,*,#4749,.T.);
#4749 = EDGE_CURVE('',#4659,#4699,#4750,.T.);
#4750 = LINE('',#4751,#4752);
#4751 = CARTESIAN_POINT('',(355.49448929254,-357.6346187266,1.197E+03));
#4752 = VECTOR('',#4753,1.);
#4753 = DIRECTION('',(0.84643981035,0.532484410528,0.));
#4754 = ORIENTED_EDGE('',*,*,#4698,.F.);
#4755 = PLANE('',#4756);
#4756 = AXIS2_PLACEMENT_3D('',#4757,#4758,#4759);
#4757 = CARTESIAN_POINT('',(355.49448929254,-357.6346187266,863.));
#4758 = DIRECTION('',(-0.532484410528,0.84643981035,0.));
#4759 = DIRECTION('',(0.,0.,1.));
#4760 = ADVANCED_FACE('',(#4761),#4767,.F.);
#4761 = FACE_BOUND('',#4762,.F.);
#4762 = EDGE_LOOP('',(#4763,#4764,#4765,#4766));
#4763 = ORIENTED_EDGE('',*,*,#4650,.F.);
#4764 = ORIENTED_EDGE('',*,*,#4720,.T.);
#4765 = ORIENTED_EDGE('',*,*,#4690,.T.);
#4766 = ORIENTED_EDGE('',*,*,#4742,.F.);
#4767 = PLANE('',#4768);
#4768 = AXIS2_PLACEMENT_3D('',#4769,#4770,#4771);
#4769 = CARTESIAN_POINT('',(634.51632040901,-801.1690793499,863.));
#4770 = DIRECTION('',(0.,0.,1.));
#4771 = DIRECTION('',(0.84643981035,0.532484410528,0.));
#4772 = ADVANCED_FACE('',(#4773),#4779,.T.);
#4773 = FACE_BOUND('',#4774,.T.);
#4774 = EDGE_LOOP('',(#4775,#4776,#4777,#4778));
#4775 = ORIENTED_EDGE('',*,*,#4666,.F.);
#4776 = ORIENTED_EDGE('',*,*,#4727,.T.);
#4777 = ORIENTED_EDGE('',*,*,#4706,.T.);
#4778 = ORIENTED_EDGE('',*,*,#4749,.F.);
#4779 = PLANE('',#4780);
#4780 = AXIS2_PLACEMENT_3D('',#4781,#4782,#4783);
#4781 = CARTESIAN_POINT('',(634.51632040901,-801.1690793499,1.197E+03));
#4782 = DIRECTION('',(0.,0.,1.));
#4783 = DIRECTION('',(0.84643981035,0.532484410528,0.));
#4784 = MANIFOLD_SOLID_BREP('',#4785);
#4785 = CLOSED_SHELL('',(#4786,#4842,#4873,#4897,#4921,#4946,#4971,#4996
    ,#5015,#5050,#5060));
#4786 = ADVANCED_FACE('',(#4787),#4837,.F.);
#4787 = FACE_BOUND('',#4788,.F.);
#4788 = EDGE_LOOP('',(#4789,#4799,#4807,#4815,#4823,#4831));
#4789 = ORIENTED_EDGE('',*,*,#4790,.F.);
#4790 = EDGE_CURVE('',#4791,#4793,#4795,.T.);
#4791 = VERTEX_POINT('',#4792);
#4792 = CARTESIAN_POINT('',(90.958256229943,492.45567884187,845.));
#4793 = VERTEX_POINT('',#4794);
#4794 = CARTESIAN_POINT('',(90.958256229943,492.45567884187,1.215E+03));
#4795 = LINE('',#4796,#4797);
#4796 = CARTESIAN_POINT('',(90.958256229943,492.45567884187,845.));
#4797 = VECTOR('',#4798,1.);
#4798 = DIRECTION('',(0.,0.,1.));
#4799 = ORIENTED_EDGE('',*,*,#4800,.T.);
#4800 = EDGE_CURVE('',#4791,#4801,#4803,.T.);
#4801 = VERTEX_POINT('',#4802);
#4802 = CARTESIAN_POINT('',(-155.1729565346,350.35175689624,845.));
#4803 = LINE('',#4804,#4805);
#4804 = CARTESIAN_POINT('',(90.958256229943,492.45567884187,845.));
#4805 = VECTOR('',#4806,1.);
#4806 = DIRECTION('',(-0.866025403784,-0.5,0.));
#4807 = ORIENTED_EDGE('',*,*,#4808,.T.);
#4808 = EDGE_CURVE('',#4801,#4809,#4811,.T.);
#4809 = VERTEX_POINT('',#4810);
#4810 = CARTESIAN_POINT('',(-225.8270434653,309.5596007875,845.));
#4811 = LINE('',#4812,#4813);
#4812 = CARTESIAN_POINT('',(90.958256229943,492.45567884187,845.));
#4813 = VECTOR('',#4814,1.);
#4814 = DIRECTION('',(-0.866025403784,-0.5,0.));
#4815 = ORIENTED_EDGE('',*,*,#4816,.T.);
#4816 = EDGE_CURVE('',#4809,#4817,#4819,.T.);
#4817 = VERTEX_POINT('',#4818);
#4818 = CARTESIAN_POINT('',(-471.9582562299,167.45567884187,845.));
#4819 = LINE('',#4820,#4821);
#4820 = CARTESIAN_POINT('',(90.958256229943,492.45567884187,845.));
#4821 = VECTOR('',#4822,1.);
#4822 = DIRECTION('',(-0.866025403784,-0.5,0.));
#4823 = ORIENTED_EDGE('',*,*,#4824,.T.);
#4824 = EDGE_CURVE('',#4817,#4825,#4827,.T.);
#4825 = VERTEX_POINT('',#4826);
#4826 = CARTESIAN_POINT('',(-471.9582562299,167.45567884187,1.215E+03));
#4827 = LINE('',#4828,#4829);
#4828 = CARTESIAN_POINT('',(-471.9582562299,167.45567884187,845.));
#4829 = VECTOR('',#4830,1.);
#4830 = DIRECTION('',(0.,0.,1.));
#4831 = ORIENTED_EDGE('',*,*,#4832,.F.);
#4832 = EDGE_CURVE('',#4793,#4825,#4833,.T.);
#4833 = LINE('',#4834,#4835);
#4834 = CARTESIAN_POINT('',(90.958256229943,492.45567884187,1.215E+03));
#4835 = VECTOR('',#4836,1.);
#4836 = DIRECTION('',(-0.866025403784,-0.5,0.));
#4837 = PLANE('',#4838);
#4838 = AXIS2_PLACEMENT_3D('',#4839,#4840,#4841);
#4839 = CARTESIAN_POINT('',(90.958256229943,492.45567884187,845.));
#4840 = DIRECTION('',(-0.5,0.866025403784,0.));
#4841 = DIRECTION('',(0.,0.,1.));
#4842 = ADVANCED_FACE('',(#4843),#4868,.F.);
#4843 = FACE_BOUND('',#4844,.F.);
#4844 = EDGE_LOOP('',(#4845,#4853,#4854,#4862));
#4845 = ORIENTED_EDGE('',*,*,#4846,.F.);
#4846 = EDGE_CURVE('',#4791,#4847,#4849,.T.);
#4847 = VERTEX_POINT('',#4848);
#4848 = CARTESIAN_POINT('',(71.958256229943,525.36464418568,845.));
#4849 = LINE('',#4850,#4851);
#4850 = CARTESIAN_POINT('',(90.958256229943,492.45567884187,845.));
#4851 = VECTOR('',#4852,1.);
#4852 = DIRECTION('',(-0.5,0.866025403784,0.));
#4853 = ORIENTED_EDGE('',*,*,#4790,.T.);
#4854 = ORIENTED_EDGE('',*,*,#4855,.T.);
#4855 = EDGE_CURVE('',#4793,#4856,#4858,.T.);
#4856 = VERTEX_POINT('',#4857);
#4857 = CARTESIAN_POINT('',(71.958256229943,525.36464418568,1.215E+03));
#4858 = LINE('',#4859,#4860);
#4859 = CARTESIAN_POINT('',(90.958256229943,492.45567884187,1.215E+03));
#4860 = VECTOR('',#4861,1.);
#4861 = DIRECTION('',(-0.5,0.866025403784,0.));
#4862 = ORIENTED_EDGE('',*,*,#4863,.F.);
#4863 = EDGE_CURVE('',#4847,#4856,#4864,.T.);
#4864 = LINE('',#4865,#4866);
#4865 = CARTESIAN_POINT('',(71.958256229943,525.36464418568,845.));
#4866 = VECTOR('',#4867,1.);
#4867 = DIRECTION('',(0.,0.,1.));
#4868 = PLANE('',#4869);
#4869 = AXIS2_PLACEMENT_3D('',#4870,#4871,#4872);
#4870 = CARTESIAN_POINT('',(90.958256229943,492.45567884187,845.));
#4871 = DIRECTION('',(-0.866025403784,-0.5,0.));
#4872 = DIRECTION('',(0.,0.,1.));
#4873 = ADVANCED_FACE('',(#4874),#4892,.T.);
#4874 = FACE_BOUND('',#4875,.T.);
#4875 = EDGE_LOOP('',(#4876,#4877,#4878,#4886));
#4876 = ORIENTED_EDGE('',*,*,#4832,.F.);
#4877 = ORIENTED_EDGE('',*,*,#4855,.T.);
#4878 = ORIENTED_EDGE('',*,*,#4879,.T.);
#4879 = EDGE_CURVE('',#4856,#4880,#4882,.T.);
#4880 = VERTEX_POINT('',#4881);
#4881 = CARTESIAN_POINT('',(-490.9582562299,200.36464418568,1.215E+03));
#4882 = LINE('',#4883,#4884);
#4883 = CARTESIAN_POINT('',(71.958256229943,525.36464418568,1.215E+03));
#4884 = VECTOR('',#4885,1.);
#4885 = DIRECTION('',(-0.866025403784,-0.5,0.));
#4886 = ORIENTED_EDGE('',*,*,#4887,.F.);
#4887 = EDGE_CURVE('',#4825,#4880,#4888,.T.);
#4888 = LINE('',#4889,#4890);
#4889 = CARTESIAN_POINT('',(-471.9582562299,167.45567884187,1.215E+03));
#4890 = VECTOR('',#4891,1.);
#4891 = DIRECTION('',(-0.5,0.866025403784,0.));
#4892 = PLANE('',#4893);
#4893 = AXIS2_PLACEMENT_3D('',#4894,#4895,#4896);
#4894 = CARTESIAN_POINT('',(90.958256229943,492.45567884187,1.215E+03));
#4895 = DIRECTION('',(0.,0.,1.));
#4896 = DIRECTION('',(-0.5,0.866025403784,0.));
#4897 = ADVANCED_FACE('',(#4898),#4916,.T.);
#4898 = FACE_BOUND('',#4899,.T.);
#4899 = EDGE_LOOP('',(#4900,#4908,#4909,#4910));
#4900 = ORIENTED_EDGE('',*,*,#4901,.F.);
#4901 = EDGE_CURVE('',#4817,#4902,#4904,.T.);
#4902 = VERTEX_POINT('',#4903);
#4903 = CARTESIAN_POINT('',(-490.9582562299,200.36464418568,845.));
#4904 = LINE('',#4905,#4906);
#4905 = CARTESIAN_POINT('',(-471.9582562299,167.45567884187,845.));
#4906 = VECTOR('',#4907,1.);
#4907 = DIRECTION('',(-0.5,0.866025403784,0.));
#4908 = ORIENTED_EDGE('',*,*,#4824,.T.);
#4909 = ORIENTED_EDGE('',*,*,#4887,.T.);
#4910 = ORIENTED_EDGE('',*,*,#4911,.F.);
#4911 = EDGE_CURVE('',#4902,#4880,#4912,.T.);
#4912 = LINE('',#4913,#4914);
#4913 = CARTESIAN_POINT('',(-490.9582562299,200.36464418568,845.));
#4914 = VECTOR('',#4915,1.);
#4915 = DIRECTION('',(0.,0.,1.));
#4916 = PLANE('',#4917);
#4917 = AXIS2_PLACEMENT_3D('',#4918,#4919,#4920);
#4918 = CARTESIAN_POINT('',(-471.9582562299,167.45567884187,845.));
#4919 = DIRECTION('',(-0.866025403784,-0.5,0.));
#4920 = DIRECTION('',(0.,0.,1.));
#4921 = ADVANCED_FACE('',(#4922),#4941,.F.);
#4922 = FACE_BOUND('',#4923,.F.);
#4923 = EDGE_LOOP('',(#4924,#4925,#4926,#4934));
#4924 = ORIENTED_EDGE('',*,*,#4800,.F.);
#4925 = ORIENTED_EDGE('',*,*,#4846,.T.);
#4926 = ORIENTED_EDGE('',*,*,#4927,.T.);
#4927 = EDGE_CURVE('',#4847,#4928,#4930,.T.);
#4928 = VERTEX_POINT('',#4929);
#4929 = CARTESIAN_POINT('',(-174.1729565346,383.26072224005,845.));
#4930 = LINE('',#4931,#4932);
#4931 = CARTESIAN_POINT('',(71.958256229943,525.36464418568,845.));
#4932 = VECTOR('',#4933,1.);
#4933 = DIRECTION('',(-0.866025403784,-0.5,0.));
#4934 = ORIENTED_EDGE('',*,*,#4935,.F.);
#4935 = EDGE_CURVE('',#4801,#4928,#4936,.T.);
#4936 = CIRCLE('',#4937,45.);
#4937 = AXIS2_PLACEMENT_3D('',#4938,#4939,#4940);
#4938 = CARTESIAN_POINT('',(-200.,346.41016151377,845.));
#4939 = DIRECTION('',(0.,0.,1.));
#4940 = DIRECTION('',(1.,0.,0.));
#4941 = PLANE('',#4942);
#4942 = AXIS2_PLACEMENT_3D('',#4943,#4944,#4945);
#4943 = CARTESIAN_POINT('',(90.958256229943,492.45567884187,845.));
#4944 = DIRECTION('',(0.,0.,1.));
#4945 = DIRECTION('',(-0.5,0.866025403784,0.));
#4946 = ADVANCED_FACE('',(#4947),#4966,.T.);
#4947 = FACE_BOUND('',#4948,.T.);
#4948 = EDGE_LOOP('',(#4949,#4958,#4965));
#4949 = ORIENTED_EDGE('',*,*,#4950,.T.);
#4950 = EDGE_CURVE('',#4809,#4951,#4953,.T.);
#4951 = VERTEX_POINT('',#4952);
#4952 = CARTESIAN_POINT('',(-155.,346.41016151377,845.));
#4953 = CIRCLE('',#4954,45.);
#4954 = AXIS2_PLACEMENT_3D('',#4955,#4956,#4957);
#4955 = CARTESIAN_POINT('',(-200.,346.41016151377,845.));
#4956 = DIRECTION('',(0.,0.,1.));
#4957 = DIRECTION('',(1.,0.,0.));
#4958 = ORIENTED_EDGE('',*,*,#4959,.T.);
#4959 = EDGE_CURVE('',#4951,#4801,#4960,.T.);
#4960 = CIRCLE('',#4961,45.);
#4961 = AXIS2_PLACEMENT_3D('',#4962,#4963,#4964);
#4962 = CARTESIAN_POINT('',(-200.,346.41016151377,845.));
#4963 = DIRECTION('',(0.,0.,1.));
#4964 = DIRECTION('',(1.,0.,0.));
#4965 = ORIENTED_EDGE('',*,*,#4808,.T.);
#4966 = PLANE('',#4967);
#4967 = AXIS2_PLACEMENT_3D('',#4968,#4969,#4970);
#4968 = CARTESIAN_POINT('',(-200.,346.41016151377,845.));
#4969 = DIRECTION('',(0.,0.,1.));
#4970 = DIRECTION('',(1.,0.,0.));
#4971 = ADVANCED_FACE('',(#4972),#4991,.F.);
#4972 = FACE_BOUND('',#4973,.F.);
#4973 = EDGE_LOOP('',(#4974,#4975,#4984,#4990));
#4974 = ORIENTED_EDGE('',*,*,#4816,.F.);
#4975 = ORIENTED_EDGE('',*,*,#4976,.F.);
#4976 = EDGE_CURVE('',#4977,#4809,#4979,.T.);
#4977 = VERTEX_POINT('',#4978);
#4978 = CARTESIAN_POINT('',(-244.8270434653,342.46856613131,845.));
#4979 = CIRCLE('',#4980,45.);
#4980 = AXIS2_PLACEMENT_3D('',#4981,#4982,#4983);
#4981 = CARTESIAN_POINT('',(-200.,346.41016151377,845.));
#4982 = DIRECTION('',(0.,0.,1.));
#4983 = DIRECTION('',(1.,0.,0.));
#4984 = ORIENTED_EDGE('',*,*,#4985,.T.);
#4985 = EDGE_CURVE('',#4977,#4902,#4986,.T.);
#4986 = LINE('',#4987,#4988);
#4987 = CARTESIAN_POINT('',(71.958256229943,525.36464418568,845.));
#4988 = VECTOR('',#4989,1.);
#4989 = DIRECTION('',(-0.866025403784,-0.5,0.));
#4990 = ORIENTED_EDGE('',*,*,#4901,.F.);
#4991 = PLANE('',#4992);
#4992 = AXIS2_PLACEMENT_3D('',#4993,#4994,#4995);
#4993 = CARTESIAN_POINT('',(90.958256229943,492.45567884187,845.));
#4994 = DIRECTION('',(0.,0.,1.));
#4995 = DIRECTION('',(-0.5,0.866025403784,0.));
#4996 = ADVANCED_FACE('',(#4997),#5010,.T.);
#4997 = FACE_BOUND('',#4998,.T.);
#4998 = EDGE_LOOP('',(#4999,#5000,#5001,#5007,#5008,#5009));
#4999 = ORIENTED_EDGE('',*,*,#4863,.F.);
#5000 = ORIENTED_EDGE('',*,*,#4927,.T.);
#5001 = ORIENTED_EDGE('',*,*,#5002,.T.);
#5002 = EDGE_CURVE('',#4928,#4977,#5003,.T.);
#5003 = LINE('',#5004,#5005);
#5004 = CARTESIAN_POINT('',(71.958256229943,525.36464418568,845.));
#5005 = VECTOR('',#5006,1.);
#5006 = DIRECTION('',(-0.866025403784,-0.5,0.));
#5007 = ORIENTED_EDGE('',*,*,#4985,.T.);
#5008 = ORIENTED_EDGE('',*,*,#4911,.T.);
#5009 = ORIENTED_EDGE('',*,*,#4879,.F.);
#5010 = PLANE('',#5011);
#5011 = AXIS2_PLACEMENT_3D('',#5012,#5013,#5014);
#5012 = CARTESIAN_POINT('',(71.958256229943,525.36464418568,845.));
#5013 = DIRECTION('',(-0.5,0.866025403784,0.));
#5014 = DIRECTION('',(0.,0.,1.));
#5015 = ADVANCED_FACE('',(#5016),#5045,.T.);
#5016 = FACE_BOUND('',#5017,.T.);
#5017 = EDGE_LOOP('',(#5018,#5026,#5027,#5028,#5035,#5036,#5037,#5038));
#5018 = ORIENTED_EDGE('',*,*,#5019,.T.);
#5019 = EDGE_CURVE('',#5020,#4951,#5022,.T.);
#5020 = VERTEX_POINT('',#5021);
#5021 = CARTESIAN_POINT('',(-155.,346.41016151377,750.));
#5022 = LINE('',#5023,#5024);
#5023 = CARTESIAN_POINT('',(-155.,346.41016151377,750.));
#5024 = VECTOR('',#5025,1.);
#5025 = DIRECTION('',(0.,0.,1.));
#5026 = ORIENTED_EDGE('',*,*,#4950,.F.);
#5027 = ORIENTED_EDGE('',*,*,#4976,.F.);
#5028 = ORIENTED_EDGE('',*,*,#5029,.F.);
#5029 = EDGE_CURVE('',#4928,#4977,#5030,.T.);
#5030 = CIRCLE('',#5031,45.);
#5031 = AXIS2_PLACEMENT_3D('',#5032,#5033,#5034);
#5032 = CARTESIAN_POINT('',(-200.,346.41016151377,845.));
#5033 = DIRECTION('',(0.,0.,1.));
#5034 = DIRECTION('',(1.,0.,0.));
#5035 = ORIENTED_EDGE('',*,*,#4935,.F.);
#5036 = ORIENTED_EDGE('',*,*,#4959,.F.);
#5037 = ORIENTED_EDGE('',*,*,#5019,.F.);
#5038 = ORIENTED_EDGE('',*,*,#5039,.T.);
#5039 = EDGE_CURVE('',#5020,#5020,#5040,.T.);
#5040 = CIRCLE('',#5041,45.);
#5041 = AXIS2_PLACEMENT_3D('',#5042,#5043,#5044);
#5042 = CARTESIAN_POINT('',(-200.,346.41016151377,750.));
#5043 = DIRECTION('',(0.,0.,1.));
#5044 = DIRECTION('',(1.,0.,0.));
#5045 = CYLINDRICAL_SURFACE('',#5046,45.);
#5046 = AXIS2_PLACEMENT_3D('',#5047,#5048,#5049);
#5047 = CARTESIAN_POINT('',(-200.,346.41016151377,750.));
#5048 = DIRECTION('',(0.,0.,1.));
#5049 = DIRECTION('',(1.,0.,0.));
#5050 = ADVANCED_FACE('',(#5051),#5055,.T.);
#5051 = FACE_BOUND('',#5052,.T.);
#5052 = EDGE_LOOP('',(#5053,#5054));
#5053 = ORIENTED_EDGE('',*,*,#5002,.F.);
#5054 = ORIENTED_EDGE('',*,*,#5029,.T.);
#5055 = PLANE('',#5056);
#5056 = AXIS2_PLACEMENT_3D('',#5057,#5058,#5059);
#5057 = CARTESIAN_POINT('',(-200.,346.41016151377,845.));
#5058 = DIRECTION('',(0.,0.,1.));
#5059 = DIRECTION('',(1.,0.,0.));
#5060 = ADVANCED_FACE('',(#5061),#5064,.F.);
#5061 = FACE_BOUND('',#5062,.T.);
#5062 = EDGE_LOOP('',(#5063));
#5063 = ORIENTED_EDGE('',*,*,#5039,.F.);
#5064 = PLANE('',#5065);
#5065 = AXIS2_PLACEMENT_3D('',#5066,#5067,#5068);
#5066 = CARTESIAN_POINT('',(-200.,346.41016151377,750.));
#5067 = DIRECTION('',(0.,0.,1.));
#5068 = DIRECTION('',(1.,0.,0.));
#5069 = MANIFOLD_SOLID_BREP('',#5070);
#5070 = CLOSED_SHELL('',(#5071,#5111,#5151,#5173,#5195,#5207));
#5071 = ADVANCED_FACE('',(#5072),#5106,.F.);
#5072 = FACE_BOUND('',#5073,.F.);
#5073 = EDGE_LOOP('',(#5074,#5084,#5092,#5100));
#5074 = ORIENTED_EDGE('',*,*,#5075,.F.);
#5075 = EDGE_CURVE('',#5076,#5078,#5080,.T.);
#5076 = VERTEX_POINT('',#5077);
#5077 = CARTESIAN_POINT('',(56.369798961823,516.36464418568,863.));
#5078 = VERTEX_POINT('',#5079);
#5079 = CARTESIAN_POINT('',(56.369798961823,516.36464418568,1.197E+03));
#5080 = LINE('',#5081,#5082);
#5081 = CARTESIAN_POINT('',(56.369798961823,516.36464418568,863.));
#5082 = VECTOR('',#5083,1.);
#5083 = DIRECTION('',(0.,0.,1.));
#5084 = ORIENTED_EDGE('',*,*,#5085,.T.);
#5085 = EDGE_CURVE('',#5076,#5086,#5088,.T.);
#5086 = VERTEX_POINT('',#5087);
#5087 = CARTESIAN_POINT('',(-475.3697989618,209.36464418568,863.));
#5088 = LINE('',#5089,#5090);
#5089 = CARTESIAN_POINT('',(56.369798961823,516.36464418568,863.));
#5090 = VECTOR('',#5091,1.);
#5091 = DIRECTION('',(-0.866025403784,-0.5,0.));
#5092 = ORIENTED_EDGE('',*,*,#5093,.T.);
#5093 = EDGE_CURVE('',#5086,#5094,#5096,.T.);
#5094 = VERTEX_POINT('',#5095);
#5095 = CARTESIAN_POINT('',(-475.3697989618,209.36464418568,1.197E+03));
#5096 = LINE('',#5097,#5098);
#5097 = CARTESIAN_POINT('',(-475.3697989618,209.36464418568,863.));
#5098 = VECTOR('',#5099,1.);
#5099 = DIRECTION('',(0.,0.,1.));
#5100 = ORIENTED_EDGE('',*,*,#5101,.F.);
#5101 = EDGE_CURVE('',#5078,#5094,#5102,.T.);
#5102 = LINE('',#5103,#5104);
#5103 = CARTESIAN_POINT('',(56.369798961823,516.36464418568,1.197E+03));
#5104 = VECTOR('',#5105,1.);
#5105 = DIRECTION('',(-0.866025403784,-0.5,0.));
#5106 = PLANE('',#5107);
#5107 = AXIS2_PLACEMENT_3D('',#5108,#5109,#5110);
#5108 = CARTESIAN_POINT('',(56.369798961823,516.36464418568,863.));
#5109 = DIRECTION('',(-0.5,0.866025403784,0.));
#5110 = DIRECTION('',(0.,0.,1.));
#5111 = ADVANCED_FACE('',(#5112),#5146,.T.);
#5112 = FACE_BOUND('',#5113,.T.);
#5113 = EDGE_LOOP('',(#5114,#5124,#5132,#5140));
#5114 = ORIENTED_EDGE('',*,*,#5115,.F.);
#5115 = EDGE_CURVE('',#5116,#5118,#5120,.T.);
#5116 = VERTEX_POINT('',#5117);
#5117 = CARTESIAN_POINT('',(54.869798961823,518.96272039703,863.));
#5118 = VERTEX_POINT('',#5119);
#5119 = CARTESIAN_POINT('',(54.869798961823,518.96272039703,1.197E+03));
#5120 = LINE('',#5121,#5122);
#5121 = CARTESIAN_POINT('',(54.869798961823,518.96272039703,863.));
#5122 = VECTOR('',#5123,1.);
#5123 = DIRECTION('',(0.,0.,1.));
#5124 = ORIENTED_EDGE('',*,*,#5125,.T.);
#5125 = EDGE_CURVE('',#5116,#5126,#5128,.T.);
#5126 = VERTEX_POINT('',#5127);
#5127 = CARTESIAN_POINT('',(-476.8697989618,211.96272039703,863.));
#5128 = LINE('',#5129,#5130);
#5129 = CARTESIAN_POINT('',(54.869798961823,518.96272039703,863.));
#5130 = VECTOR('',#5131,1.);
#5131 = DIRECTION('',(-0.866025403784,-0.5,0.));
#5132 = ORIENTED_EDGE('',*,*,#5133,.T.);
#5133 = EDGE_CURVE('',#5126,#5134,#5136,.T.);
#5134 = VERTEX_POINT('',#5135);
#5135 = CARTESIAN_POINT('',(-476.8697989618,211.96272039703,1.197E+03));
#5136 = LINE('',#5137,#5138);
#5137 = CARTESIAN_POINT('',(-476.8697989618,211.96272039703,863.));
#5138 = VECTOR('',#5139,1.);
#5139 = DIRECTION('',(0.,0.,1.));
#5140 = ORIENTED_EDGE('',*,*,#5141,.F.);
#5141 = EDGE_CURVE('',#5118,#5134,#5142,.T.);
#5142 = LINE('',#5143,#5144);
#5143 = CARTESIAN_POINT('',(54.869798961823,518.96272039703,1.197E+03));
#5144 = VECTOR('',#5145,1.);
#5145 = DIRECTION('',(-0.866025403784,-0.5,0.));
#5146 = PLANE('',#5147);
#5147 = AXIS2_PLACEMENT_3D('',#5148,#5149,#5150);
#5148 = CARTESIAN_POINT('',(54.869798961823,518.96272039703,863.));
#5149 = DIRECTION('',(-0.5,0.866025403784,0.));
#5150 = DIRECTION('',(0.,0.,1.));
#5151 = ADVANCED_FACE('',(#5152),#5168,.F.);
#5152 = FACE_BOUND('',#5153,.F.);
#5153 = EDGE_LOOP('',(#5154,#5160,#5161,#5167));
#5154 = ORIENTED_EDGE('',*,*,#5155,.F.);
#5155 = EDGE_CURVE('',#5076,#5116,#5156,.T.);
#5156 = LINE('',#5157,#5158);
#5157 = CARTESIAN_POINT('',(56.369798961823,516.36464418568,863.));
#5158 = VECTOR('',#5159,1.);
#5159 = DIRECTION('',(-0.5,0.866025403784,0.));
#5160 = ORIENTED_EDGE('',*,*,#5075,.T.);
#5161 = ORIENTED_EDGE('',*,*,#5162,.T.);
#5162 = EDGE_CURVE('',#5078,#5118,#5163,.T.);
#5163 = LINE('',#5164,#5165);
#5164 = CARTESIAN_POINT('',(56.369798961823,516.36464418568,1.197E+03));
#5165 = VECTOR('',#5166,1.);
#5166 = DIRECTION('',(-0.5,0.866025403784,0.));
#5167 = ORIENTED_EDGE('',*,*,#5115,.F.);
#5168 = PLANE('',#5169);
#5169 = AXIS2_PLACEMENT_3D('',#5170,#5171,#5172);
#5170 = CARTESIAN_POINT('',(56.369798961823,516.36464418568,863.));
#5171 = DIRECTION('',(-0.866025403784,-0.5,0.));
#5172 = DIRECTION('',(0.,0.,1.));
#5173 = ADVANCED_FACE('',(#5174),#5190,.T.);
#5174 = FACE_BOUND('',#5175,.T.);
#5175 = EDGE_LOOP('',(#5176,#5182,#5183,#5189));
#5176 = ORIENTED_EDGE('',*,*,#5177,.F.);
#5177 = EDGE_CURVE('',#5086,#5126,#5178,.T.);
#5178 = LINE('',#5179,#5180);
#5179 = CARTESIAN_POINT('',(-475.3697989618,209.36464418568,863.));
#5180 = VECTOR('',#5181,1.);
#5181 = DIRECTION('',(-0.5,0.866025403784,0.));
#5182 = ORIENTED_EDGE('',*,*,#5093,.T.);
#5183 = ORIENTED_EDGE('',*,*,#5184,.T.);
#5184 = EDGE_CURVE('',#5094,#5134,#5185,.T.);
#5185 = LINE('',#5186,#5187);
#5186 = CARTESIAN_POINT('',(-475.3697989618,209.36464418568,1.197E+03));
#5187 = VECTOR('',#5188,1.);
#5188 = DIRECTION('',(-0.5,0.866025403784,0.));
#5189 = ORIENTED_EDGE('',*,*,#5133,.F.);
#5190 = PLANE('',#5191);
#5191 = AXIS2_PLACEMENT_3D('',#5192,#5193,#5194);
#5192 = CARTESIAN_POINT('',(-475.3697989618,209.36464418568,863.));
#5193 = DIRECTION('',(-0.866025403784,-0.5,0.));
#5194 = DIRECTION('',(0.,0.,1.));
#5195 = ADVANCED_FACE('',(#5196),#5202,.F.);
#5196 = FACE_BOUND('',#5197,.F.);
#5197 = EDGE_LOOP('',(#5198,#5199,#5200,#5201));
#5198 = ORIENTED_EDGE('',*,*,#5085,.F.);
#5199 = ORIENTED_EDGE('',*,*,#5155,.T.);
#5200 = ORIENTED_EDGE('',*,*,#5125,.T.);
#5201 = ORIENTED_EDGE('',*,*,#5177,.F.);
#5202 = PLANE('',#5203);
#5203 = AXIS2_PLACEMENT_3D('',#5204,#5205,#5206);
#5204 = CARTESIAN_POINT('',(56.369798961823,516.36464418568,863.));
#5205 = DIRECTION('',(0.,0.,1.));
#5206 = DIRECTION('',(-0.5,0.866025403784,0.));
#5207 = ADVANCED_FACE('',(#5208),#5214,.T.);
#5208 = FACE_BOUND('',#5209,.T.);
#5209 = EDGE_LOOP('',(#5210,#5211,#5212,#5213));
#5210 = ORIENTED_EDGE('',*,*,#5101,.F.);
#5211 = ORIENTED_EDGE('',*,*,#5162,.T.);
#5212 = ORIENTED_EDGE('',*,*,#5141,.T.);
#5213 = ORIENTED_EDGE('',*,*,#5184,.F.);
#5214 = PLANE('',#5215);
#5215 = AXIS2_PLACEMENT_3D('',#5216,#5217,#5218);
#5216 = CARTESIAN_POINT('',(56.369798961823,516.36464418568,1.197E+03));
#5217 = DIRECTION('',(0.,0.,1.));
#5218 = DIRECTION('',(-0.5,0.866025403784,0.));
#5219 = MANIFOLD_SOLID_BREP('',#5220);
#5220 = CLOSED_SHELL('',(#5221,#5277,#5308,#5332,#5356,#5381,#5406,#5418
    ,#5445));
#5221 = ADVANCED_FACE('',(#5222),#5272,.F.);
#5222 = FACE_BOUND('',#5223,.F.);
#5223 = EDGE_LOOP('',(#5224,#5234,#5242,#5250,#5258,#5266));
#5224 = ORIENTED_EDGE('',*,*,#5225,.F.);
#5225 = EDGE_CURVE('',#5226,#5228,#5230,.T.);
#5226 = VERTEX_POINT('',#5227);
#5227 = CARTESIAN_POINT('',(-470.9220138434,90.394634898648,845.));
#5228 = VERTEX_POINT('',#5229);
#5229 = CARTESIAN_POINT('',(-470.9220138434,90.394634898648,1.215E+03));
#5230 = LINE('',#5231,#5232);
#5231 = CARTESIAN_POINT('',(-470.9220138434,90.394634898648,845.));
#5232 = VECTOR('',#5233,1.);
#5233 = DIRECTION('',(0.,0.,1.));
#5234 = ORIENTED_EDGE('',*,*,#5235,.T.);
#5235 = EDGE_CURVE('',#5226,#5236,#5238,.T.);
#5236 = VERTEX_POINT('',#5237);
#5237 = CARTESIAN_POINT('',(-737.7617210683,100.5218488876,845.));
#5238 = LINE('',#5239,#5240);
#5239 = CARTESIAN_POINT('',(-470.9220138434,90.394634898648,845.));
#5240 = VECTOR('',#5241,1.);
#5241 = DIRECTION('',(-0.999280583801,3.792512146117E-02,0.));
#5242 = ORIENTED_EDGE('',*,*,#5243,.T.);
#5243 = EDGE_CURVE('',#5236,#5244,#5246,.T.);
#5244 = VERTEX_POINT('',#5245);
#5245 = CARTESIAN_POINT('',(-820.9402860309,103.67867714016,845.));
#5246 = LINE('',#5247,#5248);
#5247 = CARTESIAN_POINT('',(-470.9220138434,90.394634898648,845.));
#5248 = VECTOR('',#5249,1.);
#5249 = DIRECTION('',(-0.999280583801,3.792512146117E-02,0.));
#5250 = ORIENTED_EDGE('',*,*,#5251,.T.);
#5251 = EDGE_CURVE('',#5244,#5252,#5254,.T.);
#5252 = VERTEX_POINT('',#5253);
#5253 = CARTESIAN_POINT('',(-1.030519140772E+03,111.6327029169,845.));
#5254 = LINE('',#5255,#5256);
#5255 = CARTESIAN_POINT('',(-470.9220138434,90.394634898648,845.));
#5256 = VECTOR('',#5257,1.);
#5257 = DIRECTION('',(-0.999280583801,3.792512146117E-02,0.));
#5258 = ORIENTED_EDGE('',*,*,#5259,.T.);
#5259 = EDGE_CURVE('',#5252,#5260,#5262,.T.);
#5260 = VERTEX_POINT('',#5261);
#5261 = CARTESIAN_POINT('',(-1.030519140772E+03,111.6327029169,1.215E+03
    ));
#5262 = LINE('',#5263,#5264);
#5263 = CARTESIAN_POINT('',(-1.030519140772E+03,111.6327029169,845.));
#5264 = VECTOR('',#5265,1.);
#5265 = DIRECTION('',(0.,0.,1.));
#5266 = ORIENTED_EDGE('',*,*,#5267,.F.);
#5267 = EDGE_CURVE('',#5228,#5260,#5268,.T.);
#5268 = LINE('',#5269,#5270);
#5269 = CARTESIAN_POINT('',(-470.9220138434,90.394634898648,1.215E+03));
#5270 = VECTOR('',#5271,1.);
#5271 = DIRECTION('',(-0.999280583801,3.792512146117E-02,0.));
#5272 = PLANE('',#5273);
#5273 = AXIS2_PLACEMENT_3D('',#5274,#5275,#5276);
#5274 = CARTESIAN_POINT('',(-470.9220138434,90.394634898648,845.));
#5275 = DIRECTION('',(3.792512146117E-02,0.999280583801,0.));
#5276 = DIRECTION('',(0.,0.,1.));
#5277 = ADVANCED_FACE('',(#5278),#5303,.F.);
#5278 = FACE_BOUND('',#5279,.F.);
#5279 = EDGE_LOOP('',(#5280,#5288,#5289,#5297));
#5280 = ORIENTED_EDGE('',*,*,#5281,.F.);
#5281 = EDGE_CURVE('',#5226,#5282,#5284,.T.);
#5282 = VERTEX_POINT('',#5283);
#5283 = CARTESIAN_POINT('',(-469.4808592278,128.36729708309,845.));
#5284 = LINE('',#5285,#5286);
#5285 = CARTESIAN_POINT('',(-470.9220138434,90.394634898648,845.));
#5286 = VECTOR('',#5287,1.);
#5287 = DIRECTION('',(3.792512146117E-02,0.999280583801,0.));
#5288 = ORIENTED_EDGE('',*,*,#5225,.T.);
#5289 = ORIENTED_EDGE('',*,*,#5290,.T.);
#5290 = EDGE_CURVE('',#5228,#5291,#5293,.T.);
#5291 = VERTEX_POINT('',#5292);
#5292 = CARTESIAN_POINT('',(-469.4808592278,128.36729708309,1.215E+03));
#5293 = LINE('',#5294,#5295);
#5294 = CARTESIAN_POINT('',(-470.9220138434,90.394634898648,1.215E+03));
#5295 = VECTOR('',#5296,1.);
#5296 = DIRECTION('',(3.792512146117E-02,0.999280583801,0.));
#5297 = ORIENTED_EDGE('',*,*,#5298,.F.);
#5298 = EDGE_CURVE('',#5282,#5291,#5299,.T.);
#5299 = LINE('',#5300,#5301);
#5300 = CARTESIAN_POINT('',(-469.4808592278,128.36729708309,845.));
#5301 = VECTOR('',#5302,1.);
#5302 = DIRECTION('',(0.,0.,1.));
#5303 = PLANE('',#5304);
#5304 = AXIS2_PLACEMENT_3D('',#5305,#5306,#5307);
#5305 = CARTESIAN_POINT('',(-470.9220138434,90.394634898648,845.));
#5306 = DIRECTION('',(-0.999280583801,3.792512146117E-02,0.));
#5307 = DIRECTION('',(0.,0.,1.));
#5308 = ADVANCED_FACE('',(#5309),#5327,.T.);
#5309 = FACE_BOUND('',#5310,.T.);
#5310 = EDGE_LOOP('',(#5311,#5312,#5313,#5321));
#5311 = ORIENTED_EDGE('',*,*,#5267,.F.);
#5312 = ORIENTED_EDGE('',*,*,#5290,.T.);
#5313 = ORIENTED_EDGE('',*,*,#5314,.T.);
#5314 = EDGE_CURVE('',#5291,#5315,#5317,.T.);
#5315 = VERTEX_POINT('',#5316);
#5316 = CARTESIAN_POINT('',(-1.029077986157E+03,149.60536510135,
    1.215E+03));
#5317 = LINE('',#5318,#5319);
#5318 = CARTESIAN_POINT('',(-469.4808592278,128.36729708309,1.215E+03));
#5319 = VECTOR('',#5320,1.);
#5320 = DIRECTION('',(-0.999280583801,3.792512146117E-02,0.));
#5321 = ORIENTED_EDGE('',*,*,#5322,.F.);
#5322 = EDGE_CURVE('',#5260,#5315,#5323,.T.);
#5323 = LINE('',#5324,#5325);
#5324 = CARTESIAN_POINT('',(-1.030519140772E+03,111.6327029169,1.215E+03
    ));
#5325 = VECTOR('',#5326,1.);
#5326 = DIRECTION('',(3.792512146117E-02,0.999280583801,0.));
#5327 = PLANE('',#5328);
#5328 = AXIS2_PLACEMENT_3D('',#5329,#5330,#5331);
#5329 = CARTESIAN_POINT('',(-470.9220138434,90.394634898648,1.215E+03));
#5330 = DIRECTION('',(0.,0.,1.));
#5331 = DIRECTION('',(3.792512146117E-02,0.999280583801,0.));
#5332 = ADVANCED_FACE('',(#5333),#5351,.T.);
#5333 = FACE_BOUND('',#5334,.T.);
#5334 = EDGE_LOOP('',(#5335,#5343,#5344,#5345));
#5335 = ORIENTED_EDGE('',*,*,#5336,.F.);
#5336 = EDGE_CURVE('',#5252,#5337,#5339,.T.);
#5337 = VERTEX_POINT('',#5338);
#5338 = CARTESIAN_POINT('',(-1.029077986157E+03,149.60536510135,845.));
#5339 = LINE('',#5340,#5341);
#5340 = CARTESIAN_POINT('',(-1.030519140772E+03,111.6327029169,845.));
#5341 = VECTOR('',#5342,1.);
#5342 = DIRECTION('',(3.792512146117E-02,0.999280583801,0.));
#5343 = ORIENTED_EDGE('',*,*,#5259,.T.);
#5344 = ORIENTED_EDGE('',*,*,#5322,.T.);
#5345 = ORIENTED_EDGE('',*,*,#5346,.F.);
#5346 = EDGE_CURVE('',#5337,#5315,#5347,.T.);
#5347 = LINE('',#5348,#5349);
#5348 = CARTESIAN_POINT('',(-1.029077986157E+03,149.60536510135,845.));
#5349 = VECTOR('',#5350,1.);
#5350 = DIRECTION('',(0.,0.,1.));
#5351 = PLANE('',#5352);
#5352 = AXIS2_PLACEMENT_3D('',#5353,#5354,#5355);
#5353 = CARTESIAN_POINT('',(-1.030519140772E+03,111.6327029169,845.));
#5354 = DIRECTION('',(-0.999280583801,3.792512146117E-02,0.));
#5355 = DIRECTION('',(0.,0.,1.));
#5356 = ADVANCED_FACE('',(#5357),#5376,.F.);
#5357 = FACE_BOUND('',#5358,.F.);
#5358 = EDGE_LOOP('',(#5359,#5360,#5361,#5367,#5368,#5369));
#5359 = ORIENTED_EDGE('',*,*,#5235,.F.);
#5360 = ORIENTED_EDGE('',*,*,#5281,.T.);
#5361 = ORIENTED_EDGE('',*,*,#5362,.T.);
#5362 = EDGE_CURVE('',#5282,#5337,#5363,.T.);
#5363 = LINE('',#5364,#5365);
#5364 = CARTESIAN_POINT('',(-469.4808592278,128.36729708309,845.));
#5365 = VECTOR('',#5366,1.);
#5366 = DIRECTION('',(-0.999280583801,3.792512146117E-02,0.));
#5367 = ORIENTED_EDGE('',*,*,#5336,.F.);
#5368 = ORIENTED_EDGE('',*,*,#5251,.F.);
#5369 = ORIENTED_EDGE('',*,*,#5370,.F.);
#5370 = EDGE_CURVE('',#5236,#5244,#5371,.T.);
#5371 = CIRCLE('',#5372,45.);
#5372 = AXIS2_PLACEMENT_3D('',#5373,#5374,#5375);
#5373 = CARTESIAN_POINT('',(-780.,85.,845.));
#5374 = DIRECTION('',(0.,0.,1.));
#5375 = DIRECTION('',(1.,0.,0.));
#5376 = PLANE('',#5377);
#5377 = AXIS2_PLACEMENT_3D('',#5378,#5379,#5380);
#5378 = CARTESIAN_POINT('',(-470.9220138434,90.394634898648,845.));
#5379 = DIRECTION('',(0.,0.,1.));
#5380 = DIRECTION('',(3.792512146117E-02,0.999280583801,0.));
#5381 = ADVANCED_FACE('',(#5382),#5401,.T.);
#5382 = FACE_BOUND('',#5383,.T.);
#5383 = EDGE_LOOP('',(#5384,#5393,#5400));
#5384 = ORIENTED_EDGE('',*,*,#5385,.T.);
#5385 = EDGE_CURVE('',#5244,#5386,#5388,.T.);
#5386 = VERTEX_POINT('',#5387);
#5387 = CARTESIAN_POINT('',(-735.,85.,845.));
#5388 = CIRCLE('',#5389,45.);
#5389 = AXIS2_PLACEMENT_3D('',#5390,#5391,#5392);
#5390 = CARTESIAN_POINT('',(-780.,85.,845.));
#5391 = DIRECTION('',(0.,0.,1.));
#5392 = DIRECTION('',(1.,0.,0.));
#5393 = ORIENTED_EDGE('',*,*,#5394,.T.);
#5394 = EDGE_CURVE('',#5386,#5236,#5395,.T.);
#5395 = CIRCLE('',#5396,45.);
#5396 = AXIS2_PLACEMENT_3D('',#5397,#5398,#5399);
#5397 = CARTESIAN_POINT('',(-780.,85.,845.));
#5398 = DIRECTION('',(0.,0.,1.));
#5399 = DIRECTION('',(1.,0.,0.));
#5400 = ORIENTED_EDGE('',*,*,#5243,.T.);
#5401 = PLANE('',#5402);
#5402 = AXIS2_PLACEMENT_3D('',#5403,#5404,#5405);
#5403 = CARTESIAN_POINT('',(-780.,85.,845.));
#5404 = DIRECTION('',(0.,0.,1.));
#5405 = DIRECTION('',(1.,0.,0.));
#5406 = ADVANCED_FACE('',(#5407),#5413,.T.);
#5407 = FACE_BOUND('',#5408,.T.);
#5408 = EDGE_LOOP('',(#5409,#5410,#5411,#5412));
#5409 = ORIENTED_EDGE('',*,*,#5298,.F.);
#5410 = ORIENTED_EDGE('',*,*,#5362,.T.);
#5411 = ORIENTED_EDGE('',*,*,#5346,.T.);
#5412 = ORIENTED_EDGE('',*,*,#5314,.F.);
#5413 = PLANE('',#5414);
#5414 = AXIS2_PLACEMENT_3D('',#5415,#5416,#5417);
#5415 = CARTESIAN_POINT('',(-469.4808592278,128.36729708309,845.));
#5416 = DIRECTION('',(3.792512146117E-02,0.999280583801,0.));
#5417 = DIRECTION('',(0.,0.,1.));
#5418 = ADVANCED_FACE('',(#5419),#5440,.T.);
#5419 = FACE_BOUND('',#5420,.T.);
#5420 = EDGE_LOOP('',(#5421,#5429,#5430,#5431,#5432,#5433));
#5421 = ORIENTED_EDGE('',*,*,#5422,.T.);
#5422 = EDGE_CURVE('',#5423,#5386,#5425,.T.);
#5423 = VERTEX_POINT('',#5424);
#5424 = CARTESIAN_POINT('',(-735.,85.,750.));
#5425 = LINE('',#5426,#5427);
#5426 = CARTESIAN_POINT('',(-735.,85.,750.));
#5427 = VECTOR('',#5428,1.);
#5428 = DIRECTION('',(0.,0.,1.));
#5429 = ORIENTED_EDGE('',*,*,#5385,.F.);
#5430 = ORIENTED_EDGE('',*,*,#5370,.F.);
#5431 = ORIENTED_EDGE('',*,*,#5394,.F.);
#5432 = ORIENTED_EDGE('',*,*,#5422,.F.);
#5433 = ORIENTED_EDGE('',*,*,#5434,.T.);
#5434 = EDGE_CURVE('',#5423,#5423,#5435,.T.);
#5435 = CIRCLE('',#5436,45.);
#5436 = AXIS2_PLACEMENT_3D('',#5437,#5438,#5439);
#5437 = CARTESIAN_POINT('',(-780.,85.,750.));
#5438 = DIRECTION('',(0.,0.,1.));
#5439 = DIRECTION('',(1.,0.,0.));
#5440 = CYLINDRICAL_SURFACE('',#5441,45.);
#5441 = AXIS2_PLACEMENT_3D('',#5442,#5443,#5444);
#5442 = CARTESIAN_POINT('',(-780.,85.,750.));
#5443 = DIRECTION('',(0.,0.,1.));
#5444 = DIRECTION('',(1.,0.,0.));
#5445 = ADVANCED_FACE('',(#5446),#5449,.F.);
#5446 = FACE_BOUND('',#5447,.T.);
#5447 = EDGE_LOOP('',(#5448));
#5448 = ORIENTED_EDGE('',*,*,#5434,.F.);
#5449 = PLANE('',#5450);
#5450 = AXIS2_PLACEMENT_3D('',#5451,#5452,#5453);
#5451 = CARTESIAN_POINT('',(-780.,85.,750.));
#5452 = DIRECTION('',(0.,0.,1.));
#5453 = DIRECTION('',(1.,0.,0.));
#5454 = MANIFOLD_SOLID_BREP('',#5455);
#5455 = CLOSED_SHELL('',(#5456,#5496,#5536,#5558,#5580,#5592));
#5456 = ADVANCED_FACE('',(#5457),#5491,.F.);
#5457 = FACE_BOUND('',#5458,.F.);
#5458 = EDGE_LOOP('',(#5459,#5469,#5477,#5485));
#5459 = ORIENTED_EDGE('',*,*,#5460,.F.);
#5460 = EDGE_CURVE('',#5461,#5463,#5465,.T.);
#5461 = VERTEX_POINT('',#5462);
#5462 = CARTESIAN_POINT('',(-487.4679097363,129.04994926939,863.));
#5463 = VERTEX_POINT('',#5464);
#5464 = CARTESIAN_POINT('',(-487.4679097363,129.04994926939,1.197E+03));
#5465 = LINE('',#5466,#5467);
#5466 = CARTESIAN_POINT('',(-487.4679097363,129.04994926939,863.));
#5467 = VECTOR('',#5468,1.);
#5468 = DIRECTION('',(0.,0.,1.));
#5469 = ORIENTED_EDGE('',*,*,#5470,.T.);
#5470 = EDGE_CURVE('',#5461,#5471,#5473,.T.);
#5471 = VERTEX_POINT('',#5472);
#5472 = CARTESIAN_POINT('',(-1.011090935648E+03,148.92271291505,863.));
#5473 = LINE('',#5474,#5475);
#5474 = CARTESIAN_POINT('',(-487.4679097363,129.04994926939,863.));
#5475 = VECTOR('',#5476,1.);
#5476 = DIRECTION('',(-0.999280583801,3.792512146117E-02,0.));
#5477 = ORIENTED_EDGE('',*,*,#5478,.T.);
#5478 = EDGE_CURVE('',#5471,#5479,#5481,.T.);
#5479 = VERTEX_POINT('',#5480);
#5480 = CARTESIAN_POINT('',(-1.011090935648E+03,148.92271291505,
    1.197E+03));
#5481 = LINE('',#5482,#5483);
#5482 = CARTESIAN_POINT('',(-1.011090935648E+03,148.92271291505,863.));
#5483 = VECTOR('',#5484,1.);
#5484 = DIRECTION('',(0.,0.,1.));
#5485 = ORIENTED_EDGE('',*,*,#5486,.F.);
#5486 = EDGE_CURVE('',#5463,#5479,#5487,.T.);
#5487 = LINE('',#5488,#5489);
#5488 = CARTESIAN_POINT('',(-487.4679097363,129.04994926939,1.197E+03));
#5489 = VECTOR('',#5490,1.);
#5490 = DIRECTION('',(-0.999280583801,3.792512146117E-02,0.));
#5491 = PLANE('',#5492);
#5492 = AXIS2_PLACEMENT_3D('',#5493,#5494,#5495);
#5493 = CARTESIAN_POINT('',(-487.4679097363,129.04994926939,863.));
#5494 = DIRECTION('',(3.792512146117E-02,0.999280583801,0.));
#5495 = DIRECTION('',(0.,0.,1.));
#5496 = ADVANCED_FACE('',(#5497),#5531,.T.);
#5497 = FACE_BOUND('',#5498,.T.);
#5498 = EDGE_LOOP('',(#5499,#5509,#5517,#5525));
#5499 = ORIENTED_EDGE('',*,*,#5500,.F.);
#5500 = EDGE_CURVE('',#5501,#5503,#5505,.T.);
#5501 = VERTEX_POINT('',#5502);
#5502 = CARTESIAN_POINT('',(-487.3541343719,132.0477910208,863.));
#5503 = VERTEX_POINT('',#5504);
#5504 = CARTESIAN_POINT('',(-487.3541343719,132.0477910208,1.197E+03));
#5505 = LINE('',#5506,#5507);
#5506 = CARTESIAN_POINT('',(-487.3541343719,132.0477910208,863.));
#5507 = VECTOR('',#5508,1.);
#5508 = DIRECTION('',(0.,0.,1.));
#5509 = ORIENTED_EDGE('',*,*,#5510,.T.);
#5510 = EDGE_CURVE('',#5501,#5511,#5513,.T.);
#5511 = VERTEX_POINT('',#5512);
#5512 = CARTESIAN_POINT('',(-1.010977160284E+03,151.92055466645,863.));
#5513 = LINE('',#5514,#5515);
#5514 = CARTESIAN_POINT('',(-487.3541343719,132.0477910208,863.));
#5515 = VECTOR('',#5516,1.);
#5516 = DIRECTION('',(-0.999280583801,3.792512146117E-02,0.));
#5517 = ORIENTED_EDGE('',*,*,#5518,.T.);
#5518 = EDGE_CURVE('',#5511,#5519,#5521,.T.);
#5519 = VERTEX_POINT('',#5520);
#5520 = CARTESIAN_POINT('',(-1.010977160284E+03,151.92055466645,
    1.197E+03));
#5521 = LINE('',#5522,#5523);
#5522 = CARTESIAN_POINT('',(-1.010977160284E+03,151.92055466645,863.));
#5523 = VECTOR('',#5524,1.);
#5524 = DIRECTION('',(0.,0.,1.));
#5525 = ORIENTED_EDGE('',*,*,#5526,.F.);
#5526 = EDGE_CURVE('',#5503,#5519,#5527,.T.);
#5527 = LINE('',#5528,#5529);
#5528 = CARTESIAN_POINT('',(-487.3541343719,132.0477910208,1.197E+03));
#5529 = VECTOR('',#5530,1.);
#5530 = DIRECTION('',(-0.999280583801,3.792512146117E-02,0.));
#5531 = PLANE('',#5532);
#5532 = AXIS2_PLACEMENT_3D('',#5533,#5534,#5535);
#5533 = CARTESIAN_POINT('',(-487.3541343719,132.0477910208,863.));
#5534 = DIRECTION('',(3.792512146117E-02,0.999280583801,0.));
#5535 = DIRECTION('',(0.,0.,1.));
#5536 = ADVANCED_FACE('',(#5537),#5553,.F.);
#5537 = FACE_BOUND('',#5538,.F.);
#5538 = EDGE_LOOP('',(#5539,#5545,#5546,#5552));
#5539 = ORIENTED_EDGE('',*,*,#5540,.F.);
#5540 = EDGE_CURVE('',#5461,#5501,#5541,.T.);
#5541 = LINE('',#5542,#5543);
#5542 = CARTESIAN_POINT('',(-487.4679097363,129.04994926939,863.));
#5543 = VECTOR('',#5544,1.);
#5544 = DIRECTION('',(3.792512146117E-02,0.999280583801,0.));
#5545 = ORIENTED_EDGE('',*,*,#5460,.T.);
#5546 = ORIENTED_EDGE('',*,*,#5547,.T.);
#5547 = EDGE_CURVE('',#5463,#5503,#5548,.T.);
#5548 = LINE('',#5549,#5550);
#5549 = CARTESIAN_POINT('',(-487.4679097363,129.04994926939,1.197E+03));
#5550 = VECTOR('',#5551,1.);
#5551 = DIRECTION('',(3.792512146117E-02,0.999280583801,0.));
#5552 = ORIENTED_EDGE('',*,*,#5500,.F.);
#5553 = PLANE('',#5554);
#5554 = AXIS2_PLACEMENT_3D('',#5555,#5556,#5557);
#5555 = CARTESIAN_POINT('',(-487.4679097363,129.04994926939,863.));
#5556 = DIRECTION('',(-0.999280583801,3.792512146117E-02,0.));
#5557 = DIRECTION('',(0.,0.,1.));
#5558 = ADVANCED_FACE('',(#5559),#5575,.T.);
#5559 = FACE_BOUND('',#5560,.T.);
#5560 = EDGE_LOOP('',(#5561,#5567,#5568,#5574));
#5561 = ORIENTED_EDGE('',*,*,#5562,.F.);
#5562 = EDGE_CURVE('',#5471,#5511,#5563,.T.);
#5563 = LINE('',#5564,#5565);
#5564 = CARTESIAN_POINT('',(-1.011090935648E+03,148.92271291505,863.));
#5565 = VECTOR('',#5566,1.);
#5566 = DIRECTION('',(3.792512146117E-02,0.999280583801,0.));
#5567 = ORIENTED_EDGE('',*,*,#5478,.T.);
#5568 = ORIENTED_EDGE('',*,*,#5569,.T.);
#5569 = EDGE_CURVE('',#5479,#5519,#5570,.T.);
#5570 = LINE('',#5571,#5572);
#5571 = CARTESIAN_POINT('',(-1.011090935648E+03,148.92271291505,
    1.197E+03));
#5572 = VECTOR('',#5573,1.);
#5573 = DIRECTION('',(3.792512146117E-02,0.999280583801,0.));
#5574 = ORIENTED_EDGE('',*,*,#5518,.F.);
#5575 = PLANE('',#5576);
#5576 = AXIS2_PLACEMENT_3D('',#5577,#5578,#5579);
#5577 = CARTESIAN_POINT('',(-1.011090935648E+03,148.92271291505,863.));
#5578 = DIRECTION('',(-0.999280583801,3.792512146117E-02,0.));
#5579 = DIRECTION('',(0.,0.,1.));
#5580 = ADVANCED_FACE('',(#5581),#5587,.F.);
#5581 = FACE_BOUND('',#5582,.F.);
#5582 = EDGE_LOOP('',(#5583,#5584,#5585,#5586));
#5583 = ORIENTED_EDGE('',*,*,#5470,.F.);
#5584 = ORIENTED_EDGE('',*,*,#5540,.T.);
#5585 = ORIENTED_EDGE('',*,*,#5510,.T.);
#5586 = ORIENTED_EDGE('',*,*,#5562,.F.);
#5587 = PLANE('',#5588);
#5588 = AXIS2_PLACEMENT_3D('',#5589,#5590,#5591);
#5589 = CARTESIAN_POINT('',(-487.4679097363,129.04994926939,863.));
#5590 = DIRECTION('',(0.,0.,1.));
#5591 = DIRECTION('',(3.792512146117E-02,0.999280583801,0.));
#5592 = ADVANCED_FACE('',(#5593),#5599,.T.);
#5593 = FACE_BOUND('',#5594,.T.);
#5594 = EDGE_LOOP('',(#5595,#5596,#5597,#5598));
#5595 = ORIENTED_EDGE('',*,*,#5486,.F.);
#5596 = ORIENTED_EDGE('',*,*,#5547,.T.);
#5597 = ORIENTED_EDGE('',*,*,#5526,.T.);
#5598 = ORIENTED_EDGE('',*,*,#5569,.F.);
#5599 = PLANE('',#5600);
#5600 = AXIS2_PLACEMENT_3D('',#5601,#5602,#5603);
#5601 = CARTESIAN_POINT('',(-487.4679097363,129.04994926939,1.197E+03));
#5602 = DIRECTION('',(0.,0.,1.));
#5603 = DIRECTION('',(3.792512146117E-02,0.999280583801,0.));
#5604 = MANIFOLD_SOLID_BREP('',#5605);
#5605 = CLOSED_SHELL('',(#5606,#5662,#5693,#5717,#5741,#5766,#5791,#5803
    ,#5830));
#5606 = ADVANCED_FACE('',(#5607),#5657,.F.);
#5607 = FACE_BOUND('',#5608,.F.);
#5608 = EDGE_LOOP('',(#5609,#5619,#5627,#5635,#5643,#5651));
#5609 = ORIENTED_EDGE('',*,*,#5610,.F.);
#5610 = EDGE_CURVE('',#5611,#5613,#5615,.T.);
#5611 = VERTEX_POINT('',#5612);
#5612 = CARTESIAN_POINT('',(418.58281376689,948.27210645321,845.));
#5613 = VERTEX_POINT('',#5614);
#5614 = CARTESIAN_POINT('',(418.58281376689,948.27210645321,1.215E+03));
#5615 = LINE('',#5616,#5617);
#5616 = CARTESIAN_POINT('',(418.58281376689,948.27210645321,845.));
#5617 = VECTOR('',#5618,1.);
#5618 = DIRECTION('',(0.,0.,1.));
#5619 = ORIENTED_EDGE('',*,*,#5620,.T.);
#5620 = EDGE_CURVE('',#5611,#5621,#5623,.T.);
#5621 = VERTEX_POINT('',#5622);
#5622 = CARTESIAN_POINT('',(320.68177478131,762.79448126292,845.));
#5623 = LINE('',#5624,#5625);
#5624 = CARTESIAN_POINT('',(418.58281376689,948.27210645321,845.));
#5625 = VECTOR('',#5626,1.);
#5626 = DIRECTION('',(-0.466796173274,-0.884364931811,0.));
#5627 = ORIENTED_EDGE('',*,*,#5628,.T.);
#5628 = EDGE_CURVE('',#5621,#5629,#5631,.T.);
#5629 = VERTEX_POINT('',#5630);
#5630 = CARTESIAN_POINT('',(281.82638576211,689.18131682869,845.));
#5631 = LINE('',#5632,#5633);
#5632 = CARTESIAN_POINT('',(418.58281376689,948.27210645321,845.));
#5633 = VECTOR('',#5634,1.);
#5634 = DIRECTION('',(-0.466796173274,-0.884364931811,0.));
#5635 = ORIENTED_EDGE('',*,*,#5636,.T.);
#5636 = EDGE_CURVE('',#5629,#5637,#5639,.T.);
#5637 = VERTEX_POINT('',#5638);
#5638 = CARTESIAN_POINT('',(157.17695673365,453.02774463904,845.));
#5639 = LINE('',#5640,#5641);
#5640 = CARTESIAN_POINT('',(418.58281376689,948.27210645321,845.));
#5641 = VECTOR('',#5642,1.);
#5642 = DIRECTION('',(-0.466796173274,-0.884364931811,0.));
#5643 = ORIENTED_EDGE('',*,*,#5644,.T.);
#5644 = EDGE_CURVE('',#5637,#5645,#5647,.T.);
#5645 = VERTEX_POINT('',#5646);
#5646 = CARTESIAN_POINT('',(157.17695673365,453.02774463904,1.215E+03));
#5647 = LINE('',#5648,#5649);
#5648 = CARTESIAN_POINT('',(157.17695673365,453.02774463904,845.));
#5649 = VECTOR('',#5650,1.);
#5650 = DIRECTION('',(0.,0.,1.));
#5651 = ORIENTED_EDGE('',*,*,#5652,.F.);
#5652 = EDGE_CURVE('',#5613,#5645,#5653,.T.);
#5653 = LINE('',#5654,#5655);
#5654 = CARTESIAN_POINT('',(418.58281376689,948.27210645321,1.215E+03));
#5655 = VECTOR('',#5656,1.);
#5656 = DIRECTION('',(-0.466796173274,-0.884364931811,0.));
#5657 = PLANE('',#5658);
#5658 = AXIS2_PLACEMENT_3D('',#5659,#5660,#5661);
#5659 = CARTESIAN_POINT('',(418.58281376689,948.27210645321,845.));
#5660 = DIRECTION('',(-0.884364931811,0.466796173274,0.));
#5661 = DIRECTION('',(0.,0.,1.));
#5662 = ADVANCED_FACE('',(#5663),#5688,.F.);
#5663 = FACE_BOUND('',#5664,.F.);
#5664 = EDGE_LOOP('',(#5665,#5673,#5674,#5682));
#5665 = ORIENTED_EDGE('',*,*,#5666,.F.);
#5666 = EDGE_CURVE('',#5611,#5667,#5669,.T.);
#5667 = VERTEX_POINT('',#5668);
#5668 = CARTESIAN_POINT('',(384.97694635807,966.01036103761,845.));
#5669 = LINE('',#5670,#5671);
#5670 = CARTESIAN_POINT('',(418.58281376689,948.27210645321,845.));
#5671 = VECTOR('',#5672,1.);
#5672 = DIRECTION('',(-0.884364931811,0.466796173274,0.));
#5673 = ORIENTED_EDGE('',*,*,#5610,.T.);
#5674 = ORIENTED_EDGE('',*,*,#5675,.T.);
#5675 = EDGE_CURVE('',#5613,#5676,#5678,.T.);
#5676 = VERTEX_POINT('',#5677);
#5677 = CARTESIAN_POINT('',(384.97694635807,966.01036103761,1.215E+03));
#5678 = LINE('',#5679,#5680);
#5679 = CARTESIAN_POINT('',(418.58281376689,948.27210645321,1.215E+03));
#5680 = VECTOR('',#5681,1.);
#5681 = DIRECTION('',(-0.884364931811,0.466796173274,0.));
#5682 = ORIENTED_EDGE('',*,*,#5683,.F.);
#5683 = EDGE_CURVE('',#5667,#5676,#5684,.T.);
#5684 = LINE('',#5685,#5686);
#5685 = CARTESIAN_POINT('',(384.97694635807,966.01036103761,845.));
#5686 = VECTOR('',#5687,1.);
#5687 = DIRECTION('',(0.,0.,1.));
#5688 = PLANE('',#5689);
#5689 = AXIS2_PLACEMENT_3D('',#5690,#5691,#5692);
#5690 = CARTESIAN_POINT('',(418.58281376689,948.27210645321,845.));
#5691 = DIRECTION('',(-0.466796173274,-0.884364931811,0.));
#5692 = DIRECTION('',(0.,0.,1.));
#5693 = ADVANCED_FACE('',(#5694),#5712,.T.);
#5694 = FACE_BOUND('',#5695,.T.);
#5695 = EDGE_LOOP('',(#5696,#5697,#5698,#5706));
#5696 = ORIENTED_EDGE('',*,*,#5652,.F.);
#5697 = ORIENTED_EDGE('',*,*,#5675,.T.);
#5698 = ORIENTED_EDGE('',*,*,#5699,.T.);
#5699 = EDGE_CURVE('',#5676,#5700,#5702,.T.);
#5700 = VERTEX_POINT('',#5701);
#5701 = CARTESIAN_POINT('',(123.57108932484,470.76599922344,1.215E+03));
#5702 = LINE('',#5703,#5704);
#5703 = CARTESIAN_POINT('',(384.97694635807,966.01036103761,1.215E+03));
#5704 = VECTOR('',#5705,1.);
#5705 = DIRECTION('',(-0.466796173274,-0.884364931811,0.));
#5706 = ORIENTED_EDGE('',*,*,#5707,.F.);
#5707 = EDGE_CURVE('',#5645,#5700,#5708,.T.);
#5708 = LINE('',#5709,#5710);
#5709 = CARTESIAN_POINT('',(157.17695673365,453.02774463904,1.215E+03));
#5710 = VECTOR('',#5711,1.);
#5711 = DIRECTION('',(-0.884364931811,0.466796173274,0.));
#5712 = PLANE('',#5713);
#5713 = AXIS2_PLACEMENT_3D('',#5714,#5715,#5716);
#5714 = CARTESIAN_POINT('',(418.58281376689,948.27210645321,1.215E+03));
#5715 = DIRECTION('',(0.,0.,1.));
#5716 = DIRECTION('',(-0.884364931811,0.466796173274,0.));
#5717 = ADVANCED_FACE('',(#5718),#5736,.T.);
#5718 = FACE_BOUND('',#5719,.T.);
#5719 = EDGE_LOOP('',(#5720,#5728,#5729,#5730));
#5720 = ORIENTED_EDGE('',*,*,#5721,.F.);
#5721 = EDGE_CURVE('',#5637,#5722,#5724,.T.);
#5722 = VERTEX_POINT('',#5723);
#5723 = CARTESIAN_POINT('',(123.57108932484,470.76599922344,845.));
#5724 = LINE('',#5725,#5726);
#5725 = CARTESIAN_POINT('',(157.17695673365,453.02774463904,845.));
#5726 = VECTOR('',#5727,1.);
#5727 = DIRECTION('',(-0.884364931811,0.466796173274,0.));
#5728 = ORIENTED_EDGE('',*,*,#5644,.T.);
#5729 = ORIENTED_EDGE('',*,*,#5707,.T.);
#5730 = ORIENTED_EDGE('',*,*,#5731,.F.);
#5731 = EDGE_CURVE('',#5722,#5700,#5732,.T.);
#5732 = LINE('',#5733,#5734);
#5733 = CARTESIAN_POINT('',(123.57108932484,470.76599922344,845.));
#5734 = VECTOR('',#5735,1.);
#5735 = DIRECTION('',(0.,0.,1.));
#5736 = PLANE('',#5737);
#5737 = AXIS2_PLACEMENT_3D('',#5738,#5739,#5740);
#5738 = CARTESIAN_POINT('',(157.17695673365,453.02774463904,845.));
#5739 = DIRECTION('',(-0.466796173274,-0.884364931811,0.));
#5740 = DIRECTION('',(0.,0.,1.));
#5741 = ADVANCED_FACE('',(#5742),#5761,.F.);
#5742 = FACE_BOUND('',#5743,.F.);
#5743 = EDGE_LOOP('',(#5744,#5745,#5746,#5752,#5753,#5754));
#5744 = ORIENTED_EDGE('',*,*,#5620,.F.);
#5745 = ORIENTED_EDGE('',*,*,#5666,.T.);
#5746 = ORIENTED_EDGE('',*,*,#5747,.T.);
#5747 = EDGE_CURVE('',#5667,#5722,#5748,.T.);
#5748 = LINE('',#5749,#5750);
#5749 = CARTESIAN_POINT('',(384.97694635807,966.01036103761,845.));
#5750 = VECTOR('',#5751,1.);
#5751 = DIRECTION('',(-0.466796173274,-0.884364931811,0.));
#5752 = ORIENTED_EDGE('',*,*,#5721,.F.);
#5753 = ORIENTED_EDGE('',*,*,#5636,.F.);
#5754 = ORIENTED_EDGE('',*,*,#5755,.F.);
#5755 = EDGE_CURVE('',#5621,#5629,#5756,.T.);
#5756 = CIRCLE('',#5757,45.);
#5757 = AXIS2_PLACEMENT_3D('',#5758,#5759,#5760);
#5758 = CARTESIAN_POINT('',(316.38784067832,717.99981495186,845.));
#5759 = DIRECTION('',(0.,0.,1.));
#5760 = DIRECTION('',(1.,0.,0.));
#5761 = PLANE('',#5762);
#5762 = AXIS2_PLACEMENT_3D('',#5763,#5764,#5765);
#5763 = CARTESIAN_POINT('',(418.58281376689,948.27210645321,845.));
#5764 = DIRECTION('',(0.,0.,1.));
#5765 = DIRECTION('',(-0.884364931811,0.466796173274,0.));
#5766 = ADVANCED_FACE('',(#5767),#5786,.T.);
#5767 = FACE_BOUND('',#5768,.T.);
#5768 = EDGE_LOOP('',(#5769,#5778,#5785));
#5769 = ORIENTED_EDGE('',*,*,#5770,.T.);
#5770 = EDGE_CURVE('',#5629,#5771,#5773,.T.);
#5771 = VERTEX_POINT('',#5772);
#5772 = CARTESIAN_POINT('',(361.38784067832,717.99981495186,845.));
#5773 = CIRCLE('',#5774,45.);
#5774 = AXIS2_PLACEMENT_3D('',#5775,#5776,#5777);
#5775 = CARTESIAN_POINT('',(316.38784067832,717.99981495186,845.));
#5776 = DIRECTION('',(0.,0.,1.));
#5777 = DIRECTION('',(1.,0.,0.));
#5778 = ORIENTED_EDGE('',*,*,#5779,.T.);
#5779 = EDGE_CURVE('',#5771,#5621,#5780,.T.);
#5780 = CIRCLE('',#5781,45.);
#5781 = AXIS2_PLACEMENT_3D('',#5782,#5783,#5784);
#5782 = CARTESIAN_POINT('',(316.38784067832,717.99981495186,845.));
#5783 = DIRECTION('',(0.,0.,1.));
#5784 = DIRECTION('',(1.,0.,0.));
#5785 = ORIENTED_EDGE('',*,*,#5628,.T.);
#5786 = PLANE('',#5787);
#5787 = AXIS2_PLACEMENT_3D('',#5788,#5789,#5790);
#5788 = CARTESIAN_POINT('',(316.38784067832,717.99981495186,845.));
#5789 = DIRECTION('',(0.,0.,1.));
#5790 = DIRECTION('',(1.,0.,0.));
#5791 = ADVANCED_FACE('',(#5792),#5798,.T.);
#5792 = FACE_BOUND('',#5793,.T.);
#5793 = EDGE_LOOP('',(#5794,#5795,#5796,#5797));
#5794 = ORIENTED_EDGE('',*,*,#5683,.F.);
#5795 = ORIENTED_EDGE('',*,*,#5747,.T.);
#5796 = ORIENTED_EDGE('',*,*,#5731,.T.);
#5797 = ORIENTED_EDGE('',*,*,#5699,.F.);
#5798 = PLANE('',#5799);
#5799 = AXIS2_PLACEMENT_3D('',#5800,#5801,#5802);
#5800 = CARTESIAN_POINT('',(384.97694635807,966.01036103761,845.));
#5801 = DIRECTION('',(-0.884364931811,0.466796173274,0.));
#5802 = DIRECTION('',(0.,0.,1.));
#5803 = ADVANCED_FACE('',(#5804),#5825,.T.);
#5804 = FACE_BOUND('',#5805,.T.);
#5805 = EDGE_LOOP('',(#5806,#5814,#5815,#5816,#5817,#5818));
#5806 = ORIENTED_EDGE('',*,*,#5807,.T.);
#5807 = EDGE_CURVE('',#5808,#5771,#5810,.T.);
#5808 = VERTEX_POINT('',#5809);
#5809 = CARTESIAN_POINT('',(361.38784067832,717.99981495186,750.));
#5810 = LINE('',#5811,#5812);
#5811 = CARTESIAN_POINT('',(361.38784067832,717.99981495186,750.));
#5812 = VECTOR('',#5813,1.);
#5813 = DIRECTION('',(0.,0.,1.));
#5814 = ORIENTED_EDGE('',*,*,#5770,.F.);
#5815 = ORIENTED_EDGE('',*,*,#5755,.F.);
#5816 = ORIENTED_EDGE('',*,*,#5779,.F.);
#5817 = ORIENTED_EDGE('',*,*,#5807,.F.);
#5818 = ORIENTED_EDGE('',*,*,#5819,.T.);
#5819 = EDGE_CURVE('',#5808,#5808,#5820,.T.);
#5820 = CIRCLE('',#5821,45.);
#5821 = AXIS2_PLACEMENT_3D('',#5822,#5823,#5824);
#5822 = CARTESIAN_POINT('',(316.38784067832,717.99981495186,750.));
#5823 = DIRECTION('',(0.,0.,1.));
#5824 = DIRECTION('',(1.,0.,0.));
#5825 = CYLINDRICAL_SURFACE('',#5826,45.);
#5826 = AXIS2_PLACEMENT_3D('',#5827,#5828,#5829);
#5827 = CARTESIAN_POINT('',(316.38784067832,717.99981495186,750.));
#5828 = DIRECTION('',(0.,0.,1.));
#5829 = DIRECTION('',(1.,0.,0.));
#5830 = ADVANCED_FACE('',(#5831),#5834,.F.);
#5831 = FACE_BOUND('',#5832,.T.);
#5832 = EDGE_LOOP('',(#5833));
#5833 = ORIENTED_EDGE('',*,*,#5819,.F.);
#5834 = PLANE('',#5835);
#5835 = AXIS2_PLACEMENT_3D('',#5836,#5837,#5838);
#5836 = CARTESIAN_POINT('',(316.38784067832,717.99981495186,750.));
#5837 = DIRECTION('',(0.,0.,1.));
#5838 = DIRECTION('',(1.,0.,0.));
#5839 = MANIFOLD_SOLID_BREP('',#5840);
#5840 = CLOSED_SHELL('',(#5841,#5881,#5921,#5943,#5965,#5977));
#5841 = ADVANCED_FACE('',(#5842),#5876,.F.);
#5842 = FACE_BOUND('',#5843,.F.);
#5843 = EDGE_LOOP('',(#5844,#5854,#5862,#5870));
#5844 = ORIENTED_EDGE('',*,*,#5845,.F.);
#5845 = EDGE_CURVE('',#5846,#5848,#5850,.T.);
#5846 = VERTEX_POINT('',#5847);
#5847 = CARTESIAN_POINT('',(376.57461523915,950.09179226501,863.));
#5848 = VERTEX_POINT('',#5849);
#5849 = CARTESIAN_POINT('',(376.57461523915,950.09179226501,1.197E+03));
#5850 = LINE('',#5851,#5852);
#5851 = CARTESIAN_POINT('',(376.57461523915,950.09179226501,863.));
#5852 = VECTOR('',#5853,1.);
#5853 = DIRECTION('',(0.,0.,1.));
#5854 = ORIENTED_EDGE('',*,*,#5855,.T.);
#5855 = EDGE_CURVE('',#5846,#5856,#5858,.T.);
#5856 = VERTEX_POINT('',#5857);
#5857 = CARTESIAN_POINT('',(131.97342044376,486.68456799604,863.));
#5858 = LINE('',#5859,#5860);
#5859 = CARTESIAN_POINT('',(376.57461523915,950.09179226501,863.));
#5860 = VECTOR('',#5861,1.);
#5861 = DIRECTION('',(-0.466796173274,-0.884364931811,0.));
#5862 = ORIENTED_EDGE('',*,*,#5863,.T.);
#5863 = EDGE_CURVE('',#5856,#5864,#5866,.T.);
#5864 = VERTEX_POINT('',#5865);
#5865 = CARTESIAN_POINT('',(131.97342044376,486.68456799604,1.197E+03));
#5866 = LINE('',#5867,#5868);
#5867 = CARTESIAN_POINT('',(131.97342044376,486.68456799604,863.));
#5868 = VECTOR('',#5869,1.);
#5869 = DIRECTION('',(0.,0.,1.));
#5870 = ORIENTED_EDGE('',*,*,#5871,.F.);
#5871 = EDGE_CURVE('',#5848,#5864,#5872,.T.);
#5872 = LINE('',#5873,#5874);
#5873 = CARTESIAN_POINT('',(376.57461523915,950.09179226501,1.197E+03));
#5874 = VECTOR('',#5875,1.);
#5875 = DIRECTION('',(-0.466796173274,-0.884364931811,0.));
#5876 = PLANE('',#5877);
#5877 = AXIS2_PLACEMENT_3D('',#5878,#5879,#5880);
#5878 = CARTESIAN_POINT('',(376.57461523915,950.09179226501,863.));
#5879 = DIRECTION('',(-0.884364931811,0.466796173274,0.));
#5880 = DIRECTION('',(0.,0.,1.));
#5881 = ADVANCED_FACE('',(#5882),#5916,.T.);
#5882 = FACE_BOUND('',#5883,.T.);
#5883 = EDGE_LOOP('',(#5884,#5894,#5902,#5910));
#5884 = ORIENTED_EDGE('',*,*,#5885,.F.);
#5885 = EDGE_CURVE('',#5886,#5888,#5890,.T.);
#5886 = VERTEX_POINT('',#5887);
#5887 = CARTESIAN_POINT('',(373.92152044371,951.49218078483,863.));
#5888 = VERTEX_POINT('',#5889);
#5889 = CARTESIAN_POINT('',(373.92152044371,951.49218078483,1.197E+03));
#5890 = LINE('',#5891,#5892);
#5891 = CARTESIAN_POINT('',(373.92152044371,951.49218078483,863.));
#5892 = VECTOR('',#5893,1.);
#5893 = DIRECTION('',(0.,0.,1.));
#5894 = ORIENTED_EDGE('',*,*,#5895,.T.);
#5895 = EDGE_CURVE('',#5886,#5896,#5898,.T.);
#5896 = VERTEX_POINT('',#5897);
#5897 = CARTESIAN_POINT('',(129.32032564833,488.08495651586,863.));
#5898 = LINE('',#5899,#5900);
#5899 = CARTESIAN_POINT('',(373.92152044371,951.49218078483,863.));
#5900 = VECTOR('',#5901,1.);
#5901 = DIRECTION('',(-0.466796173274,-0.884364931811,0.));
#5902 = ORIENTED_EDGE('',*,*,#5903,.T.);
#5903 = EDGE_CURVE('',#5896,#5904,#5906,.T.);
#5904 = VERTEX_POINT('',#5905);
#5905 = CARTESIAN_POINT('',(129.32032564833,488.08495651586,1.197E+03));
#5906 = LINE('',#5907,#5908);
#5907 = CARTESIAN_POINT('',(129.32032564833,488.08495651586,863.));
#5908 = VECTOR('',#5909,1.);
#5909 = DIRECTION('',(0.,0.,1.));
#5910 = ORIENTED_EDGE('',*,*,#5911,.F.);
#5911 = EDGE_CURVE('',#5888,#5904,#5912,.T.);
#5912 = LINE('',#5913,#5914);
#5913 = CARTESIAN_POINT('',(373.92152044371,951.49218078483,1.197E+03));
#5914 = VECTOR('',#5915,1.);
#5915 = DIRECTION('',(-0.466796173274,-0.884364931811,0.));
#5916 = PLANE('',#5917);
#5917 = AXIS2_PLACEMENT_3D('',#5918,#5919,#5920);
#5918 = CARTESIAN_POINT('',(373.92152044371,951.49218078483,863.));
#5919 = DIRECTION('',(-0.884364931811,0.466796173274,0.));
#5920 = DIRECTION('',(0.,0.,1.));
#5921 = ADVANCED_FACE('',(#5922),#5938,.F.);
#5922 = FACE_BOUND('',#5923,.F.);
#5923 = EDGE_LOOP('',(#5924,#5930,#5931,#5937));
#5924 = ORIENTED_EDGE('',*,*,#5925,.F.);
#5925 = EDGE_CURVE('',#5846,#5886,#5926,.T.);
#5926 = LINE('',#5927,#5928);
#5927 = CARTESIAN_POINT('',(376.57461523915,950.09179226501,863.));
#5928 = VECTOR('',#5929,1.);
#5929 = DIRECTION('',(-0.884364931811,0.466796173274,0.));
#5930 = ORIENTED_EDGE('',*,*,#5845,.T.);
#5931 = ORIENTED_EDGE('',*,*,#5932,.T.);
#5932 = EDGE_CURVE('',#5848,#5888,#5933,.T.);
#5933 = LINE('',#5934,#5935);
#5934 = CARTESIAN_POINT('',(376.57461523915,950.09179226501,1.197E+03));
#5935 = VECTOR('',#5936,1.);
#5936 = DIRECTION('',(-0.884364931811,0.466796173274,0.));
#5937 = ORIENTED_EDGE('',*,*,#5885,.F.);
#5938 = PLANE('',#5939);
#5939 = AXIS2_PLACEMENT_3D('',#5940,#5941,#5942);
#5940 = CARTESIAN_POINT('',(376.57461523915,950.09179226501,863.));
#5941 = DIRECTION('',(-0.466796173274,-0.884364931811,0.));
#5942 = DIRECTION('',(0.,0.,1.));
#5943 = ADVANCED_FACE('',(#5944),#5960,.T.);
#5944 = FACE_BOUND('',#5945,.T.);
#5945 = EDGE_LOOP('',(#5946,#5952,#5953,#5959));
#5946 = ORIENTED_EDGE('',*,*,#5947,.F.);
#5947 = EDGE_CURVE('',#5856,#5896,#5948,.T.);
#5948 = LINE('',#5949,#5950);
#5949 = CARTESIAN_POINT('',(131.97342044376,486.68456799604,863.));
#5950 = VECTOR('',#5951,1.);
#5951 = DIRECTION('',(-0.884364931811,0.466796173274,0.));
#5952 = ORIENTED_EDGE('',*,*,#5863,.T.);
#5953 = ORIENTED_EDGE('',*,*,#5954,.T.);
#5954 = EDGE_CURVE('',#5864,#5904,#5955,.T.);
#5955 = LINE('',#5956,#5957);
#5956 = CARTESIAN_POINT('',(131.97342044376,486.68456799604,1.197E+03));
#5957 = VECTOR('',#5958,1.);
#5958 = DIRECTION('',(-0.884364931811,0.466796173274,0.));
#5959 = ORIENTED_EDGE('',*,*,#5903,.F.);
#5960 = PLANE('',#5961);
#5961 = AXIS2_PLACEMENT_3D('',#5962,#5963,#5964);
#5962 = CARTESIAN_POINT('',(131.97342044376,486.68456799604,863.));
#5963 = DIRECTION('',(-0.466796173274,-0.884364931811,0.));
#5964 = DIRECTION('',(0.,0.,1.));
#5965 = ADVANCED_FACE('',(#5966),#5972,.F.);
#5966 = FACE_BOUND('',#5967,.F.);
#5967 = EDGE_LOOP('',(#5968,#5969,#5970,#5971));
#5968 = ORIENTED_EDGE('',*,*,#5855,.F.);
#5969 = ORIENTED_EDGE('',*,*,#5925,.T.);
#5970 = ORIENTED_EDGE('',*,*,#5895,.T.);
#5971 = ORIENTED_EDGE('',*,*,#5947,.F.);
#5972 = PLANE('',#5973);
#5973 = AXIS2_PLACEMENT_3D('',#5974,#5975,#5976);
#5974 = CARTESIAN_POINT('',(376.57461523915,950.09179226501,863.));
#5975 = DIRECTION('',(0.,0.,1.));
#5976 = DIRECTION('',(-0.884364931811,0.466796173274,0.));
#5977 = ADVANCED_FACE('',(#5978),#5984,.T.);
#5978 = FACE_BOUND('',#5979,.T.);
#5979 = EDGE_LOOP('',(#5980,#5981,#5982,#5983));
#5980 = ORIENTED_EDGE('',*,*,#5871,.F.);
#5981 = ORIENTED_EDGE('',*,*,#5932,.T.);
#5982 = ORIENTED_EDGE('',*,*,#5911,.T.);
#5983 = ORIENTED_EDGE('',*,*,#5954,.F.);
#5984 = PLANE('',#5985);
#5985 = AXIS2_PLACEMENT_3D('',#5986,#5987,#5988);
#5986 = CARTESIAN_POINT('',(376.57461523915,950.09179226501,1.197E+03));
#5987 = DIRECTION('',(0.,0.,1.));
#5988 = DIRECTION('',(-0.884364931811,0.466796173274,0.));
#5989 = MANIFOLD_SOLID_BREP('',#5990);
#5990 = CLOSED_SHELL('',(#5991,#6047,#6078,#6102,#6126,#6151,#6176,#6201
    ,#6220,#6255,#6265));
#5991 = ADVANCED_FACE('',(#5992),#6042,.F.);
#5992 = FACE_BOUND('',#5993,.F.);
#5993 = EDGE_LOOP('',(#5994,#6004,#6012,#6020,#6028,#6036));
#5994 = ORIENTED_EDGE('',*,*,#5995,.F.);
#5995 = EDGE_CURVE('',#5996,#5998,#6000,.T.);
#5996 = VERTEX_POINT('',#5997);
#5997 = CARTESIAN_POINT('',(-471.9582562299,-167.4556788418,845.));
#5998 = VERTEX_POINT('',#5999);
#5999 = CARTESIAN_POINT('',(-471.9582562299,-167.4556788418,1.215E+03));
#6000 = LINE('',#6001,#6002);
#6001 = CARTESIAN_POINT('',(-471.9582562299,-167.4556788418,845.));
#6002 = VECTOR('',#6003,1.);
#6003 = DIRECTION('',(0.,0.,1.));
#6004 = ORIENTED_EDGE('',*,*,#6005,.T.);
#6005 = EDGE_CURVE('',#5996,#6006,#6008,.T.);
#6006 = VERTEX_POINT('',#6007);
#6007 = CARTESIAN_POINT('',(-225.8270434653,-309.5596007875,845.));
#6008 = LINE('',#6009,#6010);
#6009 = CARTESIAN_POINT('',(-471.9582562299,-167.4556788418,845.));
#6010 = VECTOR('',#6011,1.);
#6011 = DIRECTION('',(0.866025403784,-0.5,0.));
#6012 = ORIENTED_EDGE('',*,*,#6013,.T.);
#6013 = EDGE_CURVE('',#6006,#6014,#6016,.T.);
#6014 = VERTEX_POINT('',#6015);
#6015 = CARTESIAN_POINT('',(-155.1729565346,-350.3517568962,845.));
#6016 = LINE('',#6017,#6018);
#6017 = CARTESIAN_POINT('',(-471.9582562299,-167.4556788418,845.));
#6018 = VECTOR('',#6019,1.);
#6019 = DIRECTION('',(0.866025403784,-0.5,0.));
#6020 = ORIENTED_EDGE('',*,*,#6021,.T.);
#6021 = EDGE_CURVE('',#6014,#6022,#6024,.T.);
#6022 = VERTEX_POINT('',#6023);
#6023 = CARTESIAN_POINT('',(90.958256229942,-492.4556788418,845.));
#6024 = LINE('',#6025,#6026);
#6025 = CARTESIAN_POINT('',(-471.9582562299,-167.4556788418,845.));
#6026 = VECTOR('',#6027,1.);
#6027 = DIRECTION('',(0.866025403784,-0.5,0.));
#6028 = ORIENTED_EDGE('',*,*,#6029,.T.);
#6029 = EDGE_CURVE('',#6022,#6030,#6032,.T.);
#6030 = VERTEX_POINT('',#6031);
#6031 = CARTESIAN_POINT('',(90.958256229942,-492.4556788418,1.215E+03));
#6032 = LINE('',#6033,#6034);
#6033 = CARTESIAN_POINT('',(90.958256229942,-492.4556788418,845.));
#6034 = VECTOR('',#6035,1.);
#6035 = DIRECTION('',(0.,0.,1.));
#6036 = ORIENTED_EDGE('',*,*,#6037,.F.);
#6037 = EDGE_CURVE('',#5998,#6030,#6038,.T.);
#6038 = LINE('',#6039,#6040);
#6039 = CARTESIAN_POINT('',(-471.9582562299,-167.4556788418,1.215E+03));
#6040 = VECTOR('',#6041,1.);
#6041 = DIRECTION('',(0.866025403784,-0.5,0.));
#6042 = PLANE('',#6043);
#6043 = AXIS2_PLACEMENT_3D('',#6044,#6045,#6046);
#6044 = CARTESIAN_POINT('',(-471.9582562299,-167.4556788418,845.));
#6045 = DIRECTION('',(-0.5,-0.866025403784,0.));
#6046 = DIRECTION('',(0.,0.,1.));
#6047 = ADVANCED_FACE('',(#6048),#6073,.F.);
#6048 = FACE_BOUND('',#6049,.F.);
#6049 = EDGE_LOOP('',(#6050,#6058,#6059,#6067));
#6050 = ORIENTED_EDGE('',*,*,#6051,.F.);
#6051 = EDGE_CURVE('',#5996,#6052,#6054,.T.);
#6052 = VERTEX_POINT('',#6053);
#6053 = CARTESIAN_POINT('',(-490.9582562299,-200.3646441856,845.));
#6054 = LINE('',#6055,#6056);
#6055 = CARTESIAN_POINT('',(-471.9582562299,-167.4556788418,845.));
#6056 = VECTOR('',#6057,1.);
#6057 = DIRECTION('',(-0.5,-0.866025403784,0.));
#6058 = ORIENTED_EDGE('',*,*,#5995,.T.);
#6059 = ORIENTED_EDGE('',*,*,#6060,.T.);
#6060 = EDGE_CURVE('',#5998,#6061,#6063,.T.);
#6061 = VERTEX_POINT('',#6062);
#6062 = CARTESIAN_POINT('',(-490.9582562299,-200.3646441856,1.215E+03));
#6063 = LINE('',#6064,#6065);
#6064 = CARTESIAN_POINT('',(-471.9582562299,-167.4556788418,1.215E+03));
#6065 = VECTOR('',#6066,1.);
#6066 = DIRECTION('',(-0.5,-0.866025403784,0.));
#6067 = ORIENTED_EDGE('',*,*,#6068,.F.);
#6068 = EDGE_CURVE('',#6052,#6061,#6069,.T.);
#6069 = LINE('',#6070,#6071);
#6070 = CARTESIAN_POINT('',(-490.9582562299,-200.3646441856,845.));
#6071 = VECTOR('',#6072,1.);
#6072 = DIRECTION('',(0.,0.,1.));
#6073 = PLANE('',#6074);
#6074 = AXIS2_PLACEMENT_3D('',#6075,#6076,#6077);
#6075 = CARTESIAN_POINT('',(-471.9582562299,-167.4556788418,845.));
#6076 = DIRECTION('',(0.866025403784,-0.5,0.));
#6077 = DIRECTION('',(0.,0.,1.));
#6078 = ADVANCED_FACE('',(#6079),#6097,.T.);
#6079 = FACE_BOUND('',#6080,.T.);
#6080 = EDGE_LOOP('',(#6081,#6082,#6083,#6091));
#6081 = ORIENTED_EDGE('',*,*,#6037,.F.);
#6082 = ORIENTED_EDGE('',*,*,#6060,.T.);
#6083 = ORIENTED_EDGE('',*,*,#6084,.T.);
#6084 = EDGE_CURVE('',#6061,#6085,#6087,.T.);
#6085 = VERTEX_POINT('',#6086);
#6086 = CARTESIAN_POINT('',(71.958256229942,-525.3646441856,1.215E+03));
#6087 = LINE('',#6088,#6089);
#6088 = CARTESIAN_POINT('',(-490.9582562299,-200.3646441856,1.215E+03));
#6089 = VECTOR('',#6090,1.);
#6090 = DIRECTION('',(0.866025403784,-0.5,0.));
#6091 = ORIENTED_EDGE('',*,*,#6092,.F.);
#6092 = EDGE_CURVE('',#6030,#6085,#6093,.T.);
#6093 = LINE('',#6094,#6095);
#6094 = CARTESIAN_POINT('',(90.958256229942,-492.4556788418,1.215E+03));
#6095 = VECTOR('',#6096,1.);
#6096 = DIRECTION('',(-0.5,-0.866025403784,0.));
#6097 = PLANE('',#6098);
#6098 = AXIS2_PLACEMENT_3D('',#6099,#6100,#6101);
#6099 = CARTESIAN_POINT('',(-471.9582562299,-167.4556788418,1.215E+03));
#6100 = DIRECTION('',(0.,0.,1.));
#6101 = DIRECTION('',(-0.5,-0.866025403784,0.));
#6102 = ADVANCED_FACE('',(#6103),#6121,.T.);
#6103 = FACE_BOUND('',#6104,.T.);
#6104 = EDGE_LOOP('',(#6105,#6113,#6114,#6115));
#6105 = ORIENTED_EDGE('',*,*,#6106,.F.);
#6106 = EDGE_CURVE('',#6022,#6107,#6109,.T.);
#6107 = VERTEX_POINT('',#6108);
#6108 = CARTESIAN_POINT('',(71.958256229942,-525.3646441856,845.));
#6109 = LINE('',#6110,#6111);
#6110 = CARTESIAN_POINT('',(90.958256229942,-492.4556788418,845.));
#6111 = VECTOR('',#6112,1.);
#6112 = DIRECTION('',(-0.5,-0.866025403784,0.));
#6113 = ORIENTED_EDGE('',*,*,#6029,.T.);
#6114 = ORIENTED_EDGE('',*,*,#6092,.T.);
#6115 = ORIENTED_EDGE('',*,*,#6116,.F.);
#6116 = EDGE_CURVE('',#6107,#6085,#6117,.T.);
#6117 = LINE('',#6118,#6119);
#6118 = CARTESIAN_POINT('',(71.958256229942,-525.3646441856,845.));
#6119 = VECTOR('',#6120,1.);
#6120 = DIRECTION('',(0.,0.,1.));
#6121 = PLANE('',#6122);
#6122 = AXIS2_PLACEMENT_3D('',#6123,#6124,#6125);
#6123 = CARTESIAN_POINT('',(90.958256229942,-492.4556788418,845.));
#6124 = DIRECTION('',(0.866025403784,-0.5,0.));
#6125 = DIRECTION('',(0.,0.,1.));
#6126 = ADVANCED_FACE('',(#6127),#6146,.F.);
#6127 = FACE_BOUND('',#6128,.F.);
#6128 = EDGE_LOOP('',(#6129,#6130,#6131,#6139));
#6129 = ORIENTED_EDGE('',*,*,#6005,.F.);
#6130 = ORIENTED_EDGE('',*,*,#6051,.T.);
#6131 = ORIENTED_EDGE('',*,*,#6132,.T.);
#6132 = EDGE_CURVE('',#6052,#6133,#6135,.T.);
#6133 = VERTEX_POINT('',#6134);
#6134 = CARTESIAN_POINT('',(-244.8270434653,-342.4685661313,845.));
#6135 = LINE('',#6136,#6137);
#6136 = CARTESIAN_POINT('',(-490.9582562299,-200.3646441856,845.));
#6137 = VECTOR('',#6138,1.);
#6138 = DIRECTION('',(0.866025403784,-0.5,0.));
#6139 = ORIENTED_EDGE('',*,*,#6140,.F.);
#6140 = EDGE_CURVE('',#6006,#6133,#6141,.T.);
#6141 = CIRCLE('',#6142,45.);
#6142 = AXIS2_PLACEMENT_3D('',#6143,#6144,#6145);
#6143 = CARTESIAN_POINT('',(-200.,-346.4101615137,845.));
#6144 = DIRECTION('',(0.,0.,1.));
#6145 = DIRECTION('',(1.,0.,0.));
#6146 = PLANE('',#6147);
#6147 = AXIS2_PLACEMENT_3D('',#6148,#6149,#6150);
#6148 = CARTESIAN_POINT('',(-471.9582562299,-167.4556788418,845.));
#6149 = DIRECTION('',(0.,0.,1.));
#6150 = DIRECTION('',(-0.5,-0.866025403784,0.));
#6151 = ADVANCED_FACE('',(#6152),#6171,.T.);
#6152 = FACE_BOUND('',#6153,.T.);
#6153 = EDGE_LOOP('',(#6154,#6163,#6170));
#6154 = ORIENTED_EDGE('',*,*,#6155,.T.);
#6155 = EDGE_CURVE('',#6014,#6156,#6158,.T.);
#6156 = VERTEX_POINT('',#6157);
#6157 = CARTESIAN_POINT('',(-155.,-346.4101615137,845.));
#6158 = CIRCLE('',#6159,45.);
#6159 = AXIS2_PLACEMENT_3D('',#6160,#6161,#6162);
#6160 = CARTESIAN_POINT('',(-200.,-346.4101615137,845.));
#6161 = DIRECTION('',(0.,0.,1.));
#6162 = DIRECTION('',(1.,0.,0.));
#6163 = ORIENTED_EDGE('',*,*,#6164,.T.);
#6164 = EDGE_CURVE('',#6156,#6006,#6165,.T.);
#6165 = CIRCLE('',#6166,45.);
#6166 = AXIS2_PLACEMENT_3D('',#6167,#6168,#6169);
#6167 = CARTESIAN_POINT('',(-200.,-346.4101615137,845.));
#6168 = DIRECTION('',(0.,0.,1.));
#6169 = DIRECTION('',(1.,0.,0.));
#6170 = ORIENTED_EDGE('',*,*,#6013,.T.);
#6171 = PLANE('',#6172);
#6172 = AXIS2_PLACEMENT_3D('',#6173,#6174,#6175);
#6173 = CARTESIAN_POINT('',(-200.,-346.4101615137,845.));
#6174 = DIRECTION('',(0.,0.,1.));
#6175 = DIRECTION('',(1.,0.,0.));
#6176 = ADVANCED_FACE('',(#6177),#6196,.F.);
#6177 = FACE_BOUND('',#6178,.F.);
#6178 = EDGE_LOOP('',(#6179,#6180,#6189,#6195));
#6179 = ORIENTED_EDGE('',*,*,#6021,.F.);
#6180 = ORIENTED_EDGE('',*,*,#6181,.F.);
#6181 = EDGE_CURVE('',#6182,#6014,#6184,.T.);
#6182 = VERTEX_POINT('',#6183);
#6183 = CARTESIAN_POINT('',(-174.1729565346,-383.26072224,845.));
#6184 = CIRCLE('',#6185,45.);
#6185 = AXIS2_PLACEMENT_3D('',#6186,#6187,#6188);
#6186 = CARTESIAN_POINT('',(-200.,-346.4101615137,845.));
#6187 = DIRECTION('',(0.,0.,1.));
#6188 = DIRECTION('',(1.,0.,0.));
#6189 = ORIENTED_EDGE('',*,*,#6190,.T.);
#6190 = EDGE_CURVE('',#6182,#6107,#6191,.T.);
#6191 = LINE('',#6192,#6193);
#6192 = CARTESIAN_POINT('',(-490.9582562299,-200.3646441856,845.));
#6193 = VECTOR('',#6194,1.);
#6194 = DIRECTION('',(0.866025403784,-0.5,0.));
#6195 = ORIENTED_EDGE('',*,*,#6106,.F.);
#6196 = PLANE('',#6197);
#6197 = AXIS2_PLACEMENT_3D('',#6198,#6199,#6200);
#6198 = CARTESIAN_POINT('',(-471.9582562299,-167.4556788418,845.));
#6199 = DIRECTION('',(0.,0.,1.));
#6200 = DIRECTION('',(-0.5,-0.866025403784,0.));
#6201 = ADVANCED_FACE('',(#6202),#6215,.T.);
#6202 = FACE_BOUND('',#6203,.T.);
#6203 = EDGE_LOOP('',(#6204,#6205,#6206,#6212,#6213,#6214));
#6204 = ORIENTED_EDGE('',*,*,#6068,.F.);
#6205 = ORIENTED_EDGE('',*,*,#6132,.T.);
#6206 = ORIENTED_EDGE('',*,*,#6207,.T.);
#6207 = EDGE_CURVE('',#6133,#6182,#6208,.T.);
#6208 = LINE('',#6209,#6210);
#6209 = CARTESIAN_POINT('',(-490.9582562299,-200.3646441856,845.));
#6210 = VECTOR('',#6211,1.);
#6211 = DIRECTION('',(0.866025403784,-0.5,0.));
#6212 = ORIENTED_EDGE('',*,*,#6190,.T.);
#6213 = ORIENTED_EDGE('',*,*,#6116,.T.);
#6214 = ORIENTED_EDGE('',*,*,#6084,.F.);
#6215 = PLANE('',#6216);
#6216 = AXIS2_PLACEMENT_3D('',#6217,#6218,#6219);
#6217 = CARTESIAN_POINT('',(-490.9582562299,-200.3646441856,845.));
#6218 = DIRECTION('',(-0.5,-0.866025403784,0.));
#6219 = DIRECTION('',(0.,0.,1.));
#6220 = ADVANCED_FACE('',(#6221),#6250,.T.);
#6221 = FACE_BOUND('',#6222,.T.);
#6222 = EDGE_LOOP('',(#6223,#6231,#6232,#6233,#6240,#6241,#6242,#6243));
#6223 = ORIENTED_EDGE('',*,*,#6224,.T.);
#6224 = EDGE_CURVE('',#6225,#6156,#6227,.T.);
#6225 = VERTEX_POINT('',#6226);
#6226 = CARTESIAN_POINT('',(-155.,-346.4101615137,750.));
#6227 = LINE('',#6228,#6229);
#6228 = CARTESIAN_POINT('',(-155.,-346.4101615137,750.));
#6229 = VECTOR('',#6230,1.);
#6230 = DIRECTION('',(0.,0.,1.));
#6231 = ORIENTED_EDGE('',*,*,#6155,.F.);
#6232 = ORIENTED_EDGE('',*,*,#6181,.F.);
#6233 = ORIENTED_EDGE('',*,*,#6234,.F.);
#6234 = EDGE_CURVE('',#6133,#6182,#6235,.T.);
#6235 = CIRCLE('',#6236,45.);
#6236 = AXIS2_PLACEMENT_3D('',#6237,#6238,#6239);
#6237 = CARTESIAN_POINT('',(-200.,-346.4101615137,845.));
#6238 = DIRECTION('',(0.,0.,1.));
#6239 = DIRECTION('',(1.,0.,0.));
#6240 = ORIENTED_EDGE('',*,*,#6140,.F.);
#6241 = ORIENTED_EDGE('',*,*,#6164,.F.);
#6242 = ORIENTED_EDGE('',*,*,#6224,.F.);
#6243 = ORIENTED_EDGE('',*,*,#6244,.T.);
#6244 = EDGE_CURVE('',#6225,#6225,#6245,.T.);
#6245 = CIRCLE('',#6246,45.);
#6246 = AXIS2_PLACEMENT_3D('',#6247,#6248,#6249);
#6247 = CARTESIAN_POINT('',(-200.,-346.4101615137,750.));
#6248 = DIRECTION('',(0.,0.,1.));
#6249 = DIRECTION('',(1.,0.,0.));
#6250 = CYLINDRICAL_SURFACE('',#6251,45.);
#6251 = AXIS2_PLACEMENT_3D('',#6252,#6253,#6254);
#6252 = CARTESIAN_POINT('',(-200.,-346.4101615137,750.));
#6253 = DIRECTION('',(0.,0.,1.));
#6254 = DIRECTION('',(1.,0.,0.));
#6255 = ADVANCED_FACE('',(#6256),#6260,.T.);
#6256 = FACE_BOUND('',#6257,.T.);
#6257 = EDGE_LOOP('',(#6258,#6259));
#6258 = ORIENTED_EDGE('',*,*,#6207,.F.);
#6259 = ORIENTED_EDGE('',*,*,#6234,.T.);
#6260 = PLANE('',#6261);
#6261 = AXIS2_PLACEMENT_3D('',#6262,#6263,#6264);
#6262 = CARTESIAN_POINT('',(-200.,-346.4101615137,845.));
#6263 = DIRECTION('',(0.,0.,1.));
#6264 = DIRECTION('',(1.,0.,0.));
#6265 = ADVANCED_FACE('',(#6266),#6269,.F.);
#6266 = FACE_BOUND('',#6267,.T.);
#6267 = EDGE_LOOP('',(#6268));
#6268 = ORIENTED_EDGE('',*,*,#6244,.F.);
#6269 = PLANE('',#6270);
#6270 = AXIS2_PLACEMENT_3D('',#6271,#6272,#6273);
#6271 = CARTESIAN_POINT('',(-200.,-346.4101615137,750.));
#6272 = DIRECTION('',(0.,0.,1.));
#6273 = DIRECTION('',(1.,0.,0.));
#6274 = MANIFOLD_SOLID_BREP('',#6275);
#6275 = CLOSED_SHELL('',(#6276,#6316,#6356,#6378,#6400,#6412));
#6276 = ADVANCED_FACE('',(#6277),#6311,.F.);
#6277 = FACE_BOUND('',#6278,.F.);
#6278 = EDGE_LOOP('',(#6279,#6289,#6297,#6305));
#6279 = ORIENTED_EDGE('',*,*,#6280,.F.);
#6280 = EDGE_CURVE('',#6281,#6283,#6285,.T.);
#6281 = VERTEX_POINT('',#6282);
#6282 = CARTESIAN_POINT('',(-475.3697989618,-209.3646441856,863.));
#6283 = VERTEX_POINT('',#6284);
#6284 = CARTESIAN_POINT('',(-475.3697989618,-209.3646441856,1.197E+03));
#6285 = LINE('',#6286,#6287);
#6286 = CARTESIAN_POINT('',(-475.3697989618,-209.3646441856,863.));
#6287 = VECTOR('',#6288,1.);
#6288 = DIRECTION('',(0.,0.,1.));
#6289 = ORIENTED_EDGE('',*,*,#6290,.T.);
#6290 = EDGE_CURVE('',#6281,#6291,#6293,.T.);
#6291 = VERTEX_POINT('',#6292);
#6292 = CARTESIAN_POINT('',(56.369798961822,-516.3646441856,863.));
#6293 = LINE('',#6294,#6295);
#6294 = CARTESIAN_POINT('',(-475.3697989618,-209.3646441856,863.));
#6295 = VECTOR('',#6296,1.);
#6296 = DIRECTION('',(0.866025403784,-0.5,0.));
#6297 = ORIENTED_EDGE('',*,*,#6298,.T.);
#6298 = EDGE_CURVE('',#6291,#6299,#6301,.T.);
#6299 = VERTEX_POINT('',#6300);
#6300 = CARTESIAN_POINT('',(56.369798961822,-516.3646441856,1.197E+03));
#6301 = LINE('',#6302,#6303);
#6302 = CARTESIAN_POINT('',(56.369798961822,-516.3646441856,863.));
#6303 = VECTOR('',#6304,1.);
#6304 = DIRECTION('',(0.,0.,1.));
#6305 = ORIENTED_EDGE('',*,*,#6306,.F.);
#6306 = EDGE_CURVE('',#6283,#6299,#6307,.T.);
#6307 = LINE('',#6308,#6309);
#6308 = CARTESIAN_POINT('',(-475.3697989618,-209.3646441856,1.197E+03));
#6309 = VECTOR('',#6310,1.);
#6310 = DIRECTION('',(0.866025403784,-0.5,0.));
#6311 = PLANE('',#6312);
#6312 = AXIS2_PLACEMENT_3D('',#6313,#6314,#6315);
#6313 = CARTESIAN_POINT('',(-475.3697989618,-209.3646441856,863.));
#6314 = DIRECTION('',(-0.5,-0.866025403784,0.));
#6315 = DIRECTION('',(0.,0.,1.));
#6316 = ADVANCED_FACE('',(#6317),#6351,.T.);
#6317 = FACE_BOUND('',#6318,.T.);
#6318 = EDGE_LOOP('',(#6319,#6329,#6337,#6345));
#6319 = ORIENTED_EDGE('',*,*,#6320,.F.);
#6320 = EDGE_CURVE('',#6321,#6323,#6325,.T.);
#6321 = VERTEX_POINT('',#6322);
#6322 = CARTESIAN_POINT('',(-476.8697989618,-211.962720397,863.));
#6323 = VERTEX_POINT('',#6324);
#6324 = CARTESIAN_POINT('',(-476.8697989618,-211.962720397,1.197E+03));
#6325 = LINE('',#6326,#6327);
#6326 = CARTESIAN_POINT('',(-476.8697989618,-211.962720397,863.));
#6327 = VECTOR('',#6328,1.);
#6328 = DIRECTION('',(0.,0.,1.));
#6329 = ORIENTED_EDGE('',*,*,#6330,.T.);
#6330 = EDGE_CURVE('',#6321,#6331,#6333,.T.);
#6331 = VERTEX_POINT('',#6332);
#6332 = CARTESIAN_POINT('',(54.869798961822,-518.962720397,863.));
#6333 = LINE('',#6334,#6335);
#6334 = CARTESIAN_POINT('',(-476.8697989618,-211.962720397,863.));
#6335 = VECTOR('',#6336,1.);
#6336 = DIRECTION('',(0.866025403784,-0.5,0.));
#6337 = ORIENTED_EDGE('',*,*,#6338,.T.);
#6338 = EDGE_CURVE('',#6331,#6339,#6341,.T.);
#6339 = VERTEX_POINT('',#6340);
#6340 = CARTESIAN_POINT('',(54.869798961822,-518.962720397,1.197E+03));
#6341 = LINE('',#6342,#6343);
#6342 = CARTESIAN_POINT('',(54.869798961822,-518.962720397,863.));
#6343 = VECTOR('',#6344,1.);
#6344 = DIRECTION('',(0.,0.,1.));
#6345 = ORIENTED_EDGE('',*,*,#6346,.F.);
#6346 = EDGE_CURVE('',#6323,#6339,#6347,.T.);
#6347 = LINE('',#6348,#6349);
#6348 = CARTESIAN_POINT('',(-476.8697989618,-211.962720397,1.197E+03));
#6349 = VECTOR('',#6350,1.);
#6350 = DIRECTION('',(0.866025403784,-0.5,0.));
#6351 = PLANE('',#6352);
#6352 = AXIS2_PLACEMENT_3D('',#6353,#6354,#6355);
#6353 = CARTESIAN_POINT('',(-476.8697989618,-211.962720397,863.));
#6354 = DIRECTION('',(-0.5,-0.866025403784,0.));
#6355 = DIRECTION('',(0.,0.,1.));
#6356 = ADVANCED_FACE('',(#6357),#6373,.F.);
#6357 = FACE_BOUND('',#6358,.F.);
#6358 = EDGE_LOOP('',(#6359,#6365,#6366,#6372));
#6359 = ORIENTED_EDGE('',*,*,#6360,.F.);
#6360 = EDGE_CURVE('',#6281,#6321,#6361,.T.);
#6361 = LINE('',#6362,#6363);
#6362 = CARTESIAN_POINT('',(-475.3697989618,-209.3646441856,863.));
#6363 = VECTOR('',#6364,1.);
#6364 = DIRECTION('',(-0.5,-0.866025403784,0.));
#6365 = ORIENTED_EDGE('',*,*,#6280,.T.);
#6366 = ORIENTED_EDGE('',*,*,#6367,.T.);
#6367 = EDGE_CURVE('',#6283,#6323,#6368,.T.);
#6368 = LINE('',#6369,#6370);
#6369 = CARTESIAN_POINT('',(-475.3697989618,-209.3646441856,1.197E+03));
#6370 = VECTOR('',#6371,1.);
#6371 = DIRECTION('',(-0.5,-0.866025403784,0.));
#6372 = ORIENTED_EDGE('',*,*,#6320,.F.);
#6373 = PLANE('',#6374);
#6374 = AXIS2_PLACEMENT_3D('',#6375,#6376,#6377);
#6375 = CARTESIAN_POINT('',(-475.3697989618,-209.3646441856,863.));
#6376 = DIRECTION('',(0.866025403784,-0.5,0.));
#6377 = DIRECTION('',(0.,0.,1.));
#6378 = ADVANCED_FACE('',(#6379),#6395,.T.);
#6379 = FACE_BOUND('',#6380,.T.);
#6380 = EDGE_LOOP('',(#6381,#6387,#6388,#6394));
#6381 = ORIENTED_EDGE('',*,*,#6382,.F.);
#6382 = EDGE_CURVE('',#6291,#6331,#6383,.T.);
#6383 = LINE('',#6384,#6385);
#6384 = CARTESIAN_POINT('',(56.369798961822,-516.3646441856,863.));
#6385 = VECTOR('',#6386,1.);
#6386 = DIRECTION('',(-0.5,-0.866025403784,0.));
#6387 = ORIENTED_EDGE('',*,*,#6298,.T.);
#6388 = ORIENTED_EDGE('',*,*,#6389,.T.);
#6389 = EDGE_CURVE('',#6299,#6339,#6390,.T.);
#6390 = LINE('',#6391,#6392);
#6391 = CARTESIAN_POINT('',(56.369798961822,-516.3646441856,1.197E+03));
#6392 = VECTOR('',#6393,1.);
#6393 = DIRECTION('',(-0.5,-0.866025403784,0.));
#6394 = ORIENTED_EDGE('',*,*,#6338,.F.);
#6395 = PLANE('',#6396);
#6396 = AXIS2_PLACEMENT_3D('',#6397,#6398,#6399);
#6397 = CARTESIAN_POINT('',(56.369798961822,-516.3646441856,863.));
#6398 = DIRECTION('',(0.866025403784,-0.5,0.));
#6399 = DIRECTION('',(0.,0.,1.));
#6400 = ADVANCED_FACE('',(#6401),#6407,.F.);
#6401 = FACE_BOUND('',#6402,.F.);
#6402 = EDGE_LOOP('',(#6403,#6404,#6405,#6406));
#6403 = ORIENTED_EDGE('',*,*,#6290,.F.);
#6404 = ORIENTED_EDGE('',*,*,#6360,.T.);
#6405 = ORIENTED_EDGE('',*,*,#6330,.T.);
#6406 = ORIENTED_EDGE('',*,*,#6382,.F.);
#6407 = PLANE('',#6408);
#6408 = AXIS2_PLACEMENT_3D('',#6409,#6410,#6411);
#6409 = CARTESIAN_POINT('',(-475.3697989618,-209.3646441856,863.));
#6410 = DIRECTION('',(0.,0.,1.));
#6411 = DIRECTION('',(-0.5,-0.866025403784,0.));
#6412 = ADVANCED_FACE('',(#6413),#6419,.T.);
#6413 = FACE_BOUND('',#6414,.T.);
#6414 = EDGE_LOOP('',(#6415,#6416,#6417,#6418));
#6415 = ORIENTED_EDGE('',*,*,#6306,.F.);
#6416 = ORIENTED_EDGE('',*,*,#6367,.T.);
#6417 = ORIENTED_EDGE('',*,*,#6346,.T.);
#6418 = ORIENTED_EDGE('',*,*,#6389,.F.);
#6419 = PLANE('',#6420);
#6420 = AXIS2_PLACEMENT_3D('',#6421,#6422,#6423);
#6421 = CARTESIAN_POINT('',(-475.3697989618,-209.3646441856,1.197E+03));
#6422 = DIRECTION('',(0.,0.,1.));
#6423 = DIRECTION('',(-0.5,-0.866025403784,0.));
#6424 = MANIFOLD_SOLID_BREP('',#6425);
#6425 = CLOSED_SHELL('',(#6426,#6482,#6513,#6537,#6561,#6586,#6611,#6623
    ,#6650));
#6426 = ADVANCED_FACE('',(#6427),#6477,.F.);
#6427 = FACE_BOUND('',#6428,.F.);
#6428 = EDGE_LOOP('',(#6429,#6439,#6447,#6455,#6463,#6471));
#6429 = ORIENTED_EDGE('',*,*,#6430,.F.);
#6430 = EDGE_CURVE('',#6431,#6433,#6435,.T.);
#6431 = VERTEX_POINT('',#6432);
#6432 = CARTESIAN_POINT('',(157.17695673365,-453.027744639,845.));
#6433 = VERTEX_POINT('',#6434);
#6434 = CARTESIAN_POINT('',(157.17695673365,-453.027744639,1.215E+03));
#6435 = LINE('',#6436,#6437);
#6436 = CARTESIAN_POINT('',(157.17695673365,-453.027744639,845.));
#6437 = VECTOR('',#6438,1.);
#6438 = DIRECTION('',(0.,0.,1.));
#6439 = ORIENTED_EDGE('',*,*,#6440,.T.);
#6440 = EDGE_CURVE('',#6431,#6441,#6443,.T.);
#6441 = VERTEX_POINT('',#6442);
#6442 = CARTESIAN_POINT('',(281.82638576211,-689.1813168286,845.));
#6443 = LINE('',#6444,#6445);
#6444 = CARTESIAN_POINT('',(157.17695673365,-453.027744639,845.));
#6445 = VECTOR('',#6446,1.);
#6446 = DIRECTION('',(0.466796173274,-0.884364931811,0.));
#6447 = ORIENTED_EDGE('',*,*,#6448,.T.);
#6448 = EDGE_CURVE('',#6441,#6449,#6451,.T.);
#6449 = VERTEX_POINT('',#6450);
#6450 = CARTESIAN_POINT('',(320.68177478131,-762.7944812629,845.));
#6451 = LINE('',#6452,#6453);
#6452 = CARTESIAN_POINT('',(157.17695673365,-453.027744639,845.));
#6453 = VECTOR('',#6454,1.);
#6454 = DIRECTION('',(0.466796173274,-0.884364931811,0.));
#6455 = ORIENTED_EDGE('',*,*,#6456,.T.);
#6456 = EDGE_CURVE('',#6449,#6457,#6459,.T.);
#6457 = VERTEX_POINT('',#6458);
#6458 = CARTESIAN_POINT('',(418.58281376689,-948.2721064532,845.));
#6459 = LINE('',#6460,#6461);
#6460 = CARTESIAN_POINT('',(157.17695673365,-453.027744639,845.));
#6461 = VECTOR('',#6462,1.);
#6462 = DIRECTION('',(0.466796173274,-0.884364931811,0.));
#6463 = ORIENTED_EDGE('',*,*,#6464,.T.);
#6464 = EDGE_CURVE('',#6457,#6465,#6467,.T.);
#6465 = VERTEX_POINT('',#6466);
#6466 = CARTESIAN_POINT('',(418.58281376689,-948.2721064532,1.215E+03));
#6467 = LINE('',#6468,#6469);
#6468 = CARTESIAN_POINT('',(418.58281376689,-948.2721064532,845.));
#6469 = VECTOR('',#6470,1.);
#6470 = DIRECTION('',(0.,0.,1.));
#6471 = ORIENTED_EDGE('',*,*,#6472,.F.);
#6472 = EDGE_CURVE('',#6433,#6465,#6473,.T.);
#6473 = LINE('',#6474,#6475);
#6474 = CARTESIAN_POINT('',(157.17695673365,-453.027744639,1.215E+03));
#6475 = VECTOR('',#6476,1.);
#6476 = DIRECTION('',(0.466796173274,-0.884364931811,0.));
#6477 = PLANE('',#6478);
#6478 = AXIS2_PLACEMENT_3D('',#6479,#6480,#6481);
#6479 = CARTESIAN_POINT('',(157.17695673365,-453.027744639,845.));
#6480 = DIRECTION('',(-0.884364931811,-0.466796173274,0.));
#6481 = DIRECTION('',(0.,0.,1.));
#6482 = ADVANCED_FACE('',(#6483),#6508,.F.);
#6483 = FACE_BOUND('',#6484,.F.);
#6484 = EDGE_LOOP('',(#6485,#6493,#6494,#6502));
#6485 = ORIENTED_EDGE('',*,*,#6486,.F.);
#6486 = EDGE_CURVE('',#6431,#6487,#6489,.T.);
#6487 = VERTEX_POINT('',#6488);
#6488 = CARTESIAN_POINT('',(123.57108932484,-470.7659992234,845.));
#6489 = LINE('',#6490,#6491);
#6490 = CARTESIAN_POINT('',(157.17695673365,-453.027744639,845.));
#6491 = VECTOR('',#6492,1.);
#6492 = DIRECTION('',(-0.884364931811,-0.466796173274,0.));
#6493 = ORIENTED_EDGE('',*,*,#6430,.T.);
#6494 = ORIENTED_EDGE('',*,*,#6495,.T.);
#6495 = EDGE_CURVE('',#6433,#6496,#6498,.T.);
#6496 = VERTEX_POINT('',#6497);
#6497 = CARTESIAN_POINT('',(123.57108932484,-470.7659992234,1.215E+03));
#6498 = LINE('',#6499,#6500);
#6499 = CARTESIAN_POINT('',(157.17695673365,-453.027744639,1.215E+03));
#6500 = VECTOR('',#6501,1.);
#6501 = DIRECTION('',(-0.884364931811,-0.466796173274,0.));
#6502 = ORIENTED_EDGE('',*,*,#6503,.F.);
#6503 = EDGE_CURVE('',#6487,#6496,#6504,.T.);
#6504 = LINE('',#6505,#6506);
#6505 = CARTESIAN_POINT('',(123.57108932484,-470.7659992234,845.));
#6506 = VECTOR('',#6507,1.);
#6507 = DIRECTION('',(0.,0.,1.));
#6508 = PLANE('',#6509);
#6509 = AXIS2_PLACEMENT_3D('',#6510,#6511,#6512);
#6510 = CARTESIAN_POINT('',(157.17695673365,-453.027744639,845.));
#6511 = DIRECTION('',(0.466796173274,-0.884364931811,0.));
#6512 = DIRECTION('',(0.,0.,1.));
#6513 = ADVANCED_FACE('',(#6514),#6532,.T.);
#6514 = FACE_BOUND('',#6515,.T.);
#6515 = EDGE_LOOP('',(#6516,#6517,#6518,#6526));
#6516 = ORIENTED_EDGE('',*,*,#6472,.F.);
#6517 = ORIENTED_EDGE('',*,*,#6495,.T.);
#6518 = ORIENTED_EDGE('',*,*,#6519,.T.);
#6519 = EDGE_CURVE('',#6496,#6520,#6522,.T.);
#6520 = VERTEX_POINT('',#6521);
#6521 = CARTESIAN_POINT('',(384.97694635807,-966.0103610376,1.215E+03));
#6522 = LINE('',#6523,#6524);
#6523 = CARTESIAN_POINT('',(123.57108932484,-470.7659992234,1.215E+03));
#6524 = VECTOR('',#6525,1.);
#6525 = DIRECTION('',(0.466796173274,-0.884364931811,0.));
#6526 = ORIENTED_EDGE('',*,*,#6527,.F.);
#6527 = EDGE_CURVE('',#6465,#6520,#6528,.T.);
#6528 = LINE('',#6529,#6530);
#6529 = CARTESIAN_POINT('',(418.58281376689,-948.2721064532,1.215E+03));
#6530 = VECTOR('',#6531,1.);
#6531 = DIRECTION('',(-0.884364931811,-0.466796173274,0.));
#6532 = PLANE('',#6533);
#6533 = AXIS2_PLACEMENT_3D('',#6534,#6535,#6536);
#6534 = CARTESIAN_POINT('',(157.17695673365,-453.027744639,1.215E+03));
#6535 = DIRECTION('',(0.,0.,1.));
#6536 = DIRECTION('',(-0.884364931811,-0.466796173274,0.));
#6537 = ADVANCED_FACE('',(#6538),#6556,.T.);
#6538 = FACE_BOUND('',#6539,.T.);
#6539 = EDGE_LOOP('',(#6540,#6548,#6549,#6550));
#6540 = ORIENTED_EDGE('',*,*,#6541,.F.);
#6541 = EDGE_CURVE('',#6457,#6542,#6544,.T.);
#6542 = VERTEX_POINT('',#6543);
#6543 = CARTESIAN_POINT('',(384.97694635807,-966.0103610376,845.));
#6544 = LINE('',#6545,#6546);
#6545 = CARTESIAN_POINT('',(418.58281376689,-948.2721064532,845.));
#6546 = VECTOR('',#6547,1.);
#6547 = DIRECTION('',(-0.884364931811,-0.466796173274,0.));
#6548 = ORIENTED_EDGE('',*,*,#6464,.T.);
#6549 = ORIENTED_EDGE('',*,*,#6527,.T.);
#6550 = ORIENTED_EDGE('',*,*,#6551,.F.);
#6551 = EDGE_CURVE('',#6542,#6520,#6552,.T.);
#6552 = LINE('',#6553,#6554);
#6553 = CARTESIAN_POINT('',(384.97694635807,-966.0103610376,845.));
#6554 = VECTOR('',#6555,1.);
#6555 = DIRECTION('',(0.,0.,1.));
#6556 = PLANE('',#6557);
#6557 = AXIS2_PLACEMENT_3D('',#6558,#6559,#6560);
#6558 = CARTESIAN_POINT('',(418.58281376689,-948.2721064532,845.));
#6559 = DIRECTION('',(0.466796173274,-0.884364931811,0.));
#6560 = DIRECTION('',(0.,0.,1.));
#6561 = ADVANCED_FACE('',(#6562),#6581,.F.);
#6562 = FACE_BOUND('',#6563,.F.);
#6563 = EDGE_LOOP('',(#6564,#6565,#6566,#6572,#6573,#6574));
#6564 = ORIENTED_EDGE('',*,*,#6440,.F.);
#6565 = ORIENTED_EDGE('',*,*,#6486,.T.);
#6566 = ORIENTED_EDGE('',*,*,#6567,.T.);
#6567 = EDGE_CURVE('',#6487,#6542,#6568,.T.);
#6568 = LINE('',#6569,#6570);
#6569 = CARTESIAN_POINT('',(123.57108932484,-470.7659992234,845.));
#6570 = VECTOR('',#6571,1.);
#6571 = DIRECTION('',(0.466796173274,-0.884364931811,0.));
#6572 = ORIENTED_EDGE('',*,*,#6541,.F.);
#6573 = ORIENTED_EDGE('',*,*,#6456,.F.);
#6574 = ORIENTED_EDGE('',*,*,#6575,.F.);
#6575 = EDGE_CURVE('',#6441,#6449,#6576,.T.);
#6576 = CIRCLE('',#6577,45.);
#6577 = AXIS2_PLACEMENT_3D('',#6578,#6579,#6580);
#6578 = CARTESIAN_POINT('',(316.38784067832,-717.9998149518,845.));
#6579 = DIRECTION('',(0.,0.,1.));
#6580 = DIRECTION('',(1.,0.,0.));
#6581 = PLANE('',#6582);
#6582 = AXIS2_PLACEMENT_3D('',#6583,#6584,#6585);
#6583 = CARTESIAN_POINT('',(157.17695673365,-453.027744639,845.));
#6584 = DIRECTION('',(0.,0.,1.));
#6585 = DIRECTION('',(-0.884364931811,-0.466796173274,0.));
#6586 = ADVANCED_FACE('',(#6587),#6606,.T.);
#6587 = FACE_BOUND('',#6588,.T.);
#6588 = EDGE_LOOP('',(#6589,#6598,#6605));
#6589 = ORIENTED_EDGE('',*,*,#6590,.T.);
#6590 = EDGE_CURVE('',#6449,#6591,#6593,.T.);
#6591 = VERTEX_POINT('',#6592);
#6592 = CARTESIAN_POINT('',(361.38784067832,-717.9998149518,845.));
#6593 = CIRCLE('',#6594,45.);
#6594 = AXIS2_PLACEMENT_3D('',#6595,#6596,#6597);
#6595 = CARTESIAN_POINT('',(316.38784067832,-717.9998149518,845.));
#6596 = DIRECTION('',(0.,0.,1.));
#6597 = DIRECTION('',(1.,0.,0.));
#6598 = ORIENTED_EDGE('',*,*,#6599,.T.);
#6599 = EDGE_CURVE('',#6591,#6441,#6600,.T.);
#6600 = CIRCLE('',#6601,45.);
#6601 = AXIS2_PLACEMENT_3D('',#6602,#6603,#6604);
#6602 = CARTESIAN_POINT('',(316.38784067832,-717.9998149518,845.));
#6603 = DIRECTION('',(0.,0.,1.));
#6604 = DIRECTION('',(1.,0.,0.));
#6605 = ORIENTED_EDGE('',*,*,#6448,.T.);
#6606 = PLANE('',#6607);
#6607 = AXIS2_PLACEMENT_3D('',#6608,#6609,#6610);
#6608 = CARTESIAN_POINT('',(316.38784067832,-717.9998149518,845.));
#6609 = DIRECTION('',(0.,0.,1.));
#6610 = DIRECTION('',(1.,0.,0.));
#6611 = ADVANCED_FACE('',(#6612),#6618,.T.);
#6612 = FACE_BOUND('',#6613,.T.);
#6613 = EDGE_LOOP('',(#6614,#6615,#6616,#6617));
#6614 = ORIENTED_EDGE('',*,*,#6503,.F.);
#6615 = ORIENTED_EDGE('',*,*,#6567,.T.);
#6616 = ORIENTED_EDGE('',*,*,#6551,.T.);
#6617 = ORIENTED_EDGE('',*,*,#6519,.F.);
#6618 = PLANE('',#6619);
#6619 = AXIS2_PLACEMENT_3D('',#6620,#6621,#6622);
#6620 = CARTESIAN_POINT('',(123.57108932484,-470.7659992234,845.));
#6621 = DIRECTION('',(-0.884364931811,-0.466796173274,0.));
#6622 = DIRECTION('',(0.,0.,1.));
#6623 = ADVANCED_FACE('',(#6624),#6645,.T.);
#6624 = FACE_BOUND('',#6625,.T.);
#6625 = EDGE_LOOP('',(#6626,#6634,#6635,#6636,#6637,#6638));
#6626 = ORIENTED_EDGE('',*,*,#6627,.T.);
#6627 = EDGE_CURVE('',#6628,#6591,#6630,.T.);
#6628 = VERTEX_POINT('',#6629);
#6629 = CARTESIAN_POINT('',(361.38784067832,-717.9998149518,750.));
#6630 = LINE('',#6631,#6632);
#6631 = CARTESIAN_POINT('',(361.38784067832,-717.9998149518,750.));
#6632 = VECTOR('',#6633,1.);
#6633 = DIRECTION('',(0.,0.,1.));
#6634 = ORIENTED_EDGE('',*,*,#6590,.F.);
#6635 = ORIENTED_EDGE('',*,*,#6575,.F.);
#6636 = ORIENTED_EDGE('',*,*,#6599,.F.);
#6637 = ORIENTED_EDGE('',*,*,#6627,.F.);
#6638 = ORIENTED_EDGE('',*,*,#6639,.T.);
#6639 = EDGE_CURVE('',#6628,#6628,#6640,.T.);
#6640 = CIRCLE('',#6641,45.);
#6641 = AXIS2_PLACEMENT_3D('',#6642,#6643,#6644);
#6642 = CARTESIAN_POINT('',(316.38784067832,-717.9998149518,750.));
#6643 = DIRECTION('',(0.,0.,1.));
#6644 = DIRECTION('',(1.,0.,0.));
#6645 = CYLINDRICAL_SURFACE('',#6646,45.);
#6646 = AXIS2_PLACEMENT_3D('',#6647,#6648,#6649);
#6647 = CARTESIAN_POINT('',(316.38784067832,-717.9998149518,750.));
#6648 = DIRECTION('',(0.,0.,1.));
#6649 = DIRECTION('',(1.,0.,0.));
#6650 = ADVANCED_FACE('',(#6651),#6654,.F.);
#6651 = FACE_BOUND('',#6652,.T.);
#6652 = EDGE_LOOP('',(#6653));
#6653 = ORIENTED_EDGE('',*,*,#6639,.F.);
#6654 = PLANE('',#6655);
#6655 = AXIS2_PLACEMENT_3D('',#6656,#6657,#6658);
#6656 = CARTESIAN_POINT('',(316.38784067832,-717.9998149518,750.));
#6657 = DIRECTION('',(0.,0.,1.));
#6658 = DIRECTION('',(1.,0.,0.));
#6659 = MANIFOLD_SOLID_BREP('',#6660);
#6660 = CLOSED_SHELL('',(#6661,#6701,#6741,#6763,#6785,#6797));
#6661 = ADVANCED_FACE('',(#6662),#6696,.F.);
#6662 = FACE_BOUND('',#6663,.F.);
#6663 = EDGE_LOOP('',(#6664,#6674,#6682,#6690));
#6664 = ORIENTED_EDGE('',*,*,#6665,.F.);
#6665 = EDGE_CURVE('',#6666,#6668,#6670,.T.);
#6666 = VERTEX_POINT('',#6667);
#6667 = CARTESIAN_POINT('',(131.97342044376,-486.684567996,863.));
#6668 = VERTEX_POINT('',#6669);
#6669 = CARTESIAN_POINT('',(131.97342044376,-486.684567996,1.197E+03));
#6670 = LINE('',#6671,#6672);
#6671 = CARTESIAN_POINT('',(131.97342044376,-486.684567996,863.));
#6672 = VECTOR('',#6673,1.);
#6673 = DIRECTION('',(0.,0.,1.));
#6674 = ORIENTED_EDGE('',*,*,#6675,.T.);
#6675 = EDGE_CURVE('',#6666,#6676,#6678,.T.);
#6676 = VERTEX_POINT('',#6677);
#6677 = CARTESIAN_POINT('',(376.57461523915,-950.091792265,863.));
#6678 = LINE('',#6679,#6680);
#6679 = CARTESIAN_POINT('',(131.97342044376,-486.684567996,863.));
#6680 = VECTOR('',#6681,1.);
#6681 = DIRECTION('',(0.466796173274,-0.884364931811,0.));
#6682 = ORIENTED_EDGE('',*,*,#6683,.T.);
#6683 = EDGE_CURVE('',#6676,#6684,#6686,.T.);
#6684 = VERTEX_POINT('',#6685);
#6685 = CARTESIAN_POINT('',(376.57461523915,-950.091792265,1.197E+03));
#6686 = LINE('',#6687,#6688);
#6687 = CARTESIAN_POINT('',(376.57461523915,-950.091792265,863.));
#6688 = VECTOR('',#6689,1.);
#6689 = DIRECTION('',(0.,0.,1.));
#6690 = ORIENTED_EDGE('',*,*,#6691,.F.);
#6691 = EDGE_CURVE('',#6668,#6684,#6692,.T.);
#6692 = LINE('',#6693,#6694);
#6693 = CARTESIAN_POINT('',(131.97342044376,-486.684567996,1.197E+03));
#6694 = VECTOR('',#6695,1.);
#6695 = DIRECTION('',(0.466796173274,-0.884364931811,0.));
#6696 = PLANE('',#6697);
#6697 = AXIS2_PLACEMENT_3D('',#6698,#6699,#6700);
#6698 = CARTESIAN_POINT('',(131.97342044376,-486.684567996,863.));
#6699 = DIRECTION('',(-0.884364931811,-0.466796173274,0.));
#6700 = DIRECTION('',(0.,0.,1.));
#6701 = ADVANCED_FACE('',(#6702),#6736,.T.);
#6702 = FACE_BOUND('',#6703,.T.);
#6703 = EDGE_LOOP('',(#6704,#6714,#6722,#6730));
#6704 = ORIENTED_EDGE('',*,*,#6705,.F.);
#6705 = EDGE_CURVE('',#6706,#6708,#6710,.T.);
#6706 = VERTEX_POINT('',#6707);
#6707 = CARTESIAN_POINT('',(129.32032564833,-488.0849565158,863.));
#6708 = VERTEX_POINT('',#6709);
#6709 = CARTESIAN_POINT('',(129.32032564833,-488.0849565158,1.197E+03));
#6710 = LINE('',#6711,#6712);
#6711 = CARTESIAN_POINT('',(129.32032564833,-488.0849565158,863.));
#6712 = VECTOR('',#6713,1.);
#6713 = DIRECTION('',(0.,0.,1.));
#6714 = ORIENTED_EDGE('',*,*,#6715,.T.);
#6715 = EDGE_CURVE('',#6706,#6716,#6718,.T.);
#6716 = VERTEX_POINT('',#6717);
#6717 = CARTESIAN_POINT('',(373.92152044371,-951.4921807848,863.));
#6718 = LINE('',#6719,#6720);
#6719 = CARTESIAN_POINT('',(129.32032564833,-488.0849565158,863.));
#6720 = VECTOR('',#6721,1.);
#6721 = DIRECTION('',(0.466796173274,-0.884364931811,0.));
#6722 = ORIENTED_EDGE('',*,*,#6723,.T.);
#6723 = EDGE_CURVE('',#6716,#6724,#6726,.T.);
#6724 = VERTEX_POINT('',#6725);
#6725 = CARTESIAN_POINT('',(373.92152044371,-951.4921807848,1.197E+03));
#6726 = LINE('',#6727,#6728);
#6727 = CARTESIAN_POINT('',(373.92152044371,-951.4921807848,863.));
#6728 = VECTOR('',#6729,1.);
#6729 = DIRECTION('',(0.,0.,1.));
#6730 = ORIENTED_EDGE('',*,*,#6731,.F.);
#6731 = EDGE_CURVE('',#6708,#6724,#6732,.T.);
#6732 = LINE('',#6733,#6734);
#6733 = CARTESIAN_POINT('',(129.32032564833,-488.0849565158,1.197E+03));
#6734 = VECTOR('',#6735,1.);
#6735 = DIRECTION('',(0.466796173274,-0.884364931811,0.));
#6736 = PLANE('',#6737);
#6737 = AXIS2_PLACEMENT_3D('',#6738,#6739,#6740);
#6738 = CARTESIAN_POINT('',(129.32032564833,-488.0849565158,863.));
#6739 = DIRECTION('',(-0.884364931811,-0.466796173274,0.));
#6740 = DIRECTION('',(0.,0.,1.));
#6741 = ADVANCED_FACE('',(#6742),#6758,.F.);
#6742 = FACE_BOUND('',#6743,.F.);
#6743 = EDGE_LOOP('',(#6744,#6750,#6751,#6757));
#6744 = ORIENTED_EDGE('',*,*,#6745,.F.);
#6745 = EDGE_CURVE('',#6666,#6706,#6746,.T.);
#6746 = LINE('',#6747,#6748);
#6747 = CARTESIAN_POINT('',(131.97342044376,-486.684567996,863.));
#6748 = VECTOR('',#6749,1.);
#6749 = DIRECTION('',(-0.884364931811,-0.466796173274,0.));
#6750 = ORIENTED_EDGE('',*,*,#6665,.T.);
#6751 = ORIENTED_EDGE('',*,*,#6752,.T.);
#6752 = EDGE_CURVE('',#6668,#6708,#6753,.T.);
#6753 = LINE('',#6754,#6755);
#6754 = CARTESIAN_POINT('',(131.97342044376,-486.684567996,1.197E+03));
#6755 = VECTOR('',#6756,1.);
#6756 = DIRECTION('',(-0.884364931811,-0.466796173274,0.));
#6757 = ORIENTED_EDGE('',*,*,#6705,.F.);
#6758 = PLANE('',#6759);
#6759 = AXIS2_PLACEMENT_3D('',#6760,#6761,#6762);
#6760 = CARTESIAN_POINT('',(131.97342044376,-486.684567996,863.));
#6761 = DIRECTION('',(0.466796173274,-0.884364931811,0.));
#6762 = DIRECTION('',(0.,0.,1.));
#6763 = ADVANCED_FACE('',(#6764),#6780,.T.);
#6764 = FACE_BOUND('',#6765,.T.);
#6765 = EDGE_LOOP('',(#6766,#6772,#6773,#6779));
#6766 = ORIENTED_EDGE('',*,*,#6767,.F.);
#6767 = EDGE_CURVE('',#6676,#6716,#6768,.T.);
#6768 = LINE('',#6769,#6770);
#6769 = CARTESIAN_POINT('',(376.57461523915,-950.091792265,863.));
#6770 = VECTOR('',#6771,1.);
#6771 = DIRECTION('',(-0.884364931811,-0.466796173274,0.));
#6772 = ORIENTED_EDGE('',*,*,#6683,.T.);
#6773 = ORIENTED_EDGE('',*,*,#6774,.T.);
#6774 = EDGE_CURVE('',#6684,#6724,#6775,.T.);
#6775 = LINE('',#6776,#6777);
#6776 = CARTESIAN_POINT('',(376.57461523915,-950.091792265,1.197E+03));
#6777 = VECTOR('',#6778,1.);
#6778 = DIRECTION('',(-0.884364931811,-0.466796173274,0.));
#6779 = ORIENTED_EDGE('',*,*,#6723,.F.);
#6780 = PLANE('',#6781);
#6781 = AXIS2_PLACEMENT_3D('',#6782,#6783,#6784);
#6782 = CARTESIAN_POINT('',(376.57461523915,-950.091792265,863.));
#6783 = DIRECTION('',(0.466796173274,-0.884364931811,0.));
#6784 = DIRECTION('',(0.,0.,1.));
#6785 = ADVANCED_FACE('',(#6786),#6792,.F.);
#6786 = FACE_BOUND('',#6787,.F.);
#6787 = EDGE_LOOP('',(#6788,#6789,#6790,#6791));
#6788 = ORIENTED_EDGE('',*,*,#6675,.F.);
#6789 = ORIENTED_EDGE('',*,*,#6745,.T.);
#6790 = ORIENTED_EDGE('',*,*,#6715,.T.);
#6791 = ORIENTED_EDGE('',*,*,#6767,.F.);
#6792 = PLANE('',#6793);
#6793 = AXIS2_PLACEMENT_3D('',#6794,#6795,#6796);
#6794 = CARTESIAN_POINT('',(131.97342044376,-486.684567996,863.));
#6795 = DIRECTION('',(0.,0.,1.));
#6796 = DIRECTION('',(-0.884364931811,-0.466796173274,0.));
#6797 = ADVANCED_FACE('',(#6798),#6804,.T.);
#6798 = FACE_BOUND('',#6799,.T.);
#6799 = EDGE_LOOP('',(#6800,#6801,#6802,#6803));
#6800 = ORIENTED_EDGE('',*,*,#6691,.F.);
#6801 = ORIENTED_EDGE('',*,*,#6752,.T.);
#6802 = ORIENTED_EDGE('',*,*,#6731,.T.);
#6803 = ORIENTED_EDGE('',*,*,#6774,.F.);
#6804 = PLANE('',#6805);
#6805 = AXIS2_PLACEMENT_3D('',#6806,#6807,#6808);
#6806 = CARTESIAN_POINT('',(131.97342044376,-486.684567996,1.197E+03));
#6807 = DIRECTION('',(0.,0.,1.));
#6808 = DIRECTION('',(-0.884364931811,-0.466796173274,0.));
#6809 = MANIFOLD_SOLID_BREP('',#6810);
#6810 = CLOSED_SHELL('',(#6811,#6867,#6898,#6922,#6946,#6971,#6996,#7008
    ,#7035));
#6811 = ADVANCED_FACE('',(#6812),#6862,.F.);
#6812 = FACE_BOUND('',#6813,.F.);
#6813 = EDGE_LOOP('',(#6814,#6824,#6832,#6840,#6848,#6856));
#6814 = ORIENTED_EDGE('',*,*,#6815,.F.);
#6815 = EDGE_CURVE('',#6816,#6818,#6820,.T.);
#6816 = VERTEX_POINT('',#6817);
#6817 = CARTESIAN_POINT('',(-1.030519140772E+03,-111.6327029169,845.));
#6818 = VERTEX_POINT('',#6819);
#6819 = CARTESIAN_POINT('',(-1.030519140772E+03,-111.6327029169,
    1.215E+03));
#6820 = LINE('',#6821,#6822);
#6821 = CARTESIAN_POINT('',(-1.030519140772E+03,-111.6327029169,845.));
#6822 = VECTOR('',#6823,1.);
#6823 = DIRECTION('',(0.,0.,1.));
#6824 = ORIENTED_EDGE('',*,*,#6825,.T.);
#6825 = EDGE_CURVE('',#6816,#6826,#6828,.T.);
#6826 = VERTEX_POINT('',#6827);
#6827 = CARTESIAN_POINT('',(-820.9402860309,-103.6786771401,845.));
#6828 = LINE('',#6829,#6830);
#6829 = CARTESIAN_POINT('',(-1.030519140772E+03,-111.6327029169,845.));
#6830 = VECTOR('',#6831,1.);
#6831 = DIRECTION('',(0.999280583801,3.792512146117E-02,0.));
#6832 = ORIENTED_EDGE('',*,*,#6833,.T.);
#6833 = EDGE_CURVE('',#6826,#6834,#6836,.T.);
#6834 = VERTEX_POINT('',#6835);
#6835 = CARTESIAN_POINT('',(-737.7617210683,-100.5218488876,845.));
#6836 = LINE('',#6837,#6838);
#6837 = CARTESIAN_POINT('',(-1.030519140772E+03,-111.6327029169,845.));
#6838 = VECTOR('',#6839,1.);
#6839 = DIRECTION('',(0.999280583801,3.792512146117E-02,0.));
#6840 = ORIENTED_EDGE('',*,*,#6841,.T.);
#6841 = EDGE_CURVE('',#6834,#6842,#6844,.T.);
#6842 = VERTEX_POINT('',#6843);
#6843 = CARTESIAN_POINT('',(-470.9220138434,-90.39463489864,845.));
#6844 = LINE('',#6845,#6846);
#6845 = CARTESIAN_POINT('',(-1.030519140772E+03,-111.6327029169,845.));
#6846 = VECTOR('',#6847,1.);
#6847 = DIRECTION('',(0.999280583801,3.792512146117E-02,0.));
#6848 = ORIENTED_EDGE('',*,*,#6849,.T.);
#6849 = EDGE_CURVE('',#6842,#6850,#6852,.T.);
#6850 = VERTEX_POINT('',#6851);
#6851 = CARTESIAN_POINT('',(-470.9220138434,-90.39463489864,1.215E+03));
#6852 = LINE('',#6853,#6854);
#6853 = CARTESIAN_POINT('',(-470.9220138434,-90.39463489864,845.));
#6854 = VECTOR('',#6855,1.);
#6855 = DIRECTION('',(0.,0.,1.));
#6856 = ORIENTED_EDGE('',*,*,#6857,.F.);
#6857 = EDGE_CURVE('',#6818,#6850,#6858,.T.);
#6858 = LINE('',#6859,#6860);
#6859 = CARTESIAN_POINT('',(-1.030519140772E+03,-111.6327029169,
    1.215E+03));
#6860 = VECTOR('',#6861,1.);
#6861 = DIRECTION('',(0.999280583801,3.792512146117E-02,0.));
#6862 = PLANE('',#6863);
#6863 = AXIS2_PLACEMENT_3D('',#6864,#6865,#6866);
#6864 = CARTESIAN_POINT('',(-1.030519140772E+03,-111.6327029169,845.));
#6865 = DIRECTION('',(3.792512146117E-02,-0.999280583801,0.));
#6866 = DIRECTION('',(0.,0.,1.));
#6867 = ADVANCED_FACE('',(#6868),#6893,.F.);
#6868 = FACE_BOUND('',#6869,.F.);
#6869 = EDGE_LOOP('',(#6870,#6878,#6879,#6887));
#6870 = ORIENTED_EDGE('',*,*,#6871,.F.);
#6871 = EDGE_CURVE('',#6816,#6872,#6874,.T.);
#6872 = VERTEX_POINT('',#6873);
#6873 = CARTESIAN_POINT('',(-1.029077986157E+03,-149.6053651013,845.));
#6874 = LINE('',#6875,#6876);
#6875 = CARTESIAN_POINT('',(-1.030519140772E+03,-111.6327029169,845.));
#6876 = VECTOR('',#6877,1.);
#6877 = DIRECTION('',(3.792512146117E-02,-0.999280583801,0.));
#6878 = ORIENTED_EDGE('',*,*,#6815,.T.);
#6879 = ORIENTED_EDGE('',*,*,#6880,.T.);
#6880 = EDGE_CURVE('',#6818,#6881,#6883,.T.);
#6881 = VERTEX_POINT('',#6882);
#6882 = CARTESIAN_POINT('',(-1.029077986157E+03,-149.6053651013,
    1.215E+03));
#6883 = LINE('',#6884,#6885);
#6884 = CARTESIAN_POINT('',(-1.030519140772E+03,-111.6327029169,
    1.215E+03));
#6885 = VECTOR('',#6886,1.);
#6886 = DIRECTION('',(3.792512146117E-02,-0.999280583801,0.));
#6887 = ORIENTED_EDGE('',*,*,#6888,.F.);
#6888 = EDGE_CURVE('',#6872,#6881,#6889,.T.);
#6889 = LINE('',#6890,#6891);
#6890 = CARTESIAN_POINT('',(-1.029077986157E+03,-149.6053651013,845.));
#6891 = VECTOR('',#6892,1.);
#6892 = DIRECTION('',(0.,0.,1.));
#6893 = PLANE('',#6894);
#6894 = AXIS2_PLACEMENT_3D('',#6895,#6896,#6897);
#6895 = CARTESIAN_POINT('',(-1.030519140772E+03,-111.6327029169,845.));
#6896 = DIRECTION('',(0.999280583801,3.792512146117E-02,0.));
#6897 = DIRECTION('',(0.,0.,1.));
#6898 = ADVANCED_FACE('',(#6899),#6917,.T.);
#6899 = FACE_BOUND('',#6900,.T.);
#6900 = EDGE_LOOP('',(#6901,#6902,#6903,#6911));
#6901 = ORIENTED_EDGE('',*,*,#6857,.F.);
#6902 = ORIENTED_EDGE('',*,*,#6880,.T.);
#6903 = ORIENTED_EDGE('',*,*,#6904,.T.);
#6904 = EDGE_CURVE('',#6881,#6905,#6907,.T.);
#6905 = VERTEX_POINT('',#6906);
#6906 = CARTESIAN_POINT('',(-469.4808592278,-128.367297083,1.215E+03));
#6907 = LINE('',#6908,#6909);
#6908 = CARTESIAN_POINT('',(-1.029077986157E+03,-149.6053651013,
    1.215E+03));
#6909 = VECTOR('',#6910,1.);
#6910 = DIRECTION('',(0.999280583801,3.792512146117E-02,0.));
#6911 = ORIENTED_EDGE('',*,*,#6912,.F.);
#6912 = EDGE_CURVE('',#6850,#6905,#6913,.T.);
#6913 = LINE('',#6914,#6915);
#6914 = CARTESIAN_POINT('',(-470.9220138434,-90.39463489864,1.215E+03));
#6915 = VECTOR('',#6916,1.);
#6916 = DIRECTION('',(3.792512146117E-02,-0.999280583801,0.));
#6917 = PLANE('',#6918);
#6918 = AXIS2_PLACEMENT_3D('',#6919,#6920,#6921);
#6919 = CARTESIAN_POINT('',(-1.030519140772E+03,-111.6327029169,
    1.215E+03));
#6920 = DIRECTION('',(0.,0.,1.));
#6921 = DIRECTION('',(3.792512146117E-02,-0.999280583801,0.));
#6922 = ADVANCED_FACE('',(#6923),#6941,.T.);
#6923 = FACE_BOUND('',#6924,.T.);
#6924 = EDGE_LOOP('',(#6925,#6933,#6934,#6935));
#6925 = ORIENTED_EDGE('',*,*,#6926,.F.);
#6926 = EDGE_CURVE('',#6842,#6927,#6929,.T.);
#6927 = VERTEX_POINT('',#6928);
#6928 = CARTESIAN_POINT('',(-469.4808592278,-128.367297083,845.));
#6929 = LINE('',#6930,#6931);
#6930 = CARTESIAN_POINT('',(-470.9220138434,-90.39463489864,845.));
#6931 = VECTOR('',#6932,1.);
#6932 = DIRECTION('',(3.792512146117E-02,-0.999280583801,0.));
#6933 = ORIENTED_EDGE('',*,*,#6849,.T.);
#6934 = ORIENTED_EDGE('',*,*,#6912,.T.);
#6935 = ORIENTED_EDGE('',*,*,#6936,.F.);
#6936 = EDGE_CURVE('',#6927,#6905,#6937,.T.);
#6937 = LINE('',#6938,#6939);
#6938 = CARTESIAN_POINT('',(-469.4808592278,-128.367297083,845.));
#6939 = VECTOR('',#6940,1.);
#6940 = DIRECTION('',(0.,0.,1.));
#6941 = PLANE('',#6942);
#6942 = AXIS2_PLACEMENT_3D('',#6943,#6944,#6945);
#6943 = CARTESIAN_POINT('',(-470.9220138434,-90.39463489864,845.));
#6944 = DIRECTION('',(0.999280583801,3.792512146117E-02,0.));
#6945 = DIRECTION('',(0.,0.,1.));
#6946 = ADVANCED_FACE('',(#6947),#6966,.F.);
#6947 = FACE_BOUND('',#6948,.F.);
#6948 = EDGE_LOOP('',(#6949,#6950,#6951,#6957,#6958,#6959));
#6949 = ORIENTED_EDGE('',*,*,#6825,.F.);
#6950 = ORIENTED_EDGE('',*,*,#6871,.T.);
#6951 = ORIENTED_EDGE('',*,*,#6952,.T.);
#6952 = EDGE_CURVE('',#6872,#6927,#6953,.T.);
#6953 = LINE('',#6954,#6955);
#6954 = CARTESIAN_POINT('',(-1.029077986157E+03,-149.6053651013,845.));
#6955 = VECTOR('',#6956,1.);
#6956 = DIRECTION('',(0.999280583801,3.792512146117E-02,0.));
#6957 = ORIENTED_EDGE('',*,*,#6926,.F.);
#6958 = ORIENTED_EDGE('',*,*,#6841,.F.);
#6959 = ORIENTED_EDGE('',*,*,#6960,.F.);
#6960 = EDGE_CURVE('',#6826,#6834,#6961,.T.);
#6961 = CIRCLE('',#6962,45.);
#6962 = AXIS2_PLACEMENT_3D('',#6963,#6964,#6965);
#6963 = CARTESIAN_POINT('',(-780.,-85.,845.));
#6964 = DIRECTION('',(0.,0.,1.));
#6965 = DIRECTION('',(1.,0.,0.));
#6966 = PLANE('',#6967);
#6967 = AXIS2_PLACEMENT_3D('',#6968,#6969,#6970);
#6968 = CARTESIAN_POINT('',(-1.030519140772E+03,-111.6327029169,845.));
#6969 = DIRECTION('',(0.,0.,1.));
#6970 = DIRECTION('',(3.792512146117E-02,-0.999280583801,0.));
#6971 = ADVANCED_FACE('',(#6972),#6991,.T.);
#6972 = FACE_BOUND('',#6973,.T.);
#6973 = EDGE_LOOP('',(#6974,#6983,#6990));
#6974 = ORIENTED_EDGE('',*,*,#6975,.T.);
#6975 = EDGE_CURVE('',#6834,#6976,#6978,.T.);
#6976 = VERTEX_POINT('',#6977);
#6977 = CARTESIAN_POINT('',(-735.,-85.,845.));
#6978 = CIRCLE('',#6979,45.);
#6979 = AXIS2_PLACEMENT_3D('',#6980,#6981,#6982);
#6980 = CARTESIAN_POINT('',(-780.,-85.,845.));
#6981 = DIRECTION('',(0.,0.,1.));
#6982 = DIRECTION('',(1.,0.,0.));
#6983 = ORIENTED_EDGE('',*,*,#6984,.T.);
#6984 = EDGE_CURVE('',#6976,#6826,#6985,.T.);
#6985 = CIRCLE('',#6986,45.);
#6986 = AXIS2_PLACEMENT_3D('',#6987,#6988,#6989);
#6987 = CARTESIAN_POINT('',(-780.,-85.,845.));
#6988 = DIRECTION('',(0.,0.,1.));
#6989 = DIRECTION('',(1.,0.,0.));
#6990 = ORIENTED_EDGE('',*,*,#6833,.T.);
#6991 = PLANE('',#6992);
#6992 = AXIS2_PLACEMENT_3D('',#6993,#6994,#6995);
#6993 = CARTESIAN_POINT('',(-780.,-85.,845.));
#6994 = DIRECTION('',(0.,0.,1.));
#6995 = DIRECTION('',(1.,0.,0.));
#6996 = ADVANCED_FACE('',(#6997),#7003,.T.);
#6997 = FACE_BOUND('',#6998,.T.);
#6998 = EDGE_LOOP('',(#6999,#7000,#7001,#7002));
#6999 = ORIENTED_EDGE('',*,*,#6888,.F.);
#7000 = ORIENTED_EDGE('',*,*,#6952,.T.);
#7001 = ORIENTED_EDGE('',*,*,#6936,.T.);
#7002 = ORIENTED_EDGE('',*,*,#6904,.F.);
#7003 = PLANE('',#7004);
#7004 = AXIS2_PLACEMENT_3D('',#7005,#7006,#7007);
#7005 = CARTESIAN_POINT('',(-1.029077986157E+03,-149.6053651013,845.));
#7006 = DIRECTION('',(3.792512146117E-02,-0.999280583801,0.));
#7007 = DIRECTION('',(0.,0.,1.));
#7008 = ADVANCED_FACE('',(#7009),#7030,.T.);
#7009 = FACE_BOUND('',#7010,.T.);
#7010 = EDGE_LOOP('',(#7011,#7019,#7020,#7021,#7022,#7023));
#7011 = ORIENTED_EDGE('',*,*,#7012,.T.);
#7012 = EDGE_CURVE('',#7013,#6976,#7015,.T.);
#7013 = VERTEX_POINT('',#7014);
#7014 = CARTESIAN_POINT('',(-735.,-85.,750.));
#7015 = LINE('',#7016,#7017);
#7016 = CARTESIAN_POINT('',(-735.,-85.,750.));
#7017 = VECTOR('',#7018,1.);
#7018 = DIRECTION('',(0.,0.,1.));
#7019 = ORIENTED_EDGE('',*,*,#6975,.F.);
#7020 = ORIENTED_EDGE('',*,*,#6960,.F.);
#7021 = ORIENTED_EDGE('',*,*,#6984,.F.);
#7022 = ORIENTED_EDGE('',*,*,#7012,.F.);
#7023 = ORIENTED_EDGE('',*,*,#7024,.T.);
#7024 = EDGE_CURVE('',#7013,#7013,#7025,.T.);
#7025 = CIRCLE('',#7026,45.);
#7026 = AXIS2_PLACEMENT_3D('',#7027,#7028,#7029);
#7027 = CARTESIAN_POINT('',(-780.,-85.,750.));
#7028 = DIRECTION('',(0.,0.,1.));
#7029 = DIRECTION('',(1.,0.,0.));
#7030 = CYLINDRICAL_SURFACE('',#7031,45.);
#7031 = AXIS2_PLACEMENT_3D('',#7032,#7033,#7034);
#7032 = CARTESIAN_POINT('',(-780.,-85.,750.));
#7033 = DIRECTION('',(0.,0.,1.));
#7034 = DIRECTION('',(1.,0.,0.));
#7035 = ADVANCED_FACE('',(#7036),#7039,.F.);
#7036 = FACE_BOUND('',#7037,.T.);
#7037 = EDGE_LOOP('',(#7038));
#7038 = ORIENTED_EDGE('',*,*,#7024,.F.);
#7039 = PLANE('',#7040);
#7040 = AXIS2_PLACEMENT_3D('',#7041,#7042,#7043);
#7041 = CARTESIAN_POINT('',(-780.,-85.,750.));
#7042 = DIRECTION('',(0.,0.,1.));
#7043 = DIRECTION('',(1.,0.,0.));
#7044 = MANIFOLD_SOLID_BREP('',#7045);
#7045 = CLOSED_SHELL('',(#7046,#7086,#7126,#7148,#7170,#7182));
#7046 = ADVANCED_FACE('',(#7047),#7081,.F.);
#7047 = FACE_BOUND('',#7048,.F.);
#7048 = EDGE_LOOP('',(#7049,#7059,#7067,#7075));
#7049 = ORIENTED_EDGE('',*,*,#7050,.F.);
#7050 = EDGE_CURVE('',#7051,#7053,#7055,.T.);
#7051 = VERTEX_POINT('',#7052);
#7052 = CARTESIAN_POINT('',(-1.011090935648E+03,-148.922712915,863.));
#7053 = VERTEX_POINT('',#7054);
#7054 = CARTESIAN_POINT('',(-1.011090935648E+03,-148.922712915,1.197E+03
    ));
#7055 = LINE('',#7056,#7057);
#7056 = CARTESIAN_POINT('',(-1.011090935648E+03,-148.922712915,863.));
#7057 = VECTOR('',#7058,1.);
#7058 = DIRECTION('',(0.,0.,1.));
#7059 = ORIENTED_EDGE('',*,*,#7060,.T.);
#7060 = EDGE_CURVE('',#7051,#7061,#7063,.T.);
#7061 = VERTEX_POINT('',#7062);
#7062 = CARTESIAN_POINT('',(-487.4679097363,-129.0499492693,863.));
#7063 = LINE('',#7064,#7065);
#7064 = CARTESIAN_POINT('',(-1.011090935648E+03,-148.922712915,863.));
#7065 = VECTOR('',#7066,1.);
#7066 = DIRECTION('',(0.999280583801,3.792512146117E-02,0.));
#7067 = ORIENTED_EDGE('',*,*,#7068,.T.);
#7068 = EDGE_CURVE('',#7061,#7069,#7071,.T.);
#7069 = VERTEX_POINT('',#7070);
#7070 = CARTESIAN_POINT('',(-487.4679097363,-129.0499492693,1.197E+03));
#7071 = LINE('',#7072,#7073);
#7072 = CARTESIAN_POINT('',(-487.4679097363,-129.0499492693,863.));
#7073 = VECTOR('',#7074,1.);
#7074 = DIRECTION('',(0.,0.,1.));
#7075 = ORIENTED_EDGE('',*,*,#7076,.F.);
#7076 = EDGE_CURVE('',#7053,#7069,#7077,.T.);
#7077 = LINE('',#7078,#7079);
#7078 = CARTESIAN_POINT('',(-1.011090935648E+03,-148.922712915,1.197E+03
    ));
#7079 = VECTOR('',#7080,1.);
#7080 = DIRECTION('',(0.999280583801,3.792512146117E-02,0.));
#7081 = PLANE('',#7082);
#7082 = AXIS2_PLACEMENT_3D('',#7083,#7084,#7085);
#7083 = CARTESIAN_POINT('',(-1.011090935648E+03,-148.922712915,863.));
#7084 = DIRECTION('',(3.792512146117E-02,-0.999280583801,0.));
#7085 = DIRECTION('',(0.,0.,1.));
#7086 = ADVANCED_FACE('',(#7087),#7121,.T.);
#7087 = FACE_BOUND('',#7088,.T.);
#7088 = EDGE_LOOP('',(#7089,#7099,#7107,#7115));
#7089 = ORIENTED_EDGE('',*,*,#7090,.F.);
#7090 = EDGE_CURVE('',#7091,#7093,#7095,.T.);
#7091 = VERTEX_POINT('',#7092);
#7092 = CARTESIAN_POINT('',(-1.010977160284E+03,-151.9205546664,863.));
#7093 = VERTEX_POINT('',#7094);
#7094 = CARTESIAN_POINT('',(-1.010977160284E+03,-151.9205546664,
    1.197E+03));
#7095 = LINE('',#7096,#7097);
#7096 = CARTESIAN_POINT('',(-1.010977160284E+03,-151.9205546664,863.));
#7097 = VECTOR('',#7098,1.);
#7098 = DIRECTION('',(0.,0.,1.));
#7099 = ORIENTED_EDGE('',*,*,#7100,.T.);
#7100 = EDGE_CURVE('',#7091,#7101,#7103,.T.);
#7101 = VERTEX_POINT('',#7102);
#7102 = CARTESIAN_POINT('',(-487.3541343719,-132.0477910208,863.));
#7103 = LINE('',#7104,#7105);
#7104 = CARTESIAN_POINT('',(-1.010977160284E+03,-151.9205546664,863.));
#7105 = VECTOR('',#7106,1.);
#7106 = DIRECTION('',(0.999280583801,3.792512146117E-02,0.));
#7107 = ORIENTED_EDGE('',*,*,#7108,.T.);
#7108 = EDGE_CURVE('',#7101,#7109,#7111,.T.);
#7109 = VERTEX_POINT('',#7110);
#7110 = CARTESIAN_POINT('',(-487.3541343719,-132.0477910208,1.197E+03));
#7111 = LINE('',#7112,#7113);
#7112 = CARTESIAN_POINT('',(-487.3541343719,-132.0477910208,863.));
#7113 = VECTOR('',#7114,1.);
#7114 = DIRECTION('',(0.,0.,1.));
#7115 = ORIENTED_EDGE('',*,*,#7116,.F.);
#7116 = EDGE_CURVE('',#7093,#7109,#7117,.T.);
#7117 = LINE('',#7118,#7119);
#7118 = CARTESIAN_POINT('',(-1.010977160284E+03,-151.9205546664,
    1.197E+03));
#7119 = VECTOR('',#7120,1.);
#7120 = DIRECTION('',(0.999280583801,3.792512146117E-02,0.));
#7121 = PLANE('',#7122);
#7122 = AXIS2_PLACEMENT_3D('',#7123,#7124,#7125);
#7123 = CARTESIAN_POINT('',(-1.010977160284E+03,-151.9205546664,863.));
#7124 = DIRECTION('',(3.792512146117E-02,-0.999280583801,0.));
#7125 = DIRECTION('',(0.,0.,1.));
#7126 = ADVANCED_FACE('',(#7127),#7143,.F.);
#7127 = FACE_BOUND('',#7128,.F.);
#7128 = EDGE_LOOP('',(#7129,#7135,#7136,#7142));
#7129 = ORIENTED_EDGE('',*,*,#7130,.F.);
#7130 = EDGE_CURVE('',#7051,#7091,#7131,.T.);
#7131 = LINE('',#7132,#7133);
#7132 = CARTESIAN_POINT('',(-1.011090935648E+03,-148.922712915,863.));
#7133 = VECTOR('',#7134,1.);
#7134 = DIRECTION('',(3.792512146117E-02,-0.999280583801,0.));
#7135 = ORIENTED_EDGE('',*,*,#7050,.T.);
#7136 = ORIENTED_EDGE('',*,*,#7137,.T.);
#7137 = EDGE_CURVE('',#7053,#7093,#7138,.T.);
#7138 = LINE('',#7139,#7140);
#7139 = CARTESIAN_POINT('',(-1.011090935648E+03,-148.922712915,1.197E+03
    ));
#7140 = VECTOR('',#7141,1.);
#7141 = DIRECTION('',(3.792512146117E-02,-0.999280583801,0.));
#7142 = ORIENTED_EDGE('',*,*,#7090,.F.);
#7143 = PLANE('',#7144);
#7144 = AXIS2_PLACEMENT_3D('',#7145,#7146,#7147);
#7145 = CARTESIAN_POINT('',(-1.011090935648E+03,-148.922712915,863.));
#7146 = DIRECTION('',(0.999280583801,3.792512146117E-02,0.));
#7147 = DIRECTION('',(0.,0.,1.));
#7148 = ADVANCED_FACE('',(#7149),#7165,.T.);
#7149 = FACE_BOUND('',#7150,.T.);
#7150 = EDGE_LOOP('',(#7151,#7157,#7158,#7164));
#7151 = ORIENTED_EDGE('',*,*,#7152,.F.);
#7152 = EDGE_CURVE('',#7061,#7101,#7153,.T.);
#7153 = LINE('',#7154,#7155);
#7154 = CARTESIAN_POINT('',(-487.4679097363,-129.0499492693,863.));
#7155 = VECTOR('',#7156,1.);
#7156 = DIRECTION('',(3.792512146117E-02,-0.999280583801,0.));
#7157 = ORIENTED_EDGE('',*,*,#7068,.T.);
#7158 = ORIENTED_EDGE('',*,*,#7159,.T.);
#7159 = EDGE_CURVE('',#7069,#7109,#7160,.T.);
#7160 = LINE('',#7161,#7162);
#7161 = CARTESIAN_POINT('',(-487.4679097363,-129.0499492693,1.197E+03));
#7162 = VECTOR('',#7163,1.);
#7163 = DIRECTION('',(3.792512146117E-02,-0.999280583801,0.));
#7164 = ORIENTED_EDGE('',*,*,#7108,.F.);
#7165 = PLANE('',#7166);
#7166 = AXIS2_PLACEMENT_3D('',#7167,#7168,#7169);
#7167 = CARTESIAN_POINT('',(-487.4679097363,-129.0499492693,863.));
#7168 = DIRECTION('',(0.999280583801,3.792512146117E-02,0.));
#7169 = DIRECTION('',(0.,0.,1.));
#7170 = ADVANCED_FACE('',(#7171),#7177,.F.);
#7171 = FACE_BOUND('',#7172,.F.);
#7172 = EDGE_LOOP('',(#7173,#7174,#7175,#7176));
#7173 = ORIENTED_EDGE('',*,*,#7060,.F.);
#7174 = ORIENTED_EDGE('',*,*,#7130,.T.);
#7175 = ORIENTED_EDGE('',*,*,#7100,.T.);
#7176 = ORIENTED_EDGE('',*,*,#7152,.F.);
#7177 = PLANE('',#7178);
#7178 = AXIS2_PLACEMENT_3D('',#7179,#7180,#7181);
#7179 = CARTESIAN_POINT('',(-1.011090935648E+03,-148.922712915,863.));
#7180 = DIRECTION('',(0.,0.,1.));
#7181 = DIRECTION('',(3.792512146117E-02,-0.999280583801,0.));
#7182 = ADVANCED_FACE('',(#7183),#7189,.T.);
#7183 = FACE_BOUND('',#7184,.T.);
#7184 = EDGE_LOOP('',(#7185,#7186,#7187,#7188));
#7185 = ORIENTED_EDGE('',*,*,#7076,.F.);
#7186 = ORIENTED_EDGE('',*,*,#7137,.T.);
#7187 = ORIENTED_EDGE('',*,*,#7116,.T.);
#7188 = ORIENTED_EDGE('',*,*,#7159,.F.);
#7189 = PLANE('',#7190);
#7190 = AXIS2_PLACEMENT_3D('',#7191,#7192,#7193);
#7191 = CARTESIAN_POINT('',(-1.011090935648E+03,-148.922712915,1.197E+03
    ));
#7192 = DIRECTION('',(0.,0.,1.));
#7193 = DIRECTION('',(3.792512146117E-02,-0.999280583801,0.));
#7194 = MANIFOLD_SOLID_BREP('',#7195);
#7195 = CLOSED_SHELL('',(#7196,#7236,#7267,#7298,#7329,#7360,#7382,#7396
    ));
#7196 = ADVANCED_FACE('',(#7197),#7231,.F.);
#7197 = FACE_BOUND('',#7198,.F.);
#7198 = EDGE_LOOP('',(#7199,#7209,#7217,#7225));
#7199 = ORIENTED_EDGE('',*,*,#7200,.T.);
#7200 = EDGE_CURVE('',#7201,#7203,#7205,.T.);
#7201 = VERTEX_POINT('',#7202);
#7202 = CARTESIAN_POINT('',(-779.4228634059,-550.,1.901E+03));
#7203 = VERTEX_POINT('',#7204);
#7204 = CARTESIAN_POINT('',(-779.4228634059,-550.,1.941E+03));
#7205 = LINE('',#7206,#7207);
#7206 = CARTESIAN_POINT('',(-779.4228634059,-550.,1.901E+03));
#7207 = VECTOR('',#7208,1.);
#7208 = DIRECTION('',(0.,0.,1.));
#7209 = ORIENTED_EDGE('',*,*,#7210,.T.);
#7210 = EDGE_CURVE('',#7203,#7211,#7213,.T.);
#7211 = VERTEX_POINT('',#7212);
#7212 = CARTESIAN_POINT('',(-86.60254037844,-950.,1.941E+03));
#7213 = LINE('',#7214,#7215);
#7214 = CARTESIAN_POINT('',(-779.4228634059,-550.,1.941E+03));
#7215 = VECTOR('',#7216,1.);
#7216 = DIRECTION('',(0.866025403784,-0.5,0.));
#7217 = ORIENTED_EDGE('',*,*,#7218,.F.);
#7218 = EDGE_CURVE('',#7219,#7211,#7221,.T.);
#7219 = VERTEX_POINT('',#7220);
#7220 = CARTESIAN_POINT('',(-86.60254037844,-950.,1.901E+03));
#7221 = LINE('',#7222,#7223);
#7222 = CARTESIAN_POINT('',(-86.60254037844,-950.,1.901E+03));
#7223 = VECTOR('',#7224,1.);
#7224 = DIRECTION('',(0.,0.,1.));
#7225 = ORIENTED_EDGE('',*,*,#7226,.F.);
#7226 = EDGE_CURVE('',#7201,#7219,#7227,.T.);
#7227 = LINE('',#7228,#7229);
#7228 = CARTESIAN_POINT('',(-779.4228634059,-550.,1.901E+03));
#7229 = VECTOR('',#7230,1.);
#7230 = DIRECTION('',(0.866025403784,-0.5,0.));
#7231 = PLANE('',#7232);
#7232 = AXIS2_PLACEMENT_3D('',#7233,#7234,#7235);
#7233 = CARTESIAN_POINT('',(-779.4228634059,-550.,1.901E+03));
#7234 = DIRECTION('',(0.5,0.866025403784,0.));
#7235 = DIRECTION('',(0.866025403784,-0.5,0.));
#7236 = ADVANCED_FACE('',(#7237),#7262,.F.);
#7237 = FACE_BOUND('',#7238,.F.);
#7238 = EDGE_LOOP('',(#7239,#7240,#7248,#7256));
#7239 = ORIENTED_EDGE('',*,*,#7218,.T.);
#7240 = ORIENTED_EDGE('',*,*,#7241,.T.);
#7241 = EDGE_CURVE('',#7211,#7242,#7244,.T.);
#7242 = VERTEX_POINT('',#7243);
#7243 = CARTESIAN_POINT('',(866.02540378443,-400.,1.941E+03));
#7244 = LINE('',#7245,#7246);
#7245 = CARTESIAN_POINT('',(-86.60254037844,-950.,1.941E+03));
#7246 = VECTOR('',#7247,1.);
#7247 = DIRECTION('',(0.866025403784,0.5,0.));
#7248 = ORIENTED_EDGE('',*,*,#7249,.F.);
#7249 = EDGE_CURVE('',#7250,#7242,#7252,.T.);
#7250 = VERTEX_POINT('',#7251);
#7251 = CARTESIAN_POINT('',(866.02540378443,-400.,1.901E+03));
#7252 = LINE('',#7253,#7254);
#7253 = CARTESIAN_POINT('',(866.02540378443,-400.,1.901E+03));
#7254 = VECTOR('',#7255,1.);
#7255 = DIRECTION('',(0.,0.,1.));
#7256 = ORIENTED_EDGE('',*,*,#7257,.F.);
#7257 = EDGE_CURVE('',#7219,#7250,#7258,.T.);
#7258 = LINE('',#7259,#7260);
#7259 = CARTESIAN_POINT('',(-86.60254037844,-950.,1.901E+03));
#7260 = VECTOR('',#7261,1.);
#7261 = DIRECTION('',(0.866025403784,0.5,0.));
#7262 = PLANE('',#7263);
#7263 = AXIS2_PLACEMENT_3D('',#7264,#7265,#7266);
#7264 = CARTESIAN_POINT('',(-86.60254037844,-950.,1.901E+03));
#7265 = DIRECTION('',(-0.5,0.866025403784,0.));
#7266 = DIRECTION('',(0.866025403784,0.5,0.));
#7267 = ADVANCED_FACE('',(#7268),#7293,.F.);
#7268 = FACE_BOUND('',#7269,.F.);
#7269 = EDGE_LOOP('',(#7270,#7271,#7279,#7287));
#7270 = ORIENTED_EDGE('',*,*,#7249,.T.);
#7271 = ORIENTED_EDGE('',*,*,#7272,.T.);
#7272 = EDGE_CURVE('',#7242,#7273,#7275,.T.);
#7273 = VERTEX_POINT('',#7274);
#7274 = CARTESIAN_POINT('',(866.02540378443,400.,1.941E+03));
#7275 = LINE('',#7276,#7277);
#7276 = CARTESIAN_POINT('',(866.02540378443,-400.,1.941E+03));
#7277 = VECTOR('',#7278,1.);
#7278 = DIRECTION('',(0.,1.,0.));
#7279 = ORIENTED_EDGE('',*,*,#7280,.F.);
#7280 = EDGE_CURVE('',#7281,#7273,#7283,.T.);
#7281 = VERTEX_POINT('',#7282);
#7282 = CARTESIAN_POINT('',(866.02540378443,400.,1.901E+03));
#7283 = LINE('',#7284,#7285);
#7284 = CARTESIAN_POINT('',(866.02540378443,400.,1.901E+03));
#7285 = VECTOR('',#7286,1.);
#7286 = DIRECTION('',(0.,0.,1.));
#7287 = ORIENTED_EDGE('',*,*,#7288,.F.);
#7288 = EDGE_CURVE('',#7250,#7281,#7289,.T.);
#7289 = LINE('',#7290,#7291);
#7290 = CARTESIAN_POINT('',(866.02540378443,-400.,1.901E+03));
#7291 = VECTOR('',#7292,1.);
#7292 = DIRECTION('',(0.,1.,0.));
#7293 = PLANE('',#7294);
#7294 = AXIS2_PLACEMENT_3D('',#7295,#7296,#7297);
#7295 = CARTESIAN_POINT('',(866.02540378443,-400.,1.901E+03));
#7296 = DIRECTION('',(-1.,0.,0.));
#7297 = DIRECTION('',(0.,1.,0.));
#7298 = ADVANCED_FACE('',(#7299),#7324,.F.);
#7299 = FACE_BOUND('',#7300,.F.);
#7300 = EDGE_LOOP('',(#7301,#7302,#7310,#7318));
#7301 = ORIENTED_EDGE('',*,*,#7280,.T.);
#7302 = ORIENTED_EDGE('',*,*,#7303,.T.);
#7303 = EDGE_CURVE('',#7273,#7304,#7306,.T.);
#7304 = VERTEX_POINT('',#7305);
#7305 = CARTESIAN_POINT('',(-86.60254037844,950.,1.941E+03));
#7306 = LINE('',#7307,#7308);
#7307 = CARTESIAN_POINT('',(866.02540378443,400.,1.941E+03));
#7308 = VECTOR('',#7309,1.);
#7309 = DIRECTION('',(-0.866025403784,0.5,0.));
#7310 = ORIENTED_EDGE('',*,*,#7311,.F.);
#7311 = EDGE_CURVE('',#7312,#7304,#7314,.T.);
#7312 = VERTEX_POINT('',#7313);
#7313 = CARTESIAN_POINT('',(-86.60254037844,950.,1.901E+03));
#7314 = LINE('',#7315,#7316);
#7315 = CARTESIAN_POINT('',(-86.60254037844,950.,1.901E+03));
#7316 = VECTOR('',#7317,1.);
#7317 = DIRECTION('',(0.,0.,1.));
#7318 = ORIENTED_EDGE('',*,*,#7319,.F.);
#7319 = EDGE_CURVE('',#7281,#7312,#7320,.T.);
#7320 = LINE('',#7321,#7322);
#7321 = CARTESIAN_POINT('',(866.02540378443,400.,1.901E+03));
#7322 = VECTOR('',#7323,1.);
#7323 = DIRECTION('',(-0.866025403784,0.5,0.));
#7324 = PLANE('',#7325);
#7325 = AXIS2_PLACEMENT_3D('',#7326,#7327,#7328);
#7326 = CARTESIAN_POINT('',(866.02540378443,400.,1.901E+03));
#7327 = DIRECTION('',(-0.5,-0.866025403784,0.));
#7328 = DIRECTION('',(-0.866025403784,0.5,0.));
#7329 = ADVANCED_FACE('',(#7330),#7355,.F.);
#7330 = FACE_BOUND('',#7331,.F.);
#7331 = EDGE_LOOP('',(#7332,#7333,#7341,#7349));
#7332 = ORIENTED_EDGE('',*,*,#7311,.T.);
#7333 = ORIENTED_EDGE('',*,*,#7334,.T.);
#7334 = EDGE_CURVE('',#7304,#7335,#7337,.T.);
#7335 = VERTEX_POINT('',#7336);
#7336 = CARTESIAN_POINT('',(-779.4228634059,550.,1.941E+03));
#7337 = LINE('',#7338,#7339);
#7338 = CARTESIAN_POINT('',(-86.60254037844,950.,1.941E+03));
#7339 = VECTOR('',#7340,1.);
#7340 = DIRECTION('',(-0.866025403784,-0.5,0.));
#7341 = ORIENTED_EDGE('',*,*,#7342,.F.);
#7342 = EDGE_CURVE('',#7343,#7335,#7345,.T.);
#7343 = VERTEX_POINT('',#7344);
#7344 = CARTESIAN_POINT('',(-779.4228634059,550.,1.901E+03));
#7345 = LINE('',#7346,#7347);
#7346 = CARTESIAN_POINT('',(-779.4228634059,550.,1.901E+03));
#7347 = VECTOR('',#7348,1.);
#7348 = DIRECTION('',(0.,0.,1.));
#7349 = ORIENTED_EDGE('',*,*,#7350,.F.);
#7350 = EDGE_CURVE('',#7312,#7343,#7351,.T.);
#7351 = LINE('',#7352,#7353);
#7352 = CARTESIAN_POINT('',(-86.60254037844,950.,1.901E+03));
#7353 = VECTOR('',#7354,1.);
#7354 = DIRECTION('',(-0.866025403784,-0.5,0.));
#7355 = PLANE('',#7356);
#7356 = AXIS2_PLACEMENT_3D('',#7357,#7358,#7359);
#7357 = CARTESIAN_POINT('',(-86.60254037844,950.,1.901E+03));
#7358 = DIRECTION('',(0.5,-0.866025403784,0.));
#7359 = DIRECTION('',(-0.866025403784,-0.5,0.));
#7360 = ADVANCED_FACE('',(#7361),#7377,.F.);
#7361 = FACE_BOUND('',#7362,.F.);
#7362 = EDGE_LOOP('',(#7363,#7364,#7370,#7371));
#7363 = ORIENTED_EDGE('',*,*,#7342,.T.);
#7364 = ORIENTED_EDGE('',*,*,#7365,.T.);
#7365 = EDGE_CURVE('',#7335,#7203,#7366,.T.);
#7366 = LINE('',#7367,#7368);
#7367 = CARTESIAN_POINT('',(-779.4228634059,550.,1.941E+03));
#7368 = VECTOR('',#7369,1.);
#7369 = DIRECTION('',(-3.10055011968E-16,-1.,0.));
#7370 = ORIENTED_EDGE('',*,*,#7200,.F.);
#7371 = ORIENTED_EDGE('',*,*,#7372,.F.);
#7372 = EDGE_CURVE('',#7343,#7201,#7373,.T.);
#7373 = LINE('',#7374,#7375);
#7374 = CARTESIAN_POINT('',(-779.4228634059,550.,1.901E+03));
#7375 = VECTOR('',#7376,1.);
#7376 = DIRECTION('',(-3.10055011968E-16,-1.,0.));
#7377 = PLANE('',#7378);
#7378 = AXIS2_PLACEMENT_3D('',#7379,#7380,#7381);
#7379 = CARTESIAN_POINT('',(-779.4228634059,550.,1.901E+03));
#7380 = DIRECTION('',(1.,-3.10055011968E-16,0.));
#7381 = DIRECTION('',(-3.10055011968E-16,-1.,0.));
#7382 = ADVANCED_FACE('',(#7383),#7391,.F.);
#7383 = FACE_BOUND('',#7384,.F.);
#7384 = EDGE_LOOP('',(#7385,#7386,#7387,#7388,#7389,#7390));
#7385 = ORIENTED_EDGE('',*,*,#7226,.T.);
#7386 = ORIENTED_EDGE('',*,*,#7257,.T.);
#7387 = ORIENTED_EDGE('',*,*,#7288,.T.);
#7388 = ORIENTED_EDGE('',*,*,#7319,.T.);
#7389 = ORIENTED_EDGE('',*,*,#7350,.T.);
#7390 = ORIENTED_EDGE('',*,*,#7372,.T.);
#7391 = PLANE('',#7392);
#7392 = AXIS2_PLACEMENT_3D('',#7393,#7394,#7395);
#7393 = CARTESIAN_POINT('',(1.12375023931E-14,6.506078327156E-14,
    1.901E+03));
#7394 = DIRECTION('',(0.,0.,1.));
#7395 = DIRECTION('',(1.,0.,0.));
#7396 = ADVANCED_FACE('',(#7397),#7405,.T.);
#7397 = FACE_BOUND('',#7398,.T.);
#7398 = EDGE_LOOP('',(#7399,#7400,#7401,#7402,#7403,#7404));
#7399 = ORIENTED_EDGE('',*,*,#7210,.T.);
#7400 = ORIENTED_EDGE('',*,*,#7241,.T.);
#7401 = ORIENTED_EDGE('',*,*,#7272,.T.);
#7402 = ORIENTED_EDGE('',*,*,#7303,.T.);
#7403 = ORIENTED_EDGE('',*,*,#7334,.T.);
#7404 = ORIENTED_EDGE('',*,*,#7365,.T.);
#7405 = PLANE('',#7406);
#7406 = AXIS2_PLACEMENT_3D('',#7407,#7408,#7409);
#7407 = CARTESIAN_POINT('',(1.12375023931E-14,6.506078327156E-14,
    1.941E+03));
#7408 = DIRECTION('',(0.,0.,1.));
#7409 = DIRECTION('',(1.,0.,0.));
#7410 = MANIFOLD_SOLID_BREP('',#7411);
#7411 = CLOSED_SHELL('',(#7412,#7452,#7492,#7514,#7536,#7548));
#7412 = ADVANCED_FACE('',(#7413),#7447,.F.);
#7413 = FACE_BOUND('',#7414,.F.);
#7414 = EDGE_LOOP('',(#7415,#7425,#7433,#7441));
#7415 = ORIENTED_EDGE('',*,*,#7416,.F.);
#7416 = EDGE_CURVE('',#7417,#7419,#7421,.T.);
#7417 = VERTEX_POINT('',#7418);
#7418 = CARTESIAN_POINT('',(407.03193977868,665.,780.));
#7419 = VERTEX_POINT('',#7420);
#7420 = CARTESIAN_POINT('',(407.03193977868,665.,1.88E+03));
#7421 = LINE('',#7422,#7423);
#7422 = CARTESIAN_POINT('',(407.03193977868,665.,780.));
#7423 = VECTOR('',#7424,1.);
#7424 = DIRECTION('',(0.,0.,1.));
#7425 = ORIENTED_EDGE('',*,*,#7426,.T.);
#7426 = EDGE_CURVE('',#7417,#7427,#7429,.T.);
#7427 = VERTEX_POINT('',#7428);
#7428 = CARTESIAN_POINT('',(372.3909236273,685.,780.));
#7429 = LINE('',#7430,#7431);
#7430 = CARTESIAN_POINT('',(407.03193977868,665.,780.));
#7431 = VECTOR('',#7432,1.);
#7432 = DIRECTION('',(-0.866025403784,0.5,0.));
#7433 = ORIENTED_EDGE('',*,*,#7434,.T.);
#7434 = EDGE_CURVE('',#7427,#7435,#7437,.T.);
#7435 = VERTEX_POINT('',#7436);
#7436 = CARTESIAN_POINT('',(372.3909236273,685.,1.88E+03));
#7437 = LINE('',#7438,#7439);
#7438 = CARTESIAN_POINT('',(372.3909236273,685.,780.));
#7439 = VECTOR('',#7440,1.);
#7440 = DIRECTION('',(0.,0.,1.));
#7441 = ORIENTED_EDGE('',*,*,#7442,.F.);
#7442 = EDGE_CURVE('',#7419,#7435,#7443,.T.);
#7443 = LINE('',#7444,#7445);
#7444 = CARTESIAN_POINT('',(407.03193977868,665.,1.88E+03));
#7445 = VECTOR('',#7446,1.);
#7446 = DIRECTION('',(-0.866025403784,0.5,0.));
#7447 = PLANE('',#7448);
#7448 = AXIS2_PLACEMENT_3D('',#7449,#7450,#7451);
#7449 = CARTESIAN_POINT('',(407.03193977868,665.,780.));
#7450 = DIRECTION('',(0.5,0.866025403784,0.));
#7451 = DIRECTION('',(0.,0.,1.));
#7452 = ADVANCED_FACE('',(#7453),#7487,.T.);
#7453 = FACE_BOUND('',#7454,.T.);
#7454 = EDGE_LOOP('',(#7455,#7465,#7473,#7481));
#7455 = ORIENTED_EDGE('',*,*,#7456,.F.);
#7456 = EDGE_CURVE('',#7457,#7459,#7461,.T.);
#7457 = VERTEX_POINT('',#7458);
#7458 = CARTESIAN_POINT('',(1.007031939779E+03,1.704230484541E+03,780.)
  );
#7459 = VERTEX_POINT('',#7460);
#7460 = CARTESIAN_POINT('',(1.007031939779E+03,1.704230484541E+03,
    1.88E+03));
#7461 = LINE('',#7462,#7463);
#7462 = CARTESIAN_POINT('',(1.007031939779E+03,1.704230484541E+03,780.)
  );
#7463 = VECTOR('',#7464,1.);
#7464 = DIRECTION('',(0.,0.,1.));
#7465 = ORIENTED_EDGE('',*,*,#7466,.T.);
#7466 = EDGE_CURVE('',#7457,#7467,#7469,.T.);
#7467 = VERTEX_POINT('',#7468);
#7468 = CARTESIAN_POINT('',(972.3909236273,1.724230484541E+03,780.));
#7469 = LINE('',#7470,#7471);
#7470 = CARTESIAN_POINT('',(1.007031939779E+03,1.704230484541E+03,780.)
  );
#7471 = VECTOR('',#7472,1.);
#7472 = DIRECTION('',(-0.866025403784,0.5,0.));
#7473 = ORIENTED_EDGE('',*,*,#7474,.T.);
#7474 = EDGE_CURVE('',#7467,#7475,#7477,.T.);
#7475 = VERTEX_POINT('',#7476);
#7476 = CARTESIAN_POINT('',(972.3909236273,1.724230484541E+03,1.88E+03)
  );
#7477 = LINE('',#7478,#7479);
#7478 = CARTESIAN_POINT('',(972.3909236273,1.724230484541E+03,780.));
#7479 = VECTOR('',#7480,1.);
#7480 = DIRECTION('',(0.,0.,1.));
#7481 = ORIENTED_EDGE('',*,*,#7482,.F.);
#7482 = EDGE_CURVE('',#7459,#7475,#7483,.T.);
#7483 = LINE('',#7484,#7485);
#7484 = CARTESIAN_POINT('',(1.007031939779E+03,1.704230484541E+03,
    1.88E+03));
#7485 = VECTOR('',#7486,1.);
#7486 = DIRECTION('',(-0.866025403784,0.5,0.));
#7487 = PLANE('',#7488);
#7488 = AXIS2_PLACEMENT_3D('',#7489,#7490,#7491);
#7489 = CARTESIAN_POINT('',(1.007031939779E+03,1.704230484541E+03,780.)
  );
#7490 = DIRECTION('',(0.5,0.866025403784,0.));
#7491 = DIRECTION('',(0.,0.,1.));
#7492 = ADVANCED_FACE('',(#7493),#7509,.F.);
#7493 = FACE_BOUND('',#7494,.F.);
#7494 = EDGE_LOOP('',(#7495,#7501,#7502,#7508));
#7495 = ORIENTED_EDGE('',*,*,#7496,.F.);
#7496 = EDGE_CURVE('',#7417,#7457,#7497,.T.);
#7497 = LINE('',#7498,#7499);
#7498 = CARTESIAN_POINT('',(407.03193977868,665.,780.));
#7499 = VECTOR('',#7500,1.);
#7500 = DIRECTION('',(0.5,0.866025403784,0.));
#7501 = ORIENTED_EDGE('',*,*,#7416,.T.);
#7502 = ORIENTED_EDGE('',*,*,#7503,.T.);
#7503 = EDGE_CURVE('',#7419,#7459,#7504,.T.);
#7504 = LINE('',#7505,#7506);
#7505 = CARTESIAN_POINT('',(407.03193977868,665.,1.88E+03));
#7506 = VECTOR('',#7507,1.);
#7507 = DIRECTION('',(0.5,0.866025403784,0.));
#7508 = ORIENTED_EDGE('',*,*,#7456,.F.);
#7509 = PLANE('',#7510);
#7510 = AXIS2_PLACEMENT_3D('',#7511,#7512,#7513);
#7511 = CARTESIAN_POINT('',(407.03193977868,665.,780.));
#7512 = DIRECTION('',(-0.866025403784,0.5,0.));
#7513 = DIRECTION('',(0.,0.,1.));
#7514 = ADVANCED_FACE('',(#7515),#7531,.T.);
#7515 = FACE_BOUND('',#7516,.T.);
#7516 = EDGE_LOOP('',(#7517,#7523,#7524,#7530));
#7517 = ORIENTED_EDGE('',*,*,#7518,.F.);
#7518 = EDGE_CURVE('',#7427,#7467,#7519,.T.);
#7519 = LINE('',#7520,#7521);
#7520 = CARTESIAN_POINT('',(372.3909236273,685.,780.));
#7521 = VECTOR('',#7522,1.);
#7522 = DIRECTION('',(0.5,0.866025403784,0.));
#7523 = ORIENTED_EDGE('',*,*,#7434,.T.);
#7524 = ORIENTED_EDGE('',*,*,#7525,.T.);
#7525 = EDGE_CURVE('',#7435,#7475,#7526,.T.);
#7526 = LINE('',#7527,#7528);
#7527 = CARTESIAN_POINT('',(372.3909236273,685.,1.88E+03));
#7528 = VECTOR('',#7529,1.);
#7529 = DIRECTION('',(0.5,0.866025403784,0.));
#7530 = ORIENTED_EDGE('',*,*,#7474,.F.);
#7531 = PLANE('',#7532);
#7532 = AXIS2_PLACEMENT_3D('',#7533,#7534,#7535);
#7533 = CARTESIAN_POINT('',(372.3909236273,685.,780.));
#7534 = DIRECTION('',(-0.866025403784,0.5,0.));
#7535 = DIRECTION('',(0.,0.,1.));
#7536 = ADVANCED_FACE('',(#7537),#7543,.F.);
#7537 = FACE_BOUND('',#7538,.F.);
#7538 = EDGE_LOOP('',(#7539,#7540,#7541,#7542));
#7539 = ORIENTED_EDGE('',*,*,#7426,.F.);
#7540 = ORIENTED_EDGE('',*,*,#7496,.T.);
#7541 = ORIENTED_EDGE('',*,*,#7466,.T.);
#7542 = ORIENTED_EDGE('',*,*,#7518,.F.);
#7543 = PLANE('',#7544);
#7544 = AXIS2_PLACEMENT_3D('',#7545,#7546,#7547);
#7545 = CARTESIAN_POINT('',(407.03193977868,665.,780.));
#7546 = DIRECTION('',(0.,0.,1.));
#7547 = DIRECTION('',(0.5,0.866025403784,0.));
#7548 = ADVANCED_FACE('',(#7549),#7555,.T.);
#7549 = FACE_BOUND('',#7550,.T.);
#7550 = EDGE_LOOP('',(#7551,#7552,#7553,#7554));
#7551 = ORIENTED_EDGE('',*,*,#7442,.F.);
#7552 = ORIENTED_EDGE('',*,*,#7503,.T.);
#7553 = ORIENTED_EDGE('',*,*,#7482,.T.);
#7554 = ORIENTED_EDGE('',*,*,#7525,.F.);
#7555 = PLANE('',#7556);
#7556 = AXIS2_PLACEMENT_3D('',#7557,#7558,#7559);
#7557 = CARTESIAN_POINT('',(407.03193977868,665.,1.88E+03));
#7558 = DIRECTION('',(0.,0.,1.));
#7559 = DIRECTION('',(0.5,0.866025403784,0.));
#7560 = MANIFOLD_SOLID_BREP('',#7561);
#7561 = CLOSED_SHELL('',(#7562,#7602,#7642,#7664,#7686,#7698));
#7562 = ADVANCED_FACE('',(#7563),#7597,.F.);
#7563 = FACE_BOUND('',#7564,.F.);
#7564 = EDGE_LOOP('',(#7565,#7575,#7583,#7591));
#7565 = ORIENTED_EDGE('',*,*,#7566,.F.);
#7566 = EDGE_CURVE('',#7567,#7569,#7571,.T.);
#7567 = VERTEX_POINT('',#7568);
#7568 = CARTESIAN_POINT('',(-779.4228634059,20.,780.));
#7569 = VERTEX_POINT('',#7570);
#7570 = CARTESIAN_POINT('',(-779.4228634059,20.,1.88E+03));
#7571 = LINE('',#7572,#7573);
#7572 = CARTESIAN_POINT('',(-779.4228634059,20.,780.));
#7573 = VECTOR('',#7574,1.);
#7574 = DIRECTION('',(0.,0.,1.));
#7575 = ORIENTED_EDGE('',*,*,#7576,.T.);
#7576 = EDGE_CURVE('',#7567,#7577,#7579,.T.);
#7577 = VERTEX_POINT('',#7578);
#7578 = CARTESIAN_POINT('',(-779.4228634059,-20.,780.));
#7579 = LINE('',#7580,#7581);
#7580 = CARTESIAN_POINT('',(-779.4228634059,20.,780.));
#7581 = VECTOR('',#7582,1.);
#7582 = DIRECTION('',(0.,-1.,0.));
#7583 = ORIENTED_EDGE('',*,*,#7584,.T.);
#7584 = EDGE_CURVE('',#7577,#7585,#7587,.T.);
#7585 = VERTEX_POINT('',#7586);
#7586 = CARTESIAN_POINT('',(-779.4228634059,-20.,1.88E+03));
#7587 = LINE('',#7588,#7589);
#7588 = CARTESIAN_POINT('',(-779.4228634059,-20.,780.));
#7589 = VECTOR('',#7590,1.);
#7590 = DIRECTION('',(0.,0.,1.));
#7591 = ORIENTED_EDGE('',*,*,#7592,.F.);
#7592 = EDGE_CURVE('',#7569,#7585,#7593,.T.);
#7593 = LINE('',#7594,#7595);
#7594 = CARTESIAN_POINT('',(-779.4228634059,20.,1.88E+03));
#7595 = VECTOR('',#7596,1.);
#7596 = DIRECTION('',(0.,-1.,0.));
#7597 = PLANE('',#7598);
#7598 = AXIS2_PLACEMENT_3D('',#7599,#7600,#7601);
#7599 = CARTESIAN_POINT('',(-779.4228634059,20.,780.));
#7600 = DIRECTION('',(-1.,0.,0.));
#7601 = DIRECTION('',(0.,0.,1.));
#7602 = ADVANCED_FACE('',(#7603),#7637,.T.);
#7603 = FACE_BOUND('',#7604,.T.);
#7604 = EDGE_LOOP('',(#7605,#7615,#7623,#7631));
#7605 = ORIENTED_EDGE('',*,*,#7606,.F.);
#7606 = EDGE_CURVE('',#7607,#7609,#7611,.T.);
#7607 = VERTEX_POINT('',#7608);
#7608 = CARTESIAN_POINT('',(-1.979422863406E+03,20.,780.));
#7609 = VERTEX_POINT('',#7610);
#7610 = CARTESIAN_POINT('',(-1.979422863406E+03,20.,1.88E+03));
#7611 = LINE('',#7612,#7613);
#7612 = CARTESIAN_POINT('',(-1.979422863406E+03,20.,780.));
#7613 = VECTOR('',#7614,1.);
#7614 = DIRECTION('',(0.,0.,1.));
#7615 = ORIENTED_EDGE('',*,*,#7616,.T.);
#7616 = EDGE_CURVE('',#7607,#7617,#7619,.T.);
#7617 = VERTEX_POINT('',#7618);
#7618 = CARTESIAN_POINT('',(-1.979422863406E+03,-20.,780.));
#7619 = LINE('',#7620,#7621);
#7620 = CARTESIAN_POINT('',(-1.979422863406E+03,20.,780.));
#7621 = VECTOR('',#7622,1.);
#7622 = DIRECTION('',(0.,-1.,0.));
#7623 = ORIENTED_EDGE('',*,*,#7624,.T.);
#7624 = EDGE_CURVE('',#7617,#7625,#7627,.T.);
#7625 = VERTEX_POINT('',#7626);
#7626 = CARTESIAN_POINT('',(-1.979422863406E+03,-20.,1.88E+03));
#7627 = LINE('',#7628,#7629);
#7628 = CARTESIAN_POINT('',(-1.979422863406E+03,-20.,780.));
#7629 = VECTOR('',#7630,1.);
#7630 = DIRECTION('',(0.,0.,1.));
#7631 = ORIENTED_EDGE('',*,*,#7632,.F.);
#7632 = EDGE_CURVE('',#7609,#7625,#7633,.T.);
#7633 = LINE('',#7634,#7635);
#7634 = CARTESIAN_POINT('',(-1.979422863406E+03,20.,1.88E+03));
#7635 = VECTOR('',#7636,1.);
#7636 = DIRECTION('',(0.,-1.,0.));
#7637 = PLANE('',#7638);
#7638 = AXIS2_PLACEMENT_3D('',#7639,#7640,#7641);
#7639 = CARTESIAN_POINT('',(-1.979422863406E+03,20.,780.));
#7640 = DIRECTION('',(-1.,0.,0.));
#7641 = DIRECTION('',(0.,0.,1.));
#7642 = ADVANCED_FACE('',(#7643),#7659,.F.);
#7643 = FACE_BOUND('',#7644,.F.);
#7644 = EDGE_LOOP('',(#7645,#7651,#7652,#7658));
#7645 = ORIENTED_EDGE('',*,*,#7646,.F.);
#7646 = EDGE_CURVE('',#7567,#7607,#7647,.T.);
#7647 = LINE('',#7648,#7649);
#7648 = CARTESIAN_POINT('',(-779.4228634059,20.,780.));
#7649 = VECTOR('',#7650,1.);
#7650 = DIRECTION('',(-1.,0.,0.));
#7651 = ORIENTED_EDGE('',*,*,#7566,.T.);
#7652 = ORIENTED_EDGE('',*,*,#7653,.T.);
#7653 = EDGE_CURVE('',#7569,#7609,#7654,.T.);
#7654 = LINE('',#7655,#7656);
#7655 = CARTESIAN_POINT('',(-779.4228634059,20.,1.88E+03));
#7656 = VECTOR('',#7657,1.);
#7657 = DIRECTION('',(-1.,0.,0.));
#7658 = ORIENTED_EDGE('',*,*,#7606,.F.);
#7659 = PLANE('',#7660);
#7660 = AXIS2_PLACEMENT_3D('',#7661,#7662,#7663);
#7661 = CARTESIAN_POINT('',(-779.4228634059,20.,780.));
#7662 = DIRECTION('',(0.,-1.,0.));
#7663 = DIRECTION('',(0.,0.,1.));
#7664 = ADVANCED_FACE('',(#7665),#7681,.T.);
#7665 = FACE_BOUND('',#7666,.T.);
#7666 = EDGE_LOOP('',(#7667,#7673,#7674,#7680));
#7667 = ORIENTED_EDGE('',*,*,#7668,.F.);
#7668 = EDGE_CURVE('',#7577,#7617,#7669,.T.);
#7669 = LINE('',#7670,#7671);
#7670 = CARTESIAN_POINT('',(-779.4228634059,-20.,780.));
#7671 = VECTOR('',#7672,1.);
#7672 = DIRECTION('',(-1.,0.,0.));
#7673 = ORIENTED_EDGE('',*,*,#7584,.T.);
#7674 = ORIENTED_EDGE('',*,*,#7675,.T.);
#7675 = EDGE_CURVE('',#7585,#7625,#7676,.T.);
#7676 = LINE('',#7677,#7678);
#7677 = CARTESIAN_POINT('',(-779.4228634059,-20.,1.88E+03));
#7678 = VECTOR('',#7679,1.);
#7679 = DIRECTION('',(-1.,0.,0.));
#7680 = ORIENTED_EDGE('',*,*,#7624,.F.);
#7681 = PLANE('',#7682);
#7682 = AXIS2_PLACEMENT_3D('',#7683,#7684,#7685);
#7683 = CARTESIAN_POINT('',(-779.4228634059,-20.,780.));
#7684 = DIRECTION('',(0.,-1.,0.));
#7685 = DIRECTION('',(0.,0.,1.));
#7686 = ADVANCED_FACE('',(#7687),#7693,.F.);
#7687 = FACE_BOUND('',#7688,.F.);
#7688 = EDGE_LOOP('',(#7689,#7690,#7691,#7692));
#7689 = ORIENTED_EDGE('',*,*,#7576,.F.);
#7690 = ORIENTED_EDGE('',*,*,#7646,.T.);
#7691 = ORIENTED_EDGE('',*,*,#7616,.T.);
#7692 = ORIENTED_EDGE('',*,*,#7668,.F.);
#7693 = PLANE('',#7694);
#7694 = AXIS2_PLACEMENT_3D('',#7695,#7696,#7697);
#7695 = CARTESIAN_POINT('',(-779.4228634059,20.,780.));
#7696 = DIRECTION('',(0.,0.,1.));
#7697 = DIRECTION('',(-1.,0.,0.));
#7698 = ADVANCED_FACE('',(#7699),#7705,.T.);
#7699 = FACE_BOUND('',#7700,.T.);
#7700 = EDGE_LOOP('',(#7701,#7702,#7703,#7704));
#7701 = ORIENTED_EDGE('',*,*,#7592,.F.);
#7702 = ORIENTED_EDGE('',*,*,#7653,.T.);
#7703 = ORIENTED_EDGE('',*,*,#7632,.T.);
#7704 = ORIENTED_EDGE('',*,*,#7675,.F.);
#7705 = PLANE('',#7706);
#7706 = AXIS2_PLACEMENT_3D('',#7707,#7708,#7709);
#7707 = CARTESIAN_POINT('',(-779.4228634059,20.,1.88E+03));
#7708 = DIRECTION('',(0.,0.,1.));
#7709 = DIRECTION('',(-1.,0.,0.));
#7710 = MANIFOLD_SOLID_BREP('',#7711);
#7711 = CLOSED_SHELL('',(#7712,#7752,#7792,#7814,#7836,#7848));
#7712 = ADVANCED_FACE('',(#7713),#7747,.F.);
#7713 = FACE_BOUND('',#7714,.F.);
#7714 = EDGE_LOOP('',(#7715,#7725,#7733,#7741));
#7715 = ORIENTED_EDGE('',*,*,#7716,.F.);
#7716 = EDGE_CURVE('',#7717,#7719,#7721,.T.);
#7717 = VERTEX_POINT('',#7718);
#7718 = CARTESIAN_POINT('',(372.3909236273,-685.,780.));
#7719 = VERTEX_POINT('',#7720);
#7720 = CARTESIAN_POINT('',(372.3909236273,-685.,1.88E+03));
#7721 = LINE('',#7722,#7723);
#7722 = CARTESIAN_POINT('',(372.3909236273,-685.,780.));
#7723 = VECTOR('',#7724,1.);
#7724 = DIRECTION('',(0.,0.,1.));
#7725 = ORIENTED_EDGE('',*,*,#7726,.T.);
#7726 = EDGE_CURVE('',#7717,#7727,#7729,.T.);
#7727 = VERTEX_POINT('',#7728);
#7728 = CARTESIAN_POINT('',(407.03193977868,-665.,780.));
#7729 = LINE('',#7730,#7731);
#7730 = CARTESIAN_POINT('',(372.3909236273,-685.,780.));
#7731 = VECTOR('',#7732,1.);
#7732 = DIRECTION('',(0.866025403784,0.5,0.));
#7733 = ORIENTED_EDGE('',*,*,#7734,.T.);
#7734 = EDGE_CURVE('',#7727,#7735,#7737,.T.);
#7735 = VERTEX_POINT('',#7736);
#7736 = CARTESIAN_POINT('',(407.03193977868,-665.,1.88E+03));
#7737 = LINE('',#7738,#7739);
#7738 = CARTESIAN_POINT('',(407.03193977868,-665.,780.));
#7739 = VECTOR('',#7740,1.);
#7740 = DIRECTION('',(0.,0.,1.));
#7741 = ORIENTED_EDGE('',*,*,#7742,.F.);
#7742 = EDGE_CURVE('',#7719,#7735,#7743,.T.);
#7743 = LINE('',#7744,#7745);
#7744 = CARTESIAN_POINT('',(372.3909236273,-685.,1.88E+03));
#7745 = VECTOR('',#7746,1.);
#7746 = DIRECTION('',(0.866025403784,0.5,0.));
#7747 = PLANE('',#7748);
#7748 = AXIS2_PLACEMENT_3D('',#7749,#7750,#7751);
#7749 = CARTESIAN_POINT('',(372.3909236273,-685.,780.));
#7750 = DIRECTION('',(0.5,-0.866025403784,0.));
#7751 = DIRECTION('',(0.,0.,1.));
#7752 = ADVANCED_FACE('',(#7753),#7787,.T.);
#7753 = FACE_BOUND('',#7754,.T.);
#7754 = EDGE_LOOP('',(#7755,#7765,#7773,#7781));
#7755 = ORIENTED_EDGE('',*,*,#7756,.F.);
#7756 = EDGE_CURVE('',#7757,#7759,#7761,.T.);
#7757 = VERTEX_POINT('',#7758);
#7758 = CARTESIAN_POINT('',(972.3909236273,-1.724230484541E+03,780.));
#7759 = VERTEX_POINT('',#7760);
#7760 = CARTESIAN_POINT('',(972.3909236273,-1.724230484541E+03,1.88E+03)
  );
#7761 = LINE('',#7762,#7763);
#7762 = CARTESIAN_POINT('',(972.3909236273,-1.724230484541E+03,780.));
#7763 = VECTOR('',#7764,1.);
#7764 = DIRECTION('',(0.,0.,1.));
#7765 = ORIENTED_EDGE('',*,*,#7766,.T.);
#7766 = EDGE_CURVE('',#7757,#7767,#7769,.T.);
#7767 = VERTEX_POINT('',#7768);
#7768 = CARTESIAN_POINT('',(1.007031939779E+03,-1.704230484541E+03,780.)
  );
#7769 = LINE('',#7770,#7771);
#7770 = CARTESIAN_POINT('',(972.3909236273,-1.724230484541E+03,780.));
#7771 = VECTOR('',#7772,1.);
#7772 = DIRECTION('',(0.866025403784,0.5,0.));
#7773 = ORIENTED_EDGE('',*,*,#7774,.T.);
#7774 = EDGE_CURVE('',#7767,#7775,#7777,.T.);
#7775 = VERTEX_POINT('',#7776);
#7776 = CARTESIAN_POINT('',(1.007031939779E+03,-1.704230484541E+03,
    1.88E+03));
#7777 = LINE('',#7778,#7779);
#7778 = CARTESIAN_POINT('',(1.007031939779E+03,-1.704230484541E+03,780.)
  );
#7779 = VECTOR('',#7780,1.);
#7780 = DIRECTION('',(0.,0.,1.));
#7781 = ORIENTED_EDGE('',*,*,#7782,.F.);
#7782 = EDGE_CURVE('',#7759,#7775,#7783,.T.);
#7783 = LINE('',#7784,#7785);
#7784 = CARTESIAN_POINT('',(972.3909236273,-1.724230484541E+03,1.88E+03)
  );
#7785 = VECTOR('',#7786,1.);
#7786 = DIRECTION('',(0.866025403784,0.5,0.));
#7787 = PLANE('',#7788);
#7788 = AXIS2_PLACEMENT_3D('',#7789,#7790,#7791);
#7789 = CARTESIAN_POINT('',(972.3909236273,-1.724230484541E+03,780.));
#7790 = DIRECTION('',(0.5,-0.866025403784,0.));
#7791 = DIRECTION('',(0.,0.,1.));
#7792 = ADVANCED_FACE('',(#7793),#7809,.F.);
#7793 = FACE_BOUND('',#7794,.F.);
#7794 = EDGE_LOOP('',(#7795,#7801,#7802,#7808));
#7795 = ORIENTED_EDGE('',*,*,#7796,.F.);
#7796 = EDGE_CURVE('',#7717,#7757,#7797,.T.);
#7797 = LINE('',#7798,#7799);
#7798 = CARTESIAN_POINT('',(372.3909236273,-685.,780.));
#7799 = VECTOR('',#7800,1.);
#7800 = DIRECTION('',(0.5,-0.866025403784,0.));
#7801 = ORIENTED_EDGE('',*,*,#7716,.T.);
#7802 = ORIENTED_EDGE('',*,*,#7803,.T.);
#7803 = EDGE_CURVE('',#7719,#7759,#7804,.T.);
#7804 = LINE('',#7805,#7806);
#7805 = CARTESIAN_POINT('',(372.3909236273,-685.,1.88E+03));
#7806 = VECTOR('',#7807,1.);
#7807 = DIRECTION('',(0.5,-0.866025403784,0.));
#7808 = ORIENTED_EDGE('',*,*,#7756,.F.);
#7809 = PLANE('',#7810);
#7810 = AXIS2_PLACEMENT_3D('',#7811,#7812,#7813);
#7811 = CARTESIAN_POINT('',(372.3909236273,-685.,780.));
#7812 = DIRECTION('',(0.866025403784,0.5,0.));
#7813 = DIRECTION('',(0.,0.,1.));
#7814 = ADVANCED_FACE('',(#7815),#7831,.T.);
#7815 = FACE_BOUND('',#7816,.T.);
#7816 = EDGE_LOOP('',(#7817,#7823,#7824,#7830));
#7817 = ORIENTED_EDGE('',*,*,#7818,.F.);
#7818 = EDGE_CURVE('',#7727,#7767,#7819,.T.);
#7819 = LINE('',#7820,#7821);
#7820 = CARTESIAN_POINT('',(407.03193977868,-665.,780.));
#7821 = VECTOR('',#7822,1.);
#7822 = DIRECTION('',(0.5,-0.866025403784,0.));
#7823 = ORIENTED_EDGE('',*,*,#7734,.T.);
#7824 = ORIENTED_EDGE('',*,*,#7825,.T.);
#7825 = EDGE_CURVE('',#7735,#7775,#7826,.T.);
#7826 = LINE('',#7827,#7828);
#7827 = CARTESIAN_POINT('',(407.03193977868,-665.,1.88E+03));
#7828 = VECTOR('',#7829,1.);
#7829 = DIRECTION('',(0.5,-0.866025403784,0.));
#7830 = ORIENTED_EDGE('',*,*,#7774,.F.);
#7831 = PLANE('',#7832);
#7832 = AXIS2_PLACEMENT_3D('',#7833,#7834,#7835);
#7833 = CARTESIAN_POINT('',(407.03193977868,-665.,780.));
#7834 = DIRECTION('',(0.866025403784,0.5,0.));
#7835 = DIRECTION('',(0.,0.,1.));
#7836 = ADVANCED_FACE('',(#7837),#7843,.F.);
#7837 = FACE_BOUND('',#7838,.F.);
#7838 = EDGE_LOOP('',(#7839,#7840,#7841,#7842));
#7839 = ORIENTED_EDGE('',*,*,#7726,.F.);
#7840 = ORIENTED_EDGE('',*,*,#7796,.T.);
#7841 = ORIENTED_EDGE('',*,*,#7766,.T.);
#7842 = ORIENTED_EDGE('',*,*,#7818,.F.);
#7843 = PLANE('',#7844);
#7844 = AXIS2_PLACEMENT_3D('',#7845,#7846,#7847);
#7845 = CARTESIAN_POINT('',(372.3909236273,-685.,780.));
#7846 = DIRECTION('',(0.,0.,1.));
#7847 = DIRECTION('',(0.5,-0.866025403784,0.));
#7848 = ADVANCED_FACE('',(#7849),#7855,.T.);
#7849 = FACE_BOUND('',#7850,.T.);
#7850 = EDGE_LOOP('',(#7851,#7852,#7853,#7854));
#7851 = ORIENTED_EDGE('',*,*,#7742,.F.);
#7852 = ORIENTED_EDGE('',*,*,#7803,.T.);
#7853 = ORIENTED_EDGE('',*,*,#7782,.T.);
#7854 = ORIENTED_EDGE('',*,*,#7825,.F.);
#7855 = PLANE('',#7856);
#7856 = AXIS2_PLACEMENT_3D('',#7857,#7858,#7859);
#7857 = CARTESIAN_POINT('',(372.3909236273,-685.,1.88E+03));
#7858 = DIRECTION('',(0.,0.,1.));
#7859 = DIRECTION('',(0.5,-0.866025403784,0.));
#7860 = ( GEOMETRIC_REPRESENTATION_CONTEXT(3) 
GLOBAL_UNCERTAINTY_ASSIGNED_CONTEXT((#7864)) 
GLOBAL_UNIT_ASSIGNED_CONTEXT((#7861,#7862,#7863)) REPRESENTATION_CONTEXT
('Context #1','3D Context with UNIT and UNCERTAINTY') );
#7861 = ( LENGTH_UNIT() NAMED_UNIT(*) SI_UNIT(.MILLI.,.METRE.) );
#7862 = ( NAMED_UNIT(*) PLANE_ANGLE_UNIT() SI_UNIT($,.RADIAN.) );
#7863 = ( NAMED_UNIT(*) SI_UNIT($,.STERADIAN.) SOLID_ANGLE_UNIT() );
#7864 = UNCERTAINTY_MEASURE_WITH_UNIT(LENGTH_MEASURE(1.E-07),#7861,
  'distance_accuracy_value','confusion accuracy');
#7865 = PRODUCT_RELATED_PRODUCT_CATEGORY('part',$,(#7));
ENDSEC;
END-ISO-10303-21;
