ISO-10303-21;
HEADER;
FILE_DESCRIPTION(('FreeCAD Model'),'2;1');
FILE_NAME('Open CASCADE Shape Model','2026-09-16T20:32:38',('FreeCAD'),(
    'FreeCAD'),'Open CASCADE STEP processor 7.8','FreeCAD','Unknown');
FILE_SCHEMA(('AUTOMOTIVE_DESIGN { 1 0 10303 214 1 1 1 1 }'));
ENDSEC;
DATA;
#1 = APPLICATION_PROTOCOL_DEFINITION('international standard',
  'automotive_design',2000,#2);
#2 = APPLICATION_CONTEXT(
  'core data for automotive mechanical design processes');
#3 = SHAPE_DEFINITION_REPRESENTATION(#4,#10);
#4 = PRODUCT_DEFINITION_SHAPE('','',#5);
#5 = PRODUCT_DEFINITION('design','',#6,#9);
#6 = PRODUCT_DEFINITION_FORMATION('','',#7);
#7 = PRODUCT('Open CASCADE STEP translator 7.8 2',
  'Open CASCADE STEP translator 7.8 2','',(#8));
#8 = PRODUCT_CONTEXT('',#2,'mechanical');
#9 = PRODUCT_DEFINITION_CONTEXT('part definition',#2,'design');
#10 = SHAPE_REPRESENTATION('',(#11,#15,#231,#348,#498,#648,#798,#851,
    #904,#957,#1010,#1063,#1116,#1169,#1222,#1275,#1328,#1381,#1434,
    #1487,#1540,#1593,#1646,#1699,#1752,#1902,#1955,#2138,#2191,#2374,
    #2427,#2577,#2630,#2813,#2866,#3049,#3102,#3252,#3305,#3488,#3541,
    #3724,#3777,#3993,#4143,#4293),#4443);
#11 = AXIS2_PLACEMENT_3D('',#12,#13,#14);
#12 = CARTESIAN_POINT('',(0.,0.,0.));
#13 = DIRECTION('',(0.,0.,1.));
#14 = DIRECTION('',(1.,0.,-0.));
#15 = MANIFOLD_SOLID_BREP('',#16);
#16 = CLOSED_SHELL('',(#17,#57,#88,#119,#150,#181,#203,#217));
#17 = ADVANCED_FACE('',(#18),#52,.F.);
#18 = FACE_BOUND('',#19,.F.);
#19 = EDGE_LOOP('',(#20,#30,#38,#46));
#20 = ORIENTED_EDGE('',*,*,#21,.T.);
#21 = EDGE_CURVE('',#22,#24,#26,.T.);
#22 = VERTEX_POINT('',#23);
#23 = CARTESIAN_POINT('',(372.3909236273,215.,0.));
#24 = VERTEX_POINT('',#25);
#25 = CARTESIAN_POINT('',(372.3909236273,215.,100.));
#26 = LINE('',#27,#28);
#27 = CARTESIAN_POINT('',(372.3909236273,215.,0.));
#28 = VECTOR('',#29,1.);
#29 = DIRECTION('',(0.,0.,1.));
#30 = ORIENTED_EDGE('',*,*,#31,.T.);
#31 = EDGE_CURVE('',#24,#32,#34,.T.);
#32 = VERTEX_POINT('',#33);
#33 = CARTESIAN_POINT('',(2.632990618167E-14,430.,100.));
#34 = LINE('',#35,#36);
#35 = CARTESIAN_POINT('',(372.3909236273,215.,100.));
#36 = VECTOR('',#37,1.);
#37 = DIRECTION('',(-0.866025403784,0.5,0.));
#38 = ORIENTED_EDGE('',*,*,#39,.F.);
#39 = EDGE_CURVE('',#40,#32,#42,.T.);
#40 = VERTEX_POINT('',#41);
#41 = CARTESIAN_POINT('',(2.632990618167E-14,430.,0.));
#42 = LINE('',#43,#44);
#43 = CARTESIAN_POINT('',(2.632990618167E-14,430.,0.));
#44 = VECTOR('',#45,1.);
#45 = DIRECTION('',(0.,0.,1.));
#46 = ORIENTED_EDGE('',*,*,#47,.F.);
#47 = EDGE_CURVE('',#22,#40,#48,.T.);
#48 = LINE('',#49,#50);
#49 = CARTESIAN_POINT('',(372.3909236273,215.,0.));
#50 = VECTOR('',#51,1.);
#51 = DIRECTION('',(-0.866025403784,0.5,0.));
#52 = PLANE('',#53);
#53 = AXIS2_PLACEMENT_3D('',#54,#55,#56);
#54 = CARTESIAN_POINT('',(372.3909236273,215.,0.));
#55 = DIRECTION('',(-0.5,-0.866025403784,0.));
#56 = DIRECTION('',(-0.866025403784,0.5,0.));
#57 = ADVANCED_FACE('',(#58),#83,.F.);
#58 = FACE_BOUND('',#59,.F.);
#59 = EDGE_LOOP('',(#60,#61,#69,#77));
#60 = ORIENTED_EDGE('',*,*,#39,.T.);
#61 = ORIENTED_EDGE('',*,*,#62,.T.);
#62 = EDGE_CURVE('',#32,#63,#65,.T.);
#63 = VERTEX_POINT('',#64);
#64 = CARTESIAN_POINT('',(-372.3909236273,215.,100.));
#65 = LINE('',#66,#67);
#66 = CARTESIAN_POINT('',(2.632990618167E-14,430.,100.));
#67 = VECTOR('',#68,1.);
#68 = DIRECTION('',(-0.866025403784,-0.5,0.));
#69 = ORIENTED_EDGE('',*,*,#70,.F.);
#70 = EDGE_CURVE('',#71,#63,#73,.T.);
#71 = VERTEX_POINT('',#72);
#72 = CARTESIAN_POINT('',(-372.3909236273,215.,0.));
#73 = LINE('',#74,#75);
#74 = CARTESIAN_POINT('',(-372.3909236273,215.,0.));
#75 = VECTOR('',#76,1.);
#76 = DIRECTION('',(0.,0.,1.));
#77 = ORIENTED_EDGE('',*,*,#78,.F.);
#78 = EDGE_CURVE('',#40,#71,#79,.T.);
#79 = LINE('',#80,#81);
#80 = CARTESIAN_POINT('',(2.632990618167E-14,430.,0.));
#81 = VECTOR('',#82,1.);
#82 = DIRECTION('',(-0.866025403784,-0.5,0.));
#83 = PLANE('',#84);
#84 = AXIS2_PLACEMENT_3D('',#85,#86,#87);
#85 = CARTESIAN_POINT('',(2.632990618167E-14,430.,0.));
#86 = DIRECTION('',(0.5,-0.866025403784,0.));
#87 = DIRECTION('',(-0.866025403784,-0.5,0.));
#88 = ADVANCED_FACE('',(#89),#114,.F.);
#89 = FACE_BOUND('',#90,.F.);
#90 = EDGE_LOOP('',(#91,#92,#100,#108));
#91 = ORIENTED_EDGE('',*,*,#70,.T.);
#92 = ORIENTED_EDGE('',*,*,#93,.T.);
#93 = EDGE_CURVE('',#63,#94,#96,.T.);
#94 = VERTEX_POINT('',#95);
#95 = CARTESIAN_POINT('',(-372.3909236273,-215.,100.));
#96 = LINE('',#97,#98);
#97 = CARTESIAN_POINT('',(-372.3909236273,215.,100.));
#98 = VECTOR('',#99,1.);
#99 = DIRECTION('',(1.321939973507E-16,-1.,0.));
#100 = ORIENTED_EDGE('',*,*,#101,.F.);
#101 = EDGE_CURVE('',#102,#94,#104,.T.);
#102 = VERTEX_POINT('',#103);
#103 = CARTESIAN_POINT('',(-372.3909236273,-215.,0.));
#104 = LINE('',#105,#106);
#105 = CARTESIAN_POINT('',(-372.3909236273,-215.,0.));
#106 = VECTOR('',#107,1.);
#107 = DIRECTION('',(0.,0.,1.));
#108 = ORIENTED_EDGE('',*,*,#109,.F.);
#109 = EDGE_CURVE('',#71,#102,#110,.T.);
#110 = LINE('',#111,#112);
#111 = CARTESIAN_POINT('',(-372.3909236273,215.,0.));
#112 = VECTOR('',#113,1.);
#113 = DIRECTION('',(1.321939973507E-16,-1.,0.));
#114 = PLANE('',#115);
#115 = AXIS2_PLACEMENT_3D('',#116,#117,#118);
#116 = CARTESIAN_POINT('',(-372.3909236273,215.,0.));
#117 = DIRECTION('',(1.,1.321939973507E-16,0.));
#118 = DIRECTION('',(1.321939973507E-16,-1.,0.));
#119 = ADVANCED_FACE('',(#120),#145,.F.);
#120 = FACE_BOUND('',#121,.F.);
#121 = EDGE_LOOP('',(#122,#123,#131,#139));
#122 = ORIENTED_EDGE('',*,*,#101,.T.);
#123 = ORIENTED_EDGE('',*,*,#124,.T.);
#124 = EDGE_CURVE('',#94,#125,#127,.T.);
#125 = VERTEX_POINT('',#126);
#126 = CARTESIAN_POINT('',(-7.8989718545E-14,-430.,100.));
#127 = LINE('',#128,#129);
#128 = CARTESIAN_POINT('',(-372.3909236273,-215.,100.));
#129 = VECTOR('',#130,1.);
#130 = DIRECTION('',(0.866025403784,-0.5,0.));
#131 = ORIENTED_EDGE('',*,*,#132,.F.);
#132 = EDGE_CURVE('',#133,#125,#135,.T.);
#133 = VERTEX_POINT('',#134);
#134 = CARTESIAN_POINT('',(-7.8989718545E-14,-430.,0.));
#135 = LINE('',#136,#137);
#136 = CARTESIAN_POINT('',(-7.8989718545E-14,-430.,0.));
#137 = VECTOR('',#138,1.);
#138 = DIRECTION('',(0.,0.,1.));
#139 = ORIENTED_EDGE('',*,*,#140,.F.);
#140 = EDGE_CURVE('',#102,#133,#141,.T.);
#141 = LINE('',#142,#143);
#142 = CARTESIAN_POINT('',(-372.3909236273,-215.,0.));
#143 = VECTOR('',#144,1.);
#144 = DIRECTION('',(0.866025403784,-0.5,0.));
#145 = PLANE('',#146);
#146 = AXIS2_PLACEMENT_3D('',#147,#148,#149);
#147 = CARTESIAN_POINT('',(-372.3909236273,-215.,0.));
#148 = DIRECTION('',(0.5,0.866025403784,0.));
#149 = DIRECTION('',(0.866025403784,-0.5,0.));
#150 = ADVANCED_FACE('',(#151),#176,.F.);
#151 = FACE_BOUND('',#152,.F.);
#152 = EDGE_LOOP('',(#153,#154,#162,#170));
#153 = ORIENTED_EDGE('',*,*,#132,.T.);
#154 = ORIENTED_EDGE('',*,*,#155,.T.);
#155 = EDGE_CURVE('',#125,#156,#158,.T.);
#156 = VERTEX_POINT('',#157);
#157 = CARTESIAN_POINT('',(372.3909236273,-215.,100.));
#158 = LINE('',#159,#160);
#159 = CARTESIAN_POINT('',(-7.8989718545E-14,-430.,100.));
#160 = VECTOR('',#161,1.);
#161 = DIRECTION('',(0.866025403784,0.5,0.));
#162 = ORIENTED_EDGE('',*,*,#163,.F.);
#163 = EDGE_CURVE('',#164,#156,#166,.T.);
#164 = VERTEX_POINT('',#165);
#165 = CARTESIAN_POINT('',(372.3909236273,-215.,0.));
#166 = LINE('',#167,#168);
#167 = CARTESIAN_POINT('',(372.3909236273,-215.,0.));
#168 = VECTOR('',#169,1.);
#169 = DIRECTION('',(0.,0.,1.));
#170 = ORIENTED_EDGE('',*,*,#171,.F.);
#171 = EDGE_CURVE('',#133,#164,#172,.T.);
#172 = LINE('',#173,#174);
#173 = CARTESIAN_POINT('',(-7.8989718545E-14,-430.,0.));
#174 = VECTOR('',#175,1.);
#175 = DIRECTION('',(0.866025403784,0.5,0.));
#176 = PLANE('',#177);
#177 = AXIS2_PLACEMENT_3D('',#178,#179,#180);
#178 = CARTESIAN_POINT('',(-7.8989718545E-14,-430.,0.));
#179 = DIRECTION('',(-0.5,0.866025403784,0.));
#180 = DIRECTION('',(0.866025403784,0.5,0.));
#181 = ADVANCED_FACE('',(#182),#198,.F.);
#182 = FACE_BOUND('',#183,.F.);
#183 = EDGE_LOOP('',(#184,#185,#191,#192));
#184 = ORIENTED_EDGE('',*,*,#163,.T.);
#185 = ORIENTED_EDGE('',*,*,#186,.T.);
#186 = EDGE_CURVE('',#156,#24,#187,.T.);
#187 = LINE('',#188,#189);
#188 = CARTESIAN_POINT('',(372.3909236273,-215.,100.));
#189 = VECTOR('',#190,1.);
#190 = DIRECTION('',(3.965819920521E-16,1.,0.));
#191 = ORIENTED_EDGE('',*,*,#21,.F.);
#192 = ORIENTED_EDGE('',*,*,#193,.F.);
#193 = EDGE_CURVE('',#164,#22,#194,.T.);
#194 = LINE('',#195,#196);
#195 = CARTESIAN_POINT('',(372.3909236273,-215.,0.));
#196 = VECTOR('',#197,1.);
#197 = DIRECTION('',(3.965819920521E-16,1.,0.));
#198 = PLANE('',#199);
#199 = AXIS2_PLACEMENT_3D('',#200,#201,#202);
#200 = CARTESIAN_POINT('',(372.3909236273,-215.,0.));
#201 = DIRECTION('',(-1.,3.965819920521E-16,0.));
#202 = DIRECTION('',(3.965819920521E-16,1.,0.));
#203 = ADVANCED_FACE('',(#204),#212,.F.);
#204 = FACE_BOUND('',#205,.F.);
#205 = EDGE_LOOP('',(#206,#207,#208,#209,#210,#211));
#206 = ORIENTED_EDGE('',*,*,#47,.T.);
#207 = ORIENTED_EDGE('',*,*,#78,.T.);
#208 = ORIENTED_EDGE('',*,*,#109,.T.);
#209 = ORIENTED_EDGE('',*,*,#140,.T.);
#210 = ORIENTED_EDGE('',*,*,#171,.T.);
#211 = ORIENTED_EDGE('',*,*,#193,.T.);
#212 = PLANE('',#213);
#213 = AXIS2_PLACEMENT_3D('',#214,#215,#216);
#214 = CARTESIAN_POINT('',(-2.16228314605E-14,4.736951571734E-15,0.));
#215 = DIRECTION('',(0.,0.,1.));
#216 = DIRECTION('',(1.,0.,0.));
#217 = ADVANCED_FACE('',(#218),#226,.T.);
#218 = FACE_BOUND('',#219,.T.);
#219 = EDGE_LOOP('',(#220,#221,#222,#223,#224,#225));
#220 = ORIENTED_EDGE('',*,*,#31,.T.);
#221 = ORIENTED_EDGE('',*,*,#62,.T.);
#222 = ORIENTED_EDGE('',*,*,#93,.T.);
#223 = ORIENTED_EDGE('',*,*,#124,.T.);
#224 = ORIENTED_EDGE('',*,*,#155,.T.);
#225 = ORIENTED_EDGE('',*,*,#186,.T.);
#226 = PLANE('',#227);
#227 = AXIS2_PLACEMENT_3D('',#228,#229,#230);
#228 = CARTESIAN_POINT('',(-2.16228314605E-14,4.736951571734E-15,100.));
#229 = DIRECTION('',(0.,0.,1.));
#230 = DIRECTION('',(1.,0.,0.));
#231 = MANIFOLD_SOLID_BREP('',#232);
#232 = CLOSED_SHELL('',(#233,#273,#304,#326,#337));
#233 = ADVANCED_FACE('',(#234),#268,.F.);
#234 = FACE_BOUND('',#235,.F.);
#235 = EDGE_LOOP('',(#236,#246,#254,#262));
#236 = ORIENTED_EDGE('',*,*,#237,.T.);
#237 = EDGE_CURVE('',#238,#240,#242,.T.);
#238 = VERTEX_POINT('',#239);
#239 = CARTESIAN_POINT('',(2.020667218593E-14,330.,100.));
#240 = VERTEX_POINT('',#241);
#241 = CARTESIAN_POINT('',(2.020667218593E-14,330.,780.));
#242 = LINE('',#243,#244);
#243 = CARTESIAN_POINT('',(2.020667218593E-14,330.,100.));
#244 = VECTOR('',#245,1.);
#245 = DIRECTION('',(0.,0.,1.));
#246 = ORIENTED_EDGE('',*,*,#247,.T.);
#247 = EDGE_CURVE('',#240,#248,#250,.T.);
#248 = VERTEX_POINT('',#249);
#249 = CARTESIAN_POINT('',(-285.7883832488,-165.,780.));
#250 = LINE('',#251,#252);
#251 = CARTESIAN_POINT('',(2.020667218593E-14,330.,780.));
#252 = VECTOR('',#253,1.);
#253 = DIRECTION('',(-0.5,-0.866025403784,0.));
#254 = ORIENTED_EDGE('',*,*,#255,.F.);
#255 = EDGE_CURVE('',#256,#248,#258,.T.);
#256 = VERTEX_POINT('',#257);
#257 = CARTESIAN_POINT('',(-285.7883832488,-165.,100.));
#258 = LINE('',#259,#260);
#259 = CARTESIAN_POINT('',(-285.7883832488,-165.,100.));
#260 = VECTOR('',#261,1.);
#261 = DIRECTION('',(0.,0.,1.));
#262 = ORIENTED_EDGE('',*,*,#263,.F.);
#263 = EDGE_CURVE('',#238,#256,#264,.T.);
#264 = LINE('',#265,#266);
#265 = CARTESIAN_POINT('',(2.020667218593E-14,330.,100.));
#266 = VECTOR('',#267,1.);
#267 = DIRECTION('',(-0.5,-0.866025403784,0.));
#268 = PLANE('',#269);
#269 = AXIS2_PLACEMENT_3D('',#270,#271,#272);
#270 = CARTESIAN_POINT('',(2.020667218593E-14,330.,100.));
#271 = DIRECTION('',(0.866025403784,-0.5,0.));
#272 = DIRECTION('',(-0.5,-0.866025403784,0.));
#273 = ADVANCED_FACE('',(#274),#299,.F.);
#274 = FACE_BOUND('',#275,.F.);
#275 = EDGE_LOOP('',(#276,#277,#285,#293));
#276 = ORIENTED_EDGE('',*,*,#255,.T.);
#277 = ORIENTED_EDGE('',*,*,#278,.T.);
#278 = EDGE_CURVE('',#248,#279,#281,.T.);
#279 = VERTEX_POINT('',#280);
#280 = CARTESIAN_POINT('',(285.78838324886,-165.,780.));
#281 = LINE('',#282,#283);
#282 = CARTESIAN_POINT('',(-285.7883832488,-165.,780.));
#283 = VECTOR('',#284,1.);
#284 = DIRECTION('',(1.,-1.989003829148E-16,0.));
#285 = ORIENTED_EDGE('',*,*,#286,.F.);
#286 = EDGE_CURVE('',#287,#279,#289,.T.);
#287 = VERTEX_POINT('',#288);
#288 = CARTESIAN_POINT('',(285.78838324886,-165.,100.));
#289 = LINE('',#290,#291);
#290 = CARTESIAN_POINT('',(285.78838324886,-165.,100.));
#291 = VECTOR('',#292,1.);
#292 = DIRECTION('',(0.,0.,1.));
#293 = ORIENTED_EDGE('',*,*,#294,.F.);
#294 = EDGE_CURVE('',#256,#287,#295,.T.);
#295 = LINE('',#296,#297);
#296 = CARTESIAN_POINT('',(-285.7883832488,-165.,100.));
#297 = VECTOR('',#298,1.);
#298 = DIRECTION('',(1.,-1.989003829148E-16,0.));
#299 = PLANE('',#300);
#300 = AXIS2_PLACEMENT_3D('',#301,#302,#303);
#301 = CARTESIAN_POINT('',(-285.7883832488,-165.,100.));
#302 = DIRECTION('',(1.989003829148E-16,1.,0.));
#303 = DIRECTION('',(1.,-1.989003829148E-16,0.));
#304 = ADVANCED_FACE('',(#305),#321,.F.);
#305 = FACE_BOUND('',#306,.F.);
#306 = EDGE_LOOP('',(#307,#308,#314,#315));
#307 = ORIENTED_EDGE('',*,*,#286,.T.);
#308 = ORIENTED_EDGE('',*,*,#309,.T.);
#309 = EDGE_CURVE('',#279,#240,#310,.T.);
#310 = LINE('',#311,#312);
#311 = CARTESIAN_POINT('',(285.78838324886,-165.,780.));
#312 = VECTOR('',#313,1.);
#313 = DIRECTION('',(-0.5,0.866025403784,0.));
#314 = ORIENTED_EDGE('',*,*,#237,.F.);
#315 = ORIENTED_EDGE('',*,*,#316,.F.);
#316 = EDGE_CURVE('',#287,#238,#317,.T.);
#317 = LINE('',#318,#319);
#318 = CARTESIAN_POINT('',(285.78838324886,-165.,100.));
#319 = VECTOR('',#320,1.);
#320 = DIRECTION('',(-0.5,0.866025403784,0.));
#321 = PLANE('',#322);
#322 = AXIS2_PLACEMENT_3D('',#323,#324,#325);
#323 = CARTESIAN_POINT('',(285.78838324886,-165.,100.));
#324 = DIRECTION('',(-0.866025403784,-0.5,0.));
#325 = DIRECTION('',(-0.5,0.866025403784,0.));
#326 = ADVANCED_FACE('',(#327),#332,.F.);
#327 = FACE_BOUND('',#328,.F.);
#328 = EDGE_LOOP('',(#329,#330,#331));
#329 = ORIENTED_EDGE('',*,*,#263,.T.);
#330 = ORIENTED_EDGE('',*,*,#294,.T.);
#331 = ORIENTED_EDGE('',*,*,#316,.T.);
#332 = PLANE('',#333);
#333 = AXIS2_PLACEMENT_3D('',#334,#335,#336);
#334 = CARTESIAN_POINT('',(-3.957993284483E-14,-4.646937436563E-14,100.)
  );
#335 = DIRECTION('',(0.,0.,1.));
#336 = DIRECTION('',(1.,0.,0.));
#337 = ADVANCED_FACE('',(#338),#343,.T.);
#338 = FACE_BOUND('',#339,.T.);
#339 = EDGE_LOOP('',(#340,#341,#342));
#340 = ORIENTED_EDGE('',*,*,#247,.T.);
#341 = ORIENTED_EDGE('',*,*,#278,.T.);
#342 = ORIENTED_EDGE('',*,*,#309,.T.);
#343 = PLANE('',#344);
#344 = AXIS2_PLACEMENT_3D('',#345,#346,#347);
#345 = CARTESIAN_POINT('',(-3.957993284483E-14,-4.646937436563E-14,780.)
  );
#346 = DIRECTION('',(0.,0.,1.));
#347 = DIRECTION('',(1.,0.,0.));
#348 = MANIFOLD_SOLID_BREP('',#349);
#349 = CLOSED_SHELL('',(#350,#390,#430,#452,#474,#486));
#350 = ADVANCED_FACE('',(#351),#385,.F.);
#351 = FACE_BOUND('',#352,.F.);
#352 = EDGE_LOOP('',(#353,#363,#371,#379));
#353 = ORIENTED_EDGE('',*,*,#354,.F.);
#354 = EDGE_CURVE('',#355,#357,#359,.T.);
#355 = VERTEX_POINT('',#356);
#356 = CARTESIAN_POINT('',(162.7211431703,191.84128743664,28.));
#357 = VERTEX_POINT('',#358);
#358 = CARTESIAN_POINT('',(162.7211431703,191.84128743664,83.));
#359 = LINE('',#360,#361);
#360 = CARTESIAN_POINT('',(162.7211431703,191.84128743664,28.));
#361 = VECTOR('',#362,1.);
#362 = DIRECTION('',(0.,0.,1.));
#363 = ORIENTED_EDGE('',*,*,#364,.T.);
#364 = EDGE_CURVE('',#355,#365,#367,.T.);
#365 = VERTEX_POINT('',#366);
#366 = CARTESIAN_POINT('',(84.7788568297,236.84128743664,28.));
#367 = LINE('',#368,#369);
#368 = CARTESIAN_POINT('',(162.7211431703,191.84128743664,28.));
#369 = VECTOR('',#370,1.);
#370 = DIRECTION('',(-0.866025403784,0.5,0.));
#371 = ORIENTED_EDGE('',*,*,#372,.T.);
#372 = EDGE_CURVE('',#365,#373,#375,.T.);
#373 = VERTEX_POINT('',#374);
#374 = CARTESIAN_POINT('',(84.7788568297,236.84128743664,83.));
#375 = LINE('',#376,#377);
#376 = CARTESIAN_POINT('',(84.7788568297,236.84128743664,28.));
#377 = VECTOR('',#378,1.);
#378 = DIRECTION('',(0.,0.,1.));
#379 = ORIENTED_EDGE('',*,*,#380,.F.);
#380 = EDGE_CURVE('',#357,#373,#381,.T.);
#381 = LINE('',#382,#383);
#382 = CARTESIAN_POINT('',(162.7211431703,191.84128743664,83.));
#383 = VECTOR('',#384,1.);
#384 = DIRECTION('',(-0.866025403784,0.5,0.));
#385 = PLANE('',#386);
#386 = AXIS2_PLACEMENT_3D('',#387,#388,#389);
#387 = CARTESIAN_POINT('',(162.7211431703,191.84128743664,28.));
#388 = DIRECTION('',(0.5,0.866025403784,0.));
#389 = DIRECTION('',(0.,0.,1.));
#390 = ADVANCED_FACE('',(#391),#425,.T.);
#391 = FACE_BOUND('',#392,.T.);
#392 = EDGE_LOOP('',(#393,#403,#411,#419));
#393 = ORIENTED_EDGE('',*,*,#394,.F.);
#394 = EDGE_CURVE('',#395,#397,#399,.T.);
#395 = VERTEX_POINT('',#396);
#396 = CARTESIAN_POINT('',(687.7211431703,1.10116796141E+03,28.));
#397 = VERTEX_POINT('',#398);
#398 = CARTESIAN_POINT('',(687.7211431703,1.10116796141E+03,83.));
#399 = LINE('',#400,#401);
#400 = CARTESIAN_POINT('',(687.7211431703,1.10116796141E+03,28.));
#401 = VECTOR('',#402,1.);
#402 = DIRECTION('',(0.,0.,1.));
#403 = ORIENTED_EDGE('',*,*,#404,.T.);
#404 = EDGE_CURVE('',#395,#405,#407,.T.);
#405 = VERTEX_POINT('',#406);
#406 = CARTESIAN_POINT('',(609.7788568297,1.14616796141E+03,28.));
#407 = LINE('',#408,#409);
#408 = CARTESIAN_POINT('',(687.7211431703,1.10116796141E+03,28.));
#409 = VECTOR('',#410,1.);
#410 = DIRECTION('',(-0.866025403784,0.5,0.));
#411 = ORIENTED_EDGE('',*,*,#412,.T.);
#412 = EDGE_CURVE('',#405,#413,#415,.T.);
#413 = VERTEX_POINT('',#414);
#414 = CARTESIAN_POINT('',(609.7788568297,1.14616796141E+03,83.));
#415 = LINE('',#416,#417);
#416 = CARTESIAN_POINT('',(609.7788568297,1.14616796141E+03,28.));
#417 = VECTOR('',#418,1.);
#418 = DIRECTION('',(0.,0.,1.));
#419 = ORIENTED_EDGE('',*,*,#420,.F.);
#420 = EDGE_CURVE('',#397,#413,#421,.T.);
#421 = LINE('',#422,#423);
#422 = CARTESIAN_POINT('',(687.7211431703,1.10116796141E+03,83.));
#423 = VECTOR('',#424,1.);
#424 = DIRECTION('',(-0.866025403784,0.5,0.));
#425 = PLANE('',#426);
#426 = AXIS2_PLACEMENT_3D('',#427,#428,#429);
#427 = CARTESIAN_POINT('',(687.7211431703,1.10116796141E+03,28.));
#428 = DIRECTION('',(0.5,0.866025403784,0.));
#429 = DIRECTION('',(0.,0.,1.));
#430 = ADVANCED_FACE('',(#431),#447,.F.);
#431 = FACE_BOUND('',#432,.F.);
#432 = EDGE_LOOP('',(#433,#439,#440,#446));
#433 = ORIENTED_EDGE('',*,*,#434,.F.);
#434 = EDGE_CURVE('',#355,#395,#435,.T.);
#435 = LINE('',#436,#437);
#436 = CARTESIAN_POINT('',(162.7211431703,191.84128743664,28.));
#437 = VECTOR('',#438,1.);
#438 = DIRECTION('',(0.5,0.866025403784,0.));
#439 = ORIENTED_EDGE('',*,*,#354,.T.);
#440 = ORIENTED_EDGE('',*,*,#441,.T.);
#441 = EDGE_CURVE('',#357,#397,#442,.T.);
#442 = LINE('',#443,#444);
#443 = CARTESIAN_POINT('',(162.7211431703,191.84128743664,83.));
#444 = VECTOR('',#445,1.);
#445 = DIRECTION('',(0.5,0.866025403784,0.));
#446 = ORIENTED_EDGE('',*,*,#394,.F.);
#447 = PLANE('',#448);
#448 = AXIS2_PLACEMENT_3D('',#449,#450,#451);
#449 = CARTESIAN_POINT('',(162.7211431703,191.84128743664,28.));
#450 = DIRECTION('',(-0.866025403784,0.5,0.));
#451 = DIRECTION('',(0.,0.,1.));
#452 = ADVANCED_FACE('',(#453),#469,.T.);
#453 = FACE_BOUND('',#454,.T.);
#454 = EDGE_LOOP('',(#455,#461,#462,#468));
#455 = ORIENTED_EDGE('',*,*,#456,.F.);
#456 = EDGE_CURVE('',#365,#405,#457,.T.);
#457 = LINE('',#458,#459);
#458 = CARTESIAN_POINT('',(84.7788568297,236.84128743664,28.));
#459 = VECTOR('',#460,1.);
#460 = DIRECTION('',(0.5,0.866025403784,0.));
#461 = ORIENTED_EDGE('',*,*,#372,.T.);
#462 = ORIENTED_EDGE('',*,*,#463,.T.);
#463 = EDGE_CURVE('',#373,#413,#464,.T.);
#464 = LINE('',#465,#466);
#465 = CARTESIAN_POINT('',(84.7788568297,236.84128743664,83.));
#466 = VECTOR('',#467,1.);
#467 = DIRECTION('',(0.5,0.866025403784,0.));
#468 = ORIENTED_EDGE('',*,*,#412,.F.);
#469 = PLANE('',#470);
#470 = AXIS2_PLACEMENT_3D('',#471,#472,#473);
#471 = CARTESIAN_POINT('',(84.7788568297,236.84128743664,28.));
#472 = DIRECTION('',(-0.866025403784,0.5,0.));
#473 = DIRECTION('',(0.,0.,1.));
#474 = ADVANCED_FACE('',(#475),#481,.F.);
#475 = FACE_BOUND('',#476,.F.);
#476 = EDGE_LOOP('',(#477,#478,#479,#480));
#477 = ORIENTED_EDGE('',*,*,#364,.F.);
#478 = ORIENTED_EDGE('',*,*,#434,.T.);
#479 = ORIENTED_EDGE('',*,*,#404,.T.);
#480 = ORIENTED_EDGE('',*,*,#456,.F.);
#481 = PLANE('',#482);
#482 = AXIS2_PLACEMENT_3D('',#483,#484,#485);
#483 = CARTESIAN_POINT('',(162.7211431703,191.84128743664,28.));
#484 = DIRECTION('',(0.,0.,1.));
#485 = DIRECTION('',(0.5,0.866025403784,0.));
#486 = ADVANCED_FACE('',(#487),#493,.T.);
#487 = FACE_BOUND('',#488,.T.);
#488 = EDGE_LOOP('',(#489,#490,#491,#492));
#489 = ORIENTED_EDGE('',*,*,#380,.F.);
#490 = ORIENTED_EDGE('',*,*,#441,.T.);
#491 = ORIENTED_EDGE('',*,*,#420,.T.);
#492 = ORIENTED_EDGE('',*,*,#463,.F.);
#493 = PLANE('',#494);
#494 = AXIS2_PLACEMENT_3D('',#495,#496,#497);
#495 = CARTESIAN_POINT('',(162.7211431703,191.84128743664,83.));
#496 = DIRECTION('',(0.,0.,1.));
#497 = DIRECTION('',(0.5,0.866025403784,0.));
#498 = MANIFOLD_SOLID_BREP('',#499);
#499 = CLOSED_SHELL('',(#500,#540,#580,#602,#624,#636));
#500 = ADVANCED_FACE('',(#501),#535,.F.);
#501 = FACE_BOUND('',#502,.F.);
#502 = EDGE_LOOP('',(#503,#513,#521,#529));
#503 = ORIENTED_EDGE('',*,*,#504,.F.);
#504 = EDGE_CURVE('',#505,#507,#509,.T.);
#505 = VERTEX_POINT('',#506);
#506 = CARTESIAN_POINT('',(-247.5,45.,28.));
#507 = VERTEX_POINT('',#508);
#508 = CARTESIAN_POINT('',(-247.5,45.,83.));
#509 = LINE('',#510,#511);
#510 = CARTESIAN_POINT('',(-247.5,45.,28.));
#511 = VECTOR('',#512,1.);
#512 = DIRECTION('',(0.,0.,1.));
#513 = ORIENTED_EDGE('',*,*,#514,.T.);
#514 = EDGE_CURVE('',#505,#515,#517,.T.);
#515 = VERTEX_POINT('',#516);
#516 = CARTESIAN_POINT('',(-247.5,-45.,28.));
#517 = LINE('',#518,#519);
#518 = CARTESIAN_POINT('',(-247.5,45.,28.));
#519 = VECTOR('',#520,1.);
#520 = DIRECTION('',(0.,-1.,0.));
#521 = ORIENTED_EDGE('',*,*,#522,.T.);
#522 = EDGE_CURVE('',#515,#523,#525,.T.);
#523 = VERTEX_POINT('',#524);
#524 = CARTESIAN_POINT('',(-247.5,-45.,83.));
#525 = LINE('',#526,#527);
#526 = CARTESIAN_POINT('',(-247.5,-45.,28.));
#527 = VECTOR('',#528,1.);
#528 = DIRECTION('',(0.,0.,1.));
#529 = ORIENTED_EDGE('',*,*,#530,.F.);
#530 = EDGE_CURVE('',#507,#523,#531,.T.);
#531 = LINE('',#532,#533);
#532 = CARTESIAN_POINT('',(-247.5,45.,83.));
#533 = VECTOR('',#534,1.);
#534 = DIRECTION('',(0.,-1.,0.));
#535 = PLANE('',#536);
#536 = AXIS2_PLACEMENT_3D('',#537,#538,#539);
#537 = CARTESIAN_POINT('',(-247.5,45.,28.));
#538 = DIRECTION('',(-1.,0.,0.));
#539 = DIRECTION('',(0.,0.,1.));
#540 = ADVANCED_FACE('',(#541),#575,.T.);
#541 = FACE_BOUND('',#542,.T.);
#542 = EDGE_LOOP('',(#543,#553,#561,#569));
#543 = ORIENTED_EDGE('',*,*,#544,.F.);
#544 = EDGE_CURVE('',#545,#547,#549,.T.);
#545 = VERTEX_POINT('',#546);
#546 = CARTESIAN_POINT('',(-1.2975E+03,45.,28.));
#547 = VERTEX_POINT('',#548);
#548 = CARTESIAN_POINT('',(-1.2975E+03,45.,83.));
#549 = LINE('',#550,#551);
#550 = CARTESIAN_POINT('',(-1.2975E+03,45.,28.));
#551 = VECTOR('',#552,1.);
#552 = DIRECTION('',(0.,0.,1.));
#553 = ORIENTED_EDGE('',*,*,#554,.T.);
#554 = EDGE_CURVE('',#545,#555,#557,.T.);
#555 = VERTEX_POINT('',#556);
#556 = CARTESIAN_POINT('',(-1.2975E+03,-45.,28.));
#557 = LINE('',#558,#559);
#558 = CARTESIAN_POINT('',(-1.2975E+03,45.,28.));
#559 = VECTOR('',#560,1.);
#560 = DIRECTION('',(0.,-1.,0.));
#561 = ORIENTED_EDGE('',*,*,#562,.T.);
#562 = EDGE_CURVE('',#555,#563,#565,.T.);
#563 = VERTEX_POINT('',#564);
#564 = CARTESIAN_POINT('',(-1.2975E+03,-45.,83.));
#565 = LINE('',#566,#567);
#566 = CARTESIAN_POINT('',(-1.2975E+03,-45.,28.));
#567 = VECTOR('',#568,1.);
#568 = DIRECTION('',(0.,0.,1.));
#569 = ORIENTED_EDGE('',*,*,#570,.F.);
#570 = EDGE_CURVE('',#547,#563,#571,.T.);
#571 = LINE('',#572,#573);
#572 = CARTESIAN_POINT('',(-1.2975E+03,45.,83.));
#573 = VECTOR('',#574,1.);
#574 = DIRECTION('',(0.,-1.,0.));
#575 = PLANE('',#576);
#576 = AXIS2_PLACEMENT_3D('',#577,#578,#579);
#577 = CARTESIAN_POINT('',(-1.2975E+03,45.,28.));
#578 = DIRECTION('',(-1.,0.,0.));
#579 = DIRECTION('',(0.,0.,1.));
#580 = ADVANCED_FACE('',(#581),#597,.F.);
#581 = FACE_BOUND('',#582,.F.);
#582 = EDGE_LOOP('',(#583,#589,#590,#596));
#583 = ORIENTED_EDGE('',*,*,#584,.F.);
#584 = EDGE_CURVE('',#505,#545,#585,.T.);
#585 = LINE('',#586,#587);
#586 = CARTESIAN_POINT('',(-247.5,45.,28.));
#587 = VECTOR('',#588,1.);
#588 = DIRECTION('',(-1.,0.,0.));
#589 = ORIENTED_EDGE('',*,*,#504,.T.);
#590 = ORIENTED_EDGE('',*,*,#591,.T.);
#591 = EDGE_CURVE('',#507,#547,#592,.T.);
#592 = LINE('',#593,#594);
#593 = CARTESIAN_POINT('',(-247.5,45.,83.));
#594 = VECTOR('',#595,1.);
#595 = DIRECTION('',(-1.,0.,0.));
#596 = ORIENTED_EDGE('',*,*,#544,.F.);
#597 = PLANE('',#598);
#598 = AXIS2_PLACEMENT_3D('',#599,#600,#601);
#599 = CARTESIAN_POINT('',(-247.5,45.,28.));
#600 = DIRECTION('',(0.,-1.,0.));
#601 = DIRECTION('',(0.,0.,1.));
#602 = ADVANCED_FACE('',(#603),#619,.T.);
#603 = FACE_BOUND('',#604,.T.);
#604 = EDGE_LOOP('',(#605,#611,#612,#618));
#605 = ORIENTED_EDGE('',*,*,#606,.F.);
#606 = EDGE_CURVE('',#515,#555,#607,.T.);
#607 = LINE('',#608,#609);
#608 = CARTESIAN_POINT('',(-247.5,-45.,28.));
#609 = VECTOR('',#610,1.);
#610 = DIRECTION('',(-1.,0.,0.));
#611 = ORIENTED_EDGE('',*,*,#522,.T.);
#612 = ORIENTED_EDGE('',*,*,#613,.T.);
#613 = EDGE_CURVE('',#523,#563,#614,.T.);
#614 = LINE('',#615,#616);
#615 = CARTESIAN_POINT('',(-247.5,-45.,83.));
#616 = VECTOR('',#617,1.);
#617 = DIRECTION('',(-1.,0.,0.));
#618 = ORIENTED_EDGE('',*,*,#562,.F.);
#619 = PLANE('',#620);
#620 = AXIS2_PLACEMENT_3D('',#621,#622,#623);
#621 = CARTESIAN_POINT('',(-247.5,-45.,28.));
#622 = DIRECTION('',(0.,-1.,0.));
#623 = DIRECTION('',(0.,0.,1.));
#624 = ADVANCED_FACE('',(#625),#631,.F.);
#625 = FACE_BOUND('',#626,.F.);
#626 = EDGE_LOOP('',(#627,#628,#629,#630));
#627 = ORIENTED_EDGE('',*,*,#514,.F.);
#628 = ORIENTED_EDGE('',*,*,#584,.T.);
#629 = ORIENTED_EDGE('',*,*,#554,.T.);
#630 = ORIENTED_EDGE('',*,*,#606,.F.);
#631 = PLANE('',#632);
#632 = AXIS2_PLACEMENT_3D('',#633,#634,#635);
#633 = CARTESIAN_POINT('',(-247.5,45.,28.));
#634 = DIRECTION('',(0.,0.,1.));
#635 = DIRECTION('',(-1.,0.,0.));
#636 = ADVANCED_FACE('',(#637),#643,.T.);
#637 = FACE_BOUND('',#638,.T.);
#638 = EDGE_LOOP('',(#639,#640,#641,#642));
#639 = ORIENTED_EDGE('',*,*,#530,.F.);
#640 = ORIENTED_EDGE('',*,*,#591,.T.);
#641 = ORIENTED_EDGE('',*,*,#570,.T.);
#642 = ORIENTED_EDGE('',*,*,#613,.F.);
#643 = PLANE('',#644);
#644 = AXIS2_PLACEMENT_3D('',#645,#646,#647);
#645 = CARTESIAN_POINT('',(-247.5,45.,83.));
#646 = DIRECTION('',(0.,0.,1.));
#647 = DIRECTION('',(-1.,0.,0.));
#648 = MANIFOLD_SOLID_BREP('',#649);
#649 = CLOSED_SHELL('',(#650,#690,#730,#752,#774,#786));
#650 = ADVANCED_FACE('',(#651),#685,.F.);
#651 = FACE_BOUND('',#652,.F.);
#652 = EDGE_LOOP('',(#653,#663,#671,#679));
#653 = ORIENTED_EDGE('',*,*,#654,.F.);
#654 = EDGE_CURVE('',#655,#657,#659,.T.);
#655 = VERTEX_POINT('',#656);
#656 = CARTESIAN_POINT('',(84.7788568297,-236.8412874366,28.));
#657 = VERTEX_POINT('',#658);
#658 = CARTESIAN_POINT('',(84.7788568297,-236.8412874366,83.));
#659 = LINE('',#660,#661);
#660 = CARTESIAN_POINT('',(84.7788568297,-236.8412874366,28.));
#661 = VECTOR('',#662,1.);
#662 = DIRECTION('',(0.,0.,1.));
#663 = ORIENTED_EDGE('',*,*,#664,.T.);
#664 = EDGE_CURVE('',#655,#665,#667,.T.);
#665 = VERTEX_POINT('',#666);
#666 = CARTESIAN_POINT('',(162.7211431703,-191.8412874366,28.));
#667 = LINE('',#668,#669);
#668 = CARTESIAN_POINT('',(84.7788568297,-236.8412874366,28.));
#669 = VECTOR('',#670,1.);
#670 = DIRECTION('',(0.866025403784,0.5,0.));
#671 = ORIENTED_EDGE('',*,*,#672,.T.);
#672 = EDGE_CURVE('',#665,#673,#675,.T.);
#673 = VERTEX_POINT('',#674);
#674 = CARTESIAN_POINT('',(162.7211431703,-191.8412874366,83.));
#675 = LINE('',#676,#677);
#676 = CARTESIAN_POINT('',(162.7211431703,-191.8412874366,28.));
#677 = VECTOR('',#678,1.);
#678 = DIRECTION('',(0.,0.,1.));
#679 = ORIENTED_EDGE('',*,*,#680,.F.);
#680 = EDGE_CURVE('',#657,#673,#681,.T.);
#681 = LINE('',#682,#683);
#682 = CARTESIAN_POINT('',(84.7788568297,-236.8412874366,83.));
#683 = VECTOR('',#684,1.);
#684 = DIRECTION('',(0.866025403784,0.5,0.));
#685 = PLANE('',#686);
#686 = AXIS2_PLACEMENT_3D('',#687,#688,#689);
#687 = CARTESIAN_POINT('',(84.7788568297,-236.8412874366,28.));
#688 = DIRECTION('',(0.5,-0.866025403784,0.));
#689 = DIRECTION('',(0.,0.,1.));
#690 = ADVANCED_FACE('',(#691),#725,.T.);
#691 = FACE_BOUND('',#692,.T.);
#692 = EDGE_LOOP('',(#693,#703,#711,#719));
#693 = ORIENTED_EDGE('',*,*,#694,.F.);
#694 = EDGE_CURVE('',#695,#697,#699,.T.);
#695 = VERTEX_POINT('',#696);
#696 = CARTESIAN_POINT('',(609.7788568297,-1.14616796141E+03,28.));
#697 = VERTEX_POINT('',#698);
#698 = CARTESIAN_POINT('',(609.7788568297,-1.14616796141E+03,83.));
#699 = LINE('',#700,#701);
#700 = CARTESIAN_POINT('',(609.7788568297,-1.14616796141E+03,28.));
#701 = VECTOR('',#702,1.);
#702 = DIRECTION('',(0.,0.,1.));
#703 = ORIENTED_EDGE('',*,*,#704,.T.);
#704 = EDGE_CURVE('',#695,#705,#707,.T.);
#705 = VERTEX_POINT('',#706);
#706 = CARTESIAN_POINT('',(687.7211431703,-1.10116796141E+03,28.));
#707 = LINE('',#708,#709);
#708 = CARTESIAN_POINT('',(609.7788568297,-1.14616796141E+03,28.));
#709 = VECTOR('',#710,1.);
#710 = DIRECTION('',(0.866025403784,0.5,0.));
#711 = ORIENTED_EDGE('',*,*,#712,.T.);
#712 = EDGE_CURVE('',#705,#713,#715,.T.);
#713 = VERTEX_POINT('',#714);
#714 = CARTESIAN_POINT('',(687.7211431703,-1.10116796141E+03,83.));
#715 = LINE('',#716,#717);
#716 = CARTESIAN_POINT('',(687.7211431703,-1.10116796141E+03,28.));
#717 = VECTOR('',#718,1.);
#718 = DIRECTION('',(0.,0.,1.));
#719 = ORIENTED_EDGE('',*,*,#720,.F.);
#720 = EDGE_CURVE('',#697,#713,#721,.T.);
#721 = LINE('',#722,#723);
#722 = CARTESIAN_POINT('',(609.7788568297,-1.14616796141E+03,83.));
#723 = VECTOR('',#724,1.);
#724 = DIRECTION('',(0.866025403784,0.5,0.));
#725 = PLANE('',#726);
#726 = AXIS2_PLACEMENT_3D('',#727,#728,#729);
#727 = CARTESIAN_POINT('',(609.7788568297,-1.14616796141E+03,28.));
#728 = DIRECTION('',(0.5,-0.866025403784,0.));
#729 = DIRECTION('',(0.,0.,1.));
#730 = ADVANCED_FACE('',(#731),#747,.F.);
#731 = FACE_BOUND('',#732,.F.);
#732 = EDGE_LOOP('',(#733,#739,#740,#746));
#733 = ORIENTED_EDGE('',*,*,#734,.F.);
#734 = EDGE_CURVE('',#655,#695,#735,.T.);
#735 = LINE('',#736,#737);
#736 = CARTESIAN_POINT('',(84.7788568297,-236.8412874366,28.));
#737 = VECTOR('',#738,1.);
#738 = DIRECTION('',(0.5,-0.866025403784,0.));
#739 = ORIENTED_EDGE('',*,*,#654,.T.);
#740 = ORIENTED_EDGE('',*,*,#741,.T.);
#741 = EDGE_CURVE('',#657,#697,#742,.T.);
#742 = LINE('',#743,#744);
#743 = CARTESIAN_POINT('',(84.7788568297,-236.8412874366,83.));
#744 = VECTOR('',#745,1.);
#745 = DIRECTION('',(0.5,-0.866025403784,0.));
#746 = ORIENTED_EDGE('',*,*,#694,.F.);
#747 = PLANE('',#748);
#748 = AXIS2_PLACEMENT_3D('',#749,#750,#751);
#749 = CARTESIAN_POINT('',(84.7788568297,-236.8412874366,28.));
#750 = DIRECTION('',(0.866025403784,0.5,0.));
#751 = DIRECTION('',(0.,0.,1.));
#752 = ADVANCED_FACE('',(#753),#769,.T.);
#753 = FACE_BOUND('',#754,.T.);
#754 = EDGE_LOOP('',(#755,#761,#762,#768));
#755 = ORIENTED_EDGE('',*,*,#756,.F.);
#756 = EDGE_CURVE('',#665,#705,#757,.T.);
#757 = LINE('',#758,#759);
#758 = CARTESIAN_POINT('',(162.7211431703,-191.8412874366,28.));
#759 = VECTOR('',#760,1.);
#760 = DIRECTION('',(0.5,-0.866025403784,0.));
#761 = ORIENTED_EDGE('',*,*,#672,.T.);
#762 = ORIENTED_EDGE('',*,*,#763,.T.);
#763 = EDGE_CURVE('',#673,#713,#764,.T.);
#764 = LINE('',#765,#766);
#765 = CARTESIAN_POINT('',(162.7211431703,-191.8412874366,83.));
#766 = VECTOR('',#767,1.);
#767 = DIRECTION('',(0.5,-0.866025403784,0.));
#768 = ORIENTED_EDGE('',*,*,#712,.F.);
#769 = PLANE('',#770);
#770 = AXIS2_PLACEMENT_3D('',#771,#772,#773);
#771 = CARTESIAN_POINT('',(162.7211431703,-191.8412874366,28.));
#772 = DIRECTION('',(0.866025403784,0.5,0.));
#773 = DIRECTION('',(0.,0.,1.));
#774 = ADVANCED_FACE('',(#775),#781,.F.);
#775 = FACE_BOUND('',#776,.F.);
#776 = EDGE_LOOP('',(#777,#778,#779,#780));
#777 = ORIENTED_EDGE('',*,*,#664,.F.);
#778 = ORIENTED_EDGE('',*,*,#734,.T.);
#779 = ORIENTED_EDGE('',*,*,#704,.T.);
#780 = ORIENTED_EDGE('',*,*,#756,.F.);
#781 = PLANE('',#782);
#782 = AXIS2_PLACEMENT_3D('',#783,#784,#785);
#783 = CARTESIAN_POINT('',(84.7788568297,-236.8412874366,28.));
#784 = DIRECTION('',(0.,0.,1.));
#785 = DIRECTION('',(0.5,-0.866025403784,0.));
#786 = ADVANCED_FACE('',(#787),#793,.T.);
#787 = FACE_BOUND('',#788,.T.);
#788 = EDGE_LOOP('',(#789,#790,#791,#792));
#789 = ORIENTED_EDGE('',*,*,#680,.F.);
#790 = ORIENTED_EDGE('',*,*,#741,.T.);
#791 = ORIENTED_EDGE('',*,*,#720,.T.);
#792 = ORIENTED_EDGE('',*,*,#763,.F.);
#793 = PLANE('',#794);
#794 = AXIS2_PLACEMENT_3D('',#795,#796,#797);
#795 = CARTESIAN_POINT('',(84.7788568297,-236.8412874366,83.));
#796 = DIRECTION('',(0.,0.,1.));
#797 = DIRECTION('',(0.5,-0.866025403784,0.));
#798 = MANIFOLD_SOLID_BREP('',#799);
#799 = CLOSED_SHELL('',(#800,#833,#842));
#800 = ADVANCED_FACE('',(#801),#828,.T.);
#801 = FACE_BOUND('',#802,.T.);
#802 = EDGE_LOOP('',(#803,#812,#820,#827));
#803 = ORIENTED_EDGE('',*,*,#804,.F.);
#804 = EDGE_CURVE('',#805,#805,#807,.T.);
#805 = VERTEX_POINT('',#806);
#806 = CARTESIAN_POINT('',(860.,-3.673940397442E-14,28.));
#807 = CIRCLE('',#808,150.);
#808 = AXIS2_PLACEMENT_3D('',#809,#810,#811);
#809 = CARTESIAN_POINT('',(710.,0.,28.));
#810 = DIRECTION('',(0.,0.,1.));
#811 = DIRECTION('',(1.,0.,0.));
#812 = ORIENTED_EDGE('',*,*,#813,.F.);
#813 = EDGE_CURVE('',#814,#805,#816,.T.);
#814 = VERTEX_POINT('',#815);
#815 = CARTESIAN_POINT('',(860.,-3.673940397442E-14,0.));
#816 = LINE('',#817,#818);
#817 = CARTESIAN_POINT('',(860.,-3.673940397442E-14,0.));
#818 = VECTOR('',#819,1.);
#819 = DIRECTION('',(0.,0.,1.));
#820 = ORIENTED_EDGE('',*,*,#821,.T.);
#821 = EDGE_CURVE('',#814,#814,#822,.T.);
#822 = CIRCLE('',#823,150.);
#823 = AXIS2_PLACEMENT_3D('',#824,#825,#826);
#824 = CARTESIAN_POINT('',(710.,0.,0.));
#825 = DIRECTION('',(0.,0.,1.));
#826 = DIRECTION('',(1.,0.,0.));
#827 = ORIENTED_EDGE('',*,*,#813,.T.);
#828 = CYLINDRICAL_SURFACE('',#829,150.);
#829 = AXIS2_PLACEMENT_3D('',#830,#831,#832);
#830 = CARTESIAN_POINT('',(710.,0.,0.));
#831 = DIRECTION('',(0.,0.,1.));
#832 = DIRECTION('',(1.,0.,0.));
#833 = ADVANCED_FACE('',(#834),#837,.T.);
#834 = FACE_BOUND('',#835,.T.);
#835 = EDGE_LOOP('',(#836));
#836 = ORIENTED_EDGE('',*,*,#804,.T.);
#837 = PLANE('',#838);
#838 = AXIS2_PLACEMENT_3D('',#839,#840,#841);
#839 = CARTESIAN_POINT('',(710.,0.,28.));
#840 = DIRECTION('',(0.,0.,1.));
#841 = DIRECTION('',(1.,0.,0.));
#842 = ADVANCED_FACE('',(#843),#846,.F.);
#843 = FACE_BOUND('',#844,.T.);
#844 = EDGE_LOOP('',(#845));
#845 = ORIENTED_EDGE('',*,*,#821,.F.);
#846 = PLANE('',#847);
#847 = AXIS2_PLACEMENT_3D('',#848,#849,#850);
#848 = CARTESIAN_POINT('',(710.,0.,0.));
#849 = DIRECTION('',(0.,0.,1.));
#850 = DIRECTION('',(1.,0.,0.));
#851 = MANIFOLD_SOLID_BREP('',#852);
#852 = CLOSED_SHELL('',(#853,#886,#895));
#853 = ADVANCED_FACE('',(#854),#881,.T.);
#854 = FACE_BOUND('',#855,.T.);
#855 = EDGE_LOOP('',(#856,#865,#873,#880));
#856 = ORIENTED_EDGE('',*,*,#857,.F.);
#857 = EDGE_CURVE('',#858,#858,#860,.T.);
#858 = VERTEX_POINT('',#859);
#859 = CARTESIAN_POINT('',(767.5,-1.408343819019E-14,458.));
#860 = CIRCLE('',#861,57.5);
#861 = AXIS2_PLACEMENT_3D('',#862,#863,#864);
#862 = CARTESIAN_POINT('',(710.,0.,458.));
#863 = DIRECTION('',(0.,0.,1.));
#864 = DIRECTION('',(1.,0.,0.));
#865 = ORIENTED_EDGE('',*,*,#866,.F.);
#866 = EDGE_CURVE('',#867,#858,#869,.T.);
#867 = VERTEX_POINT('',#868);
#868 = CARTESIAN_POINT('',(767.5,-1.408343819019E-14,28.));
#869 = LINE('',#870,#871);
#870 = CARTESIAN_POINT('',(767.5,-1.408343819019E-14,28.));
#871 = VECTOR('',#872,1.);
#872 = DIRECTION('',(0.,0.,1.));
#873 = ORIENTED_EDGE('',*,*,#874,.T.);
#874 = EDGE_CURVE('',#867,#867,#875,.T.);
#875 = CIRCLE('',#876,57.5);
#876 = AXIS2_PLACEMENT_3D('',#877,#878,#879);
#877 = CARTESIAN_POINT('',(710.,0.,28.));
#878 = DIRECTION('',(0.,0.,1.));
#879 = DIRECTION('',(1.,0.,0.));
#880 = ORIENTED_EDGE('',*,*,#866,.T.);
#881 = CYLINDRICAL_SURFACE('',#882,57.5);
#882 = AXIS2_PLACEMENT_3D('',#883,#884,#885);
#883 = CARTESIAN_POINT('',(710.,0.,28.));
#884 = DIRECTION('',(0.,0.,1.));
#885 = DIRECTION('',(1.,0.,0.));
#886 = ADVANCED_FACE('',(#887),#890,.T.);
#887 = FACE_BOUND('',#888,.T.);
#888 = EDGE_LOOP('',(#889));
#889 = ORIENTED_EDGE('',*,*,#857,.T.);
#890 = PLANE('',#891);
#891 = AXIS2_PLACEMENT_3D('',#892,#893,#894);
#892 = CARTESIAN_POINT('',(710.,0.,458.));
#893 = DIRECTION('',(0.,0.,1.));
#894 = DIRECTION('',(1.,0.,0.));
#895 = ADVANCED_FACE('',(#896),#899,.F.);
#896 = FACE_BOUND('',#897,.T.);
#897 = EDGE_LOOP('',(#898));
#898 = ORIENTED_EDGE('',*,*,#874,.F.);
#899 = PLANE('',#900);
#900 = AXIS2_PLACEMENT_3D('',#901,#902,#903);
#901 = CARTESIAN_POINT('',(710.,0.,28.));
#902 = DIRECTION('',(0.,0.,1.));
#903 = DIRECTION('',(1.,0.,0.));
#904 = MANIFOLD_SOLID_BREP('',#905);
#905 = CLOSED_SHELL('',(#906,#939,#948));
#906 = ADVANCED_FACE('',(#907),#934,.T.);
#907 = FACE_BOUND('',#908,.T.);
#908 = EDGE_LOOP('',(#909,#918,#926,#933));
#909 = ORIENTED_EDGE('',*,*,#910,.F.);
#910 = EDGE_CURVE('',#911,#911,#913,.T.);
#911 = VERTEX_POINT('',#912);
#912 = CARTESIAN_POINT('',(1.11924355653E+03,886.54344550093,28.));
#913 = CIRCLE('',#914,150.);
#914 = AXIS2_PLACEMENT_3D('',#915,#916,#917);
#915 = CARTESIAN_POINT('',(969.24355652982,886.54344550093,28.));
#916 = DIRECTION('',(0.,0.,1.));
#917 = DIRECTION('',(1.,0.,0.));
#918 = ORIENTED_EDGE('',*,*,#919,.F.);
#919 = EDGE_CURVE('',#920,#911,#922,.T.);
#920 = VERTEX_POINT('',#921);
#921 = CARTESIAN_POINT('',(1.11924355653E+03,886.54344550093,0.));
#922 = LINE('',#923,#924);
#923 = CARTESIAN_POINT('',(1.11924355653E+03,886.54344550093,0.));
#924 = VECTOR('',#925,1.);
#925 = DIRECTION('',(0.,0.,1.));
#926 = ORIENTED_EDGE('',*,*,#927,.T.);
#927 = EDGE_CURVE('',#920,#920,#928,.T.);
#928 = CIRCLE('',#929,150.);
#929 = AXIS2_PLACEMENT_3D('',#930,#931,#932);
#930 = CARTESIAN_POINT('',(969.24355652982,886.54344550093,0.));
#931 = DIRECTION('',(0.,0.,1.));
#932 = DIRECTION('',(1.,0.,0.));
#933 = ORIENTED_EDGE('',*,*,#919,.T.);
#934 = CYLINDRICAL_SURFACE('',#935,150.);
#935 = AXIS2_PLACEMENT_3D('',#936,#937,#938);
#936 = CARTESIAN_POINT('',(969.24355652982,886.54344550093,0.));
#937 = DIRECTION('',(0.,0.,1.));
#938 = DIRECTION('',(1.,0.,0.));
#939 = ADVANCED_FACE('',(#940),#943,.T.);
#940 = FACE_BOUND('',#941,.T.);
#941 = EDGE_LOOP('',(#942));
#942 = ORIENTED_EDGE('',*,*,#910,.T.);
#943 = PLANE('',#944);
#944 = AXIS2_PLACEMENT_3D('',#945,#946,#947);
#945 = CARTESIAN_POINT('',(969.24355652982,886.54344550093,28.));
#946 = DIRECTION('',(0.,0.,1.));
#947 = DIRECTION('',(1.,0.,0.));
#948 = ADVANCED_FACE('',(#949),#952,.F.);
#949 = FACE_BOUND('',#950,.T.);
#950 = EDGE_LOOP('',(#951));
#951 = ORIENTED_EDGE('',*,*,#927,.F.);
#952 = PLANE('',#953);
#953 = AXIS2_PLACEMENT_3D('',#954,#955,#956);
#954 = CARTESIAN_POINT('',(969.24355652982,886.54344550093,0.));
#955 = DIRECTION('',(0.,0.,1.));
#956 = DIRECTION('',(1.,0.,0.));
#957 = MANIFOLD_SOLID_BREP('',#958);
#958 = CLOSED_SHELL('',(#959,#992,#1001));
#959 = ADVANCED_FACE('',(#960),#987,.T.);
#960 = FACE_BOUND('',#961,.T.);
#961 = EDGE_LOOP('',(#962,#971,#979,#986));
#962 = ORIENTED_EDGE('',*,*,#963,.F.);
#963 = EDGE_CURVE('',#964,#964,#966,.T.);
#964 = VERTEX_POINT('',#965);
#965 = CARTESIAN_POINT('',(1.02674355653E+03,886.54344550093,458.));
#966 = CIRCLE('',#967,57.5);
#967 = AXIS2_PLACEMENT_3D('',#968,#969,#970);
#968 = CARTESIAN_POINT('',(969.24355652982,886.54344550093,458.));
#969 = DIRECTION('',(0.,0.,1.));
#970 = DIRECTION('',(1.,0.,0.));
#971 = ORIENTED_EDGE('',*,*,#972,.F.);
#972 = EDGE_CURVE('',#973,#964,#975,.T.);
#973 = VERTEX_POINT('',#974);
#974 = CARTESIAN_POINT('',(1.02674355653E+03,886.54344550093,28.));
#975 = LINE('',#976,#977);
#976 = CARTESIAN_POINT('',(1.02674355653E+03,886.54344550093,28.));
#977 = VECTOR('',#978,1.);
#978 = DIRECTION('',(0.,0.,1.));
#979 = ORIENTED_EDGE('',*,*,#980,.T.);
#980 = EDGE_CURVE('',#973,#973,#981,.T.);
#981 = CIRCLE('',#982,57.5);
#982 = AXIS2_PLACEMENT_3D('',#983,#984,#985);
#983 = CARTESIAN_POINT('',(969.24355652982,886.54344550093,28.));
#984 = DIRECTION('',(0.,0.,1.));
#985 = DIRECTION('',(1.,0.,0.));
#986 = ORIENTED_EDGE('',*,*,#972,.T.);
#987 = CYLINDRICAL_SURFACE('',#988,57.5);
#988 = AXIS2_PLACEMENT_3D('',#989,#990,#991);
#989 = CARTESIAN_POINT('',(969.24355652982,886.54344550093,28.));
#990 = DIRECTION('',(0.,0.,1.));
#991 = DIRECTION('',(1.,0.,0.));
#992 = ADVANCED_FACE('',(#993),#996,.T.);
#993 = FACE_BOUND('',#994,.T.);
#994 = EDGE_LOOP('',(#995));
#995 = ORIENTED_EDGE('',*,*,#963,.T.);
#996 = PLANE('',#997);
#997 = AXIS2_PLACEMENT_3D('',#998,#999,#1000);
#998 = CARTESIAN_POINT('',(969.24355652982,886.54344550093,458.));
#999 = DIRECTION('',(0.,0.,1.));
#1000 = DIRECTION('',(1.,0.,0.));
#1001 = ADVANCED_FACE('',(#1002),#1005,.F.);
#1002 = FACE_BOUND('',#1003,.T.);
#1003 = EDGE_LOOP('',(#1004));
#1004 = ORIENTED_EDGE('',*,*,#980,.F.);
#1005 = PLANE('',#1006);
#1006 = AXIS2_PLACEMENT_3D('',#1007,#1008,#1009);
#1007 = CARTESIAN_POINT('',(969.24355652982,886.54344550093,28.));
#1008 = DIRECTION('',(0.,0.,1.));
#1009 = DIRECTION('',(1.,0.,0.));
#1010 = MANIFOLD_SOLID_BREP('',#1011);
#1011 = CLOSED_SHELL('',(#1012,#1045,#1054));
#1012 = ADVANCED_FACE('',(#1013),#1040,.T.);
#1013 = FACE_BOUND('',#1014,.T.);
#1014 = EDGE_LOOP('',(#1015,#1024,#1032,#1039));
#1015 = ORIENTED_EDGE('',*,*,#1016,.F.);
#1016 = EDGE_CURVE('',#1017,#1017,#1019,.T.);
#1017 = VERTEX_POINT('',#1018);
#1018 = CARTESIAN_POINT('',(1.11924355653E+03,-886.5434455009,28.));
#1019 = CIRCLE('',#1020,150.);
#1020 = AXIS2_PLACEMENT_3D('',#1021,#1022,#1023);
#1021 = CARTESIAN_POINT('',(969.24355652982,-886.5434455009,28.));
#1022 = DIRECTION('',(0.,0.,1.));
#1023 = DIRECTION('',(1.,0.,0.));
#1024 = ORIENTED_EDGE('',*,*,#1025,.F.);
#1025 = EDGE_CURVE('',#1026,#1017,#1028,.T.);
#1026 = VERTEX_POINT('',#1027);
#1027 = CARTESIAN_POINT('',(1.11924355653E+03,-886.5434455009,0.));
#1028 = LINE('',#1029,#1030);
#1029 = CARTESIAN_POINT('',(1.11924355653E+03,-886.5434455009,0.));
#1030 = VECTOR('',#1031,1.);
#1031 = DIRECTION('',(0.,0.,1.));
#1032 = ORIENTED_EDGE('',*,*,#1033,.T.);
#1033 = EDGE_CURVE('',#1026,#1026,#1034,.T.);
#1034 = CIRCLE('',#1035,150.);
#1035 = AXIS2_PLACEMENT_3D('',#1036,#1037,#1038);
#1036 = CARTESIAN_POINT('',(969.24355652982,-886.5434455009,0.));
#1037 = DIRECTION('',(0.,0.,1.));
#1038 = DIRECTION('',(1.,0.,0.));
#1039 = ORIENTED_EDGE('',*,*,#1025,.T.);
#1040 = CYLINDRICAL_SURFACE('',#1041,150.);
#1041 = AXIS2_PLACEMENT_3D('',#1042,#1043,#1044);
#1042 = CARTESIAN_POINT('',(969.24355652982,-886.5434455009,0.));
#1043 = DIRECTION('',(0.,0.,1.));
#1044 = DIRECTION('',(1.,0.,0.));
#1045 = ADVANCED_FACE('',(#1046),#1049,.T.);
#1046 = FACE_BOUND('',#1047,.T.);
#1047 = EDGE_LOOP('',(#1048));
#1048 = ORIENTED_EDGE('',*,*,#1016,.T.);
#1049 = PLANE('',#1050);
#1050 = AXIS2_PLACEMENT_3D('',#1051,#1052,#1053);
#1051 = CARTESIAN_POINT('',(969.24355652982,-886.5434455009,28.));
#1052 = DIRECTION('',(0.,0.,1.));
#1053 = DIRECTION('',(1.,0.,0.));
#1054 = ADVANCED_FACE('',(#1055),#1058,.F.);
#1055 = FACE_BOUND('',#1056,.T.);
#1056 = EDGE_LOOP('',(#1057));
#1057 = ORIENTED_EDGE('',*,*,#1033,.F.);
#1058 = PLANE('',#1059);
#1059 = AXIS2_PLACEMENT_3D('',#1060,#1061,#1062);
#1060 = CARTESIAN_POINT('',(969.24355652982,-886.5434455009,0.));
#1061 = DIRECTION('',(0.,0.,1.));
#1062 = DIRECTION('',(1.,0.,0.));
#1063 = MANIFOLD_SOLID_BREP('',#1064);
#1064 = CLOSED_SHELL('',(#1065,#1098,#1107));
#1065 = ADVANCED_FACE('',(#1066),#1093,.T.);
#1066 = FACE_BOUND('',#1067,.T.);
#1067 = EDGE_LOOP('',(#1068,#1077,#1085,#1092));
#1068 = ORIENTED_EDGE('',*,*,#1069,.F.);
#1069 = EDGE_CURVE('',#1070,#1070,#1072,.T.);
#1070 = VERTEX_POINT('',#1071);
#1071 = CARTESIAN_POINT('',(1.02674355653E+03,-886.5434455009,458.));
#1072 = CIRCLE('',#1073,57.5);
#1073 = AXIS2_PLACEMENT_3D('',#1074,#1075,#1076);
#1074 = CARTESIAN_POINT('',(969.24355652982,-886.5434455009,458.));
#1075 = DIRECTION('',(0.,0.,1.));
#1076 = DIRECTION('',(1.,0.,0.));
#1077 = ORIENTED_EDGE('',*,*,#1078,.F.);
#1078 = EDGE_CURVE('',#1079,#1070,#1081,.T.);
#1079 = VERTEX_POINT('',#1080);
#1080 = CARTESIAN_POINT('',(1.02674355653E+03,-886.5434455009,28.));
#1081 = LINE('',#1082,#1083);
#1082 = CARTESIAN_POINT('',(1.02674355653E+03,-886.5434455009,28.));
#1083 = VECTOR('',#1084,1.);
#1084 = DIRECTION('',(0.,0.,1.));
#1085 = ORIENTED_EDGE('',*,*,#1086,.T.);
#1086 = EDGE_CURVE('',#1079,#1079,#1087,.T.);
#1087 = CIRCLE('',#1088,57.5);
#1088 = AXIS2_PLACEMENT_3D('',#1089,#1090,#1091);
#1089 = CARTESIAN_POINT('',(969.24355652982,-886.5434455009,28.));
#1090 = DIRECTION('',(0.,0.,1.));
#1091 = DIRECTION('',(1.,0.,0.));
#1092 = ORIENTED_EDGE('',*,*,#1078,.T.);
#1093 = CYLINDRICAL_SURFACE('',#1094,57.5);
#1094 = AXIS2_PLACEMENT_3D('',#1095,#1096,#1097);
#1095 = CARTESIAN_POINT('',(969.24355652982,-886.5434455009,28.));
#1096 = DIRECTION('',(0.,0.,1.));
#1097 = DIRECTION('',(1.,0.,0.));
#1098 = ADVANCED_FACE('',(#1099),#1102,.T.);
#1099 = FACE_BOUND('',#1100,.T.);
#1100 = EDGE_LOOP('',(#1101));
#1101 = ORIENTED_EDGE('',*,*,#1069,.T.);
#1102 = PLANE('',#1103);
#1103 = AXIS2_PLACEMENT_3D('',#1104,#1105,#1106);
#1104 = CARTESIAN_POINT('',(969.24355652982,-886.5434455009,458.));
#1105 = DIRECTION('',(0.,0.,1.));
#1106 = DIRECTION('',(1.,0.,0.));
#1107 = ADVANCED_FACE('',(#1108),#1111,.F.);
#1108 = FACE_BOUND('',#1109,.T.);
#1109 = EDGE_LOOP('',(#1110));
#1110 = ORIENTED_EDGE('',*,*,#1086,.F.);
#1111 = PLANE('',#1112);
#1112 = AXIS2_PLACEMENT_3D('',#1113,#1114,#1115);
#1113 = CARTESIAN_POINT('',(969.24355652982,-886.5434455009,28.));
#1114 = DIRECTION('',(0.,0.,1.));
#1115 = DIRECTION('',(1.,0.,0.));
#1116 = MANIFOLD_SOLID_BREP('',#1117);
#1117 = CLOSED_SHELL('',(#1118,#1151,#1160));
#1118 = ADVANCED_FACE('',(#1119),#1146,.T.);
#1119 = FACE_BOUND('',#1120,.T.);
#1120 = EDGE_LOOP('',(#1121,#1130,#1138,#1145));
#1121 = ORIENTED_EDGE('',*,*,#1122,.F.);
#1122 = EDGE_CURVE('',#1123,#1123,#1125,.T.);
#1123 = VERTEX_POINT('',#1124);
#1124 = CARTESIAN_POINT('',(-205.,614.87803668695,28.));
#1125 = CIRCLE('',#1126,150.);
#1126 = AXIS2_PLACEMENT_3D('',#1127,#1128,#1129);
#1127 = CARTESIAN_POINT('',(-355.,614.87803668695,28.));
#1128 = DIRECTION('',(0.,0.,1.));
#1129 = DIRECTION('',(1.,0.,0.));
#1130 = ORIENTED_EDGE('',*,*,#1131,.F.);
#1131 = EDGE_CURVE('',#1132,#1123,#1134,.T.);
#1132 = VERTEX_POINT('',#1133);
#1133 = CARTESIAN_POINT('',(-205.,614.87803668695,0.));
#1134 = LINE('',#1135,#1136);
#1135 = CARTESIAN_POINT('',(-205.,614.87803668695,0.));
#1136 = VECTOR('',#1137,1.);
#1137 = DIRECTION('',(0.,0.,1.));
#1138 = ORIENTED_EDGE('',*,*,#1139,.T.);
#1139 = EDGE_CURVE('',#1132,#1132,#1140,.T.);
#1140 = CIRCLE('',#1141,150.);
#1141 = AXIS2_PLACEMENT_3D('',#1142,#1143,#1144);
#1142 = CARTESIAN_POINT('',(-355.,614.87803668695,0.));
#1143 = DIRECTION('',(0.,0.,1.));
#1144 = DIRECTION('',(1.,0.,0.));
#1145 = ORIENTED_EDGE('',*,*,#1131,.T.);
#1146 = CYLINDRICAL_SURFACE('',#1147,150.);
#1147 = AXIS2_PLACEMENT_3D('',#1148,#1149,#1150);
#1148 = CARTESIAN_POINT('',(-355.,614.87803668695,0.));
#1149 = DIRECTION('',(0.,0.,1.));
#1150 = DIRECTION('',(1.,0.,0.));
#1151 = ADVANCED_FACE('',(#1152),#1155,.T.);
#1152 = FACE_BOUND('',#1153,.T.);
#1153 = EDGE_LOOP('',(#1154));
#1154 = ORIENTED_EDGE('',*,*,#1122,.T.);
#1155 = PLANE('',#1156);
#1156 = AXIS2_PLACEMENT_3D('',#1157,#1158,#1159);
#1157 = CARTESIAN_POINT('',(-355.,614.87803668695,28.));
#1158 = DIRECTION('',(0.,0.,1.));
#1159 = DIRECTION('',(1.,0.,0.));
#1160 = ADVANCED_FACE('',(#1161),#1164,.F.);
#1161 = FACE_BOUND('',#1162,.T.);
#1162 = EDGE_LOOP('',(#1163));
#1163 = ORIENTED_EDGE('',*,*,#1139,.F.);
#1164 = PLANE('',#1165);
#1165 = AXIS2_PLACEMENT_3D('',#1166,#1167,#1168);
#1166 = CARTESIAN_POINT('',(-355.,614.87803668695,0.));
#1167 = DIRECTION('',(0.,0.,1.));
#1168 = DIRECTION('',(1.,0.,0.));
#1169 = MANIFOLD_SOLID_BREP('',#1170);
#1170 = CLOSED_SHELL('',(#1171,#1204,#1213));
#1171 = ADVANCED_FACE('',(#1172),#1199,.T.);
#1172 = FACE_BOUND('',#1173,.T.);
#1173 = EDGE_LOOP('',(#1174,#1183,#1191,#1198));
#1174 = ORIENTED_EDGE('',*,*,#1175,.F.);
#1175 = EDGE_CURVE('',#1176,#1176,#1178,.T.);
#1176 = VERTEX_POINT('',#1177);
#1177 = CARTESIAN_POINT('',(-297.5,614.87803668695,458.));
#1178 = CIRCLE('',#1179,57.5);
#1179 = AXIS2_PLACEMENT_3D('',#1180,#1181,#1182);
#1180 = CARTESIAN_POINT('',(-355.,614.87803668695,458.));
#1181 = DIRECTION('',(0.,0.,1.));
#1182 = DIRECTION('',(1.,0.,0.));
#1183 = ORIENTED_EDGE('',*,*,#1184,.F.);
#1184 = EDGE_CURVE('',#1185,#1176,#1187,.T.);
#1185 = VERTEX_POINT('',#1186);
#1186 = CARTESIAN_POINT('',(-297.5,614.87803668695,28.));
#1187 = LINE('',#1188,#1189);
#1188 = CARTESIAN_POINT('',(-297.5,614.87803668695,28.));
#1189 = VECTOR('',#1190,1.);
#1190 = DIRECTION('',(0.,0.,1.));
#1191 = ORIENTED_EDGE('',*,*,#1192,.T.);
#1192 = EDGE_CURVE('',#1185,#1185,#1193,.T.);
#1193 = CIRCLE('',#1194,57.5);
#1194 = AXIS2_PLACEMENT_3D('',#1195,#1196,#1197);
#1195 = CARTESIAN_POINT('',(-355.,614.87803668695,28.));
#1196 = DIRECTION('',(0.,0.,1.));
#1197 = DIRECTION('',(1.,0.,0.));
#1198 = ORIENTED_EDGE('',*,*,#1184,.T.);
#1199 = CYLINDRICAL_SURFACE('',#1200,57.5);
#1200 = AXIS2_PLACEMENT_3D('',#1201,#1202,#1203);
#1201 = CARTESIAN_POINT('',(-355.,614.87803668695,28.));
#1202 = DIRECTION('',(0.,0.,1.));
#1203 = DIRECTION('',(1.,0.,0.));
#1204 = ADVANCED_FACE('',(#1205),#1208,.T.);
#1205 = FACE_BOUND('',#1206,.T.);
#1206 = EDGE_LOOP('',(#1207));
#1207 = ORIENTED_EDGE('',*,*,#1175,.T.);
#1208 = PLANE('',#1209);
#1209 = AXIS2_PLACEMENT_3D('',#1210,#1211,#1212);
#1210 = CARTESIAN_POINT('',(-355.,614.87803668695,458.));
#1211 = DIRECTION('',(0.,0.,1.));
#1212 = DIRECTION('',(1.,0.,0.));
#1213 = ADVANCED_FACE('',(#1214),#1217,.F.);
#1214 = FACE_BOUND('',#1215,.T.);
#1215 = EDGE_LOOP('',(#1216));
#1216 = ORIENTED_EDGE('',*,*,#1192,.F.);
#1217 = PLANE('',#1218);
#1218 = AXIS2_PLACEMENT_3D('',#1219,#1220,#1221);
#1219 = CARTESIAN_POINT('',(-355.,614.87803668695,28.));
#1220 = DIRECTION('',(0.,0.,1.));
#1221 = DIRECTION('',(1.,0.,0.));
#1222 = MANIFOLD_SOLID_BREP('',#1223);
#1223 = CLOSED_SHELL('',(#1224,#1257,#1266));
#1224 = ADVANCED_FACE('',(#1225),#1252,.T.);
#1225 = FACE_BOUND('',#1226,.T.);
#1226 = EDGE_LOOP('',(#1227,#1236,#1244,#1251));
#1227 = ORIENTED_EDGE('',*,*,#1228,.F.);
#1228 = EDGE_CURVE('',#1229,#1229,#1231,.T.);
#1229 = VERTEX_POINT('',#1230);
#1230 = CARTESIAN_POINT('',(-1.102390923627E+03,396.11781965873,28.));
#1231 = CIRCLE('',#1232,150.);
#1232 = AXIS2_PLACEMENT_3D('',#1233,#1234,#1235);
#1233 = CARTESIAN_POINT('',(-1.252390923627E+03,396.11781965873,28.));
#1234 = DIRECTION('',(0.,0.,1.));
#1235 = DIRECTION('',(1.,0.,0.));
#1236 = ORIENTED_EDGE('',*,*,#1237,.F.);
#1237 = EDGE_CURVE('',#1238,#1229,#1240,.T.);
#1238 = VERTEX_POINT('',#1239);
#1239 = CARTESIAN_POINT('',(-1.102390923627E+03,396.11781965873,0.));
#1240 = LINE('',#1241,#1242);
#1241 = CARTESIAN_POINT('',(-1.102390923627E+03,396.11781965873,0.));
#1242 = VECTOR('',#1243,1.);
#1243 = DIRECTION('',(0.,0.,1.));
#1244 = ORIENTED_EDGE('',*,*,#1245,.T.);
#1245 = EDGE_CURVE('',#1238,#1238,#1246,.T.);
#1246 = CIRCLE('',#1247,150.);
#1247 = AXIS2_PLACEMENT_3D('',#1248,#1249,#1250);
#1248 = CARTESIAN_POINT('',(-1.252390923627E+03,396.11781965873,0.));
#1249 = DIRECTION('',(0.,0.,1.));
#1250 = DIRECTION('',(1.,0.,0.));
#1251 = ORIENTED_EDGE('',*,*,#1237,.T.);
#1252 = CYLINDRICAL_SURFACE('',#1253,150.);
#1253 = AXIS2_PLACEMENT_3D('',#1254,#1255,#1256);
#1254 = CARTESIAN_POINT('',(-1.252390923627E+03,396.11781965873,0.));
#1255 = DIRECTION('',(0.,0.,1.));
#1256 = DIRECTION('',(1.,0.,0.));
#1257 = ADVANCED_FACE('',(#1258),#1261,.T.);
#1258 = FACE_BOUND('',#1259,.T.);
#1259 = EDGE_LOOP('',(#1260));
#1260 = ORIENTED_EDGE('',*,*,#1228,.T.);
#1261 = PLANE('',#1262);
#1262 = AXIS2_PLACEMENT_3D('',#1263,#1264,#1265);
#1263 = CARTESIAN_POINT('',(-1.252390923627E+03,396.11781965873,28.));
#1264 = DIRECTION('',(0.,0.,1.));
#1265 = DIRECTION('',(1.,0.,0.));
#1266 = ADVANCED_FACE('',(#1267),#1270,.F.);
#1267 = FACE_BOUND('',#1268,.T.);
#1268 = EDGE_LOOP('',(#1269));
#1269 = ORIENTED_EDGE('',*,*,#1245,.F.);
#1270 = PLANE('',#1271);
#1271 = AXIS2_PLACEMENT_3D('',#1272,#1273,#1274);
#1272 = CARTESIAN_POINT('',(-1.252390923627E+03,396.11781965873,0.));
#1273 = DIRECTION('',(0.,0.,1.));
#1274 = DIRECTION('',(1.,0.,0.));
#1275 = MANIFOLD_SOLID_BREP('',#1276);
#1276 = CLOSED_SHELL('',(#1277,#1310,#1319));
#1277 = ADVANCED_FACE('',(#1278),#1305,.T.);
#1278 = FACE_BOUND('',#1279,.T.);
#1279 = EDGE_LOOP('',(#1280,#1289,#1297,#1304));
#1280 = ORIENTED_EDGE('',*,*,#1281,.F.);
#1281 = EDGE_CURVE('',#1282,#1282,#1284,.T.);
#1282 = VERTEX_POINT('',#1283);
#1283 = CARTESIAN_POINT('',(-1.194890923627E+03,396.11781965873,458.));
#1284 = CIRCLE('',#1285,57.5);
#1285 = AXIS2_PLACEMENT_3D('',#1286,#1287,#1288);
#1286 = CARTESIAN_POINT('',(-1.252390923627E+03,396.11781965873,458.));
#1287 = DIRECTION('',(0.,0.,1.));
#1288 = DIRECTION('',(1.,0.,0.));
#1289 = ORIENTED_EDGE('',*,*,#1290,.F.);
#1290 = EDGE_CURVE('',#1291,#1282,#1293,.T.);
#1291 = VERTEX_POINT('',#1292);
#1292 = CARTESIAN_POINT('',(-1.194890923627E+03,396.11781965873,28.));
#1293 = LINE('',#1294,#1295);
#1294 = CARTESIAN_POINT('',(-1.194890923627E+03,396.11781965873,28.));
#1295 = VECTOR('',#1296,1.);
#1296 = DIRECTION('',(0.,0.,1.));
#1297 = ORIENTED_EDGE('',*,*,#1298,.T.);
#1298 = EDGE_CURVE('',#1291,#1291,#1299,.T.);
#1299 = CIRCLE('',#1300,57.5);
#1300 = AXIS2_PLACEMENT_3D('',#1301,#1302,#1303);
#1301 = CARTESIAN_POINT('',(-1.252390923627E+03,396.11781965873,28.));
#1302 = DIRECTION('',(0.,0.,1.));
#1303 = DIRECTION('',(1.,0.,0.));
#1304 = ORIENTED_EDGE('',*,*,#1290,.T.);
#1305 = CYLINDRICAL_SURFACE('',#1306,57.5);
#1306 = AXIS2_PLACEMENT_3D('',#1307,#1308,#1309);
#1307 = CARTESIAN_POINT('',(-1.252390923627E+03,396.11781965873,28.));
#1308 = DIRECTION('',(0.,0.,1.));
#1309 = DIRECTION('',(1.,0.,0.));
#1310 = ADVANCED_FACE('',(#1311),#1314,.T.);
#1311 = FACE_BOUND('',#1312,.T.);
#1312 = EDGE_LOOP('',(#1313));
#1313 = ORIENTED_EDGE('',*,*,#1281,.T.);
#1314 = PLANE('',#1315);
#1315 = AXIS2_PLACEMENT_3D('',#1316,#1317,#1318);
#1316 = CARTESIAN_POINT('',(-1.252390923627E+03,396.11781965873,458.));
#1317 = DIRECTION('',(0.,0.,1.));
#1318 = DIRECTION('',(1.,0.,0.));
#1319 = ADVANCED_FACE('',(#1320),#1323,.F.);
#1320 = FACE_BOUND('',#1321,.T.);
#1321 = EDGE_LOOP('',(#1322));
#1322 = ORIENTED_EDGE('',*,*,#1298,.F.);
#1323 = PLANE('',#1324);
#1324 = AXIS2_PLACEMENT_3D('',#1325,#1326,#1327);
#1325 = CARTESIAN_POINT('',(-1.252390923627E+03,396.11781965873,28.));
#1326 = DIRECTION('',(0.,0.,1.));
#1327 = DIRECTION('',(1.,0.,0.));
#1328 = MANIFOLD_SOLID_BREP('',#1329);
#1329 = CLOSED_SHELL('',(#1330,#1363,#1372));
#1330 = ADVANCED_FACE('',(#1331),#1358,.T.);
#1331 = FACE_BOUND('',#1332,.T.);
#1332 = EDGE_LOOP('',(#1333,#1342,#1350,#1357));
#1333 = ORIENTED_EDGE('',*,*,#1334,.F.);
#1334 = EDGE_CURVE('',#1335,#1335,#1337,.T.);
#1335 = VERTEX_POINT('',#1336);
#1336 = CARTESIAN_POINT('',(433.14736709748,1.28266126516E+03,28.));
#1337 = CIRCLE('',#1338,150.);
#1338 = AXIS2_PLACEMENT_3D('',#1339,#1340,#1341);
#1339 = CARTESIAN_POINT('',(283.14736709748,1.28266126516E+03,28.));
#1340 = DIRECTION('',(0.,0.,1.));
#1341 = DIRECTION('',(1.,0.,0.));
#1342 = ORIENTED_EDGE('',*,*,#1343,.F.);
#1343 = EDGE_CURVE('',#1344,#1335,#1346,.T.);
#1344 = VERTEX_POINT('',#1345);
#1345 = CARTESIAN_POINT('',(433.14736709748,1.28266126516E+03,0.));
#1346 = LINE('',#1347,#1348);
#1347 = CARTESIAN_POINT('',(433.14736709748,1.28266126516E+03,0.));
#1348 = VECTOR('',#1349,1.);
#1349 = DIRECTION('',(0.,0.,1.));
#1350 = ORIENTED_EDGE('',*,*,#1351,.T.);
#1351 = EDGE_CURVE('',#1344,#1344,#1352,.T.);
#1352 = CIRCLE('',#1353,150.);
#1353 = AXIS2_PLACEMENT_3D('',#1354,#1355,#1356);
#1354 = CARTESIAN_POINT('',(283.14736709748,1.28266126516E+03,0.));
#1355 = DIRECTION('',(0.,0.,1.));
#1356 = DIRECTION('',(1.,0.,0.));
#1357 = ORIENTED_EDGE('',*,*,#1343,.T.);
#1358 = CYLINDRICAL_SURFACE('',#1359,150.);
#1359 = AXIS2_PLACEMENT_3D('',#1360,#1361,#1362);
#1360 = CARTESIAN_POINT('',(283.14736709748,1.28266126516E+03,0.));
#1361 = DIRECTION('',(0.,0.,1.));
#1362 = DIRECTION('',(1.,0.,0.));
#1363 = ADVANCED_FACE('',(#1364),#1367,.T.);
#1364 = FACE_BOUND('',#1365,.T.);
#1365 = EDGE_LOOP('',(#1366));
#1366 = ORIENTED_EDGE('',*,*,#1334,.T.);
#1367 = PLANE('',#1368);
#1368 = AXIS2_PLACEMENT_3D('',#1369,#1370,#1371);
#1369 = CARTESIAN_POINT('',(283.14736709748,1.28266126516E+03,28.));
#1370 = DIRECTION('',(0.,0.,1.));
#1371 = DIRECTION('',(1.,0.,0.));
#1372 = ADVANCED_FACE('',(#1373),#1376,.F.);
#1373 = FACE_BOUND('',#1374,.T.);
#1374 = EDGE_LOOP('',(#1375));
#1375 = ORIENTED_EDGE('',*,*,#1351,.F.);
#1376 = PLANE('',#1377);
#1377 = AXIS2_PLACEMENT_3D('',#1378,#1379,#1380);
#1378 = CARTESIAN_POINT('',(283.14736709748,1.28266126516E+03,0.));
#1379 = DIRECTION('',(0.,0.,1.));
#1380 = DIRECTION('',(1.,0.,0.));
#1381 = MANIFOLD_SOLID_BREP('',#1382);
#1382 = CLOSED_SHELL('',(#1383,#1416,#1425));
#1383 = ADVANCED_FACE('',(#1384),#1411,.T.);
#1384 = FACE_BOUND('',#1385,.T.);
#1385 = EDGE_LOOP('',(#1386,#1395,#1403,#1410));
#1386 = ORIENTED_EDGE('',*,*,#1387,.F.);
#1387 = EDGE_CURVE('',#1388,#1388,#1390,.T.);
#1388 = VERTEX_POINT('',#1389);
#1389 = CARTESIAN_POINT('',(340.64736709748,1.28266126516E+03,458.));
#1390 = CIRCLE('',#1391,57.5);
#1391 = AXIS2_PLACEMENT_3D('',#1392,#1393,#1394);
#1392 = CARTESIAN_POINT('',(283.14736709748,1.28266126516E+03,458.));
#1393 = DIRECTION('',(0.,0.,1.));
#1394 = DIRECTION('',(1.,0.,0.));
#1395 = ORIENTED_EDGE('',*,*,#1396,.F.);
#1396 = EDGE_CURVE('',#1397,#1388,#1399,.T.);
#1397 = VERTEX_POINT('',#1398);
#1398 = CARTESIAN_POINT('',(340.64736709748,1.28266126516E+03,28.));
#1399 = LINE('',#1400,#1401);
#1400 = CARTESIAN_POINT('',(340.64736709748,1.28266126516E+03,28.));
#1401 = VECTOR('',#1402,1.);
#1402 = DIRECTION('',(0.,0.,1.));
#1403 = ORIENTED_EDGE('',*,*,#1404,.T.);
#1404 = EDGE_CURVE('',#1397,#1397,#1405,.T.);
#1405 = CIRCLE('',#1406,57.5);
#1406 = AXIS2_PLACEMENT_3D('',#1407,#1408,#1409);
#1407 = CARTESIAN_POINT('',(283.14736709748,1.28266126516E+03,28.));
#1408 = DIRECTION('',(0.,0.,1.));
#1409 = DIRECTION('',(1.,0.,0.));
#1410 = ORIENTED_EDGE('',*,*,#1396,.T.);
#1411 = CYLINDRICAL_SURFACE('',#1412,57.5);
#1412 = AXIS2_PLACEMENT_3D('',#1413,#1414,#1415);
#1413 = CARTESIAN_POINT('',(283.14736709748,1.28266126516E+03,28.));
#1414 = DIRECTION('',(0.,0.,1.));
#1415 = DIRECTION('',(1.,0.,0.));
#1416 = ADVANCED_FACE('',(#1417),#1420,.T.);
#1417 = FACE_BOUND('',#1418,.T.);
#1418 = EDGE_LOOP('',(#1419));
#1419 = ORIENTED_EDGE('',*,*,#1387,.T.);
#1420 = PLANE('',#1421);
#1421 = AXIS2_PLACEMENT_3D('',#1422,#1423,#1424);
#1422 = CARTESIAN_POINT('',(283.14736709748,1.28266126516E+03,458.));
#1423 = DIRECTION('',(0.,0.,1.));
#1424 = DIRECTION('',(1.,0.,0.));
#1425 = ADVANCED_FACE('',(#1426),#1429,.F.);
#1426 = FACE_BOUND('',#1427,.T.);
#1427 = EDGE_LOOP('',(#1428));
#1428 = ORIENTED_EDGE('',*,*,#1404,.F.);
#1429 = PLANE('',#1430);
#1430 = AXIS2_PLACEMENT_3D('',#1431,#1432,#1433);
#1431 = CARTESIAN_POINT('',(283.14736709748,1.28266126516E+03,28.));
#1432 = DIRECTION('',(0.,0.,1.));
#1433 = DIRECTION('',(1.,0.,0.));
#1434 = MANIFOLD_SOLID_BREP('',#1435);
#1435 = CLOSED_SHELL('',(#1436,#1469,#1478));
#1436 = ADVANCED_FACE('',(#1437),#1464,.T.);
#1437 = FACE_BOUND('',#1438,.T.);
#1438 = EDGE_LOOP('',(#1439,#1448,#1456,#1463));
#1439 = ORIENTED_EDGE('',*,*,#1440,.F.);
#1440 = EDGE_CURVE('',#1441,#1441,#1443,.T.);
#1441 = VERTEX_POINT('',#1442);
#1442 = CARTESIAN_POINT('',(-205.,-614.8780366869,28.));
#1443 = CIRCLE('',#1444,150.);
#1444 = AXIS2_PLACEMENT_3D('',#1445,#1446,#1447);
#1445 = CARTESIAN_POINT('',(-355.,-614.8780366869,28.));
#1446 = DIRECTION('',(0.,0.,1.));
#1447 = DIRECTION('',(1.,0.,0.));
#1448 = ORIENTED_EDGE('',*,*,#1449,.F.);
#1449 = EDGE_CURVE('',#1450,#1441,#1452,.T.);
#1450 = VERTEX_POINT('',#1451);
#1451 = CARTESIAN_POINT('',(-205.,-614.8780366869,0.));
#1452 = LINE('',#1453,#1454);
#1453 = CARTESIAN_POINT('',(-205.,-614.8780366869,0.));
#1454 = VECTOR('',#1455,1.);
#1455 = DIRECTION('',(0.,0.,1.));
#1456 = ORIENTED_EDGE('',*,*,#1457,.T.);
#1457 = EDGE_CURVE('',#1450,#1450,#1458,.T.);
#1458 = CIRCLE('',#1459,150.);
#1459 = AXIS2_PLACEMENT_3D('',#1460,#1461,#1462);
#1460 = CARTESIAN_POINT('',(-355.,-614.8780366869,0.));
#1461 = DIRECTION('',(0.,0.,1.));
#1462 = DIRECTION('',(1.,0.,0.));
#1463 = ORIENTED_EDGE('',*,*,#1449,.T.);
#1464 = CYLINDRICAL_SURFACE('',#1465,150.);
#1465 = AXIS2_PLACEMENT_3D('',#1466,#1467,#1468);
#1466 = CARTESIAN_POINT('',(-355.,-614.8780366869,0.));
#1467 = DIRECTION('',(0.,0.,1.));
#1468 = DIRECTION('',(1.,0.,0.));
#1469 = ADVANCED_FACE('',(#1470),#1473,.T.);
#1470 = FACE_BOUND('',#1471,.T.);
#1471 = EDGE_LOOP('',(#1472));
#1472 = ORIENTED_EDGE('',*,*,#1440,.T.);
#1473 = PLANE('',#1474);
#1474 = AXIS2_PLACEMENT_3D('',#1475,#1476,#1477);
#1475 = CARTESIAN_POINT('',(-355.,-614.8780366869,28.));
#1476 = DIRECTION('',(0.,0.,1.));
#1477 = DIRECTION('',(1.,0.,0.));
#1478 = ADVANCED_FACE('',(#1479),#1482,.F.);
#1479 = FACE_BOUND('',#1480,.T.);
#1480 = EDGE_LOOP('',(#1481));
#1481 = ORIENTED_EDGE('',*,*,#1457,.F.);
#1482 = PLANE('',#1483);
#1483 = AXIS2_PLACEMENT_3D('',#1484,#1485,#1486);
#1484 = CARTESIAN_POINT('',(-355.,-614.8780366869,0.));
#1485 = DIRECTION('',(0.,0.,1.));
#1486 = DIRECTION('',(1.,0.,0.));
#1487 = MANIFOLD_SOLID_BREP('',#1488);
#1488 = CLOSED_SHELL('',(#1489,#1522,#1531));
#1489 = ADVANCED_FACE('',(#1490),#1517,.T.);
#1490 = FACE_BOUND('',#1491,.T.);
#1491 = EDGE_LOOP('',(#1492,#1501,#1509,#1516));
#1492 = ORIENTED_EDGE('',*,*,#1493,.F.);
#1493 = EDGE_CURVE('',#1494,#1494,#1496,.T.);
#1494 = VERTEX_POINT('',#1495);
#1495 = CARTESIAN_POINT('',(-297.5,-614.8780366869,458.));
#1496 = CIRCLE('',#1497,57.5);
#1497 = AXIS2_PLACEMENT_3D('',#1498,#1499,#1500);
#1498 = CARTESIAN_POINT('',(-355.,-614.8780366869,458.));
#1499 = DIRECTION('',(0.,0.,1.));
#1500 = DIRECTION('',(1.,0.,0.));
#1501 = ORIENTED_EDGE('',*,*,#1502,.F.);
#1502 = EDGE_CURVE('',#1503,#1494,#1505,.T.);
#1503 = VERTEX_POINT('',#1504);
#1504 = CARTESIAN_POINT('',(-297.5,-614.8780366869,28.));
#1505 = LINE('',#1506,#1507);
#1506 = CARTESIAN_POINT('',(-297.5,-614.8780366869,28.));
#1507 = VECTOR('',#1508,1.);
#1508 = DIRECTION('',(0.,0.,1.));
#1509 = ORIENTED_EDGE('',*,*,#1510,.T.);
#1510 = EDGE_CURVE('',#1503,#1503,#1511,.T.);
#1511 = CIRCLE('',#1512,57.5);
#1512 = AXIS2_PLACEMENT_3D('',#1513,#1514,#1515);
#1513 = CARTESIAN_POINT('',(-355.,-614.8780366869,28.));
#1514 = DIRECTION('',(0.,0.,1.));
#1515 = DIRECTION('',(1.,0.,0.));
#1516 = ORIENTED_EDGE('',*,*,#1502,.T.);
#1517 = CYLINDRICAL_SURFACE('',#1518,57.5);
#1518 = AXIS2_PLACEMENT_3D('',#1519,#1520,#1521);
#1519 = CARTESIAN_POINT('',(-355.,-614.8780366869,28.));
#1520 = DIRECTION('',(0.,0.,1.));
#1521 = DIRECTION('',(1.,0.,0.));
#1522 = ADVANCED_FACE('',(#1523),#1526,.T.);
#1523 = FACE_BOUND('',#1524,.T.);
#1524 = EDGE_LOOP('',(#1525));
#1525 = ORIENTED_EDGE('',*,*,#1493,.T.);
#1526 = PLANE('',#1527);
#1527 = AXIS2_PLACEMENT_3D('',#1528,#1529,#1530);
#1528 = CARTESIAN_POINT('',(-355.,-614.8780366869,458.));
#1529 = DIRECTION('',(0.,0.,1.));
#1530 = DIRECTION('',(1.,0.,0.));
#1531 = ADVANCED_FACE('',(#1532),#1535,.F.);
#1532 = FACE_BOUND('',#1533,.T.);
#1533 = EDGE_LOOP('',(#1534));
#1534 = ORIENTED_EDGE('',*,*,#1510,.F.);
#1535 = PLANE('',#1536);
#1536 = AXIS2_PLACEMENT_3D('',#1537,#1538,#1539);
#1537 = CARTESIAN_POINT('',(-355.,-614.8780366869,28.));
#1538 = DIRECTION('',(0.,0.,1.));
#1539 = DIRECTION('',(1.,0.,0.));
#1540 = MANIFOLD_SOLID_BREP('',#1541);
#1541 = CLOSED_SHELL('',(#1542,#1575,#1584));
#1542 = ADVANCED_FACE('',(#1543),#1570,.T.);
#1543 = FACE_BOUND('',#1544,.T.);
#1544 = EDGE_LOOP('',(#1545,#1554,#1562,#1569));
#1545 = ORIENTED_EDGE('',*,*,#1546,.F.);
#1546 = EDGE_CURVE('',#1547,#1547,#1549,.T.);
#1547 = VERTEX_POINT('',#1548);
#1548 = CARTESIAN_POINT('',(433.14736709748,-1.28266126516E+03,28.));
#1549 = CIRCLE('',#1550,150.);
#1550 = AXIS2_PLACEMENT_3D('',#1551,#1552,#1553);
#1551 = CARTESIAN_POINT('',(283.14736709748,-1.28266126516E+03,28.));
#1552 = DIRECTION('',(0.,0.,1.));
#1553 = DIRECTION('',(1.,0.,0.));
#1554 = ORIENTED_EDGE('',*,*,#1555,.F.);
#1555 = EDGE_CURVE('',#1556,#1547,#1558,.T.);
#1556 = VERTEX_POINT('',#1557);
#1557 = CARTESIAN_POINT('',(433.14736709748,-1.28266126516E+03,0.));
#1558 = LINE('',#1559,#1560);
#1559 = CARTESIAN_POINT('',(433.14736709748,-1.28266126516E+03,0.));
#1560 = VECTOR('',#1561,1.);
#1561 = DIRECTION('',(0.,0.,1.));
#1562 = ORIENTED_EDGE('',*,*,#1563,.T.);
#1563 = EDGE_CURVE('',#1556,#1556,#1564,.T.);
#1564 = CIRCLE('',#1565,150.);
#1565 = AXIS2_PLACEMENT_3D('',#1566,#1567,#1568);
#1566 = CARTESIAN_POINT('',(283.14736709748,-1.28266126516E+03,0.));
#1567 = DIRECTION('',(0.,0.,1.));
#1568 = DIRECTION('',(1.,0.,0.));
#1569 = ORIENTED_EDGE('',*,*,#1555,.T.);
#1570 = CYLINDRICAL_SURFACE('',#1571,150.);
#1571 = AXIS2_PLACEMENT_3D('',#1572,#1573,#1574);
#1572 = CARTESIAN_POINT('',(283.14736709748,-1.28266126516E+03,0.));
#1573 = DIRECTION('',(0.,0.,1.));
#1574 = DIRECTION('',(1.,0.,0.));
#1575 = ADVANCED_FACE('',(#1576),#1579,.T.);
#1576 = FACE_BOUND('',#1577,.T.);
#1577 = EDGE_LOOP('',(#1578));
#1578 = ORIENTED_EDGE('',*,*,#1546,.T.);
#1579 = PLANE('',#1580);
#1580 = AXIS2_PLACEMENT_3D('',#1581,#1582,#1583);
#1581 = CARTESIAN_POINT('',(283.14736709748,-1.28266126516E+03,28.));
#1582 = DIRECTION('',(0.,0.,1.));
#1583 = DIRECTION('',(1.,0.,0.));
#1584 = ADVANCED_FACE('',(#1585),#1588,.F.);
#1585 = FACE_BOUND('',#1586,.T.);
#1586 = EDGE_LOOP('',(#1587));
#1587 = ORIENTED_EDGE('',*,*,#1563,.F.);
#1588 = PLANE('',#1589);
#1589 = AXIS2_PLACEMENT_3D('',#1590,#1591,#1592);
#1590 = CARTESIAN_POINT('',(283.14736709748,-1.28266126516E+03,0.));
#1591 = DIRECTION('',(0.,0.,1.));
#1592 = DIRECTION('',(1.,0.,0.));
#1593 = MANIFOLD_SOLID_BREP('',#1594);
#1594 = CLOSED_SHELL('',(#1595,#1628,#1637));
#1595 = ADVANCED_FACE('',(#1596),#1623,.T.);
#1596 = FACE_BOUND('',#1597,.T.);
#1597 = EDGE_LOOP('',(#1598,#1607,#1615,#1622));
#1598 = ORIENTED_EDGE('',*,*,#1599,.F.);
#1599 = EDGE_CURVE('',#1600,#1600,#1602,.T.);
#1600 = VERTEX_POINT('',#1601);
#1601 = CARTESIAN_POINT('',(340.64736709748,-1.28266126516E+03,458.));
#1602 = CIRCLE('',#1603,57.5);
#1603 = AXIS2_PLACEMENT_3D('',#1604,#1605,#1606);
#1604 = CARTESIAN_POINT('',(283.14736709748,-1.28266126516E+03,458.));
#1605 = DIRECTION('',(0.,0.,1.));
#1606 = DIRECTION('',(1.,0.,0.));
#1607 = ORIENTED_EDGE('',*,*,#1608,.F.);
#1608 = EDGE_CURVE('',#1609,#1600,#1611,.T.);
#1609 = VERTEX_POINT('',#1610);
#1610 = CARTESIAN_POINT('',(340.64736709748,-1.28266126516E+03,28.));
#1611 = LINE('',#1612,#1613);
#1612 = CARTESIAN_POINT('',(340.64736709748,-1.28266126516E+03,28.));
#1613 = VECTOR('',#1614,1.);
#1614 = DIRECTION('',(0.,0.,1.));
#1615 = ORIENTED_EDGE('',*,*,#1616,.T.);
#1616 = EDGE_CURVE('',#1609,#1609,#1617,.T.);
#1617 = CIRCLE('',#1618,57.5);
#1618 = AXIS2_PLACEMENT_3D('',#1619,#1620,#1621);
#1619 = CARTESIAN_POINT('',(283.14736709748,-1.28266126516E+03,28.));
#1620 = DIRECTION('',(0.,0.,1.));
#1621 = DIRECTION('',(1.,0.,0.));
#1622 = ORIENTED_EDGE('',*,*,#1608,.T.);
#1623 = CYLINDRICAL_SURFACE('',#1624,57.5);
#1624 = AXIS2_PLACEMENT_3D('',#1625,#1626,#1627);
#1625 = CARTESIAN_POINT('',(283.14736709748,-1.28266126516E+03,28.));
#1626 = DIRECTION('',(0.,0.,1.));
#1627 = DIRECTION('',(1.,0.,0.));
#1628 = ADVANCED_FACE('',(#1629),#1632,.T.);
#1629 = FACE_BOUND('',#1630,.T.);
#1630 = EDGE_LOOP('',(#1631));
#1631 = ORIENTED_EDGE('',*,*,#1599,.T.);
#1632 = PLANE('',#1633);
#1633 = AXIS2_PLACEMENT_3D('',#1634,#1635,#1636);
#1634 = CARTESIAN_POINT('',(283.14736709748,-1.28266126516E+03,458.));
#1635 = DIRECTION('',(0.,0.,1.));
#1636 = DIRECTION('',(1.,0.,0.));
#1637 = ADVANCED_FACE('',(#1638),#1641,.F.);
#1638 = FACE_BOUND('',#1639,.T.);
#1639 = EDGE_LOOP('',(#1640));
#1640 = ORIENTED_EDGE('',*,*,#1616,.F.);
#1641 = PLANE('',#1642);
#1642 = AXIS2_PLACEMENT_3D('',#1643,#1644,#1645);
#1643 = CARTESIAN_POINT('',(283.14736709748,-1.28266126516E+03,28.));
#1644 = DIRECTION('',(0.,0.,1.));
#1645 = DIRECTION('',(1.,0.,0.));
#1646 = MANIFOLD_SOLID_BREP('',#1647);
#1647 = CLOSED_SHELL('',(#1648,#1681,#1690));
#1648 = ADVANCED_FACE('',(#1649),#1676,.T.);
#1649 = FACE_BOUND('',#1650,.T.);
#1650 = EDGE_LOOP('',(#1651,#1660,#1668,#1675));
#1651 = ORIENTED_EDGE('',*,*,#1652,.F.);
#1652 = EDGE_CURVE('',#1653,#1653,#1655,.T.);
#1653 = VERTEX_POINT('',#1654);
#1654 = CARTESIAN_POINT('',(-1.102390923627E+03,-396.1178196587,28.));
#1655 = CIRCLE('',#1656,150.);
#1656 = AXIS2_PLACEMENT_3D('',#1657,#1658,#1659);
#1657 = CARTESIAN_POINT('',(-1.252390923627E+03,-396.1178196587,28.));
#1658 = DIRECTION('',(0.,0.,1.));
#1659 = DIRECTION('',(1.,0.,0.));
#1660 = ORIENTED_EDGE('',*,*,#1661,.F.);
#1661 = EDGE_CURVE('',#1662,#1653,#1664,.T.);
#1662 = VERTEX_POINT('',#1663);
#1663 = CARTESIAN_POINT('',(-1.102390923627E+03,-396.1178196587,0.));
#1664 = LINE('',#1665,#1666);
#1665 = CARTESIAN_POINT('',(-1.102390923627E+03,-396.1178196587,0.));
#1666 = VECTOR('',#1667,1.);
#1667 = DIRECTION('',(0.,0.,1.));
#1668 = ORIENTED_EDGE('',*,*,#1669,.T.);
#1669 = EDGE_CURVE('',#1662,#1662,#1670,.T.);
#1670 = CIRCLE('',#1671,150.);
#1671 = AXIS2_PLACEMENT_3D('',#1672,#1673,#1674);
#1672 = CARTESIAN_POINT('',(-1.252390923627E+03,-396.1178196587,0.));
#1673 = DIRECTION('',(0.,0.,1.));
#1674 = DIRECTION('',(1.,0.,0.));
#1675 = ORIENTED_EDGE('',*,*,#1661,.T.);
#1676 = CYLINDRICAL_SURFACE('',#1677,150.);
#1677 = AXIS2_PLACEMENT_3D('',#1678,#1679,#1680);
#1678 = CARTESIAN_POINT('',(-1.252390923627E+03,-396.1178196587,0.));
#1679 = DIRECTION('',(0.,0.,1.));
#1680 = DIRECTION('',(1.,0.,0.));
#1681 = ADVANCED_FACE('',(#1682),#1685,.T.);
#1682 = FACE_BOUND('',#1683,.T.);
#1683 = EDGE_LOOP('',(#1684));
#1684 = ORIENTED_EDGE('',*,*,#1652,.T.);
#1685 = PLANE('',#1686);
#1686 = AXIS2_PLACEMENT_3D('',#1687,#1688,#1689);
#1687 = CARTESIAN_POINT('',(-1.252390923627E+03,-396.1178196587,28.));
#1688 = DIRECTION('',(0.,0.,1.));
#1689 = DIRECTION('',(1.,0.,0.));
#1690 = ADVANCED_FACE('',(#1691),#1694,.F.);
#1691 = FACE_BOUND('',#1692,.T.);
#1692 = EDGE_LOOP('',(#1693));
#1693 = ORIENTED_EDGE('',*,*,#1669,.F.);
#1694 = PLANE('',#1695);
#1695 = AXIS2_PLACEMENT_3D('',#1696,#1697,#1698);
#1696 = CARTESIAN_POINT('',(-1.252390923627E+03,-396.1178196587,0.));
#1697 = DIRECTION('',(0.,0.,1.));
#1698 = DIRECTION('',(1.,0.,0.));
#1699 = MANIFOLD_SOLID_BREP('',#1700);
#1700 = CLOSED_SHELL('',(#1701,#1734,#1743));
#1701 = ADVANCED_FACE('',(#1702),#1729,.T.);
#1702 = FACE_BOUND('',#1703,.T.);
#1703 = EDGE_LOOP('',(#1704,#1713,#1721,#1728));
#1704 = ORIENTED_EDGE('',*,*,#1705,.F.);
#1705 = EDGE_CURVE('',#1706,#1706,#1708,.T.);
#1706 = VERTEX_POINT('',#1707);
#1707 = CARTESIAN_POINT('',(-1.194890923627E+03,-396.1178196587,458.));
#1708 = CIRCLE('',#1709,57.5);
#1709 = AXIS2_PLACEMENT_3D('',#1710,#1711,#1712);
#1710 = CARTESIAN_POINT('',(-1.252390923627E+03,-396.1178196587,458.));
#1711 = DIRECTION('',(0.,0.,1.));
#1712 = DIRECTION('',(1.,0.,0.));
#1713 = ORIENTED_EDGE('',*,*,#1714,.F.);
#1714 = EDGE_CURVE('',#1715,#1706,#1717,.T.);
#1715 = VERTEX_POINT('',#1716);
#1716 = CARTESIAN_POINT('',(-1.194890923627E+03,-396.1178196587,28.));
#1717 = LINE('',#1718,#1719);
#1718 = CARTESIAN_POINT('',(-1.194890923627E+03,-396.1178196587,28.));
#1719 = VECTOR('',#1720,1.);
#1720 = DIRECTION('',(0.,0.,1.));
#1721 = ORIENTED_EDGE('',*,*,#1722,.T.);
#1722 = EDGE_CURVE('',#1715,#1715,#1723,.T.);
#1723 = CIRCLE('',#1724,57.5);
#1724 = AXIS2_PLACEMENT_3D('',#1725,#1726,#1727);
#1725 = CARTESIAN_POINT('',(-1.252390923627E+03,-396.1178196587,28.));
#1726 = DIRECTION('',(0.,0.,1.));
#1727 = DIRECTION('',(1.,0.,0.));
#1728 = ORIENTED_EDGE('',*,*,#1714,.T.);
#1729 = CYLINDRICAL_SURFACE('',#1730,57.5);
#1730 = AXIS2_PLACEMENT_3D('',#1731,#1732,#1733);
#1731 = CARTESIAN_POINT('',(-1.252390923627E+03,-396.1178196587,28.));
#1732 = DIRECTION('',(0.,0.,1.));
#1733 = DIRECTION('',(1.,0.,0.));
#1734 = ADVANCED_FACE('',(#1735),#1738,.T.);
#1735 = FACE_BOUND('',#1736,.T.);
#1736 = EDGE_LOOP('',(#1737));
#1737 = ORIENTED_EDGE('',*,*,#1705,.T.);
#1738 = PLANE('',#1739);
#1739 = AXIS2_PLACEMENT_3D('',#1740,#1741,#1742);
#1740 = CARTESIAN_POINT('',(-1.252390923627E+03,-396.1178196587,458.));
#1741 = DIRECTION('',(0.,0.,1.));
#1742 = DIRECTION('',(1.,0.,0.));
#1743 = ADVANCED_FACE('',(#1744),#1747,.F.);
#1744 = FACE_BOUND('',#1745,.T.);
#1745 = EDGE_LOOP('',(#1746));
#1746 = ORIENTED_EDGE('',*,*,#1722,.F.);
#1747 = PLANE('',#1748);
#1748 = AXIS2_PLACEMENT_3D('',#1749,#1750,#1751);
#1749 = CARTESIAN_POINT('',(-1.252390923627E+03,-396.1178196587,28.));
#1750 = DIRECTION('',(0.,0.,1.));
#1751 = DIRECTION('',(1.,0.,0.));
#1752 = MANIFOLD_SOLID_BREP('',#1753);
#1753 = CLOSED_SHELL('',(#1754,#1794,#1825,#1856,#1878,#1890));
#1754 = ADVANCED_FACE('',(#1755),#1789,.F.);
#1755 = FACE_BOUND('',#1756,.F.);
#1756 = EDGE_LOOP('',(#1757,#1767,#1775,#1783));
#1757 = ORIENTED_EDGE('',*,*,#1758,.T.);
#1758 = EDGE_CURVE('',#1759,#1761,#1763,.T.);
#1759 = VERTEX_POINT('',#1760);
#1760 = CARTESIAN_POINT('',(640.,-550.,620.));
#1761 = VERTEX_POINT('',#1762);
#1762 = CARTESIAN_POINT('',(640.,-550.,660.));
#1763 = LINE('',#1764,#1765);
#1764 = CARTESIAN_POINT('',(640.,-550.,620.));
#1765 = VECTOR('',#1766,1.);
#1766 = DIRECTION('',(0.,0.,1.));
#1767 = ORIENTED_EDGE('',*,*,#1768,.T.);
#1768 = EDGE_CURVE('',#1761,#1769,#1771,.T.);
#1769 = VERTEX_POINT('',#1770);
#1770 = CARTESIAN_POINT('',(1.04E+03,-400.,660.));
#1771 = LINE('',#1772,#1773);
#1772 = CARTESIAN_POINT('',(640.,-550.,660.));
#1773 = VECTOR('',#1774,1.);
#1774 = DIRECTION('',(0.936329177569,0.351123441588,0.));
#1775 = ORIENTED_EDGE('',*,*,#1776,.F.);
#1776 = EDGE_CURVE('',#1777,#1769,#1779,.T.);
#1777 = VERTEX_POINT('',#1778);
#1778 = CARTESIAN_POINT('',(1.04E+03,-400.,620.));
#1779 = LINE('',#1780,#1781);
#1780 = CARTESIAN_POINT('',(1.04E+03,-400.,620.));
#1781 = VECTOR('',#1782,1.);
#1782 = DIRECTION('',(0.,0.,1.));
#1783 = ORIENTED_EDGE('',*,*,#1784,.F.);
#1784 = EDGE_CURVE('',#1759,#1777,#1785,.T.);
#1785 = LINE('',#1786,#1787);
#1786 = CARTESIAN_POINT('',(640.,-550.,620.));
#1787 = VECTOR('',#1788,1.);
#1788 = DIRECTION('',(0.936329177569,0.351123441588,0.));
#1789 = PLANE('',#1790);
#1790 = AXIS2_PLACEMENT_3D('',#1791,#1792,#1793);
#1791 = CARTESIAN_POINT('',(640.,-550.,620.));
#1792 = DIRECTION('',(-0.351123441588,0.936329177569,0.));
#1793 = DIRECTION('',(0.936329177569,0.351123441588,0.));
#1794 = ADVANCED_FACE('',(#1795),#1820,.F.);
#1795 = FACE_BOUND('',#1796,.F.);
#1796 = EDGE_LOOP('',(#1797,#1798,#1806,#1814));
#1797 = ORIENTED_EDGE('',*,*,#1776,.T.);
#1798 = ORIENTED_EDGE('',*,*,#1799,.T.);
#1799 = EDGE_CURVE('',#1769,#1800,#1802,.T.);
#1800 = VERTEX_POINT('',#1801);
#1801 = CARTESIAN_POINT('',(1.04E+03,400.,660.));
#1802 = LINE('',#1803,#1804);
#1803 = CARTESIAN_POINT('',(1.04E+03,-400.,660.));
#1804 = VECTOR('',#1805,1.);
#1805 = DIRECTION('',(0.,1.,0.));
#1806 = ORIENTED_EDGE('',*,*,#1807,.F.);
#1807 = EDGE_CURVE('',#1808,#1800,#1810,.T.);
#1808 = VERTEX_POINT('',#1809);
#1809 = CARTESIAN_POINT('',(1.04E+03,400.,620.));
#1810 = LINE('',#1811,#1812);
#1811 = CARTESIAN_POINT('',(1.04E+03,400.,620.));
#1812 = VECTOR('',#1813,1.);
#1813 = DIRECTION('',(0.,0.,1.));
#1814 = ORIENTED_EDGE('',*,*,#1815,.F.);
#1815 = EDGE_CURVE('',#1777,#1808,#1816,.T.);
#1816 = LINE('',#1817,#1818);
#1817 = CARTESIAN_POINT('',(1.04E+03,-400.,620.));
#1818 = VECTOR('',#1819,1.);
#1819 = DIRECTION('',(0.,1.,0.));
#1820 = PLANE('',#1821);
#1821 = AXIS2_PLACEMENT_3D('',#1822,#1823,#1824);
#1822 = CARTESIAN_POINT('',(1.04E+03,-400.,620.));
#1823 = DIRECTION('',(-1.,0.,0.));
#1824 = DIRECTION('',(0.,1.,0.));
#1825 = ADVANCED_FACE('',(#1826),#1851,.F.);
#1826 = FACE_BOUND('',#1827,.F.);
#1827 = EDGE_LOOP('',(#1828,#1829,#1837,#1845));
#1828 = ORIENTED_EDGE('',*,*,#1807,.T.);
#1829 = ORIENTED_EDGE('',*,*,#1830,.T.);
#1830 = EDGE_CURVE('',#1800,#1831,#1833,.T.);
#1831 = VERTEX_POINT('',#1832);
#1832 = CARTESIAN_POINT('',(640.,550.,660.));
#1833 = LINE('',#1834,#1835);
#1834 = CARTESIAN_POINT('',(1.04E+03,400.,660.));
#1835 = VECTOR('',#1836,1.);
#1836 = DIRECTION('',(-0.936329177569,0.351123441588,0.));
#1837 = ORIENTED_EDGE('',*,*,#1838,.F.);
#1838 = EDGE_CURVE('',#1839,#1831,#1841,.T.);
#1839 = VERTEX_POINT('',#1840);
#1840 = CARTESIAN_POINT('',(640.,550.,620.));
#1841 = LINE('',#1842,#1843);
#1842 = CARTESIAN_POINT('',(640.,550.,620.));
#1843 = VECTOR('',#1844,1.);
#1844 = DIRECTION('',(0.,0.,1.));
#1845 = ORIENTED_EDGE('',*,*,#1846,.F.);
#1846 = EDGE_CURVE('',#1808,#1839,#1847,.T.);
#1847 = LINE('',#1848,#1849);
#1848 = CARTESIAN_POINT('',(1.04E+03,400.,620.));
#1849 = VECTOR('',#1850,1.);
#1850 = DIRECTION('',(-0.936329177569,0.351123441588,0.));
#1851 = PLANE('',#1852);
#1852 = AXIS2_PLACEMENT_3D('',#1853,#1854,#1855);
#1853 = CARTESIAN_POINT('',(1.04E+03,400.,620.));
#1854 = DIRECTION('',(-0.351123441588,-0.936329177569,0.));
#1855 = DIRECTION('',(-0.936329177569,0.351123441588,0.));
#1856 = ADVANCED_FACE('',(#1857),#1873,.F.);
#1857 = FACE_BOUND('',#1858,.F.);
#1858 = EDGE_LOOP('',(#1859,#1860,#1866,#1867));
#1859 = ORIENTED_EDGE('',*,*,#1838,.T.);
#1860 = ORIENTED_EDGE('',*,*,#1861,.T.);
#1861 = EDGE_CURVE('',#1831,#1761,#1862,.T.);
#1862 = LINE('',#1863,#1864);
#1863 = CARTESIAN_POINT('',(640.,550.,660.));
#1864 = VECTOR('',#1865,1.);
#1865 = DIRECTION('',(0.,-1.,0.));
#1866 = ORIENTED_EDGE('',*,*,#1758,.F.);
#1867 = ORIENTED_EDGE('',*,*,#1868,.F.);
#1868 = EDGE_CURVE('',#1839,#1759,#1869,.T.);
#1869 = LINE('',#1870,#1871);
#1870 = CARTESIAN_POINT('',(640.,550.,620.));
#1871 = VECTOR('',#1872,1.);
#1872 = DIRECTION('',(0.,-1.,0.));
#1873 = PLANE('',#1874);
#1874 = AXIS2_PLACEMENT_3D('',#1875,#1876,#1877);
#1875 = CARTESIAN_POINT('',(640.,550.,620.));
#1876 = DIRECTION('',(1.,0.,0.));
#1877 = DIRECTION('',(0.,-1.,0.));
#1878 = ADVANCED_FACE('',(#1879),#1885,.F.);
#1879 = FACE_BOUND('',#1880,.F.);
#1880 = EDGE_LOOP('',(#1881,#1882,#1883,#1884));
#1881 = ORIENTED_EDGE('',*,*,#1784,.T.);
#1882 = ORIENTED_EDGE('',*,*,#1815,.T.);
#1883 = ORIENTED_EDGE('',*,*,#1846,.T.);
#1884 = ORIENTED_EDGE('',*,*,#1868,.T.);
#1885 = PLANE('',#1886);
#1886 = AXIS2_PLACEMENT_3D('',#1887,#1888,#1889);
#1887 = CARTESIAN_POINT('',(818.21667446941,-2.113260710087E-14,620.));
#1888 = DIRECTION('',(0.,0.,1.));
#1889 = DIRECTION('',(1.,0.,0.));
#1890 = ADVANCED_FACE('',(#1891),#1897,.T.);
#1891 = FACE_BOUND('',#1892,.T.);
#1892 = EDGE_LOOP('',(#1893,#1894,#1895,#1896));
#1893 = ORIENTED_EDGE('',*,*,#1768,.T.);
#1894 = ORIENTED_EDGE('',*,*,#1799,.T.);
#1895 = ORIENTED_EDGE('',*,*,#1830,.T.);
#1896 = ORIENTED_EDGE('',*,*,#1861,.T.);
#1897 = PLANE('',#1898);
#1898 = AXIS2_PLACEMENT_3D('',#1899,#1900,#1901);
#1899 = CARTESIAN_POINT('',(818.21667446941,-2.113260710087E-14,660.));
#1900 = DIRECTION('',(0.,0.,1.));
#1901 = DIRECTION('',(1.,0.,0.));
#1902 = MANIFOLD_SOLID_BREP('',#1903);
#1903 = CLOSED_SHELL('',(#1904,#1937,#1946));
#1904 = ADVANCED_FACE('',(#1905),#1932,.T.);
#1905 = FACE_BOUND('',#1906,.T.);
#1906 = EDGE_LOOP('',(#1907,#1916,#1924,#1931));
#1907 = ORIENTED_EDGE('',*,*,#1908,.F.);
#1908 = EDGE_CURVE('',#1909,#1909,#1911,.T.);
#1909 = VERTEX_POINT('',#1910);
#1910 = CARTESIAN_POINT('',(753.,-1.053196247267E-14,620.));
#1911 = CIRCLE('',#1912,43.);
#1912 = AXIS2_PLACEMENT_3D('',#1913,#1914,#1915);
#1913 = CARTESIAN_POINT('',(710.,0.,620.));
#1914 = DIRECTION('',(0.,0.,1.));
#1915 = DIRECTION('',(1.,0.,0.));
#1916 = ORIENTED_EDGE('',*,*,#1917,.F.);
#1917 = EDGE_CURVE('',#1918,#1909,#1920,.T.);
#1918 = VERTEX_POINT('',#1919);
#1919 = CARTESIAN_POINT('',(753.,-1.053196247267E-14,301.));
#1920 = LINE('',#1921,#1922);
#1921 = CARTESIAN_POINT('',(753.,-1.053196247267E-14,301.));
#1922 = VECTOR('',#1923,1.);
#1923 = DIRECTION('',(0.,0.,1.));
#1924 = ORIENTED_EDGE('',*,*,#1925,.T.);
#1925 = EDGE_CURVE('',#1918,#1918,#1926,.T.);
#1926 = CIRCLE('',#1927,43.);
#1927 = AXIS2_PLACEMENT_3D('',#1928,#1929,#1930);
#1928 = CARTESIAN_POINT('',(710.,0.,301.));
#1929 = DIRECTION('',(0.,0.,1.));
#1930 = DIRECTION('',(1.,0.,0.));
#1931 = ORIENTED_EDGE('',*,*,#1917,.T.);
#1932 = CYLINDRICAL_SURFACE('',#1933,43.);
#1933 = AXIS2_PLACEMENT_3D('',#1934,#1935,#1936);
#1934 = CARTESIAN_POINT('',(710.,0.,301.));
#1935 = DIRECTION('',(0.,0.,1.));
#1936 = DIRECTION('',(1.,0.,0.));
#1937 = ADVANCED_FACE('',(#1938),#1941,.T.);
#1938 = FACE_BOUND('',#1939,.T.);
#1939 = EDGE_LOOP('',(#1940));
#1940 = ORIENTED_EDGE('',*,*,#1908,.T.);
#1941 = PLANE('',#1942);
#1942 = AXIS2_PLACEMENT_3D('',#1943,#1944,#1945);
#1943 = CARTESIAN_POINT('',(710.,0.,620.));
#1944 = DIRECTION('',(0.,0.,1.));
#1945 = DIRECTION('',(1.,0.,0.));
#1946 = ADVANCED_FACE('',(#1947),#1950,.F.);
#1947 = FACE_BOUND('',#1948,.T.);
#1948 = EDGE_LOOP('',(#1949));
#1949 = ORIENTED_EDGE('',*,*,#1925,.F.);
#1950 = PLANE('',#1951);
#1951 = AXIS2_PLACEMENT_3D('',#1952,#1953,#1954);
#1952 = CARTESIAN_POINT('',(710.,0.,301.));
#1953 = DIRECTION('',(0.,0.,1.));
#1954 = DIRECTION('',(1.,0.,0.));
#1955 = MANIFOLD_SOLID_BREP('',#1956);
#1956 = CLOSED_SHELL('',(#1957,#1997,#2028,#2059,#2090,#2112,#2125));
#1957 = ADVANCED_FACE('',(#1958),#1992,.T.);
#1958 = FACE_BOUND('',#1959,.T.);
#1959 = EDGE_LOOP('',(#1960,#1970,#1978,#1986));
#1960 = ORIENTED_EDGE('',*,*,#1961,.T.);
#1961 = EDGE_CURVE('',#1962,#1964,#1966,.T.);
#1962 = VERTEX_POINT('',#1963);
#1963 = CARTESIAN_POINT('',(640.,550.,620.));
#1964 = VERTEX_POINT('',#1965);
#1965 = CARTESIAN_POINT('',(640.,550.,660.));
#1966 = LINE('',#1967,#1968);
#1967 = CARTESIAN_POINT('',(640.,550.,620.));
#1968 = VECTOR('',#1969,1.);
#1969 = DIRECTION('',(0.,0.,1.));
#1970 = ORIENTED_EDGE('',*,*,#1971,.T.);
#1971 = EDGE_CURVE('',#1964,#1972,#1974,.T.);
#1972 = VERTEX_POINT('',#1973);
#1973 = CARTESIAN_POINT('',(563.10889132455,675.3332099679,660.));
#1974 = LINE('',#1975,#1976);
#1975 = CARTESIAN_POINT('',(640.,550.,660.));
#1976 = VECTOR('',#1977,1.);
#1977 = DIRECTION('',(-0.522927749243,0.852377011112,0.));
#1978 = ORIENTED_EDGE('',*,*,#1979,.F.);
#1979 = EDGE_CURVE('',#1980,#1972,#1982,.T.);
#1980 = VERTEX_POINT('',#1981);
#1981 = CARTESIAN_POINT('',(563.10889132455,675.3332099679,620.));
#1982 = LINE('',#1983,#1984);
#1983 = CARTESIAN_POINT('',(563.10889132455,675.3332099679,620.));
#1984 = VECTOR('',#1985,1.);
#1985 = DIRECTION('',(0.,0.,1.));
#1986 = ORIENTED_EDGE('',*,*,#1987,.F.);
#1987 = EDGE_CURVE('',#1962,#1980,#1988,.T.);
#1988 = LINE('',#1989,#1990);
#1989 = CARTESIAN_POINT('',(640.,550.,620.));
#1990 = VECTOR('',#1991,1.);
#1991 = DIRECTION('',(-0.522927749243,0.852377011112,0.));
#1992 = PLANE('',#1993);
#1993 = AXIS2_PLACEMENT_3D('',#1994,#1995,#1996);
#1994 = CARTESIAN_POINT('',(640.,550.,620.));
#1995 = DIRECTION('',(-0.852377011112,-0.522927749243,0.));
#1996 = DIRECTION('',(-0.522927749243,0.852377011112,0.));
#1997 = ADVANCED_FACE('',(#1998),#2023,.T.);
#1998 = FACE_BOUND('',#1999,.T.);
#1999 = EDGE_LOOP('',(#2000,#2001,#2009,#2017));
#2000 = ORIENTED_EDGE('',*,*,#1979,.T.);
#2001 = ORIENTED_EDGE('',*,*,#2002,.T.);
#2002 = EDGE_CURVE('',#1972,#2003,#2005,.T.);
#2003 = VERTEX_POINT('',#2004);
#2004 = CARTESIAN_POINT('',(1.063108891325E+03,1.541358613752E+03,660.)
  );
#2005 = LINE('',#2006,#2007);
#2006 = CARTESIAN_POINT('',(563.10889132455,675.3332099679,660.));
#2007 = VECTOR('',#2008,1.);
#2008 = DIRECTION('',(0.5,0.866025403784,0.));
#2009 = ORIENTED_EDGE('',*,*,#2010,.F.);
#2010 = EDGE_CURVE('',#2011,#2003,#2013,.T.);
#2011 = VERTEX_POINT('',#2012);
#2012 = CARTESIAN_POINT('',(1.063108891325E+03,1.541358613752E+03,620.)
  );
#2013 = LINE('',#2014,#2015);
#2014 = CARTESIAN_POINT('',(1.063108891325E+03,1.541358613752E+03,620.)
  );
#2015 = VECTOR('',#2016,1.);
#2016 = DIRECTION('',(0.,0.,1.));
#2017 = ORIENTED_EDGE('',*,*,#2018,.F.);
#2018 = EDGE_CURVE('',#1980,#2011,#2019,.T.);
#2019 = LINE('',#2020,#2021);
#2020 = CARTESIAN_POINT('',(563.10889132455,675.3332099679,620.));
#2021 = VECTOR('',#2022,1.);
#2022 = DIRECTION('',(0.5,0.866025403784,0.));
#2023 = PLANE('',#2024);
#2024 = AXIS2_PLACEMENT_3D('',#2025,#2026,#2027);
#2025 = CARTESIAN_POINT('',(563.10889132455,675.3332099679,620.));
#2026 = DIRECTION('',(-0.866025403784,0.5,0.));
#2027 = DIRECTION('',(0.5,0.866025403784,0.));
#2028 = ADVANCED_FACE('',(#2029),#2054,.T.);
#2029 = FACE_BOUND('',#2030,.T.);
#2030 = EDGE_LOOP('',(#2031,#2032,#2040,#2048));
#2031 = ORIENTED_EDGE('',*,*,#2010,.T.);
#2032 = ORIENTED_EDGE('',*,*,#2033,.T.);
#2033 = EDGE_CURVE('',#2003,#2034,#2036,.T.);
#2034 = VERTEX_POINT('',#2035);
#2035 = CARTESIAN_POINT('',(1.54E+03,1.266025403784E+03,660.));
#2036 = LINE('',#2037,#2038);
#2037 = CARTESIAN_POINT('',(1.063108891325E+03,1.541358613752E+03,660.)
  );
#2038 = VECTOR('',#2039,1.);
#2039 = DIRECTION('',(0.866025403784,-0.5,0.));
#2040 = ORIENTED_EDGE('',*,*,#2041,.F.);
#2041 = EDGE_CURVE('',#2042,#2034,#2044,.T.);
#2042 = VERTEX_POINT('',#2043);
#2043 = CARTESIAN_POINT('',(1.54E+03,1.266025403784E+03,620.));
#2044 = LINE('',#2045,#2046);
#2045 = CARTESIAN_POINT('',(1.54E+03,1.266025403784E+03,620.));
#2046 = VECTOR('',#2047,1.);
#2047 = DIRECTION('',(0.,0.,1.));
#2048 = ORIENTED_EDGE('',*,*,#2049,.F.);
#2049 = EDGE_CURVE('',#2011,#2042,#2050,.T.);
#2050 = LINE('',#2051,#2052);
#2051 = CARTESIAN_POINT('',(1.063108891325E+03,1.541358613752E+03,620.)
  );
#2052 = VECTOR('',#2053,1.);
#2053 = DIRECTION('',(0.866025403784,-0.5,0.));
#2054 = PLANE('',#2055);
#2055 = AXIS2_PLACEMENT_3D('',#2056,#2057,#2058);
#2056 = CARTESIAN_POINT('',(1.063108891325E+03,1.541358613752E+03,620.)
  );
#2057 = DIRECTION('',(0.5,0.866025403784,0.));
#2058 = DIRECTION('',(0.866025403784,-0.5,0.));
#2059 = ADVANCED_FACE('',(#2060),#2085,.T.);
#2060 = FACE_BOUND('',#2061,.T.);
#2061 = EDGE_LOOP('',(#2062,#2063,#2071,#2079));
#2062 = ORIENTED_EDGE('',*,*,#2041,.T.);
#2063 = ORIENTED_EDGE('',*,*,#2064,.T.);
#2064 = EDGE_CURVE('',#2034,#2065,#2067,.T.);
#2065 = VERTEX_POINT('',#2066);
#2066 = CARTESIAN_POINT('',(1.04E+03,400.,660.));
#2067 = LINE('',#2068,#2069);
#2068 = CARTESIAN_POINT('',(1.54E+03,1.266025403784E+03,660.));
#2069 = VECTOR('',#2070,1.);
#2070 = DIRECTION('',(-0.5,-0.866025403784,0.));
#2071 = ORIENTED_EDGE('',*,*,#2072,.F.);
#2072 = EDGE_CURVE('',#2073,#2065,#2075,.T.);
#2073 = VERTEX_POINT('',#2074);
#2074 = CARTESIAN_POINT('',(1.04E+03,400.,620.));
#2075 = LINE('',#2076,#2077);
#2076 = CARTESIAN_POINT('',(1.04E+03,400.,620.));
#2077 = VECTOR('',#2078,1.);
#2078 = DIRECTION('',(0.,0.,1.));
#2079 = ORIENTED_EDGE('',*,*,#2080,.F.);
#2080 = EDGE_CURVE('',#2042,#2073,#2081,.T.);
#2081 = LINE('',#2082,#2083);
#2082 = CARTESIAN_POINT('',(1.54E+03,1.266025403784E+03,620.));
#2083 = VECTOR('',#2084,1.);
#2084 = DIRECTION('',(-0.5,-0.866025403784,0.));
#2085 = PLANE('',#2086);
#2086 = AXIS2_PLACEMENT_3D('',#2087,#2088,#2089);
#2087 = CARTESIAN_POINT('',(1.54E+03,1.266025403784E+03,620.));
#2088 = DIRECTION('',(0.866025403784,-0.5,0.));
#2089 = DIRECTION('',(-0.5,-0.866025403784,0.));
#2090 = ADVANCED_FACE('',(#2091),#2107,.T.);
#2091 = FACE_BOUND('',#2092,.T.);
#2092 = EDGE_LOOP('',(#2093,#2094,#2100,#2101));
#2093 = ORIENTED_EDGE('',*,*,#2072,.T.);
#2094 = ORIENTED_EDGE('',*,*,#2095,.T.);
#2095 = EDGE_CURVE('',#2065,#1964,#2096,.T.);
#2096 = LINE('',#2097,#2098);
#2097 = CARTESIAN_POINT('',(1.04E+03,400.,660.));
#2098 = VECTOR('',#2099,1.);
#2099 = DIRECTION('',(-0.936329177569,0.351123441588,0.));
#2100 = ORIENTED_EDGE('',*,*,#1961,.F.);
#2101 = ORIENTED_EDGE('',*,*,#2102,.F.);
#2102 = EDGE_CURVE('',#2073,#1962,#2103,.T.);
#2103 = LINE('',#2104,#2105);
#2104 = CARTESIAN_POINT('',(1.04E+03,400.,620.));
#2105 = VECTOR('',#2106,1.);
#2106 = DIRECTION('',(-0.936329177569,0.351123441588,0.));
#2107 = PLANE('',#2108);
#2108 = AXIS2_PLACEMENT_3D('',#2109,#2110,#2111);
#2109 = CARTESIAN_POINT('',(1.04E+03,400.,620.));
#2110 = DIRECTION('',(-0.351123441588,-0.936329177569,0.));
#2111 = DIRECTION('',(-0.936329177569,0.351123441588,0.));
#2112 = ADVANCED_FACE('',(#2113),#2120,.T.);
#2113 = FACE_BOUND('',#2114,.T.);
#2114 = EDGE_LOOP('',(#2115,#2116,#2117,#2118,#2119));
#2115 = ORIENTED_EDGE('',*,*,#1987,.T.);
#2116 = ORIENTED_EDGE('',*,*,#2018,.T.);
#2117 = ORIENTED_EDGE('',*,*,#2049,.T.);
#2118 = ORIENTED_EDGE('',*,*,#2080,.T.);
#2119 = ORIENTED_EDGE('',*,*,#2102,.T.);
#2120 = PLANE('',#2121);
#2121 = AXIS2_PLACEMENT_3D('',#2122,#2123,#2124);
#2122 = CARTESIAN_POINT('',(1.045513518062E+03,962.37480248862,620.));
#2123 = DIRECTION('',(-0.,-0.,-1.));
#2124 = DIRECTION('',(-1.,0.,0.));
#2125 = ADVANCED_FACE('',(#2126),#2133,.F.);
#2126 = FACE_BOUND('',#2127,.F.);
#2127 = EDGE_LOOP('',(#2128,#2129,#2130,#2131,#2132));
#2128 = ORIENTED_EDGE('',*,*,#1971,.T.);
#2129 = ORIENTED_EDGE('',*,*,#2002,.T.);
#2130 = ORIENTED_EDGE('',*,*,#2033,.T.);
#2131 = ORIENTED_EDGE('',*,*,#2064,.T.);
#2132 = ORIENTED_EDGE('',*,*,#2095,.T.);
#2133 = PLANE('',#2134);
#2134 = AXIS2_PLACEMENT_3D('',#2135,#2136,#2137);
#2135 = CARTESIAN_POINT('',(1.045513518062E+03,962.37480248862,660.));
#2136 = DIRECTION('',(-0.,-0.,-1.));
#2137 = DIRECTION('',(-1.,0.,0.));
#2138 = MANIFOLD_SOLID_BREP('',#2139);
#2139 = CLOSED_SHELL('',(#2140,#2173,#2182));
#2140 = ADVANCED_FACE('',(#2141),#2168,.T.);
#2141 = FACE_BOUND('',#2142,.T.);
#2142 = EDGE_LOOP('',(#2143,#2152,#2160,#2167));
#2143 = ORIENTED_EDGE('',*,*,#2144,.F.);
#2144 = EDGE_CURVE('',#2145,#2145,#2147,.T.);
#2145 = VERTEX_POINT('',#2146);
#2146 = CARTESIAN_POINT('',(1.01224355653E+03,886.54344550093,620.));
#2147 = CIRCLE('',#2148,43.);
#2148 = AXIS2_PLACEMENT_3D('',#2149,#2150,#2151);
#2149 = CARTESIAN_POINT('',(969.24355652982,886.54344550093,620.));
#2150 = DIRECTION('',(0.,0.,1.));
#2151 = DIRECTION('',(1.,0.,0.));
#2152 = ORIENTED_EDGE('',*,*,#2153,.F.);
#2153 = EDGE_CURVE('',#2154,#2145,#2156,.T.);
#2154 = VERTEX_POINT('',#2155);
#2155 = CARTESIAN_POINT('',(1.01224355653E+03,886.54344550093,301.));
#2156 = LINE('',#2157,#2158);
#2157 = CARTESIAN_POINT('',(1.01224355653E+03,886.54344550093,301.));
#2158 = VECTOR('',#2159,1.);
#2159 = DIRECTION('',(0.,0.,1.));
#2160 = ORIENTED_EDGE('',*,*,#2161,.T.);
#2161 = EDGE_CURVE('',#2154,#2154,#2162,.T.);
#2162 = CIRCLE('',#2163,43.);
#2163 = AXIS2_PLACEMENT_3D('',#2164,#2165,#2166);
#2164 = CARTESIAN_POINT('',(969.24355652982,886.54344550093,301.));
#2165 = DIRECTION('',(0.,0.,1.));
#2166 = DIRECTION('',(1.,0.,0.));
#2167 = ORIENTED_EDGE('',*,*,#2153,.T.);
#2168 = CYLINDRICAL_SURFACE('',#2169,43.);
#2169 = AXIS2_PLACEMENT_3D('',#2170,#2171,#2172);
#2170 = CARTESIAN_POINT('',(969.24355652982,886.54344550093,301.));
#2171 = DIRECTION('',(0.,0.,1.));
#2172 = DIRECTION('',(1.,0.,0.));
#2173 = ADVANCED_FACE('',(#2174),#2177,.T.);
#2174 = FACE_BOUND('',#2175,.T.);
#2175 = EDGE_LOOP('',(#2176));
#2176 = ORIENTED_EDGE('',*,*,#2144,.T.);
#2177 = PLANE('',#2178);
#2178 = AXIS2_PLACEMENT_3D('',#2179,#2180,#2181);
#2179 = CARTESIAN_POINT('',(969.24355652982,886.54344550093,620.));
#2180 = DIRECTION('',(0.,0.,1.));
#2181 = DIRECTION('',(1.,0.,0.));
#2182 = ADVANCED_FACE('',(#2183),#2186,.F.);
#2183 = FACE_BOUND('',#2184,.T.);
#2184 = EDGE_LOOP('',(#2185));
#2185 = ORIENTED_EDGE('',*,*,#2161,.F.);
#2186 = PLANE('',#2187);
#2187 = AXIS2_PLACEMENT_3D('',#2188,#2189,#2190);
#2188 = CARTESIAN_POINT('',(969.24355652982,886.54344550093,301.));
#2189 = DIRECTION('',(0.,0.,1.));
#2190 = DIRECTION('',(1.,0.,0.));
#2191 = MANIFOLD_SOLID_BREP('',#2192);
#2192 = CLOSED_SHELL('',(#2193,#2233,#2264,#2295,#2326,#2348,#2361));
#2193 = ADVANCED_FACE('',(#2194),#2228,.F.);
#2194 = FACE_BOUND('',#2195,.F.);
#2195 = EDGE_LOOP('',(#2196,#2206,#2214,#2222));
#2196 = ORIENTED_EDGE('',*,*,#2197,.T.);
#2197 = EDGE_CURVE('',#2198,#2200,#2202,.T.);
#2198 = VERTEX_POINT('',#2199);
#2199 = CARTESIAN_POINT('',(640.,-550.,620.));
#2200 = VERTEX_POINT('',#2201);
#2201 = CARTESIAN_POINT('',(640.,-550.,660.));
#2202 = LINE('',#2203,#2204);
#2203 = CARTESIAN_POINT('',(640.,-550.,620.));
#2204 = VECTOR('',#2205,1.);
#2205 = DIRECTION('',(0.,0.,1.));
#2206 = ORIENTED_EDGE('',*,*,#2207,.T.);
#2207 = EDGE_CURVE('',#2200,#2208,#2210,.T.);
#2208 = VERTEX_POINT('',#2209);
#2209 = CARTESIAN_POINT('',(563.10889132455,-675.3332099679,660.));
#2210 = LINE('',#2211,#2212);
#2211 = CARTESIAN_POINT('',(640.,-550.,660.));
#2212 = VECTOR('',#2213,1.);
#2213 = DIRECTION('',(-0.522927749243,-0.852377011112,0.));
#2214 = ORIENTED_EDGE('',*,*,#2215,.F.);
#2215 = EDGE_CURVE('',#2216,#2208,#2218,.T.);
#2216 = VERTEX_POINT('',#2217);
#2217 = CARTESIAN_POINT('',(563.10889132455,-675.3332099679,620.));
#2218 = LINE('',#2219,#2220);
#2219 = CARTESIAN_POINT('',(563.10889132455,-675.3332099679,620.));
#2220 = VECTOR('',#2221,1.);
#2221 = DIRECTION('',(0.,0.,1.));
#2222 = ORIENTED_EDGE('',*,*,#2223,.F.);
#2223 = EDGE_CURVE('',#2198,#2216,#2224,.T.);
#2224 = LINE('',#2225,#2226);
#2225 = CARTESIAN_POINT('',(640.,-550.,620.));
#2226 = VECTOR('',#2227,1.);
#2227 = DIRECTION('',(-0.522927749243,-0.852377011112,0.));
#2228 = PLANE('',#2229);
#2229 = AXIS2_PLACEMENT_3D('',#2230,#2231,#2232);
#2230 = CARTESIAN_POINT('',(640.,-550.,620.));
#2231 = DIRECTION('',(0.852377011112,-0.522927749243,0.));
#2232 = DIRECTION('',(-0.522927749243,-0.852377011112,0.));
#2233 = ADVANCED_FACE('',(#2234),#2259,.F.);
#2234 = FACE_BOUND('',#2235,.F.);
#2235 = EDGE_LOOP('',(#2236,#2237,#2245,#2253));
#2236 = ORIENTED_EDGE('',*,*,#2215,.T.);
#2237 = ORIENTED_EDGE('',*,*,#2238,.T.);
#2238 = EDGE_CURVE('',#2208,#2239,#2241,.T.);
#2239 = VERTEX_POINT('',#2240);
#2240 = CARTESIAN_POINT('',(1.063108891325E+03,-1.541358613752E+03,660.)
  );
#2241 = LINE('',#2242,#2243);
#2242 = CARTESIAN_POINT('',(563.10889132455,-675.3332099679,660.));
#2243 = VECTOR('',#2244,1.);
#2244 = DIRECTION('',(0.5,-0.866025403784,0.));
#2245 = ORIENTED_EDGE('',*,*,#2246,.F.);
#2246 = EDGE_CURVE('',#2247,#2239,#2249,.T.);
#2247 = VERTEX_POINT('',#2248);
#2248 = CARTESIAN_POINT('',(1.063108891325E+03,-1.541358613752E+03,620.)
  );
#2249 = LINE('',#2250,#2251);
#2250 = CARTESIAN_POINT('',(1.063108891325E+03,-1.541358613752E+03,620.)
  );
#2251 = VECTOR('',#2252,1.);
#2252 = DIRECTION('',(0.,0.,1.));
#2253 = ORIENTED_EDGE('',*,*,#2254,.F.);
#2254 = EDGE_CURVE('',#2216,#2247,#2255,.T.);
#2255 = LINE('',#2256,#2257);
#2256 = CARTESIAN_POINT('',(563.10889132455,-675.3332099679,620.));
#2257 = VECTOR('',#2258,1.);
#2258 = DIRECTION('',(0.5,-0.866025403784,0.));
#2259 = PLANE('',#2260);
#2260 = AXIS2_PLACEMENT_3D('',#2261,#2262,#2263);
#2261 = CARTESIAN_POINT('',(563.10889132455,-675.3332099679,620.));
#2262 = DIRECTION('',(0.866025403784,0.5,0.));
#2263 = DIRECTION('',(0.5,-0.866025403784,0.));
#2264 = ADVANCED_FACE('',(#2265),#2290,.F.);
#2265 = FACE_BOUND('',#2266,.F.);
#2266 = EDGE_LOOP('',(#2267,#2268,#2276,#2284));
#2267 = ORIENTED_EDGE('',*,*,#2246,.T.);
#2268 = ORIENTED_EDGE('',*,*,#2269,.T.);
#2269 = EDGE_CURVE('',#2239,#2270,#2272,.T.);
#2270 = VERTEX_POINT('',#2271);
#2271 = CARTESIAN_POINT('',(1.54E+03,-1.266025403784E+03,660.));
#2272 = LINE('',#2273,#2274);
#2273 = CARTESIAN_POINT('',(1.063108891325E+03,-1.541358613752E+03,660.)
  );
#2274 = VECTOR('',#2275,1.);
#2275 = DIRECTION('',(0.866025403784,0.5,0.));
#2276 = ORIENTED_EDGE('',*,*,#2277,.F.);
#2277 = EDGE_CURVE('',#2278,#2270,#2280,.T.);
#2278 = VERTEX_POINT('',#2279);
#2279 = CARTESIAN_POINT('',(1.54E+03,-1.266025403784E+03,620.));
#2280 = LINE('',#2281,#2282);
#2281 = CARTESIAN_POINT('',(1.54E+03,-1.266025403784E+03,620.));
#2282 = VECTOR('',#2283,1.);
#2283 = DIRECTION('',(0.,0.,1.));
#2284 = ORIENTED_EDGE('',*,*,#2285,.F.);
#2285 = EDGE_CURVE('',#2247,#2278,#2286,.T.);
#2286 = LINE('',#2287,#2288);
#2287 = CARTESIAN_POINT('',(1.063108891325E+03,-1.541358613752E+03,620.)
  );
#2288 = VECTOR('',#2289,1.);
#2289 = DIRECTION('',(0.866025403784,0.5,0.));
#2290 = PLANE('',#2291);
#2291 = AXIS2_PLACEMENT_3D('',#2292,#2293,#2294);
#2292 = CARTESIAN_POINT('',(1.063108891325E+03,-1.541358613752E+03,620.)
  );
#2293 = DIRECTION('',(-0.5,0.866025403784,0.));
#2294 = DIRECTION('',(0.866025403784,0.5,0.));
#2295 = ADVANCED_FACE('',(#2296),#2321,.F.);
#2296 = FACE_BOUND('',#2297,.F.);
#2297 = EDGE_LOOP('',(#2298,#2299,#2307,#2315));
#2298 = ORIENTED_EDGE('',*,*,#2277,.T.);
#2299 = ORIENTED_EDGE('',*,*,#2300,.T.);
#2300 = EDGE_CURVE('',#2270,#2301,#2303,.T.);
#2301 = VERTEX_POINT('',#2302);
#2302 = CARTESIAN_POINT('',(1.04E+03,-400.,660.));
#2303 = LINE('',#2304,#2305);
#2304 = CARTESIAN_POINT('',(1.54E+03,-1.266025403784E+03,660.));
#2305 = VECTOR('',#2306,1.);
#2306 = DIRECTION('',(-0.5,0.866025403784,0.));
#2307 = ORIENTED_EDGE('',*,*,#2308,.F.);
#2308 = EDGE_CURVE('',#2309,#2301,#2311,.T.);
#2309 = VERTEX_POINT('',#2310);
#2310 = CARTESIAN_POINT('',(1.04E+03,-400.,620.));
#2311 = LINE('',#2312,#2313);
#2312 = CARTESIAN_POINT('',(1.04E+03,-400.,620.));
#2313 = VECTOR('',#2314,1.);
#2314 = DIRECTION('',(0.,0.,1.));
#2315 = ORIENTED_EDGE('',*,*,#2316,.F.);
#2316 = EDGE_CURVE('',#2278,#2309,#2317,.T.);
#2317 = LINE('',#2318,#2319);
#2318 = CARTESIAN_POINT('',(1.54E+03,-1.266025403784E+03,620.));
#2319 = VECTOR('',#2320,1.);
#2320 = DIRECTION('',(-0.5,0.866025403784,0.));
#2321 = PLANE('',#2322);
#2322 = AXIS2_PLACEMENT_3D('',#2323,#2324,#2325);
#2323 = CARTESIAN_POINT('',(1.54E+03,-1.266025403784E+03,620.));
#2324 = DIRECTION('',(-0.866025403784,-0.5,0.));
#2325 = DIRECTION('',(-0.5,0.866025403784,0.));
#2326 = ADVANCED_FACE('',(#2327),#2343,.F.);
#2327 = FACE_BOUND('',#2328,.F.);
#2328 = EDGE_LOOP('',(#2329,#2330,#2336,#2337));
#2329 = ORIENTED_EDGE('',*,*,#2308,.T.);
#2330 = ORIENTED_EDGE('',*,*,#2331,.T.);
#2331 = EDGE_CURVE('',#2301,#2200,#2332,.T.);
#2332 = LINE('',#2333,#2334);
#2333 = CARTESIAN_POINT('',(1.04E+03,-400.,660.));
#2334 = VECTOR('',#2335,1.);
#2335 = DIRECTION('',(-0.936329177569,-0.351123441588,0.));
#2336 = ORIENTED_EDGE('',*,*,#2197,.F.);
#2337 = ORIENTED_EDGE('',*,*,#2338,.F.);
#2338 = EDGE_CURVE('',#2309,#2198,#2339,.T.);
#2339 = LINE('',#2340,#2341);
#2340 = CARTESIAN_POINT('',(1.04E+03,-400.,620.));
#2341 = VECTOR('',#2342,1.);
#2342 = DIRECTION('',(-0.936329177569,-0.351123441588,0.));
#2343 = PLANE('',#2344);
#2344 = AXIS2_PLACEMENT_3D('',#2345,#2346,#2347);
#2345 = CARTESIAN_POINT('',(1.04E+03,-400.,620.));
#2346 = DIRECTION('',(0.351123441588,-0.936329177569,0.));
#2347 = DIRECTION('',(-0.936329177569,-0.351123441588,0.));
#2348 = ADVANCED_FACE('',(#2349),#2356,.F.);
#2349 = FACE_BOUND('',#2350,.F.);
#2350 = EDGE_LOOP('',(#2351,#2352,#2353,#2354,#2355));
#2351 = ORIENTED_EDGE('',*,*,#2223,.T.);
#2352 = ORIENTED_EDGE('',*,*,#2254,.T.);
#2353 = ORIENTED_EDGE('',*,*,#2285,.T.);
#2354 = ORIENTED_EDGE('',*,*,#2316,.T.);
#2355 = ORIENTED_EDGE('',*,*,#2338,.T.);
#2356 = PLANE('',#2357);
#2357 = AXIS2_PLACEMENT_3D('',#2358,#2359,#2360);
#2358 = CARTESIAN_POINT('',(1.045513518062E+03,-962.3748024886,620.));
#2359 = DIRECTION('',(0.,0.,1.));
#2360 = DIRECTION('',(1.,0.,0.));
#2361 = ADVANCED_FACE('',(#2362),#2369,.T.);
#2362 = FACE_BOUND('',#2363,.T.);
#2363 = EDGE_LOOP('',(#2364,#2365,#2366,#2367,#2368));
#2364 = ORIENTED_EDGE('',*,*,#2207,.T.);
#2365 = ORIENTED_EDGE('',*,*,#2238,.T.);
#2366 = ORIENTED_EDGE('',*,*,#2269,.T.);
#2367 = ORIENTED_EDGE('',*,*,#2300,.T.);
#2368 = ORIENTED_EDGE('',*,*,#2331,.T.);
#2369 = PLANE('',#2370);
#2370 = AXIS2_PLACEMENT_3D('',#2371,#2372,#2373);
#2371 = CARTESIAN_POINT('',(1.045513518062E+03,-962.3748024886,660.));
#2372 = DIRECTION('',(0.,0.,1.));
#2373 = DIRECTION('',(1.,0.,0.));
#2374 = MANIFOLD_SOLID_BREP('',#2375);
#2375 = CLOSED_SHELL('',(#2376,#2409,#2418));
#2376 = ADVANCED_FACE('',(#2377),#2404,.T.);
#2377 = FACE_BOUND('',#2378,.T.);
#2378 = EDGE_LOOP('',(#2379,#2388,#2396,#2403));
#2379 = ORIENTED_EDGE('',*,*,#2380,.F.);
#2380 = EDGE_CURVE('',#2381,#2381,#2383,.T.);
#2381 = VERTEX_POINT('',#2382);
#2382 = CARTESIAN_POINT('',(1.01224355653E+03,-886.5434455009,620.));
#2383 = CIRCLE('',#2384,43.);
#2384 = AXIS2_PLACEMENT_3D('',#2385,#2386,#2387);
#2385 = CARTESIAN_POINT('',(969.24355652982,-886.5434455009,620.));
#2386 = DIRECTION('',(0.,0.,1.));
#2387 = DIRECTION('',(1.,0.,0.));
#2388 = ORIENTED_EDGE('',*,*,#2389,.F.);
#2389 = EDGE_CURVE('',#2390,#2381,#2392,.T.);
#2390 = VERTEX_POINT('',#2391);
#2391 = CARTESIAN_POINT('',(1.01224355653E+03,-886.5434455009,301.));
#2392 = LINE('',#2393,#2394);
#2393 = CARTESIAN_POINT('',(1.01224355653E+03,-886.5434455009,301.));
#2394 = VECTOR('',#2395,1.);
#2395 = DIRECTION('',(0.,0.,1.));
#2396 = ORIENTED_EDGE('',*,*,#2397,.T.);
#2397 = EDGE_CURVE('',#2390,#2390,#2398,.T.);
#2398 = CIRCLE('',#2399,43.);
#2399 = AXIS2_PLACEMENT_3D('',#2400,#2401,#2402);
#2400 = CARTESIAN_POINT('',(969.24355652982,-886.5434455009,301.));
#2401 = DIRECTION('',(0.,0.,1.));
#2402 = DIRECTION('',(1.,0.,0.));
#2403 = ORIENTED_EDGE('',*,*,#2389,.T.);
#2404 = CYLINDRICAL_SURFACE('',#2405,43.);
#2405 = AXIS2_PLACEMENT_3D('',#2406,#2407,#2408);
#2406 = CARTESIAN_POINT('',(969.24355652982,-886.5434455009,301.));
#2407 = DIRECTION('',(0.,0.,1.));
#2408 = DIRECTION('',(1.,0.,0.));
#2409 = ADVANCED_FACE('',(#2410),#2413,.T.);
#2410 = FACE_BOUND('',#2411,.T.);
#2411 = EDGE_LOOP('',(#2412));
#2412 = ORIENTED_EDGE('',*,*,#2380,.T.);
#2413 = PLANE('',#2414);
#2414 = AXIS2_PLACEMENT_3D('',#2415,#2416,#2417);
#2415 = CARTESIAN_POINT('',(969.24355652982,-886.5434455009,620.));
#2416 = DIRECTION('',(0.,0.,1.));
#2417 = DIRECTION('',(1.,0.,0.));
#2418 = ADVANCED_FACE('',(#2419),#2422,.F.);
#2419 = FACE_BOUND('',#2420,.T.);
#2420 = EDGE_LOOP('',(#2421));
#2421 = ORIENTED_EDGE('',*,*,#2397,.F.);
#2422 = PLANE('',#2423);
#2423 = AXIS2_PLACEMENT_3D('',#2424,#2425,#2426);
#2424 = CARTESIAN_POINT('',(969.24355652982,-886.5434455009,301.));
#2425 = DIRECTION('',(0.,0.,1.));
#2426 = DIRECTION('',(1.,0.,0.));
#2427 = MANIFOLD_SOLID_BREP('',#2428);
#2428 = CLOSED_SHELL('',(#2429,#2469,#2500,#2531,#2553,#2565));
#2429 = ADVANCED_FACE('',(#2430),#2464,.F.);
#2430 = FACE_BOUND('',#2431,.F.);
#2431 = EDGE_LOOP('',(#2432,#2442,#2450,#2458));
#2432 = ORIENTED_EDGE('',*,*,#2433,.T.);
#2433 = EDGE_CURVE('',#2434,#2436,#2438,.T.);
#2434 = VERTEX_POINT('',#2435);
#2435 = CARTESIAN_POINT('',(156.31397208144,829.25625842204,620.));
#2436 = VERTEX_POINT('',#2437);
#2437 = CARTESIAN_POINT('',(156.31397208144,829.25625842204,660.));
#2438 = LINE('',#2439,#2440);
#2439 = CARTESIAN_POINT('',(156.31397208144,829.25625842204,620.));
#2440 = VECTOR('',#2441,1.);
#2441 = DIRECTION('',(0.,0.,1.));
#2442 = ORIENTED_EDGE('',*,*,#2443,.T.);
#2443 = EDGE_CURVE('',#2436,#2444,#2446,.T.);
#2444 = VERTEX_POINT('',#2445);
#2445 = CARTESIAN_POINT('',(-173.5898384862,1.100666419936E+03,660.));
#2446 = LINE('',#2447,#2448);
#2447 = CARTESIAN_POINT('',(156.31397208144,829.25625842204,660.));
#2448 = VECTOR('',#2449,1.);
#2449 = DIRECTION('',(-0.772246409064,0.635323133285,0.));
#2450 = ORIENTED_EDGE('',*,*,#2451,.F.);
#2451 = EDGE_CURVE('',#2452,#2444,#2454,.T.);
#2452 = VERTEX_POINT('',#2453);
#2453 = CARTESIAN_POINT('',(-173.5898384862,1.100666419936E+03,620.));
#2454 = LINE('',#2455,#2456);
#2455 = CARTESIAN_POINT('',(-173.5898384862,1.100666419936E+03,620.));
#2456 = VECTOR('',#2457,1.);
#2457 = DIRECTION('',(0.,0.,1.));
#2458 = ORIENTED_EDGE('',*,*,#2459,.F.);
#2459 = EDGE_CURVE('',#2434,#2452,#2460,.T.);
#2460 = LINE('',#2461,#2462);
#2461 = CARTESIAN_POINT('',(156.31397208144,829.25625842204,620.));
#2462 = VECTOR('',#2463,1.);
#2463 = DIRECTION('',(-0.772246409064,0.635323133285,0.));
#2464 = PLANE('',#2465);
#2465 = AXIS2_PLACEMENT_3D('',#2466,#2467,#2468);
#2466 = CARTESIAN_POINT('',(156.31397208144,829.25625842204,620.));
#2467 = DIRECTION('',(-0.635323133285,-0.772246409064,0.));
#2468 = DIRECTION('',(-0.772246409064,0.635323133285,0.));
#2469 = ADVANCED_FACE('',(#2470),#2495,.F.);
#2470 = FACE_BOUND('',#2471,.F.);
#2471 = EDGE_LOOP('',(#2472,#2473,#2481,#2489));
#2472 = ORIENTED_EDGE('',*,*,#2451,.T.);
#2473 = ORIENTED_EDGE('',*,*,#2474,.T.);
#2474 = EDGE_CURVE('',#2444,#2475,#2477,.T.);
#2475 = VERTEX_POINT('',#2476);
#2476 = CARTESIAN_POINT('',(-866.4101615137,700.66641993581,660.));
#2477 = LINE('',#2478,#2479);
#2478 = CARTESIAN_POINT('',(-173.5898384862,1.100666419936E+03,660.));
#2479 = VECTOR('',#2480,1.);
#2480 = DIRECTION('',(-0.866025403784,-0.5,0.));
#2481 = ORIENTED_EDGE('',*,*,#2482,.F.);
#2482 = EDGE_CURVE('',#2483,#2475,#2485,.T.);
#2483 = VERTEX_POINT('',#2484);
#2484 = CARTESIAN_POINT('',(-866.4101615137,700.66641993581,620.));
#2485 = LINE('',#2486,#2487);
#2486 = CARTESIAN_POINT('',(-866.4101615137,700.66641993581,620.));
#2487 = VECTOR('',#2488,1.);
#2488 = DIRECTION('',(0.,0.,1.));
#2489 = ORIENTED_EDGE('',*,*,#2490,.F.);
#2490 = EDGE_CURVE('',#2452,#2483,#2491,.T.);
#2491 = LINE('',#2492,#2493);
#2492 = CARTESIAN_POINT('',(-173.5898384862,1.100666419936E+03,620.));
#2493 = VECTOR('',#2494,1.);
#2494 = DIRECTION('',(-0.866025403784,-0.5,0.));
#2495 = PLANE('',#2496);
#2496 = AXIS2_PLACEMENT_3D('',#2497,#2498,#2499);
#2497 = CARTESIAN_POINT('',(-173.5898384862,1.100666419936E+03,620.));
#2498 = DIRECTION('',(0.5,-0.866025403784,0.));
#2499 = DIRECTION('',(-0.866025403784,-0.5,0.));
#2500 = ADVANCED_FACE('',(#2501),#2526,.F.);
#2501 = FACE_BOUND('',#2502,.F.);
#2502 = EDGE_LOOP('',(#2503,#2504,#2512,#2520));
#2503 = ORIENTED_EDGE('',*,*,#2482,.T.);
#2504 = ORIENTED_EDGE('',*,*,#2505,.T.);
#2505 = EDGE_CURVE('',#2475,#2506,#2508,.T.);
#2506 = VERTEX_POINT('',#2507);
#2507 = CARTESIAN_POINT('',(-796.3139720814,279.25625842204,660.));
#2508 = LINE('',#2509,#2510);
#2509 = CARTESIAN_POINT('',(-866.4101615137,700.66641993581,660.));
#2510 = VECTOR('',#2511,1.);
#2511 = DIRECTION('',(0.164082768505,-0.986446574874,0.));
#2512 = ORIENTED_EDGE('',*,*,#2513,.F.);
#2513 = EDGE_CURVE('',#2514,#2506,#2516,.T.);
#2514 = VERTEX_POINT('',#2515);
#2515 = CARTESIAN_POINT('',(-796.3139720814,279.25625842204,620.));
#2516 = LINE('',#2517,#2518);
#2517 = CARTESIAN_POINT('',(-796.3139720814,279.25625842204,620.));
#2518 = VECTOR('',#2519,1.);
#2519 = DIRECTION('',(0.,0.,1.));
#2520 = ORIENTED_EDGE('',*,*,#2521,.F.);
#2521 = EDGE_CURVE('',#2483,#2514,#2522,.T.);
#2522 = LINE('',#2523,#2524);
#2523 = CARTESIAN_POINT('',(-866.4101615137,700.66641993581,620.));
#2524 = VECTOR('',#2525,1.);
#2525 = DIRECTION('',(0.164082768505,-0.986446574874,0.));
#2526 = PLANE('',#2527);
#2527 = AXIS2_PLACEMENT_3D('',#2528,#2529,#2530);
#2528 = CARTESIAN_POINT('',(-866.4101615137,700.66641993581,620.));
#2529 = DIRECTION('',(0.986446574874,0.164082768505,0.));
#2530 = DIRECTION('',(0.164082768505,-0.986446574874,0.));
#2531 = ADVANCED_FACE('',(#2532),#2548,.F.);
#2532 = FACE_BOUND('',#2533,.F.);
#2533 = EDGE_LOOP('',(#2534,#2535,#2541,#2542));
#2534 = ORIENTED_EDGE('',*,*,#2513,.T.);
#2535 = ORIENTED_EDGE('',*,*,#2536,.T.);
#2536 = EDGE_CURVE('',#2506,#2436,#2537,.T.);
#2537 = LINE('',#2538,#2539);
#2538 = CARTESIAN_POINT('',(-796.3139720814,279.25625842204,660.));
#2539 = VECTOR('',#2540,1.);
#2540 = DIRECTION('',(0.866025403784,0.5,0.));
#2541 = ORIENTED_EDGE('',*,*,#2433,.F.);
#2542 = ORIENTED_EDGE('',*,*,#2543,.F.);
#2543 = EDGE_CURVE('',#2514,#2434,#2544,.T.);
#2544 = LINE('',#2545,#2546);
#2545 = CARTESIAN_POINT('',(-796.3139720814,279.25625842204,620.));
#2546 = VECTOR('',#2547,1.);
#2547 = DIRECTION('',(0.866025403784,0.5,0.));
#2548 = PLANE('',#2549);
#2549 = AXIS2_PLACEMENT_3D('',#2550,#2551,#2552);
#2550 = CARTESIAN_POINT('',(-796.3139720814,279.25625842204,620.));
#2551 = DIRECTION('',(-0.5,0.866025403784,0.));
#2552 = DIRECTION('',(0.866025403784,0.5,0.));
#2553 = ADVANCED_FACE('',(#2554),#2560,.F.);
#2554 = FACE_BOUND('',#2555,.F.);
#2555 = EDGE_LOOP('',(#2556,#2557,#2558,#2559));
#2556 = ORIENTED_EDGE('',*,*,#2459,.T.);
#2557 = ORIENTED_EDGE('',*,*,#2490,.T.);
#2558 = ORIENTED_EDGE('',*,*,#2521,.T.);
#2559 = ORIENTED_EDGE('',*,*,#2543,.T.);
#2560 = PLANE('',#2561);
#2561 = AXIS2_PLACEMENT_3D('',#2562,#2563,#2564);
#2562 = CARTESIAN_POINT('',(-409.1083372347,708.59642589053,620.));
#2563 = DIRECTION('',(0.,0.,1.));
#2564 = DIRECTION('',(1.,0.,0.));
#2565 = ADVANCED_FACE('',(#2566),#2572,.T.);
#2566 = FACE_BOUND('',#2567,.T.);
#2567 = EDGE_LOOP('',(#2568,#2569,#2570,#2571));
#2568 = ORIENTED_EDGE('',*,*,#2443,.T.);
#2569 = ORIENTED_EDGE('',*,*,#2474,.T.);
#2570 = ORIENTED_EDGE('',*,*,#2505,.T.);
#2571 = ORIENTED_EDGE('',*,*,#2536,.T.);
#2572 = PLANE('',#2573);
#2573 = AXIS2_PLACEMENT_3D('',#2574,#2575,#2576);
#2574 = CARTESIAN_POINT('',(-409.1083372347,708.59642589053,660.));
#2575 = DIRECTION('',(0.,0.,1.));
#2576 = DIRECTION('',(1.,0.,0.));
#2577 = MANIFOLD_SOLID_BREP('',#2578);
#2578 = CLOSED_SHELL('',(#2579,#2612,#2621));
#2579 = ADVANCED_FACE('',(#2580),#2607,.T.);
#2580 = FACE_BOUND('',#2581,.T.);
#2581 = EDGE_LOOP('',(#2582,#2591,#2599,#2606));
#2582 = ORIENTED_EDGE('',*,*,#2583,.F.);
#2583 = EDGE_CURVE('',#2584,#2584,#2586,.T.);
#2584 = VERTEX_POINT('',#2585);
#2585 = CARTESIAN_POINT('',(-312.,614.87803668695,620.));
#2586 = CIRCLE('',#2587,43.);
#2587 = AXIS2_PLACEMENT_3D('',#2588,#2589,#2590);
#2588 = CARTESIAN_POINT('',(-355.,614.87803668695,620.));
#2589 = DIRECTION('',(0.,0.,1.));
#2590 = DIRECTION('',(1.,0.,0.));
#2591 = ORIENTED_EDGE('',*,*,#2592,.F.);
#2592 = EDGE_CURVE('',#2593,#2584,#2595,.T.);
#2593 = VERTEX_POINT('',#2594);
#2594 = CARTESIAN_POINT('',(-312.,614.87803668695,301.));
#2595 = LINE('',#2596,#2597);
#2596 = CARTESIAN_POINT('',(-312.,614.87803668695,301.));
#2597 = VECTOR('',#2598,1.);
#2598 = DIRECTION('',(0.,0.,1.));
#2599 = ORIENTED_EDGE('',*,*,#2600,.T.);
#2600 = EDGE_CURVE('',#2593,#2593,#2601,.T.);
#2601 = CIRCLE('',#2602,43.);
#2602 = AXIS2_PLACEMENT_3D('',#2603,#2604,#2605);
#2603 = CARTESIAN_POINT('',(-355.,614.87803668695,301.));
#2604 = DIRECTION('',(0.,0.,1.));
#2605 = DIRECTION('',(1.,0.,0.));
#2606 = ORIENTED_EDGE('',*,*,#2592,.T.);
#2607 = CYLINDRICAL_SURFACE('',#2608,43.);
#2608 = AXIS2_PLACEMENT_3D('',#2609,#2610,#2611);
#2609 = CARTESIAN_POINT('',(-355.,614.87803668695,301.));
#2610 = DIRECTION('',(0.,0.,1.));
#2611 = DIRECTION('',(1.,0.,0.));
#2612 = ADVANCED_FACE('',(#2613),#2616,.T.);
#2613 = FACE_BOUND('',#2614,.T.);
#2614 = EDGE_LOOP('',(#2615));
#2615 = ORIENTED_EDGE('',*,*,#2583,.T.);
#2616 = PLANE('',#2617);
#2617 = AXIS2_PLACEMENT_3D('',#2618,#2619,#2620);
#2618 = CARTESIAN_POINT('',(-355.,614.87803668695,620.));
#2619 = DIRECTION('',(0.,0.,1.));
#2620 = DIRECTION('',(1.,0.,0.));
#2621 = ADVANCED_FACE('',(#2622),#2625,.F.);
#2622 = FACE_BOUND('',#2623,.T.);
#2623 = EDGE_LOOP('',(#2624));
#2624 = ORIENTED_EDGE('',*,*,#2600,.F.);
#2625 = PLANE('',#2626);
#2626 = AXIS2_PLACEMENT_3D('',#2627,#2628,#2629);
#2627 = CARTESIAN_POINT('',(-355.,614.87803668695,301.));
#2628 = DIRECTION('',(0.,0.,1.));
#2629 = DIRECTION('',(1.,0.,0.));
#2630 = MANIFOLD_SOLID_BREP('',#2631);
#2631 = CLOSED_SHELL('',(#2632,#2672,#2703,#2734,#2765,#2787,#2800));
#2632 = ADVANCED_FACE('',(#2633),#2667,.T.);
#2633 = FACE_BOUND('',#2634,.T.);
#2634 = EDGE_LOOP('',(#2635,#2645,#2653,#2661));
#2635 = ORIENTED_EDGE('',*,*,#2636,.T.);
#2636 = EDGE_CURVE('',#2637,#2639,#2641,.T.);
#2637 = VERTEX_POINT('',#2638);
#2638 = CARTESIAN_POINT('',(-796.3139720814,279.25625842204,620.));
#2639 = VERTEX_POINT('',#2640);
#2640 = CARTESIAN_POINT('',(-796.3139720814,279.25625842204,660.));
#2641 = LINE('',#2642,#2643);
#2642 = CARTESIAN_POINT('',(-796.3139720814,279.25625842204,620.));
#2643 = VECTOR('',#2644,1.);
#2644 = DIRECTION('',(0.,0.,1.));
#2645 = ORIENTED_EDGE('',*,*,#2646,.T.);
#2646 = EDGE_CURVE('',#2639,#2647,#2649,.T.);
#2647 = VERTEX_POINT('',#2648);
#2648 = CARTESIAN_POINT('',(-866.4101615137,150.,660.));
#2649 = LINE('',#2650,#2651);
#2650 = CARTESIAN_POINT('',(-796.3139720814,279.25625842204,660.));
#2651 = VECTOR('',#2652,1.);
#2652 = DIRECTION('',(-0.476716270604,-0.879057220744,0.));
#2653 = ORIENTED_EDGE('',*,*,#2654,.F.);
#2654 = EDGE_CURVE('',#2655,#2647,#2657,.T.);
#2655 = VERTEX_POINT('',#2656);
#2656 = CARTESIAN_POINT('',(-866.4101615137,150.,620.));
#2657 = LINE('',#2658,#2659);
#2658 = CARTESIAN_POINT('',(-866.4101615137,150.,620.));
#2659 = VECTOR('',#2660,1.);
#2660 = DIRECTION('',(0.,0.,1.));
#2661 = ORIENTED_EDGE('',*,*,#2662,.F.);
#2662 = EDGE_CURVE('',#2637,#2655,#2663,.T.);
#2663 = LINE('',#2664,#2665);
#2664 = CARTESIAN_POINT('',(-796.3139720814,279.25625842204,620.));
#2665 = VECTOR('',#2666,1.);
#2666 = DIRECTION('',(-0.476716270604,-0.879057220744,0.));
#2667 = PLANE('',#2668);
#2668 = AXIS2_PLACEMENT_3D('',#2669,#2670,#2671);
#2669 = CARTESIAN_POINT('',(-796.3139720814,279.25625842204,620.));
#2670 = DIRECTION('',(0.879057220744,-0.476716270604,0.));
#2671 = DIRECTION('',(-0.476716270604,-0.879057220744,0.));
#2672 = ADVANCED_FACE('',(#2673),#2698,.T.);
#2673 = FACE_BOUND('',#2674,.T.);
#2674 = EDGE_LOOP('',(#2675,#2676,#2684,#2692));
#2675 = ORIENTED_EDGE('',*,*,#2654,.T.);
#2676 = ORIENTED_EDGE('',*,*,#2677,.T.);
#2677 = EDGE_CURVE('',#2647,#2678,#2680,.T.);
#2678 = VERTEX_POINT('',#2679);
#2679 = CARTESIAN_POINT('',(-1.866410161514E+03,150.,660.));
#2680 = LINE('',#2681,#2682);
#2681 = CARTESIAN_POINT('',(-866.4101615137,150.,660.));
#2682 = VECTOR('',#2683,1.);
#2683 = DIRECTION('',(-1.,1.136868377216E-16,0.));
#2684 = ORIENTED_EDGE('',*,*,#2685,.F.);
#2685 = EDGE_CURVE('',#2686,#2678,#2688,.T.);
#2686 = VERTEX_POINT('',#2687);
#2687 = CARTESIAN_POINT('',(-1.866410161514E+03,150.,620.));
#2688 = LINE('',#2689,#2690);
#2689 = CARTESIAN_POINT('',(-1.866410161514E+03,150.,620.));
#2690 = VECTOR('',#2691,1.);
#2691 = DIRECTION('',(0.,0.,1.));
#2692 = ORIENTED_EDGE('',*,*,#2693,.F.);
#2693 = EDGE_CURVE('',#2655,#2686,#2694,.T.);
#2694 = LINE('',#2695,#2696);
#2695 = CARTESIAN_POINT('',(-866.4101615137,150.,620.));
#2696 = VECTOR('',#2697,1.);
#2697 = DIRECTION('',(-1.,1.136868377216E-16,0.));
#2698 = PLANE('',#2699);
#2699 = AXIS2_PLACEMENT_3D('',#2700,#2701,#2702);
#2700 = CARTESIAN_POINT('',(-866.4101615137,150.,620.));
#2701 = DIRECTION('',(-1.136868377216E-16,-1.,0.));
#2702 = DIRECTION('',(-1.,1.136868377216E-16,0.));
#2703 = ADVANCED_FACE('',(#2704),#2729,.T.);
#2704 = FACE_BOUND('',#2705,.T.);
#2705 = EDGE_LOOP('',(#2706,#2707,#2715,#2723));
#2706 = ORIENTED_EDGE('',*,*,#2685,.T.);
#2707 = ORIENTED_EDGE('',*,*,#2708,.T.);
#2708 = EDGE_CURVE('',#2678,#2709,#2711,.T.);
#2709 = VERTEX_POINT('',#2710);
#2710 = CARTESIAN_POINT('',(-1.866410161514E+03,700.66641993581,660.));
#2711 = LINE('',#2712,#2713);
#2712 = CARTESIAN_POINT('',(-1.866410161514E+03,150.,660.));
#2713 = VECTOR('',#2714,1.);
#2714 = DIRECTION('',(4.129063752784E-16,1.,0.));
#2715 = ORIENTED_EDGE('',*,*,#2716,.F.);
#2716 = EDGE_CURVE('',#2717,#2709,#2719,.T.);
#2717 = VERTEX_POINT('',#2718);
#2718 = CARTESIAN_POINT('',(-1.866410161514E+03,700.66641993581,620.));
#2719 = LINE('',#2720,#2721);
#2720 = CARTESIAN_POINT('',(-1.866410161514E+03,700.66641993581,620.));
#2721 = VECTOR('',#2722,1.);
#2722 = DIRECTION('',(0.,0.,1.));
#2723 = ORIENTED_EDGE('',*,*,#2724,.F.);
#2724 = EDGE_CURVE('',#2686,#2717,#2725,.T.);
#2725 = LINE('',#2726,#2727);
#2726 = CARTESIAN_POINT('',(-1.866410161514E+03,150.,620.));
#2727 = VECTOR('',#2728,1.);
#2728 = DIRECTION('',(4.129063752784E-16,1.,0.));
#2729 = PLANE('',#2730);
#2730 = AXIS2_PLACEMENT_3D('',#2731,#2732,#2733);
#2731 = CARTESIAN_POINT('',(-1.866410161514E+03,150.,620.));
#2732 = DIRECTION('',(-1.,4.129063752784E-16,0.));
#2733 = DIRECTION('',(4.129063752784E-16,1.,0.));
#2734 = ADVANCED_FACE('',(#2735),#2760,.T.);
#2735 = FACE_BOUND('',#2736,.T.);
#2736 = EDGE_LOOP('',(#2737,#2738,#2746,#2754));
#2737 = ORIENTED_EDGE('',*,*,#2716,.T.);
#2738 = ORIENTED_EDGE('',*,*,#2739,.T.);
#2739 = EDGE_CURVE('',#2709,#2740,#2742,.T.);
#2740 = VERTEX_POINT('',#2741);
#2741 = CARTESIAN_POINT('',(-866.4101615137,700.66641993581,660.));
#2742 = LINE('',#2743,#2744);
#2743 = CARTESIAN_POINT('',(-1.866410161514E+03,700.66641993581,660.));
#2744 = VECTOR('',#2745,1.);
#2745 = DIRECTION('',(1.,-1.136868377216E-16,0.));
#2746 = ORIENTED_EDGE('',*,*,#2747,.F.);
#2747 = EDGE_CURVE('',#2748,#2740,#2750,.T.);
#2748 = VERTEX_POINT('',#2749);
#2749 = CARTESIAN_POINT('',(-866.4101615137,700.66641993581,620.));
#2750 = LINE('',#2751,#2752);
#2751 = CARTESIAN_POINT('',(-866.4101615137,700.66641993581,620.));
#2752 = VECTOR('',#2753,1.);
#2753 = DIRECTION('',(0.,0.,1.));
#2754 = ORIENTED_EDGE('',*,*,#2755,.F.);
#2755 = EDGE_CURVE('',#2717,#2748,#2756,.T.);
#2756 = LINE('',#2757,#2758);
#2757 = CARTESIAN_POINT('',(-1.866410161514E+03,700.66641993581,620.));
#2758 = VECTOR('',#2759,1.);
#2759 = DIRECTION('',(1.,-1.136868377216E-16,0.));
#2760 = PLANE('',#2761);
#2761 = AXIS2_PLACEMENT_3D('',#2762,#2763,#2764);
#2762 = CARTESIAN_POINT('',(-1.866410161514E+03,700.66641993581,620.));
#2763 = DIRECTION('',(1.136868377216E-16,1.,0.));
#2764 = DIRECTION('',(1.,-1.136868377216E-16,0.));
#2765 = ADVANCED_FACE('',(#2766),#2782,.T.);
#2766 = FACE_BOUND('',#2767,.T.);
#2767 = EDGE_LOOP('',(#2768,#2769,#2775,#2776));
#2768 = ORIENTED_EDGE('',*,*,#2747,.T.);
#2769 = ORIENTED_EDGE('',*,*,#2770,.T.);
#2770 = EDGE_CURVE('',#2740,#2639,#2771,.T.);
#2771 = LINE('',#2772,#2773);
#2772 = CARTESIAN_POINT('',(-866.4101615137,700.66641993581,660.));
#2773 = VECTOR('',#2774,1.);
#2774 = DIRECTION('',(0.164082768505,-0.986446574874,0.));
#2775 = ORIENTED_EDGE('',*,*,#2636,.F.);
#2776 = ORIENTED_EDGE('',*,*,#2777,.F.);
#2777 = EDGE_CURVE('',#2748,#2637,#2778,.T.);
#2778 = LINE('',#2779,#2780);
#2779 = CARTESIAN_POINT('',(-866.4101615137,700.66641993581,620.));
#2780 = VECTOR('',#2781,1.);
#2781 = DIRECTION('',(0.164082768505,-0.986446574874,0.));
#2782 = PLANE('',#2783);
#2783 = AXIS2_PLACEMENT_3D('',#2784,#2785,#2786);
#2784 = CARTESIAN_POINT('',(-866.4101615137,700.66641993581,620.));
#2785 = DIRECTION('',(0.986446574874,0.164082768505,0.));
#2786 = DIRECTION('',(0.164082768505,-0.986446574874,0.));
#2787 = ADVANCED_FACE('',(#2788),#2795,.T.);
#2788 = FACE_BOUND('',#2789,.T.);
#2789 = EDGE_LOOP('',(#2790,#2791,#2792,#2793,#2794));
#2790 = ORIENTED_EDGE('',*,*,#2662,.T.);
#2791 = ORIENTED_EDGE('',*,*,#2693,.T.);
#2792 = ORIENTED_EDGE('',*,*,#2724,.T.);
#2793 = ORIENTED_EDGE('',*,*,#2755,.T.);
#2794 = ORIENTED_EDGE('',*,*,#2777,.T.);
#2795 = PLANE('',#2796);
#2796 = AXIS2_PLACEMENT_3D('',#2797,#2798,#2799);
#2797 = CARTESIAN_POINT('',(-1.356197785948E+03,424.25386539716,620.));
#2798 = DIRECTION('',(-0.,-0.,-1.));
#2799 = DIRECTION('',(-1.,0.,0.));
#2800 = ADVANCED_FACE('',(#2801),#2808,.F.);
#2801 = FACE_BOUND('',#2802,.F.);
#2802 = EDGE_LOOP('',(#2803,#2804,#2805,#2806,#2807));
#2803 = ORIENTED_EDGE('',*,*,#2646,.T.);
#2804 = ORIENTED_EDGE('',*,*,#2677,.T.);
#2805 = ORIENTED_EDGE('',*,*,#2708,.T.);
#2806 = ORIENTED_EDGE('',*,*,#2739,.T.);
#2807 = ORIENTED_EDGE('',*,*,#2770,.T.);
#2808 = PLANE('',#2809);
#2809 = AXIS2_PLACEMENT_3D('',#2810,#2811,#2812);
#2810 = CARTESIAN_POINT('',(-1.356197785948E+03,424.25386539716,660.));
#2811 = DIRECTION('',(-0.,-0.,-1.));
#2812 = DIRECTION('',(-1.,0.,0.));
#2813 = MANIFOLD_SOLID_BREP('',#2814);
#2814 = CLOSED_SHELL('',(#2815,#2848,#2857));
#2815 = ADVANCED_FACE('',(#2816),#2843,.T.);
#2816 = FACE_BOUND('',#2817,.T.);
#2817 = EDGE_LOOP('',(#2818,#2827,#2835,#2842));
#2818 = ORIENTED_EDGE('',*,*,#2819,.F.);
#2819 = EDGE_CURVE('',#2820,#2820,#2822,.T.);
#2820 = VERTEX_POINT('',#2821);
#2821 = CARTESIAN_POINT('',(-1.209390923627E+03,396.11781965873,620.));
#2822 = CIRCLE('',#2823,43.);
#2823 = AXIS2_PLACEMENT_3D('',#2824,#2825,#2826);
#2824 = CARTESIAN_POINT('',(-1.252390923627E+03,396.11781965873,620.));
#2825 = DIRECTION('',(0.,0.,1.));
#2826 = DIRECTION('',(1.,0.,0.));
#2827 = ORIENTED_EDGE('',*,*,#2828,.F.);
#2828 = EDGE_CURVE('',#2829,#2820,#2831,.T.);
#2829 = VERTEX_POINT('',#2830);
#2830 = CARTESIAN_POINT('',(-1.209390923627E+03,396.11781965873,301.));
#2831 = LINE('',#2832,#2833);
#2832 = CARTESIAN_POINT('',(-1.209390923627E+03,396.11781965873,301.));
#2833 = VECTOR('',#2834,1.);
#2834 = DIRECTION('',(0.,0.,1.));
#2835 = ORIENTED_EDGE('',*,*,#2836,.T.);
#2836 = EDGE_CURVE('',#2829,#2829,#2837,.T.);
#2837 = CIRCLE('',#2838,43.);
#2838 = AXIS2_PLACEMENT_3D('',#2839,#2840,#2841);
#2839 = CARTESIAN_POINT('',(-1.252390923627E+03,396.11781965873,301.));
#2840 = DIRECTION('',(0.,0.,1.));
#2841 = DIRECTION('',(1.,0.,0.));
#2842 = ORIENTED_EDGE('',*,*,#2828,.T.);
#2843 = CYLINDRICAL_SURFACE('',#2844,43.);
#2844 = AXIS2_PLACEMENT_3D('',#2845,#2846,#2847);
#2845 = CARTESIAN_POINT('',(-1.252390923627E+03,396.11781965873,301.));
#2846 = DIRECTION('',(0.,0.,1.));
#2847 = DIRECTION('',(1.,0.,0.));
#2848 = ADVANCED_FACE('',(#2849),#2852,.T.);
#2849 = FACE_BOUND('',#2850,.T.);
#2850 = EDGE_LOOP('',(#2851));
#2851 = ORIENTED_EDGE('',*,*,#2819,.T.);
#2852 = PLANE('',#2853);
#2853 = AXIS2_PLACEMENT_3D('',#2854,#2855,#2856);
#2854 = CARTESIAN_POINT('',(-1.252390923627E+03,396.11781965873,620.));
#2855 = DIRECTION('',(0.,0.,1.));
#2856 = DIRECTION('',(1.,0.,0.));
#2857 = ADVANCED_FACE('',(#2858),#2861,.F.);
#2858 = FACE_BOUND('',#2859,.T.);
#2859 = EDGE_LOOP('',(#2860));
#2860 = ORIENTED_EDGE('',*,*,#2836,.F.);
#2861 = PLANE('',#2862);
#2862 = AXIS2_PLACEMENT_3D('',#2863,#2864,#2865);
#2863 = CARTESIAN_POINT('',(-1.252390923627E+03,396.11781965873,301.));
#2864 = DIRECTION('',(0.,0.,1.));
#2865 = DIRECTION('',(1.,0.,0.));
#2866 = MANIFOLD_SOLID_BREP('',#2867);
#2867 = CLOSED_SHELL('',(#2868,#2908,#2939,#2970,#3001,#3023,#3036));
#2868 = ADVANCED_FACE('',(#2869),#2903,.F.);
#2869 = FACE_BOUND('',#2870,.F.);
#2870 = EDGE_LOOP('',(#2871,#2881,#2889,#2897));
#2871 = ORIENTED_EDGE('',*,*,#2872,.T.);
#2872 = EDGE_CURVE('',#2873,#2875,#2877,.T.);
#2873 = VERTEX_POINT('',#2874);
#2874 = CARTESIAN_POINT('',(156.31397208144,829.25625842204,620.));
#2875 = VERTEX_POINT('',#2876);
#2876 = CARTESIAN_POINT('',(156.31397208144,829.25625842204,660.));
#2877 = LINE('',#2878,#2879);
#2878 = CARTESIAN_POINT('',(156.31397208144,829.25625842204,620.));
#2879 = VECTOR('',#2880,1.);
#2880 = DIRECTION('',(0.,0.,1.));
#2881 = ORIENTED_EDGE('',*,*,#2882,.T.);
#2882 = EDGE_CURVE('',#2875,#2883,#2885,.T.);
#2883 = VERTEX_POINT('',#2884);
#2884 = CARTESIAN_POINT('',(303.30127018922,825.3332099679,660.));
#2885 = LINE('',#2886,#2887);
#2886 = CARTESIAN_POINT('',(156.31397208144,829.25625842204,660.));
#2887 = VECTOR('',#2888,1.);
#2888 = DIRECTION('',(0.999644019846,-2.668020963188E-02,0.));
#2889 = ORIENTED_EDGE('',*,*,#2890,.F.);
#2890 = EDGE_CURVE('',#2891,#2883,#2893,.T.);
#2891 = VERTEX_POINT('',#2892);
#2892 = CARTESIAN_POINT('',(303.30127018922,825.3332099679,620.));
#2893 = LINE('',#2894,#2895);
#2894 = CARTESIAN_POINT('',(303.30127018922,825.3332099679,620.));
#2895 = VECTOR('',#2896,1.);
#2896 = DIRECTION('',(0.,0.,1.));
#2897 = ORIENTED_EDGE('',*,*,#2898,.F.);
#2898 = EDGE_CURVE('',#2873,#2891,#2899,.T.);
#2899 = LINE('',#2900,#2901);
#2900 = CARTESIAN_POINT('',(156.31397208144,829.25625842204,620.));
#2901 = VECTOR('',#2902,1.);
#2902 = DIRECTION('',(0.999644019846,-2.668020963188E-02,0.));
#2903 = PLANE('',#2904);
#2904 = AXIS2_PLACEMENT_3D('',#2905,#2906,#2907);
#2905 = CARTESIAN_POINT('',(156.31397208144,829.25625842204,620.));
#2906 = DIRECTION('',(2.668020963188E-02,0.999644019846,0.));
#2907 = DIRECTION('',(0.999644019846,-2.668020963188E-02,0.));
#2908 = ADVANCED_FACE('',(#2909),#2934,.F.);
#2909 = FACE_BOUND('',#2910,.F.);
#2910 = EDGE_LOOP('',(#2911,#2912,#2920,#2928));
#2911 = ORIENTED_EDGE('',*,*,#2890,.T.);
#2912 = ORIENTED_EDGE('',*,*,#2913,.T.);
#2913 = EDGE_CURVE('',#2883,#2914,#2916,.T.);
#2914 = VERTEX_POINT('',#2915);
#2915 = CARTESIAN_POINT('',(803.30127018922,1.691358613752E+03,660.));
#2916 = LINE('',#2917,#2918);
#2917 = CARTESIAN_POINT('',(303.30127018922,825.3332099679,660.));
#2918 = VECTOR('',#2919,1.);
#2919 = DIRECTION('',(0.5,0.866025403784,0.));
#2920 = ORIENTED_EDGE('',*,*,#2921,.F.);
#2921 = EDGE_CURVE('',#2922,#2914,#2924,.T.);
#2922 = VERTEX_POINT('',#2923);
#2923 = CARTESIAN_POINT('',(803.30127018922,1.691358613752E+03,620.));
#2924 = LINE('',#2925,#2926);
#2925 = CARTESIAN_POINT('',(803.30127018922,1.691358613752E+03,620.));
#2926 = VECTOR('',#2927,1.);
#2927 = DIRECTION('',(0.,0.,1.));
#2928 = ORIENTED_EDGE('',*,*,#2929,.F.);
#2929 = EDGE_CURVE('',#2891,#2922,#2930,.T.);
#2930 = LINE('',#2931,#2932);
#2931 = CARTESIAN_POINT('',(303.30127018922,825.3332099679,620.));
#2932 = VECTOR('',#2933,1.);
#2933 = DIRECTION('',(0.5,0.866025403784,0.));
#2934 = PLANE('',#2935);
#2935 = AXIS2_PLACEMENT_3D('',#2936,#2937,#2938);
#2936 = CARTESIAN_POINT('',(303.30127018922,825.3332099679,620.));
#2937 = DIRECTION('',(-0.866025403784,0.5,0.));
#2938 = DIRECTION('',(0.5,0.866025403784,0.));
#2939 = ADVANCED_FACE('',(#2940),#2965,.F.);
#2940 = FACE_BOUND('',#2941,.F.);
#2941 = EDGE_LOOP('',(#2942,#2943,#2951,#2959));
#2942 = ORIENTED_EDGE('',*,*,#2921,.T.);
#2943 = ORIENTED_EDGE('',*,*,#2944,.T.);
#2944 = EDGE_CURVE('',#2914,#2945,#2947,.T.);
#2945 = VERTEX_POINT('',#2946);
#2946 = CARTESIAN_POINT('',(326.41016151377,1.96669182372E+03,660.));
#2947 = LINE('',#2948,#2949);
#2948 = CARTESIAN_POINT('',(803.30127018922,1.691358613752E+03,660.));
#2949 = VECTOR('',#2950,1.);
#2950 = DIRECTION('',(-0.866025403784,0.5,0.));
#2951 = ORIENTED_EDGE('',*,*,#2952,.F.);
#2952 = EDGE_CURVE('',#2953,#2945,#2955,.T.);
#2953 = VERTEX_POINT('',#2954);
#2954 = CARTESIAN_POINT('',(326.41016151377,1.96669182372E+03,620.));
#2955 = LINE('',#2956,#2957);
#2956 = CARTESIAN_POINT('',(326.41016151377,1.96669182372E+03,620.));
#2957 = VECTOR('',#2958,1.);
#2958 = DIRECTION('',(0.,0.,1.));
#2959 = ORIENTED_EDGE('',*,*,#2960,.F.);
#2960 = EDGE_CURVE('',#2922,#2953,#2961,.T.);
#2961 = LINE('',#2962,#2963);
#2962 = CARTESIAN_POINT('',(803.30127018922,1.691358613752E+03,620.));
#2963 = VECTOR('',#2964,1.);
#2964 = DIRECTION('',(-0.866025403784,0.5,0.));
#2965 = PLANE('',#2966);
#2966 = AXIS2_PLACEMENT_3D('',#2967,#2968,#2969);
#2967 = CARTESIAN_POINT('',(803.30127018922,1.691358613752E+03,620.));
#2968 = DIRECTION('',(-0.5,-0.866025403784,0.));
#2969 = DIRECTION('',(-0.866025403784,0.5,0.));
#2970 = ADVANCED_FACE('',(#2971),#2996,.F.);
#2971 = FACE_BOUND('',#2972,.F.);
#2972 = EDGE_LOOP('',(#2973,#2974,#2982,#2990));
#2973 = ORIENTED_EDGE('',*,*,#2952,.T.);
#2974 = ORIENTED_EDGE('',*,*,#2975,.T.);
#2975 = EDGE_CURVE('',#2945,#2976,#2978,.T.);
#2976 = VERTEX_POINT('',#2977);
#2977 = CARTESIAN_POINT('',(-173.5898384862,1.100666419936E+03,660.));
#2978 = LINE('',#2979,#2980);
#2979 = CARTESIAN_POINT('',(326.41016151377,1.96669182372E+03,660.));
#2980 = VECTOR('',#2981,1.);
#2981 = DIRECTION('',(-0.5,-0.866025403784,0.));
#2982 = ORIENTED_EDGE('',*,*,#2983,.F.);
#2983 = EDGE_CURVE('',#2984,#2976,#2986,.T.);
#2984 = VERTEX_POINT('',#2985);
#2985 = CARTESIAN_POINT('',(-173.5898384862,1.100666419936E+03,620.));
#2986 = LINE('',#2987,#2988);
#2987 = CARTESIAN_POINT('',(-173.5898384862,1.100666419936E+03,620.));
#2988 = VECTOR('',#2989,1.);
#2989 = DIRECTION('',(0.,0.,1.));
#2990 = ORIENTED_EDGE('',*,*,#2991,.F.);
#2991 = EDGE_CURVE('',#2953,#2984,#2992,.T.);
#2992 = LINE('',#2993,#2994);
#2993 = CARTESIAN_POINT('',(326.41016151377,1.96669182372E+03,620.));
#2994 = VECTOR('',#2995,1.);
#2995 = DIRECTION('',(-0.5,-0.866025403784,0.));
#2996 = PLANE('',#2997);
#2997 = AXIS2_PLACEMENT_3D('',#2998,#2999,#3000);
#2998 = CARTESIAN_POINT('',(326.41016151377,1.96669182372E+03,620.));
#2999 = DIRECTION('',(0.866025403784,-0.5,0.));
#3000 = DIRECTION('',(-0.5,-0.866025403784,0.));
#3001 = ADVANCED_FACE('',(#3002),#3018,.F.);
#3002 = FACE_BOUND('',#3003,.F.);
#3003 = EDGE_LOOP('',(#3004,#3005,#3011,#3012));
#3004 = ORIENTED_EDGE('',*,*,#2983,.T.);
#3005 = ORIENTED_EDGE('',*,*,#3006,.T.);
#3006 = EDGE_CURVE('',#2976,#2875,#3007,.T.);
#3007 = LINE('',#3008,#3009);
#3008 = CARTESIAN_POINT('',(-173.5898384862,1.100666419936E+03,660.));
#3009 = VECTOR('',#3010,1.);
#3010 = DIRECTION('',(0.772246409064,-0.635323133285,0.));
#3011 = ORIENTED_EDGE('',*,*,#2872,.F.);
#3012 = ORIENTED_EDGE('',*,*,#3013,.F.);
#3013 = EDGE_CURVE('',#2984,#2873,#3014,.T.);
#3014 = LINE('',#3015,#3016);
#3015 = CARTESIAN_POINT('',(-173.5898384862,1.100666419936E+03,620.));
#3016 = VECTOR('',#3017,1.);
#3017 = DIRECTION('',(0.772246409064,-0.635323133285,0.));
#3018 = PLANE('',#3019);
#3019 = AXIS2_PLACEMENT_3D('',#3020,#3021,#3022);
#3020 = CARTESIAN_POINT('',(-173.5898384862,1.100666419936E+03,620.));
#3021 = DIRECTION('',(0.635323133285,0.772246409064,0.));
#3022 = DIRECTION('',(0.772246409064,-0.635323133285,0.));
#3023 = ADVANCED_FACE('',(#3024),#3031,.F.);
#3024 = FACE_BOUND('',#3025,.F.);
#3025 = EDGE_LOOP('',(#3026,#3027,#3028,#3029,#3030));
#3026 = ORIENTED_EDGE('',*,*,#2898,.T.);
#3027 = ORIENTED_EDGE('',*,*,#2929,.T.);
#3028 = ORIENTED_EDGE('',*,*,#2960,.T.);
#3029 = ORIENTED_EDGE('',*,*,#2991,.T.);
#3030 = ORIENTED_EDGE('',*,*,#3013,.T.);
#3031 = PLANE('',#3032);
#3032 = AXIS2_PLACEMENT_3D('',#3033,#3034,#3035);
#3033 = CARTESIAN_POINT('',(310.68426788632,1.386628667886E+03,620.));
#3034 = DIRECTION('',(0.,0.,1.));
#3035 = DIRECTION('',(1.,0.,0.));
#3036 = ADVANCED_FACE('',(#3037),#3044,.T.);
#3037 = FACE_BOUND('',#3038,.T.);
#3038 = EDGE_LOOP('',(#3039,#3040,#3041,#3042,#3043));
#3039 = ORIENTED_EDGE('',*,*,#2882,.T.);
#3040 = ORIENTED_EDGE('',*,*,#2913,.T.);
#3041 = ORIENTED_EDGE('',*,*,#2944,.T.);
#3042 = ORIENTED_EDGE('',*,*,#2975,.T.);
#3043 = ORIENTED_EDGE('',*,*,#3006,.T.);
#3044 = PLANE('',#3045);
#3045 = AXIS2_PLACEMENT_3D('',#3046,#3047,#3048);
#3046 = CARTESIAN_POINT('',(310.68426788632,1.386628667886E+03,660.));
#3047 = DIRECTION('',(0.,0.,1.));
#3048 = DIRECTION('',(1.,0.,0.));
#3049 = MANIFOLD_SOLID_BREP('',#3050);
#3050 = CLOSED_SHELL('',(#3051,#3084,#3093));
#3051 = ADVANCED_FACE('',(#3052),#3079,.T.);
#3052 = FACE_BOUND('',#3053,.T.);
#3053 = EDGE_LOOP('',(#3054,#3063,#3071,#3078));
#3054 = ORIENTED_EDGE('',*,*,#3055,.F.);
#3055 = EDGE_CURVE('',#3056,#3056,#3058,.T.);
#3056 = VERTEX_POINT('',#3057);
#3057 = CARTESIAN_POINT('',(326.14736709748,1.28266126516E+03,620.));
#3058 = CIRCLE('',#3059,43.);
#3059 = AXIS2_PLACEMENT_3D('',#3060,#3061,#3062);
#3060 = CARTESIAN_POINT('',(283.14736709748,1.28266126516E+03,620.));
#3061 = DIRECTION('',(0.,0.,1.));
#3062 = DIRECTION('',(1.,0.,0.));
#3063 = ORIENTED_EDGE('',*,*,#3064,.F.);
#3064 = EDGE_CURVE('',#3065,#3056,#3067,.T.);
#3065 = VERTEX_POINT('',#3066);
#3066 = CARTESIAN_POINT('',(326.14736709748,1.28266126516E+03,301.));
#3067 = LINE('',#3068,#3069);
#3068 = CARTESIAN_POINT('',(326.14736709748,1.28266126516E+03,301.));
#3069 = VECTOR('',#3070,1.);
#3070 = DIRECTION('',(0.,0.,1.));
#3071 = ORIENTED_EDGE('',*,*,#3072,.T.);
#3072 = EDGE_CURVE('',#3065,#3065,#3073,.T.);
#3073 = CIRCLE('',#3074,43.);
#3074 = AXIS2_PLACEMENT_3D('',#3075,#3076,#3077);
#3075 = CARTESIAN_POINT('',(283.14736709748,1.28266126516E+03,301.));
#3076 = DIRECTION('',(0.,0.,1.));
#3077 = DIRECTION('',(1.,0.,0.));
#3078 = ORIENTED_EDGE('',*,*,#3064,.T.);
#3079 = CYLINDRICAL_SURFACE('',#3080,43.);
#3080 = AXIS2_PLACEMENT_3D('',#3081,#3082,#3083);
#3081 = CARTESIAN_POINT('',(283.14736709748,1.28266126516E+03,301.));
#3082 = DIRECTION('',(0.,0.,1.));
#3083 = DIRECTION('',(1.,0.,0.));
#3084 = ADVANCED_FACE('',(#3085),#3088,.T.);
#3085 = FACE_BOUND('',#3086,.T.);
#3086 = EDGE_LOOP('',(#3087));
#3087 = ORIENTED_EDGE('',*,*,#3055,.T.);
#3088 = PLANE('',#3089);
#3089 = AXIS2_PLACEMENT_3D('',#3090,#3091,#3092);
#3090 = CARTESIAN_POINT('',(283.14736709748,1.28266126516E+03,620.));
#3091 = DIRECTION('',(0.,0.,1.));
#3092 = DIRECTION('',(1.,0.,0.));
#3093 = ADVANCED_FACE('',(#3094),#3097,.F.);
#3094 = FACE_BOUND('',#3095,.T.);
#3095 = EDGE_LOOP('',(#3096));
#3096 = ORIENTED_EDGE('',*,*,#3072,.F.);
#3097 = PLANE('',#3098);
#3098 = AXIS2_PLACEMENT_3D('',#3099,#3100,#3101);
#3099 = CARTESIAN_POINT('',(283.14736709748,1.28266126516E+03,301.));
#3100 = DIRECTION('',(0.,0.,1.));
#3101 = DIRECTION('',(1.,0.,0.));
#3102 = MANIFOLD_SOLID_BREP('',#3103);
#3103 = CLOSED_SHELL('',(#3104,#3144,#3175,#3206,#3228,#3240));
#3104 = ADVANCED_FACE('',(#3105),#3139,.F.);
#3105 = FACE_BOUND('',#3106,.F.);
#3106 = EDGE_LOOP('',(#3107,#3117,#3125,#3133));
#3107 = ORIENTED_EDGE('',*,*,#3108,.T.);
#3108 = EDGE_CURVE('',#3109,#3111,#3113,.T.);
#3109 = VERTEX_POINT('',#3110);
#3110 = CARTESIAN_POINT('',(-796.3139720814,-279.256258422,620.));
#3111 = VERTEX_POINT('',#3112);
#3112 = CARTESIAN_POINT('',(-796.3139720814,-279.256258422,660.));
#3113 = LINE('',#3114,#3115);
#3114 = CARTESIAN_POINT('',(-796.3139720814,-279.256258422,620.));
#3115 = VECTOR('',#3116,1.);
#3116 = DIRECTION('',(0.,0.,1.));
#3117 = ORIENTED_EDGE('',*,*,#3118,.T.);
#3118 = EDGE_CURVE('',#3111,#3119,#3121,.T.);
#3119 = VERTEX_POINT('',#3120);
#3120 = CARTESIAN_POINT('',(-866.4101615137,-700.6664199358,660.));
#3121 = LINE('',#3122,#3123);
#3122 = CARTESIAN_POINT('',(-796.3139720814,-279.256258422,660.));
#3123 = VECTOR('',#3124,1.);
#3124 = DIRECTION('',(-0.164082768505,-0.986446574874,0.));
#3125 = ORIENTED_EDGE('',*,*,#3126,.F.);
#3126 = EDGE_CURVE('',#3127,#3119,#3129,.T.);
#3127 = VERTEX_POINT('',#3128);
#3128 = CARTESIAN_POINT('',(-866.4101615137,-700.6664199358,620.));
#3129 = LINE('',#3130,#3131);
#3130 = CARTESIAN_POINT('',(-866.4101615137,-700.6664199358,620.));
#3131 = VECTOR('',#3132,1.);
#3132 = DIRECTION('',(0.,0.,1.));
#3133 = ORIENTED_EDGE('',*,*,#3134,.F.);
#3134 = EDGE_CURVE('',#3109,#3127,#3135,.T.);
#3135 = LINE('',#3136,#3137);
#3136 = CARTESIAN_POINT('',(-796.3139720814,-279.256258422,620.));
#3137 = VECTOR('',#3138,1.);
#3138 = DIRECTION('',(-0.164082768505,-0.986446574874,0.));
#3139 = PLANE('',#3140);
#3140 = AXIS2_PLACEMENT_3D('',#3141,#3142,#3143);
#3141 = CARTESIAN_POINT('',(-796.3139720814,-279.256258422,620.));
#3142 = DIRECTION('',(0.986446574874,-0.164082768505,0.));
#3143 = DIRECTION('',(-0.164082768505,-0.986446574874,0.));
#3144 = ADVANCED_FACE('',(#3145),#3170,.F.);
#3145 = FACE_BOUND('',#3146,.F.);
#3146 = EDGE_LOOP('',(#3147,#3148,#3156,#3164));
#3147 = ORIENTED_EDGE('',*,*,#3126,.T.);
#3148 = ORIENTED_EDGE('',*,*,#3149,.T.);
#3149 = EDGE_CURVE('',#3119,#3150,#3152,.T.);
#3150 = VERTEX_POINT('',#3151);
#3151 = CARTESIAN_POINT('',(-173.5898384862,-1.100666419936E+03,660.));
#3152 = LINE('',#3153,#3154);
#3153 = CARTESIAN_POINT('',(-866.4101615137,-700.6664199358,660.));
#3154 = VECTOR('',#3155,1.);
#3155 = DIRECTION('',(0.866025403784,-0.5,0.));
#3156 = ORIENTED_EDGE('',*,*,#3157,.F.);
#3157 = EDGE_CURVE('',#3158,#3150,#3160,.T.);
#3158 = VERTEX_POINT('',#3159);
#3159 = CARTESIAN_POINT('',(-173.5898384862,-1.100666419936E+03,620.));
#3160 = LINE('',#3161,#3162);
#3161 = CARTESIAN_POINT('',(-173.5898384862,-1.100666419936E+03,620.));
#3162 = VECTOR('',#3163,1.);
#3163 = DIRECTION('',(0.,0.,1.));
#3164 = ORIENTED_EDGE('',*,*,#3165,.F.);
#3165 = EDGE_CURVE('',#3127,#3158,#3166,.T.);
#3166 = LINE('',#3167,#3168);
#3167 = CARTESIAN_POINT('',(-866.4101615137,-700.6664199358,620.));
#3168 = VECTOR('',#3169,1.);
#3169 = DIRECTION('',(0.866025403784,-0.5,0.));
#3170 = PLANE('',#3171);
#3171 = AXIS2_PLACEMENT_3D('',#3172,#3173,#3174);
#3172 = CARTESIAN_POINT('',(-866.4101615137,-700.6664199358,620.));
#3173 = DIRECTION('',(0.5,0.866025403784,0.));
#3174 = DIRECTION('',(0.866025403784,-0.5,0.));
#3175 = ADVANCED_FACE('',(#3176),#3201,.F.);
#3176 = FACE_BOUND('',#3177,.F.);
#3177 = EDGE_LOOP('',(#3178,#3179,#3187,#3195));
#3178 = ORIENTED_EDGE('',*,*,#3157,.T.);
#3179 = ORIENTED_EDGE('',*,*,#3180,.T.);
#3180 = EDGE_CURVE('',#3150,#3181,#3183,.T.);
#3181 = VERTEX_POINT('',#3182);
#3182 = CARTESIAN_POINT('',(156.31397208144,-829.256258422,660.));
#3183 = LINE('',#3184,#3185);
#3184 = CARTESIAN_POINT('',(-173.5898384862,-1.100666419936E+03,660.));
#3185 = VECTOR('',#3186,1.);
#3186 = DIRECTION('',(0.772246409064,0.635323133285,0.));
#3187 = ORIENTED_EDGE('',*,*,#3188,.F.);
#3188 = EDGE_CURVE('',#3189,#3181,#3191,.T.);
#3189 = VERTEX_POINT('',#3190);
#3190 = CARTESIAN_POINT('',(156.31397208144,-829.256258422,620.));
#3191 = LINE('',#3192,#3193);
#3192 = CARTESIAN_POINT('',(156.31397208144,-829.256258422,620.));
#3193 = VECTOR('',#3194,1.);
#3194 = DIRECTION('',(0.,0.,1.));
#3195 = ORIENTED_EDGE('',*,*,#3196,.F.);
#3196 = EDGE_CURVE('',#3158,#3189,#3197,.T.);
#3197 = LINE('',#3198,#3199);
#3198 = CARTESIAN_POINT('',(-173.5898384862,-1.100666419936E+03,620.));
#3199 = VECTOR('',#3200,1.);
#3200 = DIRECTION('',(0.772246409064,0.635323133285,0.));
#3201 = PLANE('',#3202);
#3202 = AXIS2_PLACEMENT_3D('',#3203,#3204,#3205);
#3203 = CARTESIAN_POINT('',(-173.5898384862,-1.100666419936E+03,620.));
#3204 = DIRECTION('',(-0.635323133285,0.772246409064,0.));
#3205 = DIRECTION('',(0.772246409064,0.635323133285,0.));
#3206 = ADVANCED_FACE('',(#3207),#3223,.F.);
#3207 = FACE_BOUND('',#3208,.F.);
#3208 = EDGE_LOOP('',(#3209,#3210,#3216,#3217));
#3209 = ORIENTED_EDGE('',*,*,#3188,.T.);
#3210 = ORIENTED_EDGE('',*,*,#3211,.T.);
#3211 = EDGE_CURVE('',#3181,#3111,#3212,.T.);
#3212 = LINE('',#3213,#3214);
#3213 = CARTESIAN_POINT('',(156.31397208144,-829.256258422,660.));
#3214 = VECTOR('',#3215,1.);
#3215 = DIRECTION('',(-0.866025403784,0.5,0.));
#3216 = ORIENTED_EDGE('',*,*,#3108,.F.);
#3217 = ORIENTED_EDGE('',*,*,#3218,.F.);
#3218 = EDGE_CURVE('',#3189,#3109,#3219,.T.);
#3219 = LINE('',#3220,#3221);
#3220 = CARTESIAN_POINT('',(156.31397208144,-829.256258422,620.));
#3221 = VECTOR('',#3222,1.);
#3222 = DIRECTION('',(-0.866025403784,0.5,0.));
#3223 = PLANE('',#3224);
#3224 = AXIS2_PLACEMENT_3D('',#3225,#3226,#3227);
#3225 = CARTESIAN_POINT('',(156.31397208144,-829.256258422,620.));
#3226 = DIRECTION('',(-0.5,-0.866025403784,0.));
#3227 = DIRECTION('',(-0.866025403784,0.5,0.));
#3228 = ADVANCED_FACE('',(#3229),#3235,.F.);
#3229 = FACE_BOUND('',#3230,.F.);
#3230 = EDGE_LOOP('',(#3231,#3232,#3233,#3234));
#3231 = ORIENTED_EDGE('',*,*,#3134,.T.);
#3232 = ORIENTED_EDGE('',*,*,#3165,.T.);
#3233 = ORIENTED_EDGE('',*,*,#3196,.T.);
#3234 = ORIENTED_EDGE('',*,*,#3218,.T.);
#3235 = PLANE('',#3236);
#3236 = AXIS2_PLACEMENT_3D('',#3237,#3238,#3239);
#3237 = CARTESIAN_POINT('',(-409.1083372347,-708.5964258905,620.));
#3238 = DIRECTION('',(0.,0.,1.));
#3239 = DIRECTION('',(1.,0.,0.));
#3240 = ADVANCED_FACE('',(#3241),#3247,.T.);
#3241 = FACE_BOUND('',#3242,.T.);
#3242 = EDGE_LOOP('',(#3243,#3244,#3245,#3246));
#3243 = ORIENTED_EDGE('',*,*,#3118,.T.);
#3244 = ORIENTED_EDGE('',*,*,#3149,.T.);
#3245 = ORIENTED_EDGE('',*,*,#3180,.T.);
#3246 = ORIENTED_EDGE('',*,*,#3211,.T.);
#3247 = PLANE('',#3248);
#3248 = AXIS2_PLACEMENT_3D('',#3249,#3250,#3251);
#3249 = CARTESIAN_POINT('',(-409.1083372347,-708.5964258905,660.));
#3250 = DIRECTION('',(0.,0.,1.));
#3251 = DIRECTION('',(1.,0.,0.));
#3252 = MANIFOLD_SOLID_BREP('',#3253);
#3253 = CLOSED_SHELL('',(#3254,#3287,#3296));
#3254 = ADVANCED_FACE('',(#3255),#3282,.T.);
#3255 = FACE_BOUND('',#3256,.T.);
#3256 = EDGE_LOOP('',(#3257,#3266,#3274,#3281));
#3257 = ORIENTED_EDGE('',*,*,#3258,.F.);
#3258 = EDGE_CURVE('',#3259,#3259,#3261,.T.);
#3259 = VERTEX_POINT('',#3260);
#3260 = CARTESIAN_POINT('',(-312.,-614.8780366869,620.));
#3261 = CIRCLE('',#3262,43.);
#3262 = AXIS2_PLACEMENT_3D('',#3263,#3264,#3265);
#3263 = CARTESIAN_POINT('',(-355.,-614.8780366869,620.));
#3264 = DIRECTION('',(0.,0.,1.));
#3265 = DIRECTION('',(1.,0.,0.));
#3266 = ORIENTED_EDGE('',*,*,#3267,.F.);
#3267 = EDGE_CURVE('',#3268,#3259,#3270,.T.);
#3268 = VERTEX_POINT('',#3269);
#3269 = CARTESIAN_POINT('',(-312.,-614.8780366869,301.));
#3270 = LINE('',#3271,#3272);
#3271 = CARTESIAN_POINT('',(-312.,-614.8780366869,301.));
#3272 = VECTOR('',#3273,1.);
#3273 = DIRECTION('',(0.,0.,1.));
#3274 = ORIENTED_EDGE('',*,*,#3275,.T.);
#3275 = EDGE_CURVE('',#3268,#3268,#3276,.T.);
#3276 = CIRCLE('',#3277,43.);
#3277 = AXIS2_PLACEMENT_3D('',#3278,#3279,#3280);
#3278 = CARTESIAN_POINT('',(-355.,-614.8780366869,301.));
#3279 = DIRECTION('',(0.,0.,1.));
#3280 = DIRECTION('',(1.,0.,0.));
#3281 = ORIENTED_EDGE('',*,*,#3267,.T.);
#3282 = CYLINDRICAL_SURFACE('',#3283,43.);
#3283 = AXIS2_PLACEMENT_3D('',#3284,#3285,#3286);
#3284 = CARTESIAN_POINT('',(-355.,-614.8780366869,301.));
#3285 = DIRECTION('',(0.,0.,1.));
#3286 = DIRECTION('',(1.,0.,0.));
#3287 = ADVANCED_FACE('',(#3288),#3291,.T.);
#3288 = FACE_BOUND('',#3289,.T.);
#3289 = EDGE_LOOP('',(#3290));
#3290 = ORIENTED_EDGE('',*,*,#3258,.T.);
#3291 = PLANE('',#3292);
#3292 = AXIS2_PLACEMENT_3D('',#3293,#3294,#3295);
#3293 = CARTESIAN_POINT('',(-355.,-614.8780366869,620.));
#3294 = DIRECTION('',(0.,0.,1.));
#3295 = DIRECTION('',(1.,0.,0.));
#3296 = ADVANCED_FACE('',(#3297),#3300,.F.);
#3297 = FACE_BOUND('',#3298,.T.);
#3298 = EDGE_LOOP('',(#3299));
#3299 = ORIENTED_EDGE('',*,*,#3275,.F.);
#3300 = PLANE('',#3301);
#3301 = AXIS2_PLACEMENT_3D('',#3302,#3303,#3304);
#3302 = CARTESIAN_POINT('',(-355.,-614.8780366869,301.));
#3303 = DIRECTION('',(0.,0.,1.));
#3304 = DIRECTION('',(1.,0.,0.));
#3305 = MANIFOLD_SOLID_BREP('',#3306);
#3306 = CLOSED_SHELL('',(#3307,#3347,#3378,#3409,#3440,#3462,#3475));
#3307 = ADVANCED_FACE('',(#3308),#3342,.T.);
#3308 = FACE_BOUND('',#3309,.T.);
#3309 = EDGE_LOOP('',(#3310,#3320,#3328,#3336));
#3310 = ORIENTED_EDGE('',*,*,#3311,.T.);
#3311 = EDGE_CURVE('',#3312,#3314,#3316,.T.);
#3312 = VERTEX_POINT('',#3313);
#3313 = CARTESIAN_POINT('',(156.31397208144,-829.256258422,620.));
#3314 = VERTEX_POINT('',#3315);
#3315 = CARTESIAN_POINT('',(156.31397208144,-829.256258422,660.));
#3316 = LINE('',#3317,#3318);
#3317 = CARTESIAN_POINT('',(156.31397208144,-829.256258422,620.));
#3318 = VECTOR('',#3319,1.);
#3319 = DIRECTION('',(0.,0.,1.));
#3320 = ORIENTED_EDGE('',*,*,#3321,.T.);
#3321 = EDGE_CURVE('',#3314,#3322,#3324,.T.);
#3322 = VERTEX_POINT('',#3323);
#3323 = CARTESIAN_POINT('',(303.30127018922,-825.3332099679,660.));
#3324 = LINE('',#3325,#3326);
#3325 = CARTESIAN_POINT('',(156.31397208144,-829.256258422,660.));
#3326 = VECTOR('',#3327,1.);
#3327 = DIRECTION('',(0.999644019846,2.668020963189E-02,0.));
#3328 = ORIENTED_EDGE('',*,*,#3329,.F.);
#3329 = EDGE_CURVE('',#3330,#3322,#3332,.T.);
#3330 = VERTEX_POINT('',#3331);
#3331 = CARTESIAN_POINT('',(303.30127018922,-825.3332099679,620.));
#3332 = LINE('',#3333,#3334);
#3333 = CARTESIAN_POINT('',(303.30127018922,-825.3332099679,620.));
#3334 = VECTOR('',#3335,1.);
#3335 = DIRECTION('',(0.,0.,1.));
#3336 = ORIENTED_EDGE('',*,*,#3337,.F.);
#3337 = EDGE_CURVE('',#3312,#3330,#3338,.T.);
#3338 = LINE('',#3339,#3340);
#3339 = CARTESIAN_POINT('',(156.31397208144,-829.256258422,620.));
#3340 = VECTOR('',#3341,1.);
#3341 = DIRECTION('',(0.999644019846,2.668020963189E-02,0.));
#3342 = PLANE('',#3343);
#3343 = AXIS2_PLACEMENT_3D('',#3344,#3345,#3346);
#3344 = CARTESIAN_POINT('',(156.31397208144,-829.256258422,620.));
#3345 = DIRECTION('',(-2.668020963189E-02,0.999644019846,0.));
#3346 = DIRECTION('',(0.999644019846,2.668020963189E-02,0.));
#3347 = ADVANCED_FACE('',(#3348),#3373,.T.);
#3348 = FACE_BOUND('',#3349,.T.);
#3349 = EDGE_LOOP('',(#3350,#3351,#3359,#3367));
#3350 = ORIENTED_EDGE('',*,*,#3329,.T.);
#3351 = ORIENTED_EDGE('',*,*,#3352,.T.);
#3352 = EDGE_CURVE('',#3322,#3353,#3355,.T.);
#3353 = VERTEX_POINT('',#3354);
#3354 = CARTESIAN_POINT('',(803.30127018922,-1.691358613752E+03,660.));
#3355 = LINE('',#3356,#3357);
#3356 = CARTESIAN_POINT('',(303.30127018922,-825.3332099679,660.));
#3357 = VECTOR('',#3358,1.);
#3358 = DIRECTION('',(0.5,-0.866025403784,0.));
#3359 = ORIENTED_EDGE('',*,*,#3360,.F.);
#3360 = EDGE_CURVE('',#3361,#3353,#3363,.T.);
#3361 = VERTEX_POINT('',#3362);
#3362 = CARTESIAN_POINT('',(803.30127018922,-1.691358613752E+03,620.));
#3363 = LINE('',#3364,#3365);
#3364 = CARTESIAN_POINT('',(803.30127018922,-1.691358613752E+03,620.));
#3365 = VECTOR('',#3366,1.);
#3366 = DIRECTION('',(0.,0.,1.));
#3367 = ORIENTED_EDGE('',*,*,#3368,.F.);
#3368 = EDGE_CURVE('',#3330,#3361,#3369,.T.);
#3369 = LINE('',#3370,#3371);
#3370 = CARTESIAN_POINT('',(303.30127018922,-825.3332099679,620.));
#3371 = VECTOR('',#3372,1.);
#3372 = DIRECTION('',(0.5,-0.866025403784,0.));
#3373 = PLANE('',#3374);
#3374 = AXIS2_PLACEMENT_3D('',#3375,#3376,#3377);
#3375 = CARTESIAN_POINT('',(303.30127018922,-825.3332099679,620.));
#3376 = DIRECTION('',(0.866025403784,0.5,0.));
#3377 = DIRECTION('',(0.5,-0.866025403784,0.));
#3378 = ADVANCED_FACE('',(#3379),#3404,.T.);
#3379 = FACE_BOUND('',#3380,.T.);
#3380 = EDGE_LOOP('',(#3381,#3382,#3390,#3398));
#3381 = ORIENTED_EDGE('',*,*,#3360,.T.);
#3382 = ORIENTED_EDGE('',*,*,#3383,.T.);
#3383 = EDGE_CURVE('',#3353,#3384,#3386,.T.);
#3384 = VERTEX_POINT('',#3385);
#3385 = CARTESIAN_POINT('',(326.41016151377,-1.96669182372E+03,660.));
#3386 = LINE('',#3387,#3388);
#3387 = CARTESIAN_POINT('',(803.30127018922,-1.691358613752E+03,660.));
#3388 = VECTOR('',#3389,1.);
#3389 = DIRECTION('',(-0.866025403784,-0.5,0.));
#3390 = ORIENTED_EDGE('',*,*,#3391,.F.);
#3391 = EDGE_CURVE('',#3392,#3384,#3394,.T.);
#3392 = VERTEX_POINT('',#3393);
#3393 = CARTESIAN_POINT('',(326.41016151377,-1.96669182372E+03,620.));
#3394 = LINE('',#3395,#3396);
#3395 = CARTESIAN_POINT('',(326.41016151377,-1.96669182372E+03,620.));
#3396 = VECTOR('',#3397,1.);
#3397 = DIRECTION('',(0.,0.,1.));
#3398 = ORIENTED_EDGE('',*,*,#3399,.F.);
#3399 = EDGE_CURVE('',#3361,#3392,#3400,.T.);
#3400 = LINE('',#3401,#3402);
#3401 = CARTESIAN_POINT('',(803.30127018922,-1.691358613752E+03,620.));
#3402 = VECTOR('',#3403,1.);
#3403 = DIRECTION('',(-0.866025403784,-0.5,0.));
#3404 = PLANE('',#3405);
#3405 = AXIS2_PLACEMENT_3D('',#3406,#3407,#3408);
#3406 = CARTESIAN_POINT('',(803.30127018922,-1.691358613752E+03,620.));
#3407 = DIRECTION('',(0.5,-0.866025403784,0.));
#3408 = DIRECTION('',(-0.866025403784,-0.5,0.));
#3409 = ADVANCED_FACE('',(#3410),#3435,.T.);
#3410 = FACE_BOUND('',#3411,.T.);
#3411 = EDGE_LOOP('',(#3412,#3413,#3421,#3429));
#3412 = ORIENTED_EDGE('',*,*,#3391,.T.);
#3413 = ORIENTED_EDGE('',*,*,#3414,.T.);
#3414 = EDGE_CURVE('',#3384,#3415,#3417,.T.);
#3415 = VERTEX_POINT('',#3416);
#3416 = CARTESIAN_POINT('',(-173.5898384862,-1.100666419936E+03,660.));
#3417 = LINE('',#3418,#3419);
#3418 = CARTESIAN_POINT('',(326.41016151377,-1.96669182372E+03,660.));
#3419 = VECTOR('',#3420,1.);
#3420 = DIRECTION('',(-0.5,0.866025403784,0.));
#3421 = ORIENTED_EDGE('',*,*,#3422,.F.);
#3422 = EDGE_CURVE('',#3423,#3415,#3425,.T.);
#3423 = VERTEX_POINT('',#3424);
#3424 = CARTESIAN_POINT('',(-173.5898384862,-1.100666419936E+03,620.));
#3425 = LINE('',#3426,#3427);
#3426 = CARTESIAN_POINT('',(-173.5898384862,-1.100666419936E+03,620.));
#3427 = VECTOR('',#3428,1.);
#3428 = DIRECTION('',(0.,0.,1.));
#3429 = ORIENTED_EDGE('',*,*,#3430,.F.);
#3430 = EDGE_CURVE('',#3392,#3423,#3431,.T.);
#3431 = LINE('',#3432,#3433);
#3432 = CARTESIAN_POINT('',(326.41016151377,-1.96669182372E+03,620.));
#3433 = VECTOR('',#3434,1.);
#3434 = DIRECTION('',(-0.5,0.866025403784,0.));
#3435 = PLANE('',#3436);
#3436 = AXIS2_PLACEMENT_3D('',#3437,#3438,#3439);
#3437 = CARTESIAN_POINT('',(326.41016151377,-1.96669182372E+03,620.));
#3438 = DIRECTION('',(-0.866025403784,-0.5,0.));
#3439 = DIRECTION('',(-0.5,0.866025403784,0.));
#3440 = ADVANCED_FACE('',(#3441),#3457,.T.);
#3441 = FACE_BOUND('',#3442,.T.);
#3442 = EDGE_LOOP('',(#3443,#3444,#3450,#3451));
#3443 = ORIENTED_EDGE('',*,*,#3422,.T.);
#3444 = ORIENTED_EDGE('',*,*,#3445,.T.);
#3445 = EDGE_CURVE('',#3415,#3314,#3446,.T.);
#3446 = LINE('',#3447,#3448);
#3447 = CARTESIAN_POINT('',(-173.5898384862,-1.100666419936E+03,660.));
#3448 = VECTOR('',#3449,1.);
#3449 = DIRECTION('',(0.772246409064,0.635323133285,0.));
#3450 = ORIENTED_EDGE('',*,*,#3311,.F.);
#3451 = ORIENTED_EDGE('',*,*,#3452,.F.);
#3452 = EDGE_CURVE('',#3423,#3312,#3453,.T.);
#3453 = LINE('',#3454,#3455);
#3454 = CARTESIAN_POINT('',(-173.5898384862,-1.100666419936E+03,620.));
#3455 = VECTOR('',#3456,1.);
#3456 = DIRECTION('',(0.772246409064,0.635323133285,0.));
#3457 = PLANE('',#3458);
#3458 = AXIS2_PLACEMENT_3D('',#3459,#3460,#3461);
#3459 = CARTESIAN_POINT('',(-173.5898384862,-1.100666419936E+03,620.));
#3460 = DIRECTION('',(-0.635323133285,0.772246409064,0.));
#3461 = DIRECTION('',(0.772246409064,0.635323133285,0.));
#3462 = ADVANCED_FACE('',(#3463),#3470,.T.);
#3463 = FACE_BOUND('',#3464,.T.);
#3464 = EDGE_LOOP('',(#3465,#3466,#3467,#3468,#3469));
#3465 = ORIENTED_EDGE('',*,*,#3337,.T.);
#3466 = ORIENTED_EDGE('',*,*,#3368,.T.);
#3467 = ORIENTED_EDGE('',*,*,#3399,.T.);
#3468 = ORIENTED_EDGE('',*,*,#3430,.T.);
#3469 = ORIENTED_EDGE('',*,*,#3452,.T.);
#3470 = PLANE('',#3471);
#3471 = AXIS2_PLACEMENT_3D('',#3472,#3473,#3474);
#3472 = CARTESIAN_POINT('',(310.68426788632,-1.386628667886E+03,620.));
#3473 = DIRECTION('',(-0.,-0.,-1.));
#3474 = DIRECTION('',(-1.,0.,0.));
#3475 = ADVANCED_FACE('',(#3476),#3483,.F.);
#3476 = FACE_BOUND('',#3477,.F.);
#3477 = EDGE_LOOP('',(#3478,#3479,#3480,#3481,#3482));
#3478 = ORIENTED_EDGE('',*,*,#3321,.T.);
#3479 = ORIENTED_EDGE('',*,*,#3352,.T.);
#3480 = ORIENTED_EDGE('',*,*,#3383,.T.);
#3481 = ORIENTED_EDGE('',*,*,#3414,.T.);
#3482 = ORIENTED_EDGE('',*,*,#3445,.T.);
#3483 = PLANE('',#3484);
#3484 = AXIS2_PLACEMENT_3D('',#3485,#3486,#3487);
#3485 = CARTESIAN_POINT('',(310.68426788632,-1.386628667886E+03,660.));
#3486 = DIRECTION('',(-0.,-0.,-1.));
#3487 = DIRECTION('',(-1.,0.,0.));
#3488 = MANIFOLD_SOLID_BREP('',#3489);
#3489 = CLOSED_SHELL('',(#3490,#3523,#3532));
#3490 = ADVANCED_FACE('',(#3491),#3518,.T.);
#3491 = FACE_BOUND('',#3492,.T.);
#3492 = EDGE_LOOP('',(#3493,#3502,#3510,#3517));
#3493 = ORIENTED_EDGE('',*,*,#3494,.F.);
#3494 = EDGE_CURVE('',#3495,#3495,#3497,.T.);
#3495 = VERTEX_POINT('',#3496);
#3496 = CARTESIAN_POINT('',(326.14736709748,-1.28266126516E+03,620.));
#3497 = CIRCLE('',#3498,43.);
#3498 = AXIS2_PLACEMENT_3D('',#3499,#3500,#3501);
#3499 = CARTESIAN_POINT('',(283.14736709748,-1.28266126516E+03,620.));
#3500 = DIRECTION('',(0.,0.,1.));
#3501 = DIRECTION('',(1.,0.,0.));
#3502 = ORIENTED_EDGE('',*,*,#3503,.F.);
#3503 = EDGE_CURVE('',#3504,#3495,#3506,.T.);
#3504 = VERTEX_POINT('',#3505);
#3505 = CARTESIAN_POINT('',(326.14736709748,-1.28266126516E+03,301.));
#3506 = LINE('',#3507,#3508);
#3507 = CARTESIAN_POINT('',(326.14736709748,-1.28266126516E+03,301.));
#3508 = VECTOR('',#3509,1.);
#3509 = DIRECTION('',(0.,0.,1.));
#3510 = ORIENTED_EDGE('',*,*,#3511,.T.);
#3511 = EDGE_CURVE('',#3504,#3504,#3512,.T.);
#3512 = CIRCLE('',#3513,43.);
#3513 = AXIS2_PLACEMENT_3D('',#3514,#3515,#3516);
#3514 = CARTESIAN_POINT('',(283.14736709748,-1.28266126516E+03,301.));
#3515 = DIRECTION('',(0.,0.,1.));
#3516 = DIRECTION('',(1.,0.,0.));
#3517 = ORIENTED_EDGE('',*,*,#3503,.T.);
#3518 = CYLINDRICAL_SURFACE('',#3519,43.);
#3519 = AXIS2_PLACEMENT_3D('',#3520,#3521,#3522);
#3520 = CARTESIAN_POINT('',(283.14736709748,-1.28266126516E+03,301.));
#3521 = DIRECTION('',(0.,0.,1.));
#3522 = DIRECTION('',(1.,0.,0.));
#3523 = ADVANCED_FACE('',(#3524),#3527,.T.);
#3524 = FACE_BOUND('',#3525,.T.);
#3525 = EDGE_LOOP('',(#3526));
#3526 = ORIENTED_EDGE('',*,*,#3494,.T.);
#3527 = PLANE('',#3528);
#3528 = AXIS2_PLACEMENT_3D('',#3529,#3530,#3531);
#3529 = CARTESIAN_POINT('',(283.14736709748,-1.28266126516E+03,620.));
#3530 = DIRECTION('',(0.,0.,1.));
#3531 = DIRECTION('',(1.,0.,0.));
#3532 = ADVANCED_FACE('',(#3533),#3536,.F.);
#3533 = FACE_BOUND('',#3534,.T.);
#3534 = EDGE_LOOP('',(#3535));
#3535 = ORIENTED_EDGE('',*,*,#3511,.F.);
#3536 = PLANE('',#3537);
#3537 = AXIS2_PLACEMENT_3D('',#3538,#3539,#3540);
#3538 = CARTESIAN_POINT('',(283.14736709748,-1.28266126516E+03,301.));
#3539 = DIRECTION('',(0.,0.,1.));
#3540 = DIRECTION('',(1.,0.,0.));
#3541 = MANIFOLD_SOLID_BREP('',#3542);
#3542 = CLOSED_SHELL('',(#3543,#3583,#3614,#3645,#3676,#3698,#3711));
#3543 = ADVANCED_FACE('',(#3544),#3578,.F.);
#3544 = FACE_BOUND('',#3545,.F.);
#3545 = EDGE_LOOP('',(#3546,#3556,#3564,#3572));
#3546 = ORIENTED_EDGE('',*,*,#3547,.T.);
#3547 = EDGE_CURVE('',#3548,#3550,#3552,.T.);
#3548 = VERTEX_POINT('',#3549);
#3549 = CARTESIAN_POINT('',(-796.3139720814,-279.256258422,620.));
#3550 = VERTEX_POINT('',#3551);
#3551 = CARTESIAN_POINT('',(-796.3139720814,-279.256258422,660.));
#3552 = LINE('',#3553,#3554);
#3553 = CARTESIAN_POINT('',(-796.3139720814,-279.256258422,620.));
#3554 = VECTOR('',#3555,1.);
#3555 = DIRECTION('',(0.,0.,1.));
#3556 = ORIENTED_EDGE('',*,*,#3557,.T.);
#3557 = EDGE_CURVE('',#3550,#3558,#3560,.T.);
#3558 = VERTEX_POINT('',#3559);
#3559 = CARTESIAN_POINT('',(-866.4101615137,-150.,660.));
#3560 = LINE('',#3561,#3562);
#3561 = CARTESIAN_POINT('',(-796.3139720814,-279.256258422,660.));
#3562 = VECTOR('',#3563,1.);
#3563 = DIRECTION('',(-0.476716270604,0.879057220744,0.));
#3564 = ORIENTED_EDGE('',*,*,#3565,.F.);
#3565 = EDGE_CURVE('',#3566,#3558,#3568,.T.);
#3566 = VERTEX_POINT('',#3567);
#3567 = CARTESIAN_POINT('',(-866.4101615137,-150.,620.));
#3568 = LINE('',#3569,#3570);
#3569 = CARTESIAN_POINT('',(-866.4101615137,-150.,620.));
#3570 = VECTOR('',#3571,1.);
#3571 = DIRECTION('',(0.,0.,1.));
#3572 = ORIENTED_EDGE('',*,*,#3573,.F.);
#3573 = EDGE_CURVE('',#3548,#3566,#3574,.T.);
#3574 = LINE('',#3575,#3576);
#3575 = CARTESIAN_POINT('',(-796.3139720814,-279.256258422,620.));
#3576 = VECTOR('',#3577,1.);
#3577 = DIRECTION('',(-0.476716270604,0.879057220744,0.));
#3578 = PLANE('',#3579);
#3579 = AXIS2_PLACEMENT_3D('',#3580,#3581,#3582);
#3580 = CARTESIAN_POINT('',(-796.3139720814,-279.256258422,620.));
#3581 = DIRECTION('',(-0.879057220744,-0.476716270604,0.));
#3582 = DIRECTION('',(-0.476716270604,0.879057220744,0.));
#3583 = ADVANCED_FACE('',(#3584),#3609,.F.);
#3584 = FACE_BOUND('',#3585,.F.);
#3585 = EDGE_LOOP('',(#3586,#3587,#3595,#3603));
#3586 = ORIENTED_EDGE('',*,*,#3565,.T.);
#3587 = ORIENTED_EDGE('',*,*,#3588,.T.);
#3588 = EDGE_CURVE('',#3558,#3589,#3591,.T.);
#3589 = VERTEX_POINT('',#3590);
#3590 = CARTESIAN_POINT('',(-1.866410161514E+03,-150.,660.));
#3591 = LINE('',#3592,#3593);
#3592 = CARTESIAN_POINT('',(-866.4101615137,-150.,660.));
#3593 = VECTOR('',#3594,1.);
#3594 = DIRECTION('',(-1.,1.136868377216E-16,0.));
#3595 = ORIENTED_EDGE('',*,*,#3596,.F.);
#3596 = EDGE_CURVE('',#3597,#3589,#3599,.T.);
#3597 = VERTEX_POINT('',#3598);
#3598 = CARTESIAN_POINT('',(-1.866410161514E+03,-150.,620.));
#3599 = LINE('',#3600,#3601);
#3600 = CARTESIAN_POINT('',(-1.866410161514E+03,-150.,620.));
#3601 = VECTOR('',#3602,1.);
#3602 = DIRECTION('',(0.,0.,1.));
#3603 = ORIENTED_EDGE('',*,*,#3604,.F.);
#3604 = EDGE_CURVE('',#3566,#3597,#3605,.T.);
#3605 = LINE('',#3606,#3607);
#3606 = CARTESIAN_POINT('',(-866.4101615137,-150.,620.));
#3607 = VECTOR('',#3608,1.);
#3608 = DIRECTION('',(-1.,1.136868377216E-16,0.));
#3609 = PLANE('',#3610);
#3610 = AXIS2_PLACEMENT_3D('',#3611,#3612,#3613);
#3611 = CARTESIAN_POINT('',(-866.4101615137,-150.,620.));
#3612 = DIRECTION('',(-1.136868377216E-16,-1.,0.));
#3613 = DIRECTION('',(-1.,1.136868377216E-16,0.));
#3614 = ADVANCED_FACE('',(#3615),#3640,.F.);
#3615 = FACE_BOUND('',#3616,.F.);
#3616 = EDGE_LOOP('',(#3617,#3618,#3626,#3634));
#3617 = ORIENTED_EDGE('',*,*,#3596,.T.);
#3618 = ORIENTED_EDGE('',*,*,#3619,.T.);
#3619 = EDGE_CURVE('',#3589,#3620,#3622,.T.);
#3620 = VERTEX_POINT('',#3621);
#3621 = CARTESIAN_POINT('',(-1.866410161514E+03,-700.6664199358,660.));
#3622 = LINE('',#3623,#3624);
#3623 = CARTESIAN_POINT('',(-1.866410161514E+03,-150.,660.));
#3624 = VECTOR('',#3625,1.);
#3625 = DIRECTION('',(-4.129063752784E-16,-1.,0.));
#3626 = ORIENTED_EDGE('',*,*,#3627,.F.);
#3627 = EDGE_CURVE('',#3628,#3620,#3630,.T.);
#3628 = VERTEX_POINT('',#3629);
#3629 = CARTESIAN_POINT('',(-1.866410161514E+03,-700.6664199358,620.));
#3630 = LINE('',#3631,#3632);
#3631 = CARTESIAN_POINT('',(-1.866410161514E+03,-700.6664199358,620.));
#3632 = VECTOR('',#3633,1.);
#3633 = DIRECTION('',(0.,0.,1.));
#3634 = ORIENTED_EDGE('',*,*,#3635,.F.);
#3635 = EDGE_CURVE('',#3597,#3628,#3636,.T.);
#3636 = LINE('',#3637,#3638);
#3637 = CARTESIAN_POINT('',(-1.866410161514E+03,-150.,620.));
#3638 = VECTOR('',#3639,1.);
#3639 = DIRECTION('',(-4.129063752784E-16,-1.,0.));
#3640 = PLANE('',#3641);
#3641 = AXIS2_PLACEMENT_3D('',#3642,#3643,#3644);
#3642 = CARTESIAN_POINT('',(-1.866410161514E+03,-150.,620.));
#3643 = DIRECTION('',(1.,-4.129063752784E-16,0.));
#3644 = DIRECTION('',(-4.129063752784E-16,-1.,0.));
#3645 = ADVANCED_FACE('',(#3646),#3671,.F.);
#3646 = FACE_BOUND('',#3647,.F.);
#3647 = EDGE_LOOP('',(#3648,#3649,#3657,#3665));
#3648 = ORIENTED_EDGE('',*,*,#3627,.T.);
#3649 = ORIENTED_EDGE('',*,*,#3650,.T.);
#3650 = EDGE_CURVE('',#3620,#3651,#3653,.T.);
#3651 = VERTEX_POINT('',#3652);
#3652 = CARTESIAN_POINT('',(-866.4101615137,-700.6664199358,660.));
#3653 = LINE('',#3654,#3655);
#3654 = CARTESIAN_POINT('',(-1.866410161514E+03,-700.6664199358,660.));
#3655 = VECTOR('',#3656,1.);
#3656 = DIRECTION('',(1.,-1.136868377216E-16,0.));
#3657 = ORIENTED_EDGE('',*,*,#3658,.F.);
#3658 = EDGE_CURVE('',#3659,#3651,#3661,.T.);
#3659 = VERTEX_POINT('',#3660);
#3660 = CARTESIAN_POINT('',(-866.4101615137,-700.6664199358,620.));
#3661 = LINE('',#3662,#3663);
#3662 = CARTESIAN_POINT('',(-866.4101615137,-700.6664199358,620.));
#3663 = VECTOR('',#3664,1.);
#3664 = DIRECTION('',(0.,0.,1.));
#3665 = ORIENTED_EDGE('',*,*,#3666,.F.);
#3666 = EDGE_CURVE('',#3628,#3659,#3667,.T.);
#3667 = LINE('',#3668,#3669);
#3668 = CARTESIAN_POINT('',(-1.866410161514E+03,-700.6664199358,620.));
#3669 = VECTOR('',#3670,1.);
#3670 = DIRECTION('',(1.,-1.136868377216E-16,0.));
#3671 = PLANE('',#3672);
#3672 = AXIS2_PLACEMENT_3D('',#3673,#3674,#3675);
#3673 = CARTESIAN_POINT('',(-1.866410161514E+03,-700.6664199358,620.));
#3674 = DIRECTION('',(1.136868377216E-16,1.,0.));
#3675 = DIRECTION('',(1.,-1.136868377216E-16,0.));
#3676 = ADVANCED_FACE('',(#3677),#3693,.F.);
#3677 = FACE_BOUND('',#3678,.F.);
#3678 = EDGE_LOOP('',(#3679,#3680,#3686,#3687));
#3679 = ORIENTED_EDGE('',*,*,#3658,.T.);
#3680 = ORIENTED_EDGE('',*,*,#3681,.T.);
#3681 = EDGE_CURVE('',#3651,#3550,#3682,.T.);
#3682 = LINE('',#3683,#3684);
#3683 = CARTESIAN_POINT('',(-866.4101615137,-700.6664199358,660.));
#3684 = VECTOR('',#3685,1.);
#3685 = DIRECTION('',(0.164082768505,0.986446574874,0.));
#3686 = ORIENTED_EDGE('',*,*,#3547,.F.);
#3687 = ORIENTED_EDGE('',*,*,#3688,.F.);
#3688 = EDGE_CURVE('',#3659,#3548,#3689,.T.);
#3689 = LINE('',#3690,#3691);
#3690 = CARTESIAN_POINT('',(-866.4101615137,-700.6664199358,620.));
#3691 = VECTOR('',#3692,1.);
#3692 = DIRECTION('',(0.164082768505,0.986446574874,0.));
#3693 = PLANE('',#3694);
#3694 = AXIS2_PLACEMENT_3D('',#3695,#3696,#3697);
#3695 = CARTESIAN_POINT('',(-866.4101615137,-700.6664199358,620.));
#3696 = DIRECTION('',(-0.986446574874,0.164082768505,0.));
#3697 = DIRECTION('',(0.164082768505,0.986446574874,0.));
#3698 = ADVANCED_FACE('',(#3699),#3706,.F.);
#3699 = FACE_BOUND('',#3700,.F.);
#3700 = EDGE_LOOP('',(#3701,#3702,#3703,#3704,#3705));
#3701 = ORIENTED_EDGE('',*,*,#3573,.T.);
#3702 = ORIENTED_EDGE('',*,*,#3604,.T.);
#3703 = ORIENTED_EDGE('',*,*,#3635,.T.);
#3704 = ORIENTED_EDGE('',*,*,#3666,.T.);
#3705 = ORIENTED_EDGE('',*,*,#3688,.T.);
#3706 = PLANE('',#3707);
#3707 = AXIS2_PLACEMENT_3D('',#3708,#3709,#3710);
#3708 = CARTESIAN_POINT('',(-1.356197785948E+03,-424.2538653971,620.));
#3709 = DIRECTION('',(0.,0.,1.));
#3710 = DIRECTION('',(1.,0.,0.));
#3711 = ADVANCED_FACE('',(#3712),#3719,.T.);
#3712 = FACE_BOUND('',#3713,.T.);
#3713 = EDGE_LOOP('',(#3714,#3715,#3716,#3717,#3718));
#3714 = ORIENTED_EDGE('',*,*,#3557,.T.);
#3715 = ORIENTED_EDGE('',*,*,#3588,.T.);
#3716 = ORIENTED_EDGE('',*,*,#3619,.T.);
#3717 = ORIENTED_EDGE('',*,*,#3650,.T.);
#3718 = ORIENTED_EDGE('',*,*,#3681,.T.);
#3719 = PLANE('',#3720);
#3720 = AXIS2_PLACEMENT_3D('',#3721,#3722,#3723);
#3721 = CARTESIAN_POINT('',(-1.356197785948E+03,-424.2538653971,660.));
#3722 = DIRECTION('',(0.,0.,1.));
#3723 = DIRECTION('',(1.,0.,0.));
#3724 = MANIFOLD_SOLID_BREP('',#3725);
#3725 = CLOSED_SHELL('',(#3726,#3759,#3768));
#3726 = ADVANCED_FACE('',(#3727),#3754,.T.);
#3727 = FACE_BOUND('',#3728,.T.);
#3728 = EDGE_LOOP('',(#3729,#3738,#3746,#3753));
#3729 = ORIENTED_EDGE('',*,*,#3730,.F.);
#3730 = EDGE_CURVE('',#3731,#3731,#3733,.T.);
#3731 = VERTEX_POINT('',#3732);
#3732 = CARTESIAN_POINT('',(-1.209390923627E+03,-396.1178196587,620.));
#3733 = CIRCLE('',#3734,43.);
#3734 = AXIS2_PLACEMENT_3D('',#3735,#3736,#3737);
#3735 = CARTESIAN_POINT('',(-1.252390923627E+03,-396.1178196587,620.));
#3736 = DIRECTION('',(0.,0.,1.));
#3737 = DIRECTION('',(1.,0.,0.));
#3738 = ORIENTED_EDGE('',*,*,#3739,.F.);
#3739 = EDGE_CURVE('',#3740,#3731,#3742,.T.);
#3740 = VERTEX_POINT('',#3741);
#3741 = CARTESIAN_POINT('',(-1.209390923627E+03,-396.1178196587,301.));
#3742 = LINE('',#3743,#3744);
#3743 = CARTESIAN_POINT('',(-1.209390923627E+03,-396.1178196587,301.));
#3744 = VECTOR('',#3745,1.);
#3745 = DIRECTION('',(0.,0.,1.));
#3746 = ORIENTED_EDGE('',*,*,#3747,.T.);
#3747 = EDGE_CURVE('',#3740,#3740,#3748,.T.);
#3748 = CIRCLE('',#3749,43.);
#3749 = AXIS2_PLACEMENT_3D('',#3750,#3751,#3752);
#3750 = CARTESIAN_POINT('',(-1.252390923627E+03,-396.1178196587,301.));
#3751 = DIRECTION('',(0.,0.,1.));
#3752 = DIRECTION('',(1.,0.,0.));
#3753 = ORIENTED_EDGE('',*,*,#3739,.T.);
#3754 = CYLINDRICAL_SURFACE('',#3755,43.);
#3755 = AXIS2_PLACEMENT_3D('',#3756,#3757,#3758);
#3756 = CARTESIAN_POINT('',(-1.252390923627E+03,-396.1178196587,301.));
#3757 = DIRECTION('',(0.,0.,1.));
#3758 = DIRECTION('',(1.,0.,0.));
#3759 = ADVANCED_FACE('',(#3760),#3763,.T.);
#3760 = FACE_BOUND('',#3761,.T.);
#3761 = EDGE_LOOP('',(#3762));
#3762 = ORIENTED_EDGE('',*,*,#3730,.T.);
#3763 = PLANE('',#3764);
#3764 = AXIS2_PLACEMENT_3D('',#3765,#3766,#3767);
#3765 = CARTESIAN_POINT('',(-1.252390923627E+03,-396.1178196587,620.));
#3766 = DIRECTION('',(0.,0.,1.));
#3767 = DIRECTION('',(1.,0.,0.));
#3768 = ADVANCED_FACE('',(#3769),#3772,.F.);
#3769 = FACE_BOUND('',#3770,.T.);
#3770 = EDGE_LOOP('',(#3771));
#3771 = ORIENTED_EDGE('',*,*,#3747,.F.);
#3772 = PLANE('',#3773);
#3773 = AXIS2_PLACEMENT_3D('',#3774,#3775,#3776);
#3774 = CARTESIAN_POINT('',(-1.252390923627E+03,-396.1178196587,301.));
#3775 = DIRECTION('',(0.,0.,1.));
#3776 = DIRECTION('',(1.,0.,0.));
#3777 = MANIFOLD_SOLID_BREP('',#3778);
#3778 = CLOSED_SHELL('',(#3779,#3819,#3850,#3881,#3912,#3943,#3965,#3979
    ));
#3779 = ADVANCED_FACE('',(#3780),#3814,.F.);
#3780 = FACE_BOUND('',#3781,.F.);
#3781 = EDGE_LOOP('',(#3782,#3792,#3800,#3808));
#3782 = ORIENTED_EDGE('',*,*,#3783,.T.);
#3783 = EDGE_CURVE('',#3784,#3786,#3788,.T.);
#3784 = VERTEX_POINT('',#3785);
#3785 = CARTESIAN_POINT('',(-866.4101615137,-700.6664199358,660.));
#3786 = VERTEX_POINT('',#3787);
#3787 = CARTESIAN_POINT('',(-866.4101615137,-700.6664199358,700.));
#3788 = LINE('',#3789,#3790);
#3789 = CARTESIAN_POINT('',(-866.4101615137,-700.6664199358,660.));
#3790 = VECTOR('',#3791,1.);
#3791 = DIRECTION('',(0.,0.,1.));
#3792 = ORIENTED_EDGE('',*,*,#3793,.T.);
#3793 = EDGE_CURVE('',#3786,#3794,#3796,.T.);
#3794 = VERTEX_POINT('',#3795);
#3795 = CARTESIAN_POINT('',(-173.5898384862,-1.100666419936E+03,700.));
#3796 = LINE('',#3797,#3798);
#3797 = CARTESIAN_POINT('',(-866.4101615137,-700.6664199358,700.));
#3798 = VECTOR('',#3799,1.);
#3799 = DIRECTION('',(0.866025403784,-0.5,0.));
#3800 = ORIENTED_EDGE('',*,*,#3801,.F.);
#3801 = EDGE_CURVE('',#3802,#3794,#3804,.T.);
#3802 = VERTEX_POINT('',#3803);
#3803 = CARTESIAN_POINT('',(-173.5898384862,-1.100666419936E+03,660.));
#3804 = LINE('',#3805,#3806);
#3805 = CARTESIAN_POINT('',(-173.5898384862,-1.100666419936E+03,660.));
#3806 = VECTOR('',#3807,1.);
#3807 = DIRECTION('',(0.,0.,1.));
#3808 = ORIENTED_EDGE('',*,*,#3809,.F.);
#3809 = EDGE_CURVE('',#3784,#3802,#3810,.T.);
#3810 = LINE('',#3811,#3812);
#3811 = CARTESIAN_POINT('',(-866.4101615137,-700.6664199358,660.));
#3812 = VECTOR('',#3813,1.);
#3813 = DIRECTION('',(0.866025403784,-0.5,0.));
#3814 = PLANE('',#3815);
#3815 = AXIS2_PLACEMENT_3D('',#3816,#3817,#3818);
#3816 = CARTESIAN_POINT('',(-866.4101615137,-700.6664199358,660.));
#3817 = DIRECTION('',(0.5,0.866025403784,0.));
#3818 = DIRECTION('',(0.866025403784,-0.5,0.));
#3819 = ADVANCED_FACE('',(#3820),#3845,.F.);
#3820 = FACE_BOUND('',#3821,.F.);
#3821 = EDGE_LOOP('',(#3822,#3823,#3831,#3839));
#3822 = ORIENTED_EDGE('',*,*,#3801,.T.);
#3823 = ORIENTED_EDGE('',*,*,#3824,.T.);
#3824 = EDGE_CURVE('',#3794,#3825,#3827,.T.);
#3825 = VERTEX_POINT('',#3826);
#3826 = CARTESIAN_POINT('',(1.04E+03,-400.,700.));
#3827 = LINE('',#3828,#3829);
#3828 = CARTESIAN_POINT('',(-173.5898384862,-1.100666419936E+03,700.));
#3829 = VECTOR('',#3830,1.);
#3830 = DIRECTION('',(0.866025403784,0.5,0.));
#3831 = ORIENTED_EDGE('',*,*,#3832,.F.);
#3832 = EDGE_CURVE('',#3833,#3825,#3835,.T.);
#3833 = VERTEX_POINT('',#3834);
#3834 = CARTESIAN_POINT('',(1.04E+03,-400.,660.));
#3835 = LINE('',#3836,#3837);
#3836 = CARTESIAN_POINT('',(1.04E+03,-400.,660.));
#3837 = VECTOR('',#3838,1.);
#3838 = DIRECTION('',(0.,0.,1.));
#3839 = ORIENTED_EDGE('',*,*,#3840,.F.);
#3840 = EDGE_CURVE('',#3802,#3833,#3841,.T.);
#3841 = LINE('',#3842,#3843);
#3842 = CARTESIAN_POINT('',(-173.5898384862,-1.100666419936E+03,660.));
#3843 = VECTOR('',#3844,1.);
#3844 = DIRECTION('',(0.866025403784,0.5,0.));
#3845 = PLANE('',#3846);
#3846 = AXIS2_PLACEMENT_3D('',#3847,#3848,#3849);
#3847 = CARTESIAN_POINT('',(-173.5898384862,-1.100666419936E+03,660.));
#3848 = DIRECTION('',(-0.5,0.866025403784,0.));
#3849 = DIRECTION('',(0.866025403784,0.5,0.));
#3850 = ADVANCED_FACE('',(#3851),#3876,.F.);
#3851 = FACE_BOUND('',#3852,.F.);
#3852 = EDGE_LOOP('',(#3853,#3854,#3862,#3870));
#3853 = ORIENTED_EDGE('',*,*,#3832,.T.);
#3854 = ORIENTED_EDGE('',*,*,#3855,.T.);
#3855 = EDGE_CURVE('',#3825,#3856,#3858,.T.);
#3856 = VERTEX_POINT('',#3857);
#3857 = CARTESIAN_POINT('',(1.04E+03,400.,700.));
#3858 = LINE('',#3859,#3860);
#3859 = CARTESIAN_POINT('',(1.04E+03,-400.,700.));
#3860 = VECTOR('',#3861,1.);
#3861 = DIRECTION('',(0.,1.,0.));
#3862 = ORIENTED_EDGE('',*,*,#3863,.F.);
#3863 = EDGE_CURVE('',#3864,#3856,#3866,.T.);
#3864 = VERTEX_POINT('',#3865);
#3865 = CARTESIAN_POINT('',(1.04E+03,400.,660.));
#3866 = LINE('',#3867,#3868);
#3867 = CARTESIAN_POINT('',(1.04E+03,400.,660.));
#3868 = VECTOR('',#3869,1.);
#3869 = DIRECTION('',(0.,0.,1.));
#3870 = ORIENTED_EDGE('',*,*,#3871,.F.);
#3871 = EDGE_CURVE('',#3833,#3864,#3872,.T.);
#3872 = LINE('',#3873,#3874);
#3873 = CARTESIAN_POINT('',(1.04E+03,-400.,660.));
#3874 = VECTOR('',#3875,1.);
#3875 = DIRECTION('',(0.,1.,0.));
#3876 = PLANE('',#3877);
#3877 = AXIS2_PLACEMENT_3D('',#3878,#3879,#3880);
#3878 = CARTESIAN_POINT('',(1.04E+03,-400.,660.));
#3879 = DIRECTION('',(-1.,0.,0.));
#3880 = DIRECTION('',(0.,1.,0.));
#3881 = ADVANCED_FACE('',(#3882),#3907,.F.);
#3882 = FACE_BOUND('',#3883,.F.);
#3883 = EDGE_LOOP('',(#3884,#3885,#3893,#3901));
#3884 = ORIENTED_EDGE('',*,*,#3863,.T.);
#3885 = ORIENTED_EDGE('',*,*,#3886,.T.);
#3886 = EDGE_CURVE('',#3856,#3887,#3889,.T.);
#3887 = VERTEX_POINT('',#3888);
#3888 = CARTESIAN_POINT('',(-173.5898384862,1.100666419936E+03,700.));
#3889 = LINE('',#3890,#3891);
#3890 = CARTESIAN_POINT('',(1.04E+03,400.,700.));
#3891 = VECTOR('',#3892,1.);
#3892 = DIRECTION('',(-0.866025403784,0.5,0.));
#3893 = ORIENTED_EDGE('',*,*,#3894,.F.);
#3894 = EDGE_CURVE('',#3895,#3887,#3897,.T.);
#3895 = VERTEX_POINT('',#3896);
#3896 = CARTESIAN_POINT('',(-173.5898384862,1.100666419936E+03,660.));
#3897 = LINE('',#3898,#3899);
#3898 = CARTESIAN_POINT('',(-173.5898384862,1.100666419936E+03,660.));
#3899 = VECTOR('',#3900,1.);
#3900 = DIRECTION('',(0.,0.,1.));
#3901 = ORIENTED_EDGE('',*,*,#3902,.F.);
#3902 = EDGE_CURVE('',#3864,#3895,#3903,.T.);
#3903 = LINE('',#3904,#3905);
#3904 = CARTESIAN_POINT('',(1.04E+03,400.,660.));
#3905 = VECTOR('',#3906,1.);
#3906 = DIRECTION('',(-0.866025403784,0.5,0.));
#3907 = PLANE('',#3908);
#3908 = AXIS2_PLACEMENT_3D('',#3909,#3910,#3911);
#3909 = CARTESIAN_POINT('',(1.04E+03,400.,660.));
#3910 = DIRECTION('',(-0.5,-0.866025403784,0.));
#3911 = DIRECTION('',(-0.866025403784,0.5,0.));
#3912 = ADVANCED_FACE('',(#3913),#3938,.F.);
#3913 = FACE_BOUND('',#3914,.F.);
#3914 = EDGE_LOOP('',(#3915,#3916,#3924,#3932));
#3915 = ORIENTED_EDGE('',*,*,#3894,.T.);
#3916 = ORIENTED_EDGE('',*,*,#3917,.T.);
#3917 = EDGE_CURVE('',#3887,#3918,#3920,.T.);
#3918 = VERTEX_POINT('',#3919);
#3919 = CARTESIAN_POINT('',(-866.4101615137,700.66641993581,700.));
#3920 = LINE('',#3921,#3922);
#3921 = CARTESIAN_POINT('',(-173.5898384862,1.100666419936E+03,700.));
#3922 = VECTOR('',#3923,1.);
#3923 = DIRECTION('',(-0.866025403784,-0.5,0.));
#3924 = ORIENTED_EDGE('',*,*,#3925,.F.);
#3925 = EDGE_CURVE('',#3926,#3918,#3928,.T.);
#3926 = VERTEX_POINT('',#3927);
#3927 = CARTESIAN_POINT('',(-866.4101615137,700.66641993581,660.));
#3928 = LINE('',#3929,#3930);
#3929 = CARTESIAN_POINT('',(-866.4101615137,700.66641993581,660.));
#3930 = VECTOR('',#3931,1.);
#3931 = DIRECTION('',(0.,0.,1.));
#3932 = ORIENTED_EDGE('',*,*,#3933,.F.);
#3933 = EDGE_CURVE('',#3895,#3926,#3934,.T.);
#3934 = LINE('',#3935,#3936);
#3935 = CARTESIAN_POINT('',(-173.5898384862,1.100666419936E+03,660.));
#3936 = VECTOR('',#3937,1.);
#3937 = DIRECTION('',(-0.866025403784,-0.5,0.));
#3938 = PLANE('',#3939);
#3939 = AXIS2_PLACEMENT_3D('',#3940,#3941,#3942);
#3940 = CARTESIAN_POINT('',(-173.5898384862,1.100666419936E+03,660.));
#3941 = DIRECTION('',(0.5,-0.866025403784,0.));
#3942 = DIRECTION('',(-0.866025403784,-0.5,0.));
#3943 = ADVANCED_FACE('',(#3944),#3960,.F.);
#3944 = FACE_BOUND('',#3945,.F.);
#3945 = EDGE_LOOP('',(#3946,#3947,#3953,#3954));
#3946 = ORIENTED_EDGE('',*,*,#3925,.T.);
#3947 = ORIENTED_EDGE('',*,*,#3948,.T.);
#3948 = EDGE_CURVE('',#3918,#3786,#3949,.T.);
#3949 = LINE('',#3950,#3951);
#3950 = CARTESIAN_POINT('',(-866.4101615137,700.66641993581,700.));
#3951 = VECTOR('',#3952,1.);
#3952 = DIRECTION('',(-4.056382412762E-16,-1.,0.));
#3953 = ORIENTED_EDGE('',*,*,#3783,.F.);
#3954 = ORIENTED_EDGE('',*,*,#3955,.F.);
#3955 = EDGE_CURVE('',#3926,#3784,#3956,.T.);
#3956 = LINE('',#3957,#3958);
#3957 = CARTESIAN_POINT('',(-866.4101615137,700.66641993581,660.));
#3958 = VECTOR('',#3959,1.);
#3959 = DIRECTION('',(-4.056382412762E-16,-1.,0.));
#3960 = PLANE('',#3961);
#3961 = AXIS2_PLACEMENT_3D('',#3962,#3963,#3964);
#3962 = CARTESIAN_POINT('',(-866.4101615137,700.66641993581,660.));
#3963 = DIRECTION('',(1.,-4.056382412762E-16,0.));
#3964 = DIRECTION('',(-4.056382412762E-16,-1.,0.));
#3965 = ADVANCED_FACE('',(#3966),#3974,.F.);
#3966 = FACE_BOUND('',#3967,.F.);
#3967 = EDGE_LOOP('',(#3968,#3969,#3970,#3971,#3972,#3973));
#3968 = ORIENTED_EDGE('',*,*,#3809,.T.);
#3969 = ORIENTED_EDGE('',*,*,#3840,.T.);
#3970 = ORIENTED_EDGE('',*,*,#3871,.T.);
#3971 = ORIENTED_EDGE('',*,*,#3902,.T.);
#3972 = ORIENTED_EDGE('',*,*,#3933,.T.);
#3973 = ORIENTED_EDGE('',*,*,#3955,.T.);
#3974 = PLANE('',#3975);
#3975 = AXIS2_PLACEMENT_3D('',#3976,#3977,#3978);
#3976 = CARTESIAN_POINT('',(-9.343243397402E-14,1.049234472264E-13,660.)
  );
#3977 = DIRECTION('',(0.,0.,1.));
#3978 = DIRECTION('',(1.,0.,0.));
#3979 = ADVANCED_FACE('',(#3980),#3988,.T.);
#3980 = FACE_BOUND('',#3981,.T.);
#3981 = EDGE_LOOP('',(#3982,#3983,#3984,#3985,#3986,#3987));
#3982 = ORIENTED_EDGE('',*,*,#3793,.T.);
#3983 = ORIENTED_EDGE('',*,*,#3824,.T.);
#3984 = ORIENTED_EDGE('',*,*,#3855,.T.);
#3985 = ORIENTED_EDGE('',*,*,#3886,.T.);
#3986 = ORIENTED_EDGE('',*,*,#3917,.T.);
#3987 = ORIENTED_EDGE('',*,*,#3948,.T.);
#3988 = PLANE('',#3989);
#3989 = AXIS2_PLACEMENT_3D('',#3990,#3991,#3992);
#3990 = CARTESIAN_POINT('',(-9.343243397402E-14,1.049234472264E-13,700.)
  );
#3991 = DIRECTION('',(0.,0.,1.));
#3992 = DIRECTION('',(1.,0.,0.));
#3993 = MANIFOLD_SOLID_BREP('',#3994);
#3994 = CLOSED_SHELL('',(#3995,#4035,#4066,#4097,#4119,#4131));
#3995 = ADVANCED_FACE('',(#3996),#4030,.F.);
#3996 = FACE_BOUND('',#3997,.F.);
#3997 = EDGE_LOOP('',(#3998,#4008,#4016,#4024));
#3998 = ORIENTED_EDGE('',*,*,#3999,.T.);
#3999 = EDGE_CURVE('',#4000,#4002,#4004,.T.);
#4000 = VERTEX_POINT('',#4001);
#4001 = CARTESIAN_POINT('',(1.04E+03,400.,660.));
#4002 = VERTEX_POINT('',#4003);
#4003 = CARTESIAN_POINT('',(1.04E+03,400.,700.));
#4004 = LINE('',#4005,#4006);
#4005 = CARTESIAN_POINT('',(1.04E+03,400.,660.));
#4006 = VECTOR('',#4007,1.);
#4007 = DIRECTION('',(0.,0.,1.));
#4008 = ORIENTED_EDGE('',*,*,#4009,.T.);
#4009 = EDGE_CURVE('',#4002,#4010,#4012,.T.);
#4010 = VERTEX_POINT('',#4011);
#4011 = CARTESIAN_POINT('',(1.54E+03,1.266025403784E+03,700.));
#4012 = LINE('',#4013,#4014);
#4013 = CARTESIAN_POINT('',(1.04E+03,400.,700.));
#4014 = VECTOR('',#4015,1.);
#4015 = DIRECTION('',(0.5,0.866025403784,0.));
#4016 = ORIENTED_EDGE('',*,*,#4017,.F.);
#4017 = EDGE_CURVE('',#4018,#4010,#4020,.T.);
#4018 = VERTEX_POINT('',#4019);
#4019 = CARTESIAN_POINT('',(1.54E+03,1.266025403784E+03,660.));
#4020 = LINE('',#4021,#4022);
#4021 = CARTESIAN_POINT('',(1.54E+03,1.266025403784E+03,660.));
#4022 = VECTOR('',#4023,1.);
#4023 = DIRECTION('',(0.,0.,1.));
#4024 = ORIENTED_EDGE('',*,*,#4025,.F.);
#4025 = EDGE_CURVE('',#4000,#4018,#4026,.T.);
#4026 = LINE('',#4027,#4028);
#4027 = CARTESIAN_POINT('',(1.04E+03,400.,660.));
#4028 = VECTOR('',#4029,1.);
#4029 = DIRECTION('',(0.5,0.866025403784,0.));
#4030 = PLANE('',#4031);
#4031 = AXIS2_PLACEMENT_3D('',#4032,#4033,#4034);
#4032 = CARTESIAN_POINT('',(1.04E+03,400.,660.));
#4033 = DIRECTION('',(-0.866025403784,0.5,0.));
#4034 = DIRECTION('',(0.5,0.866025403784,0.));
#4035 = ADVANCED_FACE('',(#4036),#4061,.F.);
#4036 = FACE_BOUND('',#4037,.F.);
#4037 = EDGE_LOOP('',(#4038,#4039,#4047,#4055));
#4038 = ORIENTED_EDGE('',*,*,#4017,.T.);
#4039 = ORIENTED_EDGE('',*,*,#4040,.T.);
#4040 = EDGE_CURVE('',#4010,#4041,#4043,.T.);
#4041 = VERTEX_POINT('',#4042);
#4042 = CARTESIAN_POINT('',(326.41016151377,1.96669182372E+03,700.));
#4043 = LINE('',#4044,#4045);
#4044 = CARTESIAN_POINT('',(1.54E+03,1.266025403784E+03,700.));
#4045 = VECTOR('',#4046,1.);
#4046 = DIRECTION('',(-0.866025403784,0.5,0.));
#4047 = ORIENTED_EDGE('',*,*,#4048,.F.);
#4048 = EDGE_CURVE('',#4049,#4041,#4051,.T.);
#4049 = VERTEX_POINT('',#4050);
#4050 = CARTESIAN_POINT('',(326.41016151377,1.96669182372E+03,660.));
#4051 = LINE('',#4052,#4053);
#4052 = CARTESIAN_POINT('',(326.41016151377,1.96669182372E+03,660.));
#4053 = VECTOR('',#4054,1.);
#4054 = DIRECTION('',(0.,0.,1.));
#4055 = ORIENTED_EDGE('',*,*,#4056,.F.);
#4056 = EDGE_CURVE('',#4018,#4049,#4057,.T.);
#4057 = LINE('',#4058,#4059);
#4058 = CARTESIAN_POINT('',(1.54E+03,1.266025403784E+03,660.));
#4059 = VECTOR('',#4060,1.);
#4060 = DIRECTION('',(-0.866025403784,0.5,0.));
#4061 = PLANE('',#4062);
#4062 = AXIS2_PLACEMENT_3D('',#4063,#4064,#4065);
#4063 = CARTESIAN_POINT('',(1.54E+03,1.266025403784E+03,660.));
#4064 = DIRECTION('',(-0.5,-0.866025403784,0.));
#4065 = DIRECTION('',(-0.866025403784,0.5,0.));
#4066 = ADVANCED_FACE('',(#4067),#4092,.F.);
#4067 = FACE_BOUND('',#4068,.F.);
#4068 = EDGE_LOOP('',(#4069,#4070,#4078,#4086));
#4069 = ORIENTED_EDGE('',*,*,#4048,.T.);
#4070 = ORIENTED_EDGE('',*,*,#4071,.T.);
#4071 = EDGE_CURVE('',#4041,#4072,#4074,.T.);
#4072 = VERTEX_POINT('',#4073);
#4073 = CARTESIAN_POINT('',(-173.5898384862,1.100666419936E+03,700.));
#4074 = LINE('',#4075,#4076);
#4075 = CARTESIAN_POINT('',(326.41016151377,1.96669182372E+03,700.));
#4076 = VECTOR('',#4077,1.);
#4077 = DIRECTION('',(-0.5,-0.866025403784,0.));
#4078 = ORIENTED_EDGE('',*,*,#4079,.F.);
#4079 = EDGE_CURVE('',#4080,#4072,#4082,.T.);
#4080 = VERTEX_POINT('',#4081);
#4081 = CARTESIAN_POINT('',(-173.5898384862,1.100666419936E+03,660.));
#4082 = LINE('',#4083,#4084);
#4083 = CARTESIAN_POINT('',(-173.5898384862,1.100666419936E+03,660.));
#4084 = VECTOR('',#4085,1.);
#4085 = DIRECTION('',(0.,0.,1.));
#4086 = ORIENTED_EDGE('',*,*,#4087,.F.);
#4087 = EDGE_CURVE('',#4049,#4080,#4088,.T.);
#4088 = LINE('',#4089,#4090);
#4089 = CARTESIAN_POINT('',(326.41016151377,1.96669182372E+03,660.));
#4090 = VECTOR('',#4091,1.);
#4091 = DIRECTION('',(-0.5,-0.866025403784,0.));
#4092 = PLANE('',#4093);
#4093 = AXIS2_PLACEMENT_3D('',#4094,#4095,#4096);
#4094 = CARTESIAN_POINT('',(326.41016151377,1.96669182372E+03,660.));
#4095 = DIRECTION('',(0.866025403784,-0.5,0.));
#4096 = DIRECTION('',(-0.5,-0.866025403784,0.));
#4097 = ADVANCED_FACE('',(#4098),#4114,.F.);
#4098 = FACE_BOUND('',#4099,.F.);
#4099 = EDGE_LOOP('',(#4100,#4101,#4107,#4108));
#4100 = ORIENTED_EDGE('',*,*,#4079,.T.);
#4101 = ORIENTED_EDGE('',*,*,#4102,.T.);
#4102 = EDGE_CURVE('',#4072,#4002,#4103,.T.);
#4103 = LINE('',#4104,#4105);
#4104 = CARTESIAN_POINT('',(-173.5898384862,1.100666419936E+03,700.));
#4105 = VECTOR('',#4106,1.);
#4106 = DIRECTION('',(0.866025403784,-0.5,0.));
#4107 = ORIENTED_EDGE('',*,*,#3999,.F.);
#4108 = ORIENTED_EDGE('',*,*,#4109,.F.);
#4109 = EDGE_CURVE('',#4080,#4000,#4110,.T.);
#4110 = LINE('',#4111,#4112);
#4111 = CARTESIAN_POINT('',(-173.5898384862,1.100666419936E+03,660.));
#4112 = VECTOR('',#4113,1.);
#4113 = DIRECTION('',(0.866025403784,-0.5,0.));
#4114 = PLANE('',#4115);
#4115 = AXIS2_PLACEMENT_3D('',#4116,#4117,#4118);
#4116 = CARTESIAN_POINT('',(-173.5898384862,1.100666419936E+03,660.));
#4117 = DIRECTION('',(0.5,0.866025403784,0.));
#4118 = DIRECTION('',(0.866025403784,-0.5,0.));
#4119 = ADVANCED_FACE('',(#4120),#4126,.F.);
#4120 = FACE_BOUND('',#4121,.F.);
#4121 = EDGE_LOOP('',(#4122,#4123,#4124,#4125));
#4122 = ORIENTED_EDGE('',*,*,#4025,.T.);
#4123 = ORIENTED_EDGE('',*,*,#4056,.T.);
#4124 = ORIENTED_EDGE('',*,*,#4087,.T.);
#4125 = ORIENTED_EDGE('',*,*,#4109,.T.);
#4126 = PLANE('',#4127);
#4127 = AXIS2_PLACEMENT_3D('',#4128,#4129,#4130);
#4128 = CARTESIAN_POINT('',(683.20508075688,1.18334591186E+03,660.));
#4129 = DIRECTION('',(0.,0.,1.));
#4130 = DIRECTION('',(1.,0.,0.));
#4131 = ADVANCED_FACE('',(#4132),#4138,.T.);
#4132 = FACE_BOUND('',#4133,.T.);
#4133 = EDGE_LOOP('',(#4134,#4135,#4136,#4137));
#4134 = ORIENTED_EDGE('',*,*,#4009,.T.);
#4135 = ORIENTED_EDGE('',*,*,#4040,.T.);
#4136 = ORIENTED_EDGE('',*,*,#4071,.T.);
#4137 = ORIENTED_EDGE('',*,*,#4102,.T.);
#4138 = PLANE('',#4139);
#4139 = AXIS2_PLACEMENT_3D('',#4140,#4141,#4142);
#4140 = CARTESIAN_POINT('',(683.20508075688,1.18334591186E+03,700.));
#4141 = DIRECTION('',(0.,0.,1.));
#4142 = DIRECTION('',(1.,0.,0.));
#4143 = MANIFOLD_SOLID_BREP('',#4144);
#4144 = CLOSED_SHELL('',(#4145,#4185,#4216,#4247,#4269,#4281));
#4145 = ADVANCED_FACE('',(#4146),#4180,.F.);
#4146 = FACE_BOUND('',#4147,.F.);
#4147 = EDGE_LOOP('',(#4148,#4158,#4166,#4174));
#4148 = ORIENTED_EDGE('',*,*,#4149,.T.);
#4149 = EDGE_CURVE('',#4150,#4152,#4154,.T.);
#4150 = VERTEX_POINT('',#4151);
#4151 = CARTESIAN_POINT('',(-866.4101615137,700.66641993581,660.));
#4152 = VERTEX_POINT('',#4153);
#4153 = CARTESIAN_POINT('',(-866.4101615137,700.66641993581,700.));
#4154 = LINE('',#4155,#4156);
#4155 = CARTESIAN_POINT('',(-866.4101615137,700.66641993581,660.));
#4156 = VECTOR('',#4157,1.);
#4157 = DIRECTION('',(0.,0.,1.));
#4158 = ORIENTED_EDGE('',*,*,#4159,.T.);
#4159 = EDGE_CURVE('',#4152,#4160,#4162,.T.);
#4160 = VERTEX_POINT('',#4161);
#4161 = CARTESIAN_POINT('',(-1.866410161514E+03,700.66641993581,700.));
#4162 = LINE('',#4163,#4164);
#4163 = CARTESIAN_POINT('',(-866.4101615137,700.66641993581,700.));
#4164 = VECTOR('',#4165,1.);
#4165 = DIRECTION('',(-1.,1.136868377216E-16,0.));
#4166 = ORIENTED_EDGE('',*,*,#4167,.F.);
#4167 = EDGE_CURVE('',#4168,#4160,#4170,.T.);
#4168 = VERTEX_POINT('',#4169);
#4169 = CARTESIAN_POINT('',(-1.866410161514E+03,700.66641993581,660.));
#4170 = LINE('',#4171,#4172);
#4171 = CARTESIAN_POINT('',(-1.866410161514E+03,700.66641993581,660.));
#4172 = VECTOR('',#4173,1.);
#4173 = DIRECTION('',(0.,0.,1.));
#4174 = ORIENTED_EDGE('',*,*,#4175,.F.);
#4175 = EDGE_CURVE('',#4150,#4168,#4176,.T.);
#4176 = LINE('',#4177,#4178);
#4177 = CARTESIAN_POINT('',(-866.4101615137,700.66641993581,660.));
#4178 = VECTOR('',#4179,1.);
#4179 = DIRECTION('',(-1.,1.136868377216E-16,0.));
#4180 = PLANE('',#4181);
#4181 = AXIS2_PLACEMENT_3D('',#4182,#4183,#4184);
#4182 = CARTESIAN_POINT('',(-866.4101615137,700.66641993581,660.));
#4183 = DIRECTION('',(-1.136868377216E-16,-1.,0.));
#4184 = DIRECTION('',(-1.,1.136868377216E-16,0.));
#4185 = ADVANCED_FACE('',(#4186),#4211,.F.);
#4186 = FACE_BOUND('',#4187,.F.);
#4187 = EDGE_LOOP('',(#4188,#4189,#4197,#4205));
#4188 = ORIENTED_EDGE('',*,*,#4167,.T.);
#4189 = ORIENTED_EDGE('',*,*,#4190,.T.);
#4190 = EDGE_CURVE('',#4160,#4191,#4193,.T.);
#4191 = VERTEX_POINT('',#4192);
#4192 = CARTESIAN_POINT('',(-1.866410161514E+03,-700.6664199358,700.));
#4193 = LINE('',#4194,#4195);
#4194 = CARTESIAN_POINT('',(-1.866410161514E+03,700.66641993581,700.));
#4195 = VECTOR('',#4196,1.);
#4196 = DIRECTION('',(0.,-1.,0.));
#4197 = ORIENTED_EDGE('',*,*,#4198,.F.);
#4198 = EDGE_CURVE('',#4199,#4191,#4201,.T.);
#4199 = VERTEX_POINT('',#4200);
#4200 = CARTESIAN_POINT('',(-1.866410161514E+03,-700.6664199358,660.));
#4201 = LINE('',#4202,#4203);
#4202 = CARTESIAN_POINT('',(-1.866410161514E+03,-700.6664199358,660.));
#4203 = VECTOR('',#4204,1.);
#4204 = DIRECTION('',(0.,0.,1.));
#4205 = ORIENTED_EDGE('',*,*,#4206,.F.);
#4206 = EDGE_CURVE('',#4168,#4199,#4207,.T.);
#4207 = LINE('',#4208,#4209);
#4208 = CARTESIAN_POINT('',(-1.866410161514E+03,700.66641993581,660.));
#4209 = VECTOR('',#4210,1.);
#4210 = DIRECTION('',(0.,-1.,0.));
#4211 = PLANE('',#4212);
#4212 = AXIS2_PLACEMENT_3D('',#4213,#4214,#4215);
#4213 = CARTESIAN_POINT('',(-1.866410161514E+03,700.66641993581,660.));
#4214 = DIRECTION('',(1.,0.,0.));
#4215 = DIRECTION('',(0.,-1.,0.));
#4216 = ADVANCED_FACE('',(#4217),#4242,.F.);
#4217 = FACE_BOUND('',#4218,.F.);
#4218 = EDGE_LOOP('',(#4219,#4220,#4228,#4236));
#4219 = ORIENTED_EDGE('',*,*,#4198,.T.);
#4220 = ORIENTED_EDGE('',*,*,#4221,.T.);
#4221 = EDGE_CURVE('',#4191,#4222,#4224,.T.);
#4222 = VERTEX_POINT('',#4223);
#4223 = CARTESIAN_POINT('',(-866.4101615137,-700.6664199358,700.));
#4224 = LINE('',#4225,#4226);
#4225 = CARTESIAN_POINT('',(-1.866410161514E+03,-700.6664199358,700.));
#4226 = VECTOR('',#4227,1.);
#4227 = DIRECTION('',(1.,-1.136868377216E-16,0.));
#4228 = ORIENTED_EDGE('',*,*,#4229,.F.);
#4229 = EDGE_CURVE('',#4230,#4222,#4232,.T.);
#4230 = VERTEX_POINT('',#4231);
#4231 = CARTESIAN_POINT('',(-866.4101615137,-700.6664199358,660.));
#4232 = LINE('',#4233,#4234);
#4233 = CARTESIAN_POINT('',(-866.4101615137,-700.6664199358,660.));
#4234 = VECTOR('',#4235,1.);
#4235 = DIRECTION('',(0.,0.,1.));
#4236 = ORIENTED_EDGE('',*,*,#4237,.F.);
#4237 = EDGE_CURVE('',#4199,#4230,#4238,.T.);
#4238 = LINE('',#4239,#4240);
#4239 = CARTESIAN_POINT('',(-1.866410161514E+03,-700.6664199358,660.));
#4240 = VECTOR('',#4241,1.);
#4241 = DIRECTION('',(1.,-1.136868377216E-16,0.));
#4242 = PLANE('',#4243);
#4243 = AXIS2_PLACEMENT_3D('',#4244,#4245,#4246);
#4244 = CARTESIAN_POINT('',(-1.866410161514E+03,-700.6664199358,660.));
#4245 = DIRECTION('',(1.136868377216E-16,1.,0.));
#4246 = DIRECTION('',(1.,-1.136868377216E-16,0.));
#4247 = ADVANCED_FACE('',(#4248),#4264,.F.);
#4248 = FACE_BOUND('',#4249,.F.);
#4249 = EDGE_LOOP('',(#4250,#4251,#4257,#4258));
#4250 = ORIENTED_EDGE('',*,*,#4229,.T.);
#4251 = ORIENTED_EDGE('',*,*,#4252,.T.);
#4252 = EDGE_CURVE('',#4222,#4152,#4253,.T.);
#4253 = LINE('',#4254,#4255);
#4254 = CARTESIAN_POINT('',(-866.4101615137,-700.6664199358,700.));
#4255 = VECTOR('',#4256,1.);
#4256 = DIRECTION('',(1.622552965105E-16,1.,0.));
#4257 = ORIENTED_EDGE('',*,*,#4149,.F.);
#4258 = ORIENTED_EDGE('',*,*,#4259,.F.);
#4259 = EDGE_CURVE('',#4230,#4150,#4260,.T.);
#4260 = LINE('',#4261,#4262);
#4261 = CARTESIAN_POINT('',(-866.4101615137,-700.6664199358,660.));
#4262 = VECTOR('',#4263,1.);
#4263 = DIRECTION('',(1.622552965105E-16,1.,0.));
#4264 = PLANE('',#4265);
#4265 = AXIS2_PLACEMENT_3D('',#4266,#4267,#4268);
#4266 = CARTESIAN_POINT('',(-866.4101615137,-700.6664199358,660.));
#4267 = DIRECTION('',(-1.,1.622552965105E-16,0.));
#4268 = DIRECTION('',(1.622552965105E-16,1.,0.));
#4269 = ADVANCED_FACE('',(#4270),#4276,.F.);
#4270 = FACE_BOUND('',#4271,.F.);
#4271 = EDGE_LOOP('',(#4272,#4273,#4274,#4275));
#4272 = ORIENTED_EDGE('',*,*,#4175,.T.);
#4273 = ORIENTED_EDGE('',*,*,#4206,.T.);
#4274 = ORIENTED_EDGE('',*,*,#4237,.T.);
#4275 = ORIENTED_EDGE('',*,*,#4259,.T.);
#4276 = PLANE('',#4277);
#4277 = AXIS2_PLACEMENT_3D('',#4278,#4279,#4280);
#4278 = CARTESIAN_POINT('',(-1.366410161514E+03,1.887036301701E-13,660.)
  );
#4279 = DIRECTION('',(0.,0.,1.));
#4280 = DIRECTION('',(1.,0.,0.));
#4281 = ADVANCED_FACE('',(#4282),#4288,.T.);
#4282 = FACE_BOUND('',#4283,.T.);
#4283 = EDGE_LOOP('',(#4284,#4285,#4286,#4287));
#4284 = ORIENTED_EDGE('',*,*,#4159,.T.);
#4285 = ORIENTED_EDGE('',*,*,#4190,.T.);
#4286 = ORIENTED_EDGE('',*,*,#4221,.T.);
#4287 = ORIENTED_EDGE('',*,*,#4252,.T.);
#4288 = PLANE('',#4289);
#4289 = AXIS2_PLACEMENT_3D('',#4290,#4291,#4292);
#4290 = CARTESIAN_POINT('',(-1.366410161514E+03,1.887036301701E-13,700.)
  );
#4291 = DIRECTION('',(0.,0.,1.));
#4292 = DIRECTION('',(1.,0.,0.));
#4293 = MANIFOLD_SOLID_BREP('',#4294);
#4294 = CLOSED_SHELL('',(#4295,#4335,#4366,#4397,#4419,#4431));
#4295 = ADVANCED_FACE('',(#4296),#4330,.F.);
#4296 = FACE_BOUND('',#4297,.F.);
#4297 = EDGE_LOOP('',(#4298,#4308,#4316,#4324));
#4298 = ORIENTED_EDGE('',*,*,#4299,.T.);
#4299 = EDGE_CURVE('',#4300,#4302,#4304,.T.);
#4300 = VERTEX_POINT('',#4301);
#4301 = CARTESIAN_POINT('',(-173.5898384862,-1.100666419936E+03,660.));
#4302 = VERTEX_POINT('',#4303);
#4303 = CARTESIAN_POINT('',(-173.5898384862,-1.100666419936E+03,700.));
#4304 = LINE('',#4305,#4306);
#4305 = CARTESIAN_POINT('',(-173.5898384862,-1.100666419936E+03,660.));
#4306 = VECTOR('',#4307,1.);
#4307 = DIRECTION('',(0.,0.,1.));
#4308 = ORIENTED_EDGE('',*,*,#4309,.T.);
#4309 = EDGE_CURVE('',#4302,#4310,#4312,.T.);
#4310 = VERTEX_POINT('',#4311);
#4311 = CARTESIAN_POINT('',(326.41016151377,-1.96669182372E+03,700.));
#4312 = LINE('',#4313,#4314);
#4313 = CARTESIAN_POINT('',(-173.5898384862,-1.100666419936E+03,700.));
#4314 = VECTOR('',#4315,1.);
#4315 = DIRECTION('',(0.5,-0.866025403784,0.));
#4316 = ORIENTED_EDGE('',*,*,#4317,.F.);
#4317 = EDGE_CURVE('',#4318,#4310,#4320,.T.);
#4318 = VERTEX_POINT('',#4319);
#4319 = CARTESIAN_POINT('',(326.41016151377,-1.96669182372E+03,660.));
#4320 = LINE('',#4321,#4322);
#4321 = CARTESIAN_POINT('',(326.41016151377,-1.96669182372E+03,660.));
#4322 = VECTOR('',#4323,1.);
#4323 = DIRECTION('',(0.,0.,1.));
#4324 = ORIENTED_EDGE('',*,*,#4325,.F.);
#4325 = EDGE_CURVE('',#4300,#4318,#4326,.T.);
#4326 = LINE('',#4327,#4328);
#4327 = CARTESIAN_POINT('',(-173.5898384862,-1.100666419936E+03,660.));
#4328 = VECTOR('',#4329,1.);
#4329 = DIRECTION('',(0.5,-0.866025403784,0.));
#4330 = PLANE('',#4331);
#4331 = AXIS2_PLACEMENT_3D('',#4332,#4333,#4334);
#4332 = CARTESIAN_POINT('',(-173.5898384862,-1.100666419936E+03,660.));
#4333 = DIRECTION('',(0.866025403784,0.5,0.));
#4334 = DIRECTION('',(0.5,-0.866025403784,0.));
#4335 = ADVANCED_FACE('',(#4336),#4361,.F.);
#4336 = FACE_BOUND('',#4337,.F.);
#4337 = EDGE_LOOP('',(#4338,#4339,#4347,#4355));
#4338 = ORIENTED_EDGE('',*,*,#4317,.T.);
#4339 = ORIENTED_EDGE('',*,*,#4340,.T.);
#4340 = EDGE_CURVE('',#4310,#4341,#4343,.T.);
#4341 = VERTEX_POINT('',#4342);
#4342 = CARTESIAN_POINT('',(1.54E+03,-1.266025403784E+03,700.));
#4343 = LINE('',#4344,#4345);
#4344 = CARTESIAN_POINT('',(326.41016151377,-1.96669182372E+03,700.));
#4345 = VECTOR('',#4346,1.);
#4346 = DIRECTION('',(0.866025403784,0.5,0.));
#4347 = ORIENTED_EDGE('',*,*,#4348,.F.);
#4348 = EDGE_CURVE('',#4349,#4341,#4351,.T.);
#4349 = VERTEX_POINT('',#4350);
#4350 = CARTESIAN_POINT('',(1.54E+03,-1.266025403784E+03,660.));
#4351 = LINE('',#4352,#4353);
#4352 = CARTESIAN_POINT('',(1.54E+03,-1.266025403784E+03,660.));
#4353 = VECTOR('',#4354,1.);
#4354 = DIRECTION('',(0.,0.,1.));
#4355 = ORIENTED_EDGE('',*,*,#4356,.F.);
#4356 = EDGE_CURVE('',#4318,#4349,#4357,.T.);
#4357 = LINE('',#4358,#4359);
#4358 = CARTESIAN_POINT('',(326.41016151377,-1.96669182372E+03,660.));
#4359 = VECTOR('',#4360,1.);
#4360 = DIRECTION('',(0.866025403784,0.5,0.));
#4361 = PLANE('',#4362);
#4362 = AXIS2_PLACEMENT_3D('',#4363,#4364,#4365);
#4363 = CARTESIAN_POINT('',(326.41016151377,-1.96669182372E+03,660.));
#4364 = DIRECTION('',(-0.5,0.866025403784,0.));
#4365 = DIRECTION('',(0.866025403784,0.5,0.));
#4366 = ADVANCED_FACE('',(#4367),#4392,.F.);
#4367 = FACE_BOUND('',#4368,.F.);
#4368 = EDGE_LOOP('',(#4369,#4370,#4378,#4386));
#4369 = ORIENTED_EDGE('',*,*,#4348,.T.);
#4370 = ORIENTED_EDGE('',*,*,#4371,.T.);
#4371 = EDGE_CURVE('',#4341,#4372,#4374,.T.);
#4372 = VERTEX_POINT('',#4373);
#4373 = CARTESIAN_POINT('',(1.04E+03,-400.,700.));
#4374 = LINE('',#4375,#4376);
#4375 = CARTESIAN_POINT('',(1.54E+03,-1.266025403784E+03,700.));
#4376 = VECTOR('',#4377,1.);
#4377 = DIRECTION('',(-0.5,0.866025403784,0.));
#4378 = ORIENTED_EDGE('',*,*,#4379,.F.);
#4379 = EDGE_CURVE('',#4380,#4372,#4382,.T.);
#4380 = VERTEX_POINT('',#4381);
#4381 = CARTESIAN_POINT('',(1.04E+03,-400.,660.));
#4382 = LINE('',#4383,#4384);
#4383 = CARTESIAN_POINT('',(1.04E+03,-400.,660.));
#4384 = VECTOR('',#4385,1.);
#4385 = DIRECTION('',(0.,0.,1.));
#4386 = ORIENTED_EDGE('',*,*,#4387,.F.);
#4387 = EDGE_CURVE('',#4349,#4380,#4388,.T.);
#4388 = LINE('',#4389,#4390);
#4389 = CARTESIAN_POINT('',(1.54E+03,-1.266025403784E+03,660.));
#4390 = VECTOR('',#4391,1.);
#4391 = DIRECTION('',(-0.5,0.866025403784,0.));
#4392 = PLANE('',#4393);
#4393 = AXIS2_PLACEMENT_3D('',#4394,#4395,#4396);
#4394 = CARTESIAN_POINT('',(1.54E+03,-1.266025403784E+03,660.));
#4395 = DIRECTION('',(-0.866025403784,-0.5,0.));
#4396 = DIRECTION('',(-0.5,0.866025403784,0.));
#4397 = ADVANCED_FACE('',(#4398),#4414,.F.);
#4398 = FACE_BOUND('',#4399,.F.);
#4399 = EDGE_LOOP('',(#4400,#4401,#4407,#4408));
#4400 = ORIENTED_EDGE('',*,*,#4379,.T.);
#4401 = ORIENTED_EDGE('',*,*,#4402,.T.);
#4402 = EDGE_CURVE('',#4372,#4302,#4403,.T.);
#4403 = LINE('',#4404,#4405);
#4404 = CARTESIAN_POINT('',(1.04E+03,-400.,700.));
#4405 = VECTOR('',#4406,1.);
#4406 = DIRECTION('',(-0.866025403784,-0.5,0.));
#4407 = ORIENTED_EDGE('',*,*,#4299,.F.);
#4408 = ORIENTED_EDGE('',*,*,#4409,.F.);
#4409 = EDGE_CURVE('',#4380,#4300,#4410,.T.);
#4410 = LINE('',#4411,#4412);
#4411 = CARTESIAN_POINT('',(1.04E+03,-400.,660.));
#4412 = VECTOR('',#4413,1.);
#4413 = DIRECTION('',(-0.866025403784,-0.5,0.));
#4414 = PLANE('',#4415);
#4415 = AXIS2_PLACEMENT_3D('',#4416,#4417,#4418);
#4416 = CARTESIAN_POINT('',(1.04E+03,-400.,660.));
#4417 = DIRECTION('',(0.5,-0.866025403784,0.));
#4418 = DIRECTION('',(-0.866025403784,-0.5,0.));
#4419 = ADVANCED_FACE('',(#4420),#4426,.F.);
#4420 = FACE_BOUND('',#4421,.F.);
#4421 = EDGE_LOOP('',(#4422,#4423,#4424,#4425));
#4422 = ORIENTED_EDGE('',*,*,#4325,.T.);
#4423 = ORIENTED_EDGE('',*,*,#4356,.T.);
#4424 = ORIENTED_EDGE('',*,*,#4387,.T.);
#4425 = ORIENTED_EDGE('',*,*,#4409,.T.);
#4426 = PLANE('',#4427);
#4427 = AXIS2_PLACEMENT_3D('',#4428,#4429,#4430);
#4428 = CARTESIAN_POINT('',(683.20508075688,-1.18334591186E+03,660.));
#4429 = DIRECTION('',(0.,0.,1.));
#4430 = DIRECTION('',(1.,0.,0.));
#4431 = ADVANCED_FACE('',(#4432),#4438,.T.);
#4432 = FACE_BOUND('',#4433,.T.);
#4433 = EDGE_LOOP('',(#4434,#4435,#4436,#4437));
#4434 = ORIENTED_EDGE('',*,*,#4309,.T.);
#4435 = ORIENTED_EDGE('',*,*,#4340,.T.);
#4436 = ORIENTED_EDGE('',*,*,#4371,.T.);
#4437 = ORIENTED_EDGE('',*,*,#4402,.T.);
#4438 = PLANE('',#4439);
#4439 = AXIS2_PLACEMENT_3D('',#4440,#4441,#4442);
#4440 = CARTESIAN_POINT('',(683.20508075688,-1.18334591186E+03,700.));
#4441 = DIRECTION('',(0.,0.,1.));
#4442 = DIRECTION('',(1.,0.,0.));
#4443 = ( GEOMETRIC_REPRESENTATION_CONTEXT(3) 
GLOBAL_UNCERTAINTY_ASSIGNED_CONTEXT((#4447)) 
GLOBAL_UNIT_ASSIGNED_CONTEXT((#4444,#4445,#4446)) REPRESENTATION_CONTEXT
('Context #1','3D Context with UNIT and UNCERTAINTY') );
#4444 = ( LENGTH_UNIT() NAMED_UNIT(*) SI_UNIT(.MILLI.,.METRE.) );
#4445 = ( NAMED_UNIT(*) PLANE_ANGLE_UNIT() SI_UNIT($,.RADIAN.) );
#4446 = ( NAMED_UNIT(*) SI_UNIT($,.STERADIAN.) SOLID_ANGLE_UNIT() );
#4447 = UNCERTAINTY_MEASURE_WITH_UNIT(LENGTH_MEASURE(1.E-07),#4444,
  'distance_accuracy_value','confusion accuracy');
#4448 = PRODUCT_RELATED_PRODUCT_CATEGORY('part',$,(#7));
ENDSEC;
END-ISO-10303-21;
